field_index,source_node_id,jax_potential_V,elmer_potential_V,elmer_minus_jax_V
0,28,5.24691066335490786e-01,5.24691066356767100e-01,2.12763140439164999e-11
1,29,5.24693698838539224e-01,5.24693698862590652e-01,2.40514275162695412e-11
2,30,6.87906551519737453e-01,6.87906551508363551e-01,-1.13739018203773412e-11
3,31,6.87858078729376987e-01,6.87858078705921749e-01,-2.34552377520458322e-11
4,32,9.02016015223762522e-04,9.02016001003699028e-04,-1.42200634947742266e-11
5,33,8.42698139462277028e-04,8.42698125384805743e-04,-1.40774712850330608e-11
6,34,6.85199089453912613e-01,6.85199089427217189e-01,-2.66954236494143515e-11
7,35,5.24683140655043845e-01,5.24683140609723098e-01,-4.53207471551309027e-11
8,36,3.59370147898426537e-03,3.59370144665918916e-03,-3.23250762095106392e-11
9,37,6.85195844177713953e-01,6.85195844183380087e-01,5.66613422847694892e-12
10,38,5.24728881084133625e-01,5.24728881035518069e-01,-4.86155560253109797e-11
11,39,3.62610236972780520e-03,3.62610233755013625e-03,-3.21776689495012480e-11
12,40,0.00000000000000000e+00,0.00000000000000000e+00,0.00000000000000000e+00
13,41,5.48548979216635668e-04,5.48548974284316791e-04,-4.93231887624401288e-12
14,42,0.00000000000000000e+00,0.00000000000000000e+00,0.00000000000000000e+00
15,43,1.29133987625713507e-03,1.29133988332711508e-03,7.06998001809289178e-12
16,44,0.00000000000000000e+00,0.00000000000000000e+00,0.00000000000000000e+00
17,45,3.51437546783951249e-04,3.51437543551774841e-04,-3.23217640802939132e-12
18,46,0.00000000000000000e+00,0.00000000000000000e+00,0.00000000000000000e+00
19,47,6.61382834298543843e-04,6.61382838745737541e-04,4.44719369836754641e-12
20,48,6.88718078433365632e-01,6.88718078433365632e-01,0.00000000000000000e+00
21,49,6.88376167168554987e-01,6.88376167172584541e-01,4.02955446787700566e-12
22,50,6.88718078433365632e-01,6.88718078433365744e-01,1.11022302462515654e-16
23,51,6.88066805958368555e-01,6.88066805949421934e-01,-8.94662122163936147e-12
24,52,6.88718078433365632e-01,6.88718078433365744e-01,1.11022302462515654e-16
25,53,6.88189078861298875e-01,6.88189078867231574e-01,5.93269877668944901e-12
26,54,6.88718078433365632e-01,6.88718078433365744e-01,1.11022302462515654e-16
27,55,6.87488441879084977e-01,6.87488441875892975e-01,-3.19200221809978757e-12
28,1202,6.86758257303775488e-01,6.86758257320300602e-01,1.65251146100331425e-11
29,1203,6.83054205161137795e-01,6.83054205177647700e-01,1.65099045545957779e-11
30,1204,6.78394854990589824e-01,6.78394854995130414e-01,4.54059012611196522e-12
31,1205,6.73424441444597677e-01,6.73424441457637912e-01,1.30402355580372387e-11
32,1206,6.68323577553630477e-01,6.68323577567506044e-01,1.38755673617652064e-11
33,1207,6.63123735954860072e-01,6.63123735996735353e-01,4.18752810205091919e-11
34,1208,6.57880438651341382e-01,6.57880438675260804e-01,2.39194219986416101e-11
35,1209,6.52616980478561759e-01,6.52616980496473764e-01,1.79120052123948881e-11
36,1210,6.47328431370864821e-01,6.47328431406446581e-01,3.55817597608165670e-11
37,1211,6.42003320681407641e-01,6.42003320689205625e-01,7.79798448036217451e-12
38,1212,6.36693514377217440e-01,6.36693514425008211e-01,4.77907713403169510e-11
39,1213,6.31373928597143030e-01,6.31373928607809720e-01,1.06666897536911165e-11
40,1214,6.26049331113513019e-01,6.26049331138485599e-01,2.49725795598010336e-11
41,1215,6.20724119930707974e-01,6.20724119943423358e-01,1.27153843010319179e-11
42,1216,6.15388636106038667e-01,6.15388636114384879e-01,8.34621260992207681e-12
43,1217,6.10058030180383848e-01,6.10058030161536258e-01,-1.88475901552465075e-11
44,1218,6.04714762651142657e-01,6.04714762648142279e-01,-3.00037772404948555e-12
45,1219,5.99394129879388338e-01,5.99394129867480863e-01,-1.19074750060121914e-11
46,1220,5.94059001185687330e-01,5.94059001172160706e-01,-1.35266242651255197e-11
47,1221,5.88707363840519471e-01,5.88707363853234078e-01,1.27146071449146802e-11
48,1222,5.83379405580171206e-01,5.83379405551773589e-01,-2.83976175907696415e-11
49,1223,5.78057336273627320e-01,5.78057336248059550e-01,-2.55677701233025800e-11
50,1224,5.72722395406680684e-01,5.72722395356747849e-01,-4.99328356440287280e-11
51,1225,5.67372005888910569e-01,5.67372005841112914e-01,-4.77976547230696269e-11
52,1226,5.62053743702520037e-01,5.62053743669375994e-01,-3.31440430656471108e-11
53,1227,5.56707459940546157e-01,5.56707459927154424e-01,-1.33917321676335632e-11
54,1228,5.51386612111923191e-01,5.51386612084945327e-01,-2.69778643868789914e-11
55,1229,5.46038582054867438e-01,5.46038582008859796e-01,-4.60076421404664870e-11
56,1230,5.40705198272355414e-01,5.40705198243921825e-01,-2.84335888167674966e-11
57,1231,5.35366456954466718e-01,5.35366456937731106e-01,-1.67356128955020722e-11
58,1232,5.30013833494444309e-01,5.30013833508201637e-01,1.37573286096426273e-11
59,1233,6.87039374403844993e-01,6.87039374419206816e-01,1.53618229248309035e-11
60,1234,6.83094053192208173e-01,6.83094053203815554e-01,1.16073817224560116e-11
61,1235,6.78404846513171456e-01,6.78404846538925632e-01,2.57541765691371438e-11
62,1236,6.73418398766042925e-01,6.73418398780860628e-01,1.48177026204621143e-11
63,1237,6.68317878178937064e-01,6.68317878197910220e-01,1.89731563793316127e-11
64,1238,6.63125265890463833e-01,6.63125265925036622e-01,3.45727890760372247e-11
65,1239,6.57884153318008424e-01,6.57884153345254075e-01,2.72456501804185791e-11
66,1240,6.52614720931619319e-01,6.52614720952210403e-01,2.05910843931178533e-11
67,1241,6.47322598091457202e-01,6.47322598128263649e-01,3.68064467792805772e-11
68,1242,6.42025302092225192e-01,6.42025302091413286e-01,-8.11906097908376978e-13
69,1243,6.36713444605021994e-01,6.36713444639721127e-01,3.46991324562395675e-11
70,1244,6.31392569346698962e-01,6.31392569363856793e-01,1.71578307117670192e-11
71,1245,6.26068604703148068e-01,6.26068604728447387e-01,2.52993181959482172e-11
72,1246,6.20722429851186863e-01,6.20722429865408931e-01,1.42220679677507178e-11
73,1247,6.15389741517455291e-01,6.15389741531768286e-01,1.43129952334675181e-11
74,1248,6.10059831554033205e-01,6.10059831522734131e-01,-3.12990744433250256e-11
75,1249,6.04736629599135656e-01,6.04736629597820818e-01,-1.31483712806357289e-12
76,1250,5.99391958518145529e-01,5.99391958487371368e-01,-3.07741609972822516e-11
77,1251,5.94059278615623576e-01,5.94059278624163967e-01,8.54039061692901669e-12
78,1252,5.88727764570633805e-01,5.88727764584941582e-01,1.43077771852517799e-11
79,1253,5.83398059380965561e-01,5.83398059347362108e-01,-3.36034533532370006e-11
80,1254,5.78056637523741146e-01,5.78056637508716387e-01,-1.50247592145547060e-11
81,1255,5.72721427022210294e-01,5.72721426967774505e-01,-5.44357892096059004e-11
82,1256,5.67371705581036112e-01,5.67371705540473781e-01,-4.05623312715874818e-11
83,1257,5.62055005968861487e-01,5.62055005938829844e-01,-3.00316438384129469e-11
84,1258,5.56711334005581593e-01,5.56711333986759649e-01,-1.88219440033776664e-11
85,1259,5.51361813647007537e-01,5.51361813613353680e-01,-3.36538574785549827e-11
86,1260,5.46043173485552313e-01,5.46043173447763097e-01,-3.77892162006787657e-11
87,1261,5.40704601553022024e-01,5.40704601512424832e-01,-4.05971922745607117e-11
88,1262,5.35363192166533497e-01,5.35363192150920875e-01,-1.56126223060937264e-11
89,1263,5.30032702518004606e-01,5.30032702533370870e-01,1.53662638169294041e-11
90,1264,5.19375850933226690e-01,5.19375850955812735e-01,2.25860441460667971e-11
91,1265,5.14078473592670004e-01,5.14078473650738221e-01,5.80682169015744876e-11
92,1266,5.08747799178473348e-01,5.08747799235196974e-01,5.67236257964509605e-11
93,1267,5.03422447840726095e-01,5.03422447898147940e-01,5.74218450566377214e-11
94,1268,4.98137598840703910e-01,4.98137598929078829e-01,8.83749184943383170e-11
95,1269,4.92814333026452556e-01,4.92814333096987078e-01,7.05345226670317516e-11
96,1270,4.87496090104676705e-01,4.87496090156496142e-01,5.18194376297742565e-11
97,1271,4.82175469828338310e-01,4.82175469841387316e-01,1.30490063199317774e-11
98,1272,4.76875554670423918e-01,4.76875554697141546e-01,2.67176281099068547e-11
99,1273,4.71547864107600356e-01,4.71547864113049386e-01,5.44903011601149956e-12
100,1274,4.66234354958974306e-01,4.66234354961454434e-01,2.48012721471013720e-12
101,1275,4.60924860690363369e-01,4.60924860707509820e-01,1.71464509257646114e-11
102,1276,4.55615899224410315e-01,4.55615899219247777e-01,-5.16253706450697791e-12
103,1277,4.50290693232372974e-01,4.50290693233066419e-01,6.93445301180872775e-13
104,1278,4.44988113168668264e-01,4.44988113141725039e-01,-2.69432254285106865e-11
105,1279,4.39676679460533792e-01,4.39676679425516359e-01,-3.50174333973995999e-11
106,1280,4.34359666137963230e-01,4.34359666074646378e-01,-6.33168517616411464e-11
107,1281,4.29037108895780783e-01,4.29037108842889314e-01,-5.28914689823523076e-11
108,1282,4.23745138973583735e-01,4.23745138929449316e-01,-4.41344183421676917e-11
109,1283,4.18427927156769852e-01,4.18427927099057961e-01,-5.77118908218210436e-11
110,1284,4.13106660894956790e-01,4.13106660854161201e-01,-4.07955891290612271e-11
111,1285,4.07782602591614862e-01,4.07782602535904148e-01,-5.57107138199341989e-11
112,1286,4.02477425529851440e-01,4.02477425462227867e-01,-6.76235734076158224e-11
113,1287,3.97164312491575355e-01,3.97164312426752097e-01,-6.48232578726037900e-11
114,1288,3.91847620520929196e-01,3.91847620464129520e-01,-5.67996760736377837e-11
115,1289,3.86543255626336679e-01,3.86543255594962609e-01,-3.13740700086384550e-11
116,1290,3.81220844952784521e-01,3.81220844959653249e-01,6.86872780875091848e-12
117,1291,3.75898733525107109e-01,3.75898733542336161e-01,1.72290515187967230e-11
118,1292,3.70596411236066292e-01,3.70596411290101901e-01,5.40356093203797627e-11
119,1293,3.65272172357010927e-01,3.65272172428186659e-01,7.11757319749040107e-11
120,1294,3.59959984454963411e-01,3.59959984550390799e-01,9.54273882136646989e-11
121,1295,3.54648793867235634e-01,3.54648793965517684e-01,9.82820491657321327e-11
122,1296,3.49327609972285014e-01,3.49327610089076146e-01,1.16791132320770430e-10
123,1297,3.44032431543542516e-01,3.44032431672614880e-01,1.29072363908022680e-10
124,1298,3.38699032901192520e-01,3.38699033013531048e-01,1.12338527369360008e-10
125,1299,3.33401479857526495e-01,3.33401479942164736e-01,8.46382408603574277e-11
126,1300,3.28077461285481708e-01,3.28077461338123100e-01,5.26413912460554911e-11
127,1301,3.22756292474934037e-01,3.22756292516748977e-01,4.18149403991208146e-11
128,1302,3.17443242383282420e-01,3.17443242402734083e-01,1.94516625029450552e-11
129,1303,3.12144992134804400e-01,3.12144992149090916e-01,1.42865164143302081e-11
130,1304,3.06828060378769252e-01,3.06828060402985714e-01,2.42164621688800707e-11
131,1305,3.01500697264868833e-01,3.01500697294580899e-01,2.97120661407745956e-11
132,1306,2.96202265310526625e-01,2.96202265377105756e-01,6.65791310971997063e-11
133,1307,2.90886597386904477e-01,2.90886597475338571e-01,8.84340933815508379e-11
134,1308,2.85573648537379543e-01,2.85573648614533382e-01,7.71538388733006286e-11
135,1309,2.80254198878884864e-01,2.80254198946120914e-01,6.72360500608704115e-11
136,1310,2.74935515663715380e-01,2.74935515742500136e-01,7.87847564964749836e-11
137,1311,2.69630746863125881e-01,2.69630746952998379e-01,8.98724983322551907e-11
138,1312,2.64321387883140357e-01,2.64321387991833301e-01,1.08692943534549613e-10
139,1313,2.59013025452436152e-01,2.59013025546687869e-01,9.42517175417378894e-11
140,1314,2.53687405924239107e-01,2.53687406035952856e-01,1.11713749362252202e-10
141,1315,2.48377954395250677e-01,2.48377954525828615e-01,1.30577937351716855e-10
142,1316,2.43050932566554939e-01,2.43050932712422924e-01,1.45867984358005742e-10
143,1317,2.37754914199043099e-01,2.37754914369642439e-01,1.70599340210131345e-10
144,1318,2.32429383260463529e-01,2.32429383431287884e-01,1.70824354661647249e-10
145,1319,2.27104522305728446e-01,2.27104522475460396e-01,1.69731950716567326e-10
146,1320,2.21788368103494504e-01,2.21788368216038034e-01,1.12543530050857044e-10
147,1321,2.16488973053984596e-01,2.16488973127022255e-01,7.30376592539272451e-11
148,1322,2.11173453083600859e-01,2.11173453191626254e-01,1.08025394185418122e-10
149,1323,2.05875576669952237e-01,2.05875576787077019e-01,1.17124782095245905e-10
150,1324,2.00536456621181358e-01,2.00536456730812884e-01,1.09631526079567720e-10
151,1325,1.95238202567726893e-01,1.95238202666441041e-01,9.87141479669162436e-11
152,1326,1.89914671275799085e-01,1.89914671358261788e-01,8.24627033324532022e-11
153,1327,1.84604914187246699e-01,1.84604914241607104e-01,5.43604050662338523e-11
154,1328,1.79302267551756128e-01,1.79302267521079917e-01,-3.06762115709346972e-11
155,1329,1.73973206279006753e-01,1.73973206217552440e-01,-6.14543138599543681e-11
156,1330,1.68655138464985088e-01,1.68655138420878814e-01,-4.41062741884934439e-11
157,1331,1.63338117415950945e-01,1.63338117373640873e-01,-4.23100721125280188e-11
158,1332,1.58039311660361004e-01,1.58039311627342111e-01,-3.30188931751962400e-11
159,1333,1.52726685438367399e-01,1.52726685431246401e-01,-7.12099823552136968e-12
160,1334,1.47412313349103929e-01,1.47412313399798378e-01,5.06944486389215854e-11
161,1335,1.42087715994583585e-01,1.42087716116495982e-01,1.21912396844336968e-10
162,1336,1.36772652735692529e-01,1.36772652938493305e-01,2.02800776172296082e-10
163,1337,1.31459045721608880e-01,1.31459045951711095e-01,2.30102215059702075e-10
164,1338,1.26161343706731044e-01,1.26161343873551574e-01,1.66820529612365931e-10
165,1339,1.20853845299822085e-01,1.20853845366887064e-01,6.70649785705634827e-11
166,1340,1.15518196558695913e-01,1.15518196491919523e-01,-6.67763899730999810e-11
167,1341,1.10225831638793459e-01,1.10225831490530848e-01,-1.48262610522031935e-10
168,1342,1.04886357532748525e-01,1.04886357392746932e-01,-1.40001593651462031e-10
169,1343,9.95895602673740193e-02,9.95895601271879344e-02,-1.40186084962579116e-10
170,1344,9.42702168698444920e-02,9.42702167085153614e-02,-1.61329130610177174e-10
171,1345,8.89709406825151816e-02,8.89709405589483165e-02,-1.23566865073421184e-10
172,1346,8.36549314420301782e-02,8.36549314003329353e-02,-4.16972428807227402e-11
173,1347,7.83433769288318788e-02,7.83433769111468309e-02,-1.76850478705858905e-11
174,1348,7.30321971518815283e-02,7.30321971422917132e-02,-9.58981505316813809e-12
175,1349,6.77171883462675400e-02,6.77171883881144132e-02,4.18468731888665957e-11
176,1350,6.24038633277404081e-02,6.24038634047307181e-02,7.69903099606672470e-11
177,1351,5.71035934023077715e-02,5.71035934625233541e-02,6.02155825202288497e-11
178,1352,5.17988729089685351e-02,5.17988728943520535e-02,-1.46164816361427086e-11
179,1353,4.64845732902355382e-02,4.64845731994495484e-02,-9.07859898369167695e-11
180,1354,4.12064604037726892e-02,4.12064603557140002e-02,-4.80586889728407129e-11
181,1355,3.59735924099512105e-02,3.59735924784261793e-02,6.84749687507313354e-11
182,1356,3.06726207302978858e-02,3.06726208800951125e-02,1.49797226706160913e-10
183,1357,2.54765455258404230e-02,2.54765456729823987e-02,1.47141975687103965e-10
184,1358,2.02998947271179724e-02,2.02998947915265619e-02,6.44085895729062941e-11
185,1359,1.52062039568923273e-02,1.52062039249566475e-02,-3.19356797950920424e-11
186,1360,1.02847247848106751e-02,1.02847247082809377e-02,-7.65297374083484527e-11
187,1361,5.61194078092870207e-03,5.61194071464817239e-03,-6.62805296758328666e-11
188,1362,1.60553799070440998e-03,1.60553795907537726e-03,-3.16290327262436222e-11
189,1363,5.19395254997912281e-01,5.19395255025052682e-01,2.71404010376841143e-11
190,1364,5.14073780714247364e-01,5.14073780772665745e-01,5.84183812435412619e-11
191,1365,5.08747737144980006e-01,5.08747737205292538e-01,6.03125327458542415e-11
192,1366,5.03446084504867830e-01,5.03446084561407381e-01,5.65395508189681095e-11
193,1367,4.98114826205138472e-01,4.98114826286798207e-01,8.16597345298930577e-11
194,1368,4.92815760439776096e-01,4.92815760504197675e-01,6.44215791822944084e-11
195,1369,4.87499952134563819e-01,4.87499952183763963e-01,4.92001439589273559e-11
196,1370,4.82171793455862696e-01,4.82171793472315424e-01,1.64527280688275823e-11
197,1371,4.76869488136840936e-01,4.76869488161497712e-01,2.46567766204464078e-11
198,1372,4.71575514535444773e-01,4.71575514548074448e-01,1.26296750835308558e-11
199,1373,4.66227944719519283e-01,4.66227944716925635e-01,-2.59364751897805945e-12
200,1374,4.60921472046753933e-01,4.60921472064917348e-01,1.81634152163212548e-11
201,1375,4.55614005224736607e-01,4.55614005214361517e-01,-1.03750896762733191e-11
202,1376,4.50311578723445294e-01,4.50311578723659789e-01,2.14495088357580244e-13
203,1377,4.44987402985107527e-01,4.44987402959678535e-01,-2.54289922452244355e-11
204,1378,4.39674492186622079e-01,4.39674492151050367e-01,-3.55717122424437093e-11
205,1379,4.34357929550620026e-01,4.34357929487223238e-01,-6.33967878194141576e-11
206,1380,4.29063138131598798e-01,4.29063138079209594e-01,-5.23892040860118868e-11
207,1381,4.23719191492192282e-01,4.23719191450671884e-01,-4.15203982306877606e-11
208,1382,4.18430379458311796e-01,4.18430379399217511e-01,-5.90942850209330572e-11
209,1383,4.13107803575645749e-01,4.13107803536204021e-01,-3.94417276616820800e-11
210,1384,4.07783081814490300e-01,4.07783081758630983e-01,-5.58593171717802761e-11
211,1385,4.02475163190995133e-01,4.02475163123477198e-01,-6.75179356868227387e-11
212,1386,3.97144303295459244e-01,3.97144303230647866e-01,-6.48113784862403008e-11
213,1387,3.91848284104626299e-01,3.91848284047255913e-01,-5.73703862194463454e-11
214,1388,3.86545144905025007e-01,3.86545144872813273e-01,-3.22117332807181356e-11
215,1389,3.81215962135746433e-01,3.81215962144129950e-01,8.38351610354948207e-12
216,1390,3.75900164945503934e-01,3.75900164960592698e-01,1.50887635719243463e-11
217,1391,3.70598784178790053e-01,3.70598784233029388e-01,5.42393352453984789e-11
218,1392,3.65276563111034069e-01,3.65276563183783598e-01,7.27495286234614014e-11
219,1393,3.59952855523613113e-01,3.59952855618489553e-01,9.48764400376944650e-11
220,1394,3.54649506872371123e-01,3.54649506969050954e-01,9.66798308077443380e-11
221,1395,3.49331418785952974e-01,3.49331418903174873e-01,1.17221898854324991e-10
222,1396,3.44006103096208660e-01,3.44006103226892568e-01,1.30683908139417326e-10
223,1397,3.38724147148525390e-01,3.38724147257740749e-01,1.09215358978786981e-10
224,1398,3.33377828692620448e-01,3.33377828776692142e-01,8.40716940508912103e-11
225,1399,3.28079295384563430e-01,3.28079295437793794e-01,5.32303645606191367e-11
226,1400,3.22774992299833197e-01,3.22774992341697486e-01,4.18642898125654028e-11
227,1401,3.17460577012967538e-01,3.17460577034085700e-01,2.11181627740586464e-11
228,1402,3.12143038436418829e-01,3.12143038450139798e-01,1.37209688055861534e-11
229,1403,3.06827400650789561e-01,3.06827400675133588e-01,2.43440267944095012e-11
230,1404,3.01503420627211416e-01,3.01503420658520038e-01,3.13086223613368020e-11
231,1405,2.96201908556097737e-01,2.96201908623269172e-01,6.71714350808372274e-11
232,1406,2.90888932306741788e-01,2.90888932393837729e-01,8.70959415699701367e-11
233,1407,2.85549555530221821e-01,2.85549555609517280e-01,7.92954590878025556e-11
234,1408,2.80254814460957846e-01,2.80254814526957219e-01,6.59993726337404496e-11
235,1409,2.74938512835134097e-01,2.74938512914262079e-01,7.91279819445378507e-11
236,1410,2.69612847235857267e-01,2.69612847325365390e-01,8.95081231355732143e-11
237,1411,2.64303527890060230e-01,2.64303527998472287e-01,1.08412057109319449e-10
238,1412,2.58993836366333829e-01,2.58993836461214988e-01,9.48811584855491219e-11
239,1413,2.53689974322357403e-01,2.53689974433088106e-01,1.10730702385097857e-10
240,1414,2.48376352495871144e-01,2.48376352627111524e-01,1.31240379674935070e-10
241,1415,2.43075084276650727e-01,2.43075084422588045e-01,1.45937317785893583e-10
242,1416,2.37731392288728111e-01,2.37731392459358537e-01,1.70630426454820849e-10
243,1417,2.32428795146693873e-01,2.32428795315939907e-01,1.69246033854264510e-10
244,1418,2.27124759576705720e-01,2.27124759745977955e-01,1.69272235117645664e-10
245,1419,2.21805433110866451e-01,2.21805433222769716e-01,1.11903264432555716e-10
246,1420,2.16483919754589860e-01,2.16483919824570631e-01,6.99807711779243391e-11
247,1421,2.11176312788892262e-01,2.11176312897734142e-01,1.08841879953303078e-10
248,1422,2.05854445032367050e-01,2.05854445150323001e-01,1.17955950562631529e-10
249,1423,2.00538182331589182e-01,2.00538182441337032e-01,1.09747849696972821e-10
250,1424,1.95238571160906760e-01,1.95238571259380184e-01,9.84734238596018940e-11
251,1425,1.89915338475006246e-01,1.89915338557223617e-01,8.22173717995866582e-11
252,1426,1.84603727495063569e-01,1.84603727547229896e-01,5.21663268138183867e-11
253,1427,1.79301138259866044e-01,1.79301138230434226e-01,-2.94318180937835905e-11
254,1428,1.73968719160358276e-01,1.73968719100899449e-01,-5.94588267510687274e-11
255,1429,1.68673558564517045e-01,1.68673558521574951e-01,-4.29420943248715048e-11
256,1430,1.63358731146742542e-01,1.63358731105676475e-01,-4.10660672134355309e-11
257,1431,1.58038140557640594e-01,1.58038140524413923e-01,-3.32266714142548381e-11
258,1432,1.52730571700532475e-01,1.52730571692561240e-01,-7.97123478335493019e-12
259,1433,1.47413712951283304e-01,1.47413713001809166e-01,5.05258612726322553e-11
260,1434,1.42087780099178385e-01,1.42087780220145649e-01,1.20967263983473572e-10
261,1435,1.36772150393306396e-01,1.36772150596189884e-01,2.02883487787630656e-10
262,1436,1.31460902150333181e-01,1.31460902381304007e-01,2.30970825798593182e-10
263,1437,1.26142841598772371e-01,1.26142841767687280e-01,1.68914909837170057e-10
264,1438,1.20831492552488359e-01,1.20831492620418743e-01,6.79303835404709844e-11
265,1439,1.15542945134443562e-01,1.15542945066944180e-01,-6.74993810845236908e-11
266,1440,1.10199480382144499e-01,1.10199480235122105e-01,-1.47022394259010980e-10
267,1441,1.04890166354966466e-01,1.04890166217189634e-01,-1.37776831610203487e-10
268,1442,9.95709955641226330e-02,9.95709954236858735e-02,-1.40436759443751669e-10
269,1443,9.42552239634287109e-02,9.42552238023695449e-02,-1.61059166003951759e-10
270,1444,8.89550846525838795e-02,8.89550845283151315e-02,-1.24268748069589208e-10
271,1445,8.36362262784861588e-02,8.36362262351019459e-02,-4.33842128888528578e-11
272,1446,7.83246408729653260e-02,7.83246408557852214e-02,-1.71801045611985614e-11
273,1447,7.30328730761137246e-02,7.30328730680704086e-02,-8.04331601322871848e-12
274,1448,6.77185041168345409e-02,6.77185041591493037e-02,4.23147628048070601e-11
275,1449,6.24030641010377071e-02,6.24030641775603426e-02,7.65226354504378037e-11
276,1450,5.71003174049179163e-02,5.71003174633700900e-02,5.84521736568532901e-11
277,1451,5.17953503275762409e-02,5.17953503140221316e-02,-1.35541092238788963e-11
278,1452,4.65069277328476402e-02,4.65069276444102439e-02,-8.84373962950490977e-11
279,1453,4.12290206795214026e-02,4.12290206370355475e-02,-4.24858551117957006e-11
280,1454,3.59441833084120851e-02,3.59441833703060543e-02,6.18939691165998340e-11
281,1455,3.06644626361931988e-02,3.06644627867030395e-02,1.50509840701751330e-10
282,1456,2.54703244773838919e-02,2.54703246197645235e-02,1.42380631590333095e-10
283,1457,2.02954302212463127e-02,2.02954302857428215e-02,6.44965088281157506e-11
284,1458,1.52360449703789896e-02,1.52360449352016199e-02,-3.51773696977142336e-11
285,1459,1.02573145957090949e-02,1.02573145194753378e-02,-7.62337571541538139e-11
286,1460,5.57519420963807112e-03,5.57519414040009553e-03,-6.92379755959371401e-11
287,1461,1.81632694724787264e-03,1.81632691467884248e-03,-3.25690301550968231e-11
288,1462,6.88168705596958086e-01,6.88168705598703245e-01,1.74515957240828357e-12
289,1463,6.88277511935949882e-01,6.88277511934691555e-01,-1.25832677611015242e-12
290,1464,6.88243173809161890e-01,6.88243173804624631e-01,-4.53725945703808975e-12
291,1465,6.88226235416482757e-01,6.88226235406148246e-01,-1.03345110247232697e-11
292,1466,6.88130131581782045e-01,6.88130131590345417e-01,8.56337223353875743e-12
293,1467,6.87938558639207831e-01,6.87938558632975927e-01,-6.23190388182592869e-12
294,1468,6.87128869950543120e-01,6.87128869939339082e-01,-1.12040376976096923e-11
295,1469,6.81982800371426334e-01,6.81982800370246833e-01,-1.17950094136176631e-12
296,1470,6.74933908308432251e-01,6.74933908271093341e-01,-3.73389097418908023e-11
297,1471,6.67151682537160950e-01,6.67151682505145782e-01,-3.20151682942082516e-11
298,1472,6.59183243743432623e-01,6.59183243721608858e-01,-2.18237650173591646e-11
299,1473,6.51208670983972948e-01,6.51208670958364322e-01,-2.56086263306087858e-11
300,1474,6.43282191836041295e-01,6.43282191804231518e-01,-3.18097770346525976e-11
301,1475,6.35382700376701637e-01,6.35382700358312236e-01,-1.83894011129837054e-11
302,1476,6.27423271707532981e-01,6.27423271680140338e-01,-2.73926437088789498e-11
303,1477,6.19528773473514205e-01,6.19528773446852199e-01,-2.66620059363731343e-11
304,1478,6.11616169467401050e-01,6.11616169454083702e-01,-1.33173472249836777e-11
305,1479,6.03724239944767871e-01,6.03724239926958117e-01,-1.78097536718269112e-11
306,1480,5.95812999075492233e-01,5.95812999110947872e-01,3.54556384252191492e-11
307,1481,5.87904076601421521e-01,5.87904076634514161e-01,3.30926397396069660e-11
308,1482,5.80016401197869791e-01,5.80016401251108649e-01,5.32388577667575191e-11
309,1483,5.72080165230953397e-01,5.72080165295508980e-01,6.45555831013666648e-11
310,1484,5.64239135708613615e-01,5.64239135773929812e-01,6.53161968955373595e-11
311,1485,5.56300714214519765e-01,5.56300714254190809e-01,3.96710442274184061e-11
312,1486,5.48421218585912529e-01,5.48421218604313809e-01,1.84012804993471946e-11
313,1487,5.40495161239243793e-01,5.40495161255602152e-01,1.63583591117344440e-11
314,1488,5.32617528684144470e-01,5.32617528675463303e-01,-8.68116689645148654e-12
315,1489,5.16747237698594430e-01,5.16747237625507783e-01,-7.30866478448888302e-11
316,1490,5.08708017285741443e-01,5.08708017207436969e-01,-7.83044740160221409e-11
317,1491,5.00757249165492468e-01,5.00757249079622935e-01,-8.58695337058179575e-11
318,1492,4.92757507061319378e-01,4.92757506985264881e-01,-7.60544960343167986e-11
319,1493,4.84802934980572253e-01,4.84802934930794682e-01,-4.97775709540348998e-11
320,1494,4.76849061042110667e-01,4.76849061004054608e-01,-3.80560583046474221e-11
321,1495,4.68868147194550222e-01,4.68868147162782967e-01,-3.17672554928094542e-11
322,1496,4.60879698019292960e-01,4.60879697994039328e-01,-2.52536325184848920e-11
323,1497,4.52915277457258514e-01,4.52915277465480437e-01,8.22192314231529053e-12
324,1498,4.44903802648174918e-01,4.44903802700298057e-01,5.21231391381604681e-11
325,1499,4.36899305877084088e-01,4.36899305961753082e-01,8.46689940381395445e-11
326,1500,4.28960871377215502e-01,4.28960871469430072e-01,9.22145693138531897e-11
327,1501,4.20991696749326128e-01,4.20991696859719655e-01,1.10393527652519197e-10
328,1502,4.12975035473942820e-01,4.12975035577351990e-01,1.03409170115753568e-10
329,1503,4.05019441865207830e-01,4.05019441968890948e-01,1.03683117647079825e-10
330,1504,3.97044193568549919e-01,3.97044193650011035e-01,8.14611156307876172e-11
331,1505,3.89061271363798755e-01,3.89061271396600905e-01,3.28021498852137938e-11
332,1506,3.81057678939183797e-01,3.81057678913877207e-01,-2.53065901567595120e-11
333,1507,3.73100497814577714e-01,3.73100497743162174e-01,-7.14155401482230445e-11
334,1508,3.65103887055452603e-01,3.65103886960029878e-01,-9.54227252769612733e-11
335,1509,3.57171618364921839e-01,3.57171618250667122e-01,-1.14254716798711797e-10
336,1510,3.49186916721811513e-01,3.49186916603761111e-01,-1.18050402786451514e-10
337,1511,3.41187724241610979e-01,3.41187724133115766e-01,-1.08495212813863873e-10
338,1512,3.33181391148191619e-01,3.33181391039519936e-01,-1.08671682763628041e-10
339,1513,3.25242643658292419e-01,3.25242643550444244e-01,-1.07848174835112331e-10
340,1514,3.17232883146291111e-01,3.17232883048875980e-01,-9.74151315169535792e-11
341,1515,3.09275783464027509e-01,3.09275783395717763e-01,-6.83097467479854004e-11
342,1516,3.01304316110659776e-01,3.01304316069881895e-01,-4.07778810718184559e-11
343,1517,2.93311335316542410e-01,2.93311335284237418e-01,-3.23049920147866487e-11
344,1518,2.85341649557564414e-01,2.85341649503304928e-01,-5.42594857932954255e-11
345,1519,2.77343648612178195e-01,2.77343648549127075e-01,-6.30511198806971151e-11
346,1520,2.69385520060273664e-01,2.69385519954699171e-01,-1.05574493591831242e-10
347,1521,2.61383721776042688e-01,2.61383721623886955e-01,-1.52155732457970316e-10
348,1522,2.53420918108473281e-01,2.53420917934673362e-01,-1.73799918901096362e-10
349,1523,2.45461002564564185e-01,2.45461002371064441e-01,-1.93499744005620755e-10
350,1524,2.37454497341053283e-01,2.37454497150110688e-01,-1.90942595068577248e-10
351,1525,2.29518688965764106e-01,2.29518688768566181e-01,-1.97197924656222767e-10
352,1526,2.21529953612994435e-01,2.21529953387837042e-01,-2.25157392730324091e-10
353,1527,2.13521987089985904e-01,2.13521986876155201e-01,-2.13830703144068934e-10
354,1528,2.05513353963592577e-01,2.05513353805998084e-01,-1.57594493011004033e-10
355,1529,1.97606697384651392e-01,1.97606697296785039e-01,-8.78663530823331484e-11
356,1530,1.89594575792262687e-01,1.89594575778267604e-01,-1.39950828703661045e-11
357,1531,1.81614363366415343e-01,1.81614363411912838e-01,4.54974946606512276e-11
358,1532,1.73617996774970029e-01,1.73617996850219641e-01,7.52496120970391758e-11
359,1533,1.65635297583436730e-01,1.65635297625967487e-01,4.25307566942478843e-11
360,1534,1.57678877186814614e-01,1.57678877141430362e-01,-4.53842519121394616e-11
361,1535,1.49720283998130144e-01,1.49720283884287986e-01,-1.13842157922761089e-10
362,1536,1.41744904579989867e-01,1.41744904429960572e-01,-1.50029294543330138e-10
363,1537,1.33778032869099839e-01,1.33778032722069701e-01,-1.47030138064607740e-10
364,1538,1.25764166602533894e-01,1.25764166501002000e-01,-1.01531894003414891e-10
365,1539,1.17785323370972125e-01,1.17785323298618988e-01,-7.23531373703067970e-11
366,1540,1.09781309700160840e-01,1.09781309721381781e-01,2.12209416705633203e-11
367,1541,1.01860595419410824e-01,1.01860595562149311e-01,1.42738487696192351e-10
368,1542,9.38518179461015067e-02,9.38518181262484874e-02,1.80146980666151535e-10
369,1543,8.58327267213748052e-02,8.58327269219279348e-02,2.00553129658942453e-10
370,1544,7.78984605450416812e-02,7.78984607343378155e-02,1.89296134323058141e-10
371,1545,6.99119168699884191e-02,6.99119169294215026e-02,5.94330834546852316e-11
372,1546,6.19525489679593130e-02,6.19525488803677749e-02,-8.75915381892689027e-11
373,1547,5.39405541144701295e-02,5.39405539702788595e-02,-1.44191270035065600e-10
374,1548,4.59577511839238534e-02,4.59577510536436293e-02,-1.30280224108769715e-10
375,1549,3.79191824812169093e-02,3.79191824121689960e-02,-6.90479132203769552e-11
376,1550,2.98911092909842947e-02,2.98911092677328800e-02,-2.32514146825124612e-11
377,1551,2.18861470898142930e-02,2.18861470862262812e-02,-3.58801183208967700e-12
378,1552,1.39608949221230790e-02,1.39608949649962788e-02,4.28731997820230859e-11
379,1553,6.74252139489187399e-03,6.74252141919828938e-03,2.43064153873651101e-11
380,1554,5.45979917517289614e-04,5.45979914242411416e-04,-3.27487819848371053e-12
381,1555,4.45730700931732066e-04,4.45730700456131170e-04,-4.75600895472050311e-13
382,1556,4.60105734259514396e-04,4.60105735932867963e-04,1.67335356725598072e-12
383,1557,4.49205838901274774e-04,4.49205841340604003e-04,2.43932922906059391e-12
384,1558,5.73602579099472356e-04,5.73602582940846949e-04,3.84137459254890734e-12
385,1559,8.29352054891051662e-04,8.29352060639940224e-04,5.74888856137711901e-12
386,1560,1.70489258833744252e-03,1.70489258721372877e-03,-1.12371375225739367e-12
387,1561,6.81673493707794176e-01,6.81673493691158039e-01,-1.66361369124956582e-11
388,1562,6.75000101781865536e-01,6.75000101744934411e-01,-3.69311248249459823e-11
389,1563,6.67141166262604557e-01,6.67141166230967309e-01,-3.16372483766258483e-11
390,1564,6.59186168724402610e-01,6.59186168705506725e-01,-1.88958848568177018e-11
391,1565,6.51208547828342810e-01,6.51208547799549509e-01,-2.87933010767460473e-11
392,1566,6.43283754885705106e-01,6.43283754845866196e-01,-3.98389099487417297e-11
393,1567,6.35333526595937337e-01,6.35333526577810281e-01,-1.81270554122647809e-11
394,1568,6.27472632149663534e-01,6.27472632130447572e-01,-1.92159621548171344e-11
395,1569,6.19526309899094629e-01,6.19526309866189839e-01,-3.29047900038403895e-11
396,1570,6.11617105793036742e-01,6.11617105782640835e-01,-1.03959063579850408e-11
397,1571,6.03718842617092077e-01,6.03718842603579775e-01,-1.35123023881078552e-11
398,1572,5.95812055978373833e-01,5.95812056005814994e-01,2.74411604550550692e-11
399,1573,5.87904707104844881e-01,5.87904707150248340e-01,4.54034587704654768e-11
400,1574,5.80017794937765285e-01,5.80017795001382175e-01,6.36168895340460949e-11
401,1575,5.72130581770999291e-01,5.72130581817491435e-01,4.64921434684129053e-11
402,1576,5.64186929807695803e-01,5.64186929853344399e-01,4.56485960143027114e-11
403,1577,5.56310245909902856e-01,5.56310245944209747e-01,3.43068906616394997e-11
404,1578,5.48380564051977659e-01,5.48380564072914245e-01,2.09365857983812020e-11
405,1579,5.40497891193833291e-01,5.40497891206696224e-01,1.28629329410046012e-11
406,1580,5.32608856979003842e-01,5.32608856977052181e-01,-1.95166105498856268e-12
407,1581,5.16698101956047040e-01,5.16698101887701378e-01,-6.83456624628320242e-11
408,1582,5.08753405050129115e-01,5.08753404978303236e-01,-7.18258785781245024e-11
409,1583,5.00751693241146101e-01,5.00751693158741462e-01,-8.24046386682653065e-11
410,1584,4.92755519543141396e-01,4.92755519469488368e-01,-7.36530281209013538e-11
411,1585,4.84814941324865689e-01,4.84814941277343425e-01,-4.75222639018113568e-11
412,1586,4.76807344918722398e-01,4.76807344877798633e-01,-4.09237643772542015e-11
413,1587,4.68830789629067213e-01,4.68830789600292397e-01,-2.87748158633860385e-11
414,1588,4.60842726016446158e-01,4.60842725988774404e-01,-2.76717537772697142e-11
415,1589,4.52874310123799972e-01,4.52874310131186175e-01,7.38620276052870395e-12
416,1590,4.44899782074255568e-01,4.44899782127463117e-01,5.32075494774630897e-11
417,1591,4.36944392801553783e-01,4.36944392881300492e-01,7.97467092361614505e-11
418,1592,4.28954039021897549e-01,4.28954039116282049e-01,9.43845002154830581e-11
419,1593,4.20991514117482923e-01,4.20991514227314789e-01,1.09831865824361330e-10
420,1594,4.13019924659098259e-01,4.13019924762405677e-01,1.03307418175546673e-10
421,1595,4.05016693393529359e-01,4.05016693495742708e-01,1.02213348895929812e-10
422,1596,3.97042606194274506e-01,3.97042606276120147e-01,8.18456413753665402e-11
423,1597,3.89058402183506291e-01,3.89058402217076493e-01,3.35702021736494771e-11
424,1598,3.81099821892010915e-01,3.81099821869137934e-01,-2.28729812867811688e-11
425,1599,3.73093167059717845e-01,3.73093166988679004e-01,-7.10388414759677289e-11
426,1600,3.65154068830146283e-01,3.65154068735403237e-01,-9.47430467412857524e-11
427,1601,3.57126335988885935e-01,3.57126335873240275e-01,-1.15645659715113425e-10
428,1602,3.49145041933786315e-01,3.49145041819552804e-01,-1.14233511538941457e-10
429,1603,3.41184349968111478e-01,3.41184349858370040e-01,-1.09741438159005611e-10
430,1604,3.33234035635630588e-01,3.33234035529958172e-01,-1.05672415262603181e-10
431,1605,3.25234534801384478e-01,3.25234534691391353e-01,-1.09993125718688134e-10
432,1606,3.17277087503492761e-01,3.17277087410642089e-01,-9.28506715958121731e-11
433,1607,3.09270210819148850e-01,3.09270210752856711e-01,-6.62921384453341034e-11
434,1608,3.01307821561670630e-01,3.01307821525611863e-01,-3.60587670833467655e-11
435,1609,2.93316493422110580e-01,2.93316493388788624e-01,-3.33219563053432921e-11
436,1610,2.85339405480309838e-01,2.85339405428763515e-01,-5.15463227657164680e-11
437,1611,2.77385429684567697e-01,2.77385429619662838e-01,-6.49048592649137390e-11
438,1612,2.69380856934902102e-01,2.69380856830602422e-01,-1.04299680003805406e-10
439,1613,2.61425590141440845e-01,2.61425589990309570e-01,-1.51131274161997453e-10
440,1614,2.53423482803915023e-01,2.53423482627406549e-01,-1.76508474503123125e-10
441,1615,2.45420778580388493e-01,2.45420778392241135e-01,-1.88147358803902875e-10
442,1616,2.37461680523393337e-01,2.37461680331696567e-01,-1.91696769569205117e-10
443,1617,2.29473866397812670e-01,2.29473866197597298e-01,-2.00215372059275865e-10
444,1618,2.21488981035990407e-01,2.21488980812501818e-01,-2.23488588746434402e-10
445,1619,2.13522434934234229e-01,2.13522434719819743e-01,-2.14414486165992457e-10
446,1620,2.05571911760604742e-01,2.05571911603000035e-01,-1.57604707062830585e-10
447,1621,1.97554522564022478e-01,1.97554522479737232e-01,-8.42852454496778591e-11
448,1622,1.89596982149255161e-01,1.89596982134996428e-01,-1.42587330831389636e-11
449,1623,1.81611432883566876e-01,1.81611432929467465e-01,4.59005888853170063e-11
450,1624,1.73657745576004274e-01,1.73657745650753759e-01,7.47494843800211584e-11
451,1625,1.65678445970366878e-01,1.65678446015110337e-01,4.47434589379014369e-11
452,1626,1.57678381561097147e-01,1.57678381514932159e-01,-4.61649884986314873e-11
453,1627,1.49718927229319149e-01,1.49718927114679573e-01,-1.14639575610198108e-10
454,1628,1.41745487057956254e-01,1.41745486906746321e-01,-1.51209933463292145e-10
455,1629,1.33731373576650658e-01,1.33731373430640482e-01,-1.46010176171884609e-10
456,1630,1.25767026974065110e-01,1.25767026870999304e-01,-1.03065805889812623e-10
457,1631,1.17782864100328594e-01,1.17782864029428475e-01,-7.09001191090408156e-11
458,1632,1.09830154788584725e-01,1.09830154809495581e-01,2.09108563797855140e-11
459,1633,1.01810464008210214e-01,1.01810464151108726e-01,1.42898512467404259e-10
460,1634,9.38549423278317585e-02,9.38549425075714816e-02,1.79739723105143412e-10
461,1635,8.58853098318478336e-02,8.58853100311132850e-02,1.99265451361618773e-10
462,1636,7.78944311841897052e-02,7.78944313766951751e-02,1.92505469898129888e-10
463,1637,6.99173669781630452e-02,6.99173670374288042e-02,5.92657589670864127e-11
464,1638,6.19095195243838381e-02,6.19095194325057704e-02,-9.18780676539832086e-11
465,1639,5.39033178378558117e-02,5.39033176923826088e-02,-1.45473202928236844e-10
466,1640,4.59202135565977762e-02,4.59202134301701925e-02,-1.26427583679866729e-10
467,1641,3.79227409567015408e-02,3.79227408873716032e-02,-6.93299376242073606e-11
468,1642,2.98914097906952184e-02,2.98914097658398159e-02,-2.48554024584457522e-11
469,1643,2.18497260467708301e-02,2.18497260460292185e-02,-7.41611633214844801e-13
470,1644,1.39703105382559308e-02,1.39703105795089318e-02,4.12530010152067916e-11
471,1645,6.95290932371173294e-03,6.95290934659193675e-03,2.28802038079733983e-11
472,1646,2.48379768794199107e-04,2.48379766134112275e-04,-2.66008683179677630e-12
473,1647,0.00000000000000000e+00,0.00000000000000000e+00,0.00000000000000000e+00
474,1648,0.00000000000000000e+00,0.00000000000000000e+00,0.00000000000000000e+00
475,1649,0.00000000000000000e+00,0.00000000000000000e+00,0.00000000000000000e+00
476,1650,0.00000000000000000e+00,0.00000000000000000e+00,0.00000000000000000e+00
477,1651,0.00000000000000000e+00,0.00000000000000000e+00,0.00000000000000000e+00
478,1652,3.55638301565545131e-04,3.55638305664386569e-04,4.09884143770175569e-12
479,1653,4.17092125656390170e-04,4.17092124734636503e-04,-9.21753667317004588e-13
480,1654,4.12056273169929277e-04,4.12056274598942543e-04,1.42901326622563163e-12
481,1655,4.41689978483397869e-04,4.41689980792041000e-04,2.30864313126646903e-12
482,1656,5.10084606433818151e-04,5.10084609844396503e-04,3.41057835185482050e-12
483,1657,6.89695115494947525e-04,6.89695120850407199e-04,5.35545967381839683e-12
484,1658,1.89668162186523395e-04,1.89668159897650988e-04,-2.28887240649559842e-12
485,1659,0.00000000000000000e+00,0.00000000000000000e+00,0.00000000000000000e+00
486,1660,0.00000000000000000e+00,0.00000000000000000e+00,0.00000000000000000e+00
487,1661,0.00000000000000000e+00,0.00000000000000000e+00,0.00000000000000000e+00
488,1662,0.00000000000000000e+00,0.00000000000000000e+00,0.00000000000000000e+00
489,1663,0.00000000000000000e+00,0.00000000000000000e+00,0.00000000000000000e+00
490,1664,3.36393588308638936e-04,3.36393592680610633e-04,4.37197169743039349e-12
491,1665,3.23248588541147071e-04,3.23248587531993860e-04,-1.00915321021508020e-12
492,1666,3.09110263669682415e-04,3.09110264439938507e-04,7.70256091981585955e-13
493,1667,3.28279904301289618e-04,3.28279906138132741e-04,1.83684312335050115e-12
494,1668,3.79931337037756501e-04,3.79931340118274926e-04,3.08051842498255346e-12
495,1669,4.95743368845194174e-04,4.95743373923116632e-04,5.07792245751925719e-12
496,1670,6.88528347170210497e-01,6.88528347173055333e-01,2.84483547829950112e-12
497,1671,6.88718078433365632e-01,6.88718078433365632e-01,0.00000000000000000e+00
498,1672,6.88718078433365632e-01,6.88718078433365632e-01,0.00000000000000000e+00
499,1673,6.88718078433365632e-01,6.88718078433365632e-01,0.00000000000000000e+00
500,1674,6.88718078433365632e-01,6.88718078433365632e-01,0.00000000000000000e+00
501,1675,6.88718078433365632e-01,6.88718078433365744e-01,1.11022302462515654e-16
502,1676,6.88351624831417319e-01,6.88351624829088293e-01,-2.32902586105865339e-12
503,1677,6.88389388767585930e-01,6.88389388768223864e-01,6.37934149949614948e-13
504,1678,6.88398189764269031e-01,6.88398189767366442e-01,3.09741121640172423e-12
505,1679,6.88382969812789569e-01,6.88382969811842771e-01,-9.46798195400333498e-13
506,1680,6.88329718974477034e-01,6.88329718976455007e-01,1.97797334067217889e-12
507,1681,6.88209349077534838e-01,6.88209349076467025e-01,-1.06781250508447556e-12
508,1682,6.88474015213389801e-01,6.88474015218427993e-01,5.03819208574896038e-12
509,1683,6.88718078433365632e-01,6.88718078433365632e-01,0.00000000000000000e+00
510,1684,6.88718078433365632e-01,6.88718078433365744e-01,1.11022302462515654e-16
511,1685,6.88718078433365632e-01,6.88718078433365744e-01,1.11022302462515654e-16
512,1686,6.88718078433365632e-01,6.88718078433365744e-01,1.11022302462515654e-16
513,1687,6.88718078433365632e-01,6.88718078433365632e-01,0.00000000000000000e+00
514,1688,6.88349991598421473e-01,6.88349991595893163e-01,-2.52831089397886899e-12
515,1689,6.88274370530947532e-01,6.88274370531402391e-01,4.54858373188926635e-13
516,1690,6.88285093488287369e-01,6.88285093491333377e-01,3.04600789036157948e-12
517,1691,6.88256135236643973e-01,6.88256135234458943e-01,-2.18502993476477059e-12
518,1692,6.88198453282845790e-01,6.88198453281855138e-01,-9.90652004873027181e-13
519,1693,6.88027195004989434e-01,6.88027195001544412e-01,-3.44502204541186074e-12
520,3405,6.12723570781513960e-01,6.12723570755926983e-01,-2.55869769816285952e-11
521,3406,5.91388566843573549e-01,5.91388566846785646e-01,3.21209725484550290e-12
522,3407,6.60506860761644110e-01,6.60506860792292372e-01,3.06482617062897589e-11
523,3408,6.55250020982685144e-01,6.55250021012358630e-01,2.96734858906688714e-11
524,3409,5.96726379881948543e-01,5.96726379870237356e-01,-1.17111875752584638e-11
525,3410,5.80724150584445487e-01,5.80724150554108864e-01,-3.03366221032774774e-11
526,3411,6.44670668366074895e-01,6.44670668385674883e-01,1.95999882990349761e-11
527,3412,6.87517517209356055e-01,6.87517517218142138e-01,8.78608297227856383e-12
528,3413,6.18054128104133849e-01,6.18054128110786638e-01,6.65278943046132554e-12
529,3414,5.38035495566537403e-01,5.38035495541852371e-01,-2.46850317964231181e-11
530,3415,5.32691756783568060e-01,5.32691756792987414e-01,9.41935418552475312e-12
531,3416,6.07438935529202584e-01,6.07438935504071686e-01,-2.51308973631125809e-11
532,3417,5.43373709191012022e-01,5.43373709154470808e-01,-3.65412144986976273e-11
533,3418,5.64713643267102272e-01,5.64713643223517359e-01,-4.35849134561294704e-11
534,3419,5.54040050165019227e-01,5.54040050135609752e-01,-2.94094748554130092e-11
535,3420,6.80754756165968700e-01,6.80754756179924203e-01,1.39555034195382177e-11
536,3421,6.34044879771321290e-01,6.34044879800319650e-01,2.89983592693943137e-11
537,3422,5.86054827181314297e-01,5.86054827171372583e-01,-9.94171411861088927e-12
538,3423,5.48707839416692322e-01,5.48707839385437324e-01,-3.12549985892474069e-11
539,3424,6.23391250576496248e-01,6.23391250597679081e-01,2.11828332652430618e-11
540,3425,5.27406571410779845e-01,5.27406571431656701e-01,2.08768557996563686e-11
541,3426,6.75920509926282165e-01,6.75920509940246106e-01,1.39639411145253689e-11
542,3427,6.70875199387676258e-01,6.70875199408427880e-01,2.07516226424786510e-11
543,3428,5.70044370676553558e-01,5.70044370622717511e-01,-5.38360467317033908e-11
544,3429,6.39361053150698022e-01,6.39361053176290550e-01,2.55925280967517210e-11
545,3430,5.75389433948456763e-01,5.75389433916251303e-01,-3.22054605206290034e-11
546,3431,6.02108314356679553e-01,6.02108314347396756e-01,-9.28279675349585887e-12
547,3432,6.84971611844546358e-01,6.84971611862941754e-01,1.83953963173166812e-11
548,3433,6.65726419301585048e-01,6.65726419328017238e-01,2.64321897702757269e-11
549,3434,6.49973978899674676e-01,6.49973978916944084e-01,1.72694081257418475e-11
550,3435,6.28768002718078423e-01,6.28768002728846698e-01,1.07682751604443183e-11
551,3436,5.59383725566239054e-01,5.59383725539530308e-01,-2.67087463257098534e-11
552,3437,1.44749768241473065e-01,1.44749768327527423e-01,8.60543580838424305e-11
553,3438,4.38591762110651373e-02,4.38591761367923411e-02,-7.42727962466105396e-11
554,3439,9.16126609164447381e-02,9.16126607685772143e-02,-1.47867523780931265e-10
555,3440,2.72279342546078995e-01,2.72279342629592747e-01,8.35137514698658379e-11
556,3441,1.77530425893951301e-02,1.77530426022403029e-02,1.28451728420575506e-11
557,3442,3.33295305211389267e-02,3.33295306302397107e-02,1.09100783962645664e-10
558,3443,2.80761907227225598e-02,2.80761908705768788e-02,1.47854319065832129e-10
559,3444,1.27365994485022973e-02,1.27365993880058266e-02,-6.04964706801824903e-11
560,3445,1.07550655425748723e-01,1.07550655278394983e-01,-1.47353740320710358e-10
561,3446,3.67754170820264008e-03,3.67754165617781726e-03,-5.20248228177977445e-11
562,3447,3.04163914911949052e-01,3.04163914938372359e-01,2.64233079860787257e-11
563,3448,2.19139980137944695e-01,2.19139980225955988e-01,8.80112926981979626e-11
564,3449,1.97888321369372150e-01,1.97888321474514933e-01,1.05142783368705750e-10
565,3450,1.20391616229749139e-03,1.20391613980834174e-03,-2.24891496484330711e-11
566,3451,1.87258213650972533e-01,1.87258213721579053e-01,7.06065206301786930e-11
567,3452,1.76636237163347004e-01,1.76636237112537925e-01,-5.08090791662141328e-11
568,3453,5.97537934422159092e-02,5.97537935141967819e-02,7.19808726512560781e-11
569,3454,1.12872051940896639e-01,1.12872051826264391e-01,-1.14632248138235582e-10
570,3455,3.36050639926371686e-01,3.36050640024182445e-01,9.78107594917787537e-11
571,3456,1.60694327741061127e-01,1.60694327702711665e-01,-3.83494624944802354e-11
572,3457,8.09891274449343473e-02,8.09891274183004578e-02,-2.66338895382745022e-11
573,3458,1.34115266579017262e-01,1.34115266802441069e-01,2.23423807232947524e-10
574,3459,4.91436460887547735e-02,4.91436460322375104e-02,-5.65172630917487595e-11
575,3460,7.57301004099024400e-02,7.57301003948847307e-02,-1.50177092983483362e-11
576,3461,7.91277250608171841e-03,7.91277243016351960e-03,-7.59181988108093009e-11
577,3462,3.85805604446465070e-02,3.85805604515763109e-02,6.92980395289310991e-12
578,3463,4.31704386126595896e-01,4.31704386063854029e-01,-6.27418672571877778e-11
579,3464,3.83876785331586590e-01,3.83876785320518332e-01,-1.10682574216980356e-11
580,3465,5.22037820543940656e-01,5.22037820565526167e-01,2.15855111562746060e-11
581,3466,1.23498197700269527e-01,1.23498197820490443e-01,1.20220916555169310e-10
582,3467,2.28775067585005459e-02,2.28775068655745310e-02,1.07073985095018642e-10
583,3468,5.44481702372714149e-02,5.44481702626791880e-02,2.54077731076662872e-11
584,3469,3.25417300482584937e-01,3.25417300528862197e-01,4.62772598019967063e-11
585,3470,3.46673563943915963e-01,3.46673564071127260e-01,1.27211297051843530e-10
586,3471,3.14799334527288699e-01,3.14799334542819720e-01,1.55310209137837774e-11
587,3472,2.35086499591628389e-01,2.35086499763843410e-01,1.72215020022292720e-10
588,3473,3.94501646720300969e-01,3.94501646659773775e-01,-6.05271943676655155e-11
589,3474,4.58272557145563308e-01,4.58272557148692306e-01,3.12899706145230994e-12
590,3475,4.37017397171819644e-01,4.37017397122152151e-01,-4.96674923411433156e-11
591,3476,3.51988290845640039e-01,3.51988290952162164e-01,1.06522124454500045e-10
592,3477,5.00781158237446622e-01,5.00781158312497143e-01,7.50505213531482696e-11
593,3478,4.52997675330629179e-01,4.52997675330494565e-01,-1.34614541735800231e-13
594,3479,6.50600114641228106e-02,6.50600115263008372e-02,6.21780266163440842e-11
595,3480,4.79524154168667893e-01,4.79524154185127838e-01,1.64599445184876458e-11
596,3481,2.61657645439234809e-01,2.61657645541376105e-01,1.02141295421631639e-10
597,3482,2.08519543798976997e-01,2.08519543914598010e-01,1.15621012763966746e-10
598,3483,3.99815152123983719e-01,3.99815152057278023e-01,-6.67056965220069742e-11
599,3484,4.21081398714070965e-01,4.21081398660124728e-01,-5.39462363668974376e-11
600,3485,4.74215948318920055e-01,4.74215948335776682e-01,1.68566272051862143e-11
601,3486,5.06089901516894147e-01,5.06089901574515388e-01,5.76212411118603995e-11
602,3487,4.90155684513522372e-01,4.90155684574749506e-01,6.12271344735404455e-11
603,3488,4.42332138768006977e-01,4.42332138739389036e-01,-2.86179413500065039e-11
604,3489,3.89241000568167961e-01,3.89241000520681613e-01,-4.74863481869647330e-11
605,3490,3.78560231007258496e-01,3.78560231019622551e-01,1.23640542248892871e-11
606,3491,2.77597276090577383e-01,2.77597276163265683e-01,7.26882998236533240e-11
607,3492,1.39475192060250192e-01,1.39475192223686872e-01,1.63436680855610916e-10
608,3493,1.02232632648810703e-01,1.02232632510685928e-01,-1.38124775506121011e-10
609,3494,2.88226277158822153e-01,2.88226277243407825e-01,8.45856718001414265e-11
610,3495,4.63578033721218641e-01,4.63578033734010853e-01,1.27922117343359787e-11
611,3496,2.29814965676688715e-01,2.29814965849440861e-01,1.72752145921606370e-10
612,3497,2.13830900313916994e-01,2.13830900402785157e-01,8.88681628286036585e-11
613,3498,1.50072803306320640e-01,1.50072803326633974e-01,2.03133343479322548e-11
614,3499,5.16732919209611952e-01,5.16732919245840305e-01,3.62283536503582582e-11
615,3500,2.82954240356660558e-01,2.82954240427989279e-01,7.13287207076973573e-11
616,3501,1.55429246825329659e-01,1.55429246803090781e-01,-2.22388774062665107e-11
617,3502,5.11452312335314296e-01,5.11452312390970554e-01,5.56562573805763350e-11
618,3503,4.84832996474233557e-01,4.84832996508692771e-01,3.44592132606180712e-11
619,3504,4.05128838413217840e-01,4.05128838348837839e-01,-6.43800013300221963e-11
620,3505,3.67934333434952465e-01,3.67934333499361998e-01,6.44095332624772254e-11
621,3506,3.41365626931261490e-01,3.41365627053773990e-01,1.22512500144722480e-10
622,3507,2.93546770937503920e-01,2.93546771017244523e-01,7.97406030095260121e-11
623,3508,1.66005059677956535e-01,1.66005059635492641e-01,-4.24638935125898342e-11
624,3509,1.28805759573393186e-01,1.28805759777447487e-01,2.04054301233824731e-10
625,3510,4.68941614037868160e-01,4.68941614040536081e-01,2.66792143932548242e-12
626,3511,3.73293145537351656e-01,3.73293145571723606e-01,3.43719497308825339e-11
627,3512,1.81954012722879782e-01,1.81954012734831860e-01,1.19520782160265071e-11
628,3513,4.15771314990783347e-01,4.15771314942104120e-01,-4.86792273157732325e-11
629,3514,3.62662239442625212e-01,3.62662239526925112e-01,8.42999003936029112e-11
630,3515,4.95517212323802969e-01,4.95517212399734286e-01,7.59313167897346375e-11
631,3516,3.57302828923102223e-01,3.57302829020733625e-01,9.76314029621505597e-11
632,3517,3.30781790716573709e-01,3.30781790784912044e-01,6.83383349908694981e-11
633,3518,2.98852585763809742e-01,2.98852585811895832e-01,4.80860906648672426e-11
634,3519,4.26439255451052435e-01,4.26439255405864137e-01,-4.51882975482931215e-11
635,3520,3.20107465725026186e-01,3.20107465755729848e-01,3.07036618352185542e-11
636,3521,2.51034702153574207e-01,2.51034702276404509e-01,1.22830301485521431e-10
637,3522,1.71317690747804480e-01,1.71317690695038577e-01,-5.27659027582672024e-11
638,3523,2.45761608308637164e-01,2.45761608446783769e-01,1.38146605266342704e-10
639,3524,3.09485820246309162e-01,3.09485820265514022e-01,1.92048599245708829e-11
640,3525,2.40447742179059065e-01,2.40447742338758347e-01,1.59699281576664021e-10
641,3526,4.10446279367162992e-01,4.10446279320597573e-01,-4.65654181880381657e-11
642,3527,2.56392062373059726e-01,2.56392062473533910e-01,1.00474184527854504e-10
643,3528,1.18231655578852013e-01,1.18231655579976128e-01,1.12411469022077881e-12
644,3529,8.63495712095110751e-02,8.63495711259758408e-02,-8.35352342853923346e-11
645,3530,9.69218698826558311e-02,9.69218697299389087e-02,-1.52716922441342717e-10
646,3531,4.47644295564855133e-01,4.47644295549773474e-01,-1.50816581445667452e-11
647,3532,1.92620563088231028e-01,1.92620563178532961e-01,9.03019325981802012e-11
648,3533,2.24501551909774999e-01,2.24501552054323400e-01,1.44548401026511897e-10
649,3534,2.66967106131855814e-01,2.66967106232480322e-01,1.00624508725388750e-10
650,3535,2.03247049498642446e-01,2.03247049612724329e-01,1.14081882829353276e-10
651,3536,7.04172308385466600e-02,7.04172308533237978e-02,1.47771378466998726e-11
652,3537,6.23651591097688085e-01,6.23651591079437351e-01,-1.82507342572080233e-11
653,3538,6.55685048087060962e-01,6.55685048073674226e-01,-1.33867361640227500e-11
654,3539,5.91855941515659567e-01,5.91855941540701758e-01,2.50421905434450309e-11
655,3540,9.61574296627506174e-04,9.61574300744911484e-04,4.11740530992937837e-12
656,3541,5.60326197221489908e-01,5.60326197259095493e-01,3.76055853124057649e-11
657,3542,5.28738072564474026e-01,5.28738072567004891e-01,2.53086440693550685e-12
658,3543,6.87753844309045070e-01,6.87753844307874340e-01,-1.17073017946722757e-12
659,3544,3.32929803668024979e-02,3.32929804185785258e-02,5.17760279095114129e-11
660,3545,4.91408229574931410e-02,4.91408229285696732e-02,-2.89234677874894430e-11
661,3546,6.50634541693773522e-02,6.50634542197192911e-02,5.03419389508152904e-11
662,3547,8.08466644113053079e-02,8.08466643831162735e-02,-2.81890344400181903e-11
663,3548,9.68885867955080055e-02,9.68885866639159488e-02,-1.31592056695772897e-10
664,3549,1.12553565721217885e-01,1.12553565629283647e-01,-9.19342380001353376e-11
665,3550,1.29318653384403848e-01,1.29318653562520064e-01,1.78116216220658430e-10
666,3551,1.44751712637806923e-01,1.44751712715664643e-01,7.78577202709129779e-11
667,3552,1.60399752403990903e-01,1.60399752371820303e-01,-3.21705995176557735e-11
668,3553,1.76989807775200403e-01,1.76989807745658922e-01,-2.95414803730409403e-11
669,3554,1.92892172180997884e-01,1.92892172271327322e-01,9.03294383736152895e-11
670,3555,2.08827878163538982e-01,2.08827878260606836e-01,9.70678537548508302e-11
671,3556,2.23750228289521458e-01,2.23750228398874068e-01,1.09352610300206265e-10
672,3557,2.40397354793001172e-01,2.40397354921951467e-01,1.28950294886465144e-10
673,3558,2.56185143466232224e-01,2.56185143566165785e-01,9.99335614260132843e-11
674,3559,2.72732688240580334e-01,2.72732688321603356e-01,8.10230216252705304e-11
675,3560,2.87386276770223326e-01,2.87386276845436828e-01,7.52135020931632425e-11
676,3561,3.04165953528307387e-01,3.04165953550401602e-01,2.20942153461578528e-11
677,3562,3.19748593601426878e-01,3.19748593640583056e-01,3.91561782997484897e-11
678,3563,3.36372233617538541e-01,3.36372233724467673e-01,1.06929132215327627e-10
679,3564,3.52654663456857587e-01,3.52654663546330849e-01,8.94732621325999844e-11
680,3565,3.67797182494481512e-01,3.67797182540679612e-01,4.61981009003409326e-11
681,3566,3.83616369276137015e-01,3.83616369266782664e-01,-9.35435062743295020e-12
682,3567,3.99704595661863504e-01,3.99704595605181456e-01,-5.66820479441787484e-11
683,3568,4.16914275952679325e-01,4.16914276044714094e-01,9.20347686950151456e-11
684,3569,4.48634976514060591e-01,4.48634976524416196e-01,1.03556052621911476e-11
685,3570,4.81378602082755735e-01,4.81378602020661350e-01,-6.20943851892263865e-11
686,3571,5.04314471566095435e-01,5.04314471508836348e-01,-5.72590863612276735e-11
687,3572,6.40045479294663267e-01,6.40045479311987631e-01,1.73243641654607927e-11
688,3573,6.07393374477359083e-01,6.07393374467829150e-01,-9.52993239877741871e-12
689,3574,5.75458390807546571e-01,5.75458390776689921e-01,-3.08566505680119008e-11
690,3575,5.43180389768558758e-01,5.43180389730234525e-01,-3.83242326762456287e-11
691,3576,4.31842200318123315e-01,4.31842200257145148e-01,-6.09781669602682541e-11
692,3577,4.63541058911767279e-01,4.63541058917586568e-01,5.81928949472398926e-12
693,3578,5.16521327051494006e-01,5.16521327098477312e-01,4.69833061345070746e-11
694,3579,6.66470188079495651e-01,6.66470188101112249e-01,2.16165974009641104e-11
695,3580,4.90812946315478837e-01,4.90812946354015400e-01,3.85365628297051899e-11
696,3581,2.59381197591600256e-02,2.59381197372849197e-02,-2.18751058933541742e-11
697,3582,4.19241746615737418e-02,4.19241745693971699e-02,-9.21765719308353937e-11
698,3583,5.81664287709542718e-02,5.81664286633879965e-02,-1.07566275331372196e-10
699,3584,7.37436884930150333e-02,7.37436885951989474e-02,1.02183914107989438e-10
700,3585,8.99570423919359846e-02,8.99570425665310869e-02,1.74595102264696322e-10
701,3586,1.05810492841202600e-01,1.05810492925103222e-01,8.39006225605842815e-11
702,3587,1.21961473174488466e-01,1.21961473097132483e-01,-7.73559827305092540e-11
703,3588,1.37745533988264002e-01,1.37745533836481387e-01,-1.51782614254969417e-10
704,3589,1.53695891403125534e-01,1.53695891325364570e-01,-7.77609643343168955e-11
705,3590,1.69418142100281804e-01,1.69418142148160367e-01,4.78785622259891852e-11
706,3591,1.85360377467244319e-01,1.85360377479843325e-01,1.25990051724755858e-11
707,3592,2.01917264338086044e-01,2.01917264240350364e-01,-9.77356806597384775e-11
708,3593,2.17689893283997793e-01,2.17689893085794173e-01,-1.98203620183079465e-10
709,3594,2.34109439824145144e-01,2.34109439647425838e-01,-1.76719305855499442e-10
710,3595,2.49586171991716455e-01,2.49586171853080740e-01,-1.38635714019841316e-10
711,3596,2.65130522010979142e-01,2.65130521891762561e-01,-1.19216581051517778e-10
712,3597,2.80872436515806123e-01,2.80872436473117326e-01,-4.26887969418032753e-11
713,3598,2.97202519772676310e-01,2.97202519739072246e-01,-3.36040639759005444e-11
714,3599,3.13106944846824331e-01,3.13106944759773687e-01,-8.70506444705654303e-11
715,3600,3.28301185037968346e-01,3.28301184948953717e-01,-8.90146290011273322e-11
716,3601,3.45303739042013558e-01,3.45303738919768677e-01,-1.22244880884636586e-10
717,3602,3.61133123804757816e-01,3.61133123706210535e-01,-9.85472814463150826e-11
718,3603,3.77095628935010141e-01,3.77095628881974954e-01,-5.30351873528900342e-11
719,3604,3.92799338972122047e-01,3.92799338997601499e-01,2.54794518816936488e-11
720,3605,5.45610986690621358e-01,5.45610986725939107e-01,3.53177487255607048e-11
721,3606,5.76055720360569845e-01,5.76055720414344941e-01,5.37750954876514697e-11
722,3607,6.08095104590079538e-01,6.08095104580290147e-01,-9.78939151963231780e-12
723,3608,6.39300451187220231e-01,6.39300451147560289e-01,-3.96599419971721545e-11
724,3609,5.59363592498136608e-01,5.59363592472398308e-01,-2.57383003798850041e-11
725,3610,5.91383809868025634e-01,5.91383809848332831e-01,-1.96928029438936392e-11
726,3611,6.24167737352177010e-01,6.24167737351796093e-01,-3.80917519748891209e-13
727,3612,4.65298112749408965e-01,4.65298112716278189e-01,-3.31307759005028402e-11
728,3613,4.47382493891854749e-01,4.47382493883010879e-01,-8.84387008071030323e-12
729,3614,4.32884075917998434e-01,4.32884075969987681e-01,5.19892462413906742e-11
730,3615,4.16548941040140286e-01,4.16548940991217531e-01,-4.89227547362247606e-11
731,3616,1.77052399472505985e-02,1.77052399852905655e-02,3.80399670096842613e-11
732,3617,6.71068317938113057e-01,6.71068317908401935e-01,-2.97111224512036642e-11
733,3618,6.54661046361203258e-01,6.54661046383802181e-01,2.25989227331524489e-11
734,3619,6.75598328004228366e-01,6.75598328017904426e-01,1.36760602842400658e-11
735,3620,5.32689590026728554e-01,5.32689590013138092e-01,-1.35904620890414662e-11
736,3621,4.74294504891293434e-01,4.74294504920278470e-01,2.89850365930988119e-11
737,3622,5.05582953574672644e-01,5.05582953629844956e-01,5.51723111641422292e-11
738,3623,7.75098523048810360e-03,7.75098521263547190e-03,-1.78526316993443679e-11
739,3624,1.03273357668957864e-02,1.03273357990244716e-02,3.21286851290292219e-11
740,3625,6.87906607861555219e-01,6.87906607861225150e-01,-3.30069305221059039e-13
741,3626,6.86552443866002338e-01,6.86552443862177730e-01,-3.82460729753120177e-12
742,3627,8.73476712174626980e-04,8.73476715238659298e-04,3.06403231779828200e-12
743,3628,6.85877181439308203e-01,6.85877181439544237e-01,2.36033415035308280e-13
744,3629,1.09801199191858967e-03,1.09801198776578353e-03,-4.15280613716428881e-12
745,3630,1.72256788243358447e-03,1.72256789083778954e-03,8.40420506624528496e-12
746,3631,1.79971315794211738e-02,1.79971315874906911e-02,8.06951727660987217e-12
747,3632,2.20170165033182520e-02,2.20170164822250485e-02,-2.10932035726862921e-11
748,3633,2.94526261257684538e-02,2.94526260842479966e-02,-4.15204572112859438e-11
749,3634,2.58428066862236606e-02,2.58428066523227334e-02,-3.39009272043444554e-11
750,3635,3.26710099047377647e-02,3.26710098530486603e-02,-5.16891043855771670e-11
751,3636,1.89128289702583975e-02,1.89128289532365414e-02,-1.70218561468260532e-11
752,3637,2.27364913922223633e-02,2.27364913843179327e-02,-7.90443058229506335e-12
753,3638,1.63834903336221617e-02,1.63834903430517091e-02,9.42954742066959284e-12
754,3639,2.00395180046105056e-02,2.00395180398740512e-02,3.52635455558303335e-11
755,3640,2.60487510699634293e-02,2.60487510787955033e-02,8.83207396107366094e-12
756,3641,1.41096530300208640e-02,1.41096530745496804e-02,4.45288163980483986e-11
757,3642,1.22455125191523045e-02,1.22455125189444847e-02,-2.07819872422021490e-13
758,3643,2.32626681501512632e-02,2.32626682068842773e-02,5.67330141199029470e-11
759,3644,2.87990103508529299e-02,2.87990103738340261e-02,2.29810961926979473e-11
760,3645,3.20945095650364623e-02,3.20945095362663024e-02,-2.87701598655765167e-11
761,3646,3.44791257729863548e-02,3.44791257524955583e-02,-2.04907965595246822e-11
762,3647,3.81274888089939284e-02,3.81274887645030938e-02,-4.44908346275418864e-11
763,3648,4.05687219525943180e-02,4.05687219067382282e-02,-4.58560897587112493e-11
764,3649,4.41863433817326692e-02,4.41863433573767214e-02,-2.43559478141364139e-11
765,3650,4.18928436352276889e-02,4.18928435997684145e-02,-3.54592744056247966e-11
766,3651,4.81749485279793291e-02,4.81749485181203682e-02,-9.85896086991289167e-12
767,3652,4.60184761784216342e-02,4.60184761352422020e-02,-4.31794322519607476e-11
768,3653,5.25077849488700815e-02,5.25077849154318363e-02,-3.34382452282788734e-11
769,3654,5.43002957843679440e-02,5.43002957870196701e-02,2.65172606095376295e-12
770,3655,5.88171823690320922e-02,5.88171823452252676e-02,-2.38068245672629075e-11
771,3656,6.02586614044640784e-02,6.02586614151303102e-02,1.06662317866934586e-11
772,3657,6.49340658161531165e-02,6.49340658220741856e-02,5.92106919050650049e-12
773,3658,6.36793261530444049e-02,6.36793261251919207e-02,-2.78524842078908819e-11
774,3659,6.98496259672195391e-02,6.98496259926958268e-02,2.54762877460734671e-11
775,3660,7.08112083999502123e-02,7.08112084346885357e-02,3.47383233290088356e-11
776,3661,7.58156955391579984e-02,7.58156955889231904e-02,4.97651919673103293e-11
777,3662,7.64565517572529246e-02,7.64565517859009808e-02,2.86480561495494612e-11
778,3663,8.16445179085064088e-02,8.16445179426888157e-02,3.41824069050034041e-11
779,3664,8.15220163167686973e-02,8.15220163844260215e-02,6.76573241875644271e-11
780,3665,8.73066709291743237e-02,8.73066709740908942e-02,4.49165704630161144e-11
781,3666,8.71050830826647499e-02,8.71050830818072830e-02,-8.57466875281431840e-13
782,3667,9.25949767352803599e-02,9.25949767458936479e-02,1.06132880262066465e-11
783,3668,9.31928426790210179e-02,9.31928427459279701e-02,6.69069522007958994e-11
784,3669,9.83780305547459766e-02,9.83780305827923612e-02,2.80463846591416655e-11
785,3670,9.76617547991814466e-02,9.76617547687428089e-02,-3.04386377214527215e-11
786,3671,1.03366434667480855e-01,1.03366434656318465e-01,-1.11623904563984411e-11
787,3672,1.04378735460785618e-01,1.04378735504120690e-01,4.33350716422253868e-11
788,3673,1.09286970124622643e-01,1.09286970135916178e-01,1.12935355511822877e-11
789,3674,1.10658831102656743e-01,1.10658831147100498e-01,4.44437542324038759e-11
790,3675,1.15417388986643943e-01,1.15417389014093513e-01,2.74495703944666047e-11
791,3676,1.13846299642786253e-01,1.13846299640833953e-01,-1.95229943322772215e-12
792,3677,1.19809714733789999e-01,1.19809714762473915e-01,2.86839163532448538e-11
793,3678,1.21726154431074596e-01,1.21726154444156992e-01,1.30823962773973790e-11
794,3679,1.25927864272168427e-01,1.25927864293230746e-01,2.10623185559200010e-11
795,3680,1.28193989165411415e-01,1.28193989127857205e-01,-3.75542097419412357e-11
796,3681,1.32168115940256042e-01,1.32168115926459828e-01,-1.37962141710801234e-11
797,3682,1.34778584913543970e-01,1.34778584826231784e-01,-8.73121852595915016e-11
798,3683,1.38473662397664787e-01,1.38473662355247606e-01,-4.24171808788287308e-11
799,3684,1.41427420798452580e-01,1.41427420698004236e-01,-1.00448344086956354e-10
800,3685,1.44823885239968725e-01,1.44823885189326845e-01,-5.06418795787055842e-11
801,3686,1.35793817689284085e-01,1.35793817721098803e-01,3.18147175271121796e-11
802,3687,1.48111296575710982e-01,1.48111296491498262e-01,-8.42127201305942208e-11
803,3688,1.51185332493599722e-01,1.51185332453169063e-01,-4.04306588208669382e-11
804,3689,1.54795924639173993e-01,1.54795924591575568e-01,-4.75984252013006426e-11
805,3690,1.57517726171559985e-01,1.57517726149882742e-01,-2.16772433336842596e-11
806,3691,1.61371096989891549e-01,1.61371096977108497e-01,-1.27830523943828211e-11
807,3692,1.63779270673779703e-01,1.63779270668926363e-01,-4.85333995214887182e-12
808,3693,1.67833932473452685e-01,1.67833932481358056e-01,7.90537080241904277e-12
809,3694,1.69954605021481020e-01,1.69954605030270045e-01,8.78902506329382049e-12
810,3695,1.74255339148448651e-01,1.74255339176252605e-01,2.78039535839269547e-11
811,3696,1.53967202472399090e-01,1.53967202455701890e-01,-1.66971991788500418e-11
812,3697,1.75995599210907544e-01,1.75995599238422895e-01,2.75153511086756453e-11
813,3698,1.80464932717913890e-01,1.80464932767868458e-01,4.99545682597357654e-11
814,3699,1.81808539040394707e-01,1.81808539094450466e-01,5.40557598682767093e-11
815,3700,1.86457689169445440e-01,1.86457689233368085e-01,6.39226449550278630e-11
816,3701,1.85555432151441518e-01,1.85555432197805681e-01,4.63641625092492404e-11
817,3702,1.91490708822067091e-01,1.91490708865038273e-01,4.29711821681166839e-11
818,3703,1.92234935818621389e-01,1.92234935884899011e-01,6.62776222792871295e-11
819,3704,1.97316863361416656e-01,1.97316863392906577e-01,3.14899217812580900e-11
820,3705,1.97762840487457625e-01,1.97762840552731523e-01,6.52738973982991411e-11
821,3706,2.02879585739061563e-01,2.02879585756737507e-01,1.76759440417839642e-11
822,3707,2.02709085099498060e-01,2.02709085075022694e-01,-2.44753661782226573e-11
823,3708,2.08302385867640022e-01,2.08302385831971137e-01,-3.56688845126740262e-11
824,3709,2.08435492248802562e-01,2.08435492169440961e-01,-7.93616006244945993e-11
825,3710,2.14020693712863891e-01,2.14020693642456183e-01,-7.04077074420439430e-11
826,3711,2.13589913361970501e-01,2.13589913343528059e-01,-1.84424420179851722e-11
827,3712,2.19265289020990101e-01,2.19265288980938167e-01,-4.00519339915916817e-11
828,3713,2.20038120452771796e-01,2.20038120361145451e-01,-9.16263453998311661e-11
829,3714,2.25138530390521091e-01,2.25138530333337861e-01,-5.71832303730701597e-11
830,3715,2.24167162478240312e-01,2.24167162475129661e-01,-3.11065062597037922e-12
831,3716,2.29978423413781052e-01,2.29978423401792920e-01,-1.19881327087512091e-11
832,3717,2.31554658520320589e-01,2.31554658457303109e-01,-6.30174801230509729e-11
833,3718,2.36042328065529688e-01,2.36042328057398665e-01,-8.13102363217410584e-12
834,3719,2.38042722523832073e-01,2.38042722455652084e-01,-6.81799894319823352e-11
835,3720,2.42259264931191792e-01,2.42259264914990474e-01,-1.62013180649012156e-11
836,3721,1.02295854279513210e-01,1.02295854218258056e-01,-6.12551537271244229e-11
837,3722,2.44310115186434029e-01,2.44310115113406084e-01,-7.30279448024617750e-11
838,3723,2.48547004644605773e-01,2.48547004612486910e-01,-3.21188631247082412e-11
839,3724,2.46313778603923450e-01,2.46313778622902158e-01,1.89787074944547385e-11
840,3725,2.52417910471641638e-01,2.52417910479232122e-01,7.59048379705973275e-12
841,3726,2.54979155857752160e-01,2.54979155821348280e-01,-3.64038799105514954e-11
842,3727,2.58597564792978629e-01,2.58597564806689828e-01,1.37111988429694520e-11
843,3728,2.61493565254958316e-01,2.61493565221131652e-01,-3.38266636923378883e-11
844,3729,2.64823609066278443e-01,2.64823609085853673e-01,1.95752303255858351e-11
845,3730,2.68036426259749161e-01,2.68036426232532154e-01,-2.72170064263832501e-11
846,3731,2.71056098987073057e-01,2.71056099009254314e-01,2.21812568312884650e-11
847,3732,2.74549437951996100e-01,2.74549437942929797e-01,-9.06630326369395334e-12
848,3733,2.77255405830702406e-01,2.77255405858172488e-01,2.74700817648465545e-11
849,3734,2.81009458732995487e-01,2.81009458748706864e-01,1.57113766441341340e-11
850,3735,2.83388370320329264e-01,2.83388370359836550e-01,3.95072863312861955e-11
851,3736,2.87402212319606998e-01,2.87402212342794061e-01,2.31870633804476256e-11
852,3737,2.89434581636889954e-01,2.89434581678860992e-01,4.19710377563831116e-11
853,3738,2.93658947016213534e-01,2.93658947024384664e-01,8.17113043893868962e-12
854,3739,2.95350571986282173e-01,2.95350572017599677e-01,3.13175041455338032e-11
855,3740,2.99754114302616781e-01,2.99754114296985896e-01,-5.63088464744510020e-12
856,3741,2.98260667186348027e-01,2.98260667155815062e-01,-3.05329650451824364e-11
857,3742,3.04491405555135819e-01,3.04491405523202419e-01,-3.19334003684446088e-11
858,3743,3.05653789965785849e-01,3.05653789959274558e-01,-6.51129150597284934e-12
859,3744,3.10504496382861928e-01,3.10504496359809312e-01,-2.30526153721655191e-11
860,3745,3.11336497132721268e-01,3.11336497128249012e-01,-4.47225589894628683e-12
861,3746,3.16299682448154540e-01,3.16299682437518215e-01,-1.06363251539676185e-11
862,3747,3.15510197083921695e-01,3.15510197047208341e-01,-3.67133545786657578e-11
863,3748,3.21549049314920177e-01,3.21549049293156974e-01,-2.17632023513658623e-11
864,3749,3.21834569901302714e-01,3.21834569914112689e-01,1.28099753027299812e-11
865,3750,3.27115006593280522e-01,3.27115006604574154e-01,1.12936326956969424e-11
866,3751,3.27180533890935987e-01,3.27180533849044664e-01,-4.18913237432150254e-11
867,3752,3.32710413821133366e-01,3.32710413814601369e-01,-6.53199716538210851e-12
868,3753,3.27080276454096763e-01,3.27080276505646694e-01,5.15499309905464997e-11
869,3754,2.79756547194334959e-01,2.79756547244477183e-01,5.01422237064730325e-11
870,3755,3.33015536677790713e-01,3.33015536621730168e-01,-5.60605450949935857e-11
871,3756,3.38576271711048760e-01,3.38576271684012275e-01,-2.70364841625791996e-11
872,3757,3.37906809441859579e-01,3.37906809469806169e-01,2.79465894870156717e-11
873,3758,3.43725733130381073e-01,3.43725733139242096e-01,8.86102302644076190e-12
874,3759,3.42721070778988612e-01,3.42721070834774655e-01,5.57860424521550158e-11
875,3760,3.48499006009347190e-01,3.48499006048117566e-01,3.87703757986912478e-11
876,3761,3.49765170841432049e-01,3.49765170828339744e-01,-1.30923050178921585e-11
877,3762,3.54421499760890990e-01,3.54421499778999061e-01,1.81080705985436907e-11
878,3763,3.55974380010033009e-01,3.55974379975937893e-01,-3.40951156196922511e-11
879,3764,3.60511029636235492e-01,3.60511029639362324e-01,3.12683212655429088e-12
880,3765,3.58738522918803371e-01,3.58738522957138595e-01,3.83352238841894177e-11
881,3766,3.62440741588079374e-01,3.62440741556102730e-01,-3.19766435552537587e-11
882,3767,3.66755156466956056e-01,3.66755156463040521e-01,-3.91553456324800209e-12
883,3768,3.69321965829259802e-01,3.69321965805736230e-01,-2.35235719792115106e-11
884,3769,3.73153640758978278e-01,3.73153640749767312e-01,-9.21096532380261124e-12
885,3770,3.70680702386333827e-01,3.70680702397252648e-01,1.09188214025834895e-11
886,3771,3.76781776658846213e-01,3.76781776661813839e-01,2.96762614482304343e-12
887,3772,3.79556957338249901e-01,3.79556957331698086e-01,-6.55181464637166755e-12
888,3773,3.82948808924728712e-01,3.82948808921165729e-01,-3.56298324177828363e-12
889,3774,3.86027924231808817e-01,3.86027924230493147e-01,-1.31566979533204176e-12
890,3775,3.89125992947750632e-01,3.89125992937014720e-01,-1.07359121592764950e-11
891,3776,3.92491694976204564e-01,3.92491694972501637e-01,-3.70292685403228461e-12
892,3777,3.95289243008644431e-01,3.95289242990126966e-01,-1.85174653388742172e-11
893,3778,3.98942280353381917e-01,3.98942280350022382e-01,-3.35953487251572369e-12
894,3779,4.01392452292370305e-01,4.01392452272123446e-01,-2.02468597443328235e-11
895,3780,4.05304264465516151e-01,4.05304264470976727e-01,5.46057643546760119e-12
896,3781,4.02940809578959114e-01,4.02940809607818196e-01,2.88590817909550879e-11
897,3782,4.09575833279872625e-01,4.09575833322885552e-01,4.30129265538425898e-11
898,3783,4.11548944947742634e-01,4.11548944959729657e-01,1.19870224857265839e-11
899,3784,4.16009804737305089e-01,4.16009804777145054e-01,3.98399646606151236e-11
900,3785,4.17650709424654265e-01,4.17650709429943923e-01,5.28965760082655834e-12
901,3786,4.22300839535177830e-01,4.22300839565223352e-01,3.00455216262207614e-11
902,3787,4.23576836750731101e-01,4.23576836753951913e-01,3.22081250558881038e-12
903,3788,4.28358925280988345e-01,4.28358925303870708e-01,2.28823626713392514e-11
904,3789,3.91940312919751177e-01,3.91940312897276266e-01,-2.24749108213018189e-11
905,3790,4.27296373806766994e-01,4.27296373854395006e-01,4.76280126449069030e-11
906,3791,4.33475660141899755e-01,4.33475660177175925e-01,3.52761708732884927e-11
907,3792,4.34182692955185023e-01,4.34182692970192574e-01,1.50075507576730161e-11
908,3793,4.39382496529738820e-01,4.39382496551908031e-01,2.21692109114712821e-11
909,3794,4.39748873641873150e-01,4.39748873650302408e-01,8.42925729216403852e-12
910,3795,4.44999971220804869e-01,4.44999971229608937e-01,8.80406858527749137e-12
911,3796,4.44941683395132126e-01,4.44941683408752620e-01,1.36204936218575767e-11
912,3797,4.50544066014035571e-01,4.50544066011652755e-01,-2.38281616660174222e-12
913,3798,4.50321754550294606e-01,4.50321754545592701e-01,-4.70190553159000046e-12
914,3799,4.55836516989203522e-01,4.55836516984995610e-01,-4.20791179678303706e-12
915,3800,4.56387671610151147e-01,4.56387671599716271e-01,-1.04348751861493838e-11
916,3801,4.61612235674968563e-01,4.61612235661001846e-01,-1.39667166720869318e-11
917,3802,4.55345139784116393e-01,4.55345139781901331e-01,-2.21506146758088107e-12
918,3803,2.34461343080468093e-01,2.34461343124152649e-01,4.36845559725895782e-11
919,3804,2.57792524336763085e-01,2.57792524264812195e-01,-7.19508896906972950e-11
920,3805,5.59472848935172046e-02,5.59472849166945049e-02,2.31773003567248281e-11
921,3806,2.61898190980992207e-01,2.61898191044219186e-01,6.32269792077977399e-11
922,3807,3.74252357827842441e-01,3.74252357843620265e-01,1.57778234921579497e-11
923,3808,1.65887921261687499e-01,1.65887921255737175e-01,-5.95032356720537337e-12
924,3809,7.16345437465732843e-02,7.16345437747529373e-02,2.81796530554601077e-11
925,3810,4.62403978471540522e-01,4.62403978445184882e-01,-2.63556398927278224e-11
926,3811,4.67633749615686656e-01,4.67633749591373049e-01,-2.43136066835347719e-11
927,3812,4.66512344774483834e-01,4.66512344772467114e-01,-2.01672012423159686e-12
928,3813,4.72414418238708889e-01,4.72414418230406696e-01,-8.30219226699568935e-12
929,3814,4.73905530464904468e-01,4.73905530439348688e-01,-2.55557797146366283e-11
930,3815,4.78520656669955191e-01,4.78520656658442456e-01,-1.15127352096067170e-11
931,3816,4.80401789792604283e-01,4.80401789760375286e-01,-3.22289972487510568e-11
932,3817,4.84790782885805460e-01,4.84790782879817361e-01,-5.98809890561824432e-12
933,3818,4.87036039973820500e-01,4.87036039939989174e-01,-3.38313266290413139e-11
934,3819,4.91181450886231830e-01,4.91181450874433267e-01,-1.17985621272964636e-11
935,3820,4.82766919650497561e-01,4.82766919653830562e-01,3.33300054222718245e-12
936,3821,4.93791731021760993e-01,4.93791730978700660e-01,-4.30603330769940840e-11
937,3822,4.97679802649448111e-01,4.97679802635866475e-01,-1.35816358159956962e-11
938,3823,4.94985100104527231e-01,4.94985100109502751e-01,4.97551999600887029e-12
939,3824,5.01214651177301906e-01,5.01214651179231696e-01,1.92978966140344710e-12
940,3825,5.04226633107816014e-01,5.04226633078932118e-01,-2.88838952755554601e-11
941,3826,5.07455265448816029e-01,5.07455265461120852e-01,1.23048238265255350e-11
942,3827,5.10785133074391218e-01,5.10785133056064322e-01,-1.83268955566973091e-11
943,3828,5.13693634012197475e-01,5.13693634018680179e-01,6.48270326308875156e-12
944,3829,5.17224980083153874e-01,5.17224980078059615e-01,-5.09425834849253079e-12
945,3830,5.19871521801330005e-01,5.19871521811611559e-01,1.02815533864486497e-11
946,3831,5.23703353574700770e-01,5.23703353571338126e-01,-3.36264349698467413e-12
947,3832,5.25998196877850432e-01,5.25998196870752999e-01,-7.09743375182370073e-12
948,3833,5.30138595093502030e-01,5.30138595101335541e-01,7.83351161715017952e-12
949,3834,5.13965336328105704e-01,5.13965336317984911e-01,-1.01207930924829270e-11
950,3835,4.98465260358963380e-01,4.98465260371545704e-01,1.25823240715305928e-11
951,3836,5.32003319493517091e-01,5.32003319501125005e-01,7.60791429854634771e-12
952,3837,5.36304949381139706e-01,5.36304949393635599e-01,1.24958932090635244e-11
953,3838,5.34569147768769737e-01,5.34569147777234521e-01,8.46478442895204353e-12
954,3839,5.40956044379409695e-01,5.40956044392408519e-01,1.29988242392187203e-11
955,3840,5.42340341028757500e-01,5.42340341017022332e-01,-1.17351683925903671e-11
956,3841,5.47122313291008799e-01,5.47122313284084449e-01,-6.92434998228463883e-12
957,3842,5.48157619104210347e-01,5.48157619087456083e-01,-1.67542646423157748e-11
958,3843,5.53062751970104571e-01,5.53062751958947052e-01,-1.11575193528778982e-11
959,3844,5.52289835598186896e-01,5.52289835604133694e-01,5.94679860910218849e-12
960,3845,5.58324679152825243e-01,5.58324679155434267e-01,2.60902410786911787e-12
961,3846,5.58755475556702130e-01,5.58755475535092416e-01,-2.16097140182114344e-11
962,3847,5.64060315197222328e-01,5.64060315204944263e-01,7.72193420317535129e-12
963,3848,5.64191810621997303e-01,5.64191810616156531e-01,-5.84077231025048604e-12
964,3849,5.69496836186258681e-01,5.69496836164551268e-01,-2.17074136443784482e-11
965,3850,5.69655302448173417e-01,5.69655302454626034e-01,6.45261621912140981e-12
966,3851,5.75082682376598320e-01,5.75082682392916267e-01,1.63179469936380883e-11
967,3852,5.76283443595314582e-01,5.76283443628789471e-01,3.34748895269854074e-11
968,3853,5.80932869947877739e-01,5.80932869954903452e-01,7.02571334443291562e-12
969,3854,5.80175925854967578e-01,5.80175925852384089e-01,-2.58348897830273927e-12
970,3855,5.85940481958475479e-01,5.85940481970990912e-01,1.25154331342969272e-11
971,3856,5.87153609498879292e-01,5.87153609507520380e-01,8.64108784526251839e-12
972,3857,5.91952916107904126e-01,5.91952916136041729e-01,2.81376033584024299e-11
973,3858,5.93480099985114973e-01,5.93480100019073142e-01,3.39581696096047381e-11
974,3859,5.98064633387932476e-01,5.98064633381727218e-01,-6.20525852923492494e-12
975,3860,5.96461319196056050e-01,5.96461319205150886e-01,9.09483599542681986e-12
976,3861,6.02500109000727591e-01,6.02500109021017138e-01,2.02895478196296608e-11
977,3862,6.04552407012403203e-01,6.04552407017002080e-01,4.59887683490478594e-12
978,3863,6.08678592639963156e-01,6.08678592623358328e-01,-1.66048286232012288e-11
979,3864,6.11030460016204313e-01,6.11030460021131705e-01,4.92739182789136976e-12
980,3865,6.14933283659095609e-01,6.14933283648248952e-01,-1.08466569059828544e-11
981,3866,6.17620982885738079e-01,6.17620982902701177e-01,1.69630975932477668e-11
982,3867,6.21267455988275152e-01,6.21267455975703653e-01,-1.25714993970404976e-11
983,3868,6.24249042202354998e-01,6.24249042187094316e-01,-1.52606816072875517e-11
984,3869,6.27654381894075297e-01,6.27654381888742785e-01,-5.33251220957708938e-12
985,3870,6.31048983850904466e-01,6.31048983859933577e-01,9.02911079236901060e-12
986,3871,6.34026993747816237e-01,6.34026993721475529e-01,-2.63407073930466140e-11
987,3872,6.30663894374976275e-01,6.30663894364556721e-01,-1.04195541084095566e-11
988,3873,6.37741073156502747e-01,6.37741073130170810e-01,-2.63319366311520753e-11
989,3874,6.40357114767722280e-01,6.40357114763444812e-01,-4.27746726927580312e-12
990,3875,6.44368875289105358e-01,6.44368875265320051e-01,-2.37853070572668912e-11
991,3876,6.46602585705112420e-01,6.46602585700154386e-01,-4.95803398337102408e-12
992,3877,6.50814716509321878e-01,6.50814716474600097e-01,-3.47217810059419207e-11
993,3878,6.52709337701307790e-01,6.52709337703967774e-01,2.65998334469941256e-12
994,3879,6.57122550429780183e-01,6.57122550410302431e-01,-1.94777527440237463e-11
995,3880,6.58643656817127776e-01,6.58643656834248969e-01,1.71211933519543891e-11
996,3881,6.63241839081953777e-01,6.63241839082781670e-01,8.27893309462979232e-13
997,3882,6.48624945147022847e-01,6.48624945149126608e-01,2.10376160936220913e-12
998,3883,6.61840815193667109e-01,6.61840815181920505e-01,-1.17466036897440063e-11
999,3884,6.68264486978154881e-01,6.68264486979468941e-01,1.31405997194633528e-12
1000,3885,6.69085111688664358e-01,6.69085111690695955e-01,2.03159711276157395e-12
1001,3886,6.74143722720537020e-01,6.74143722720584759e-01,4.77395900588817312e-14
1002,3887,6.74551007497710242e-01,6.74551007496657418e-01,-1.05282449425203595e-12
1003,3888,6.12478928869601646e-01,6.12478928865732408e-01,-3.86923826312113306e-12
1004,3889,6.00661918380734350e-01,6.00661918383834759e-01,3.10040881856821215e-12
1005,3890,5.84939803342484965e-01,5.84939803339307840e-01,-3.17712522956981047e-12
1006,3891,3.03286823334670164e-01,3.03286823282080731e-01,-5.25894328085030338e-11
1007,3892,3.83541226935975810e-01,3.83541226940608049e-01,4.63223903679477189e-12
1008,3893,2.85268000663472632e-01,2.85268000670139299e-01,6.66666721826913999e-12
1009,3894,4.07297887473789699e-01,4.07297887541147763e-01,6.73580635712767162e-11
1010,3895,5.69609795264576335e-01,5.69609795327811752e-01,6.32354169027848911e-11
1011,3896,2.49946310325311810e-01,2.49946310379668912e-01,5.43571021527355924e-11
1012,3897,2.71850163993563210e-01,2.71850163942900291e-01,-5.06629183050222309e-11
1013,3898,4.13383335984024158e-01,4.13383335968043164e-01,-1.59809943056643533e-11
1014,3899,1.90816726399771402e-01,1.90816726416239479e-01,1.64680769021430251e-11
1015,3900,1.23871076772287703e-01,1.23871076832365229e-01,6.00775262871167115e-11
1016,3901,5.10391686629349306e-01,5.10391686650689014e-01,2.13397077786225964e-11
1017,3902,3.51155072511589228e-01,3.51155072441427352e-01,-7.01618763088163178e-11
1018,3903,5.22244866053721335e-01,5.22244866058015678e-01,4.29434265925010550e-12
1019,3904,1.30711287116614561e-01,1.30711287010915417e-01,-1.05699143881921032e-10
1020,3905,6.69846350187280670e-01,6.69846350201955931e-01,1.46752610064027067e-11
1021,3906,5.69278948886581149e-01,5.69278948865986401e-01,-2.05947481290991163e-11
1022,3907,5.04935584377713062e-02,5.04935583626005061e-02,-7.51708001400785975e-11
1023,3908,6.73624114561840570e-01,6.73624114555162690e-01,-6.67788047081785407e-12
1024,3909,4.56964726808255672e-01,4.56964726796620646e-01,-1.16350262757691780e-11
1025,3910,1.70907089748167679e-01,1.70907089769468445e-01,2.13007667060338690e-11
1026,3911,6.79521834481780718e-01,6.79521834477034625e-01,-4.74609240797008169e-12
1027,3912,6.48740777544578595e-01,6.48740777519421385e-01,-2.51572096487961971e-11
1028,3913,4.70872658835719216e-01,4.70872658836241742e-01,5.22526466539829926e-13
1029,3914,2.02937542884547351e-01,2.02937542948263328e-01,6.37159769389938901e-11
1030,3915,1.44682865739058669e-01,1.44682865616869050e-01,-1.22189619533585869e-10
1031,3916,4.92509454863217067e-01,4.92509454875812713e-01,1.25956467478260947e-11
1032,3917,4.88434565976646196e-01,4.88434565924800002e-01,-5.18461940046677228e-11
1033,3918,3.39406937464998726e-01,3.39406937393377239e-01,-7.16214865192910111e-11
1034,3919,4.34586134574315497e-01,4.34586134558701598e-01,-1.56138990625720453e-11
1035,3920,4.39720260331724344e-01,4.39720260314365730e-01,-1.73586145457704788e-11
1036,3921,1.58970828653230450e-01,1.58970828624959981e-01,-2.82704692988744455e-11
1037,3922,6.13537407140797963e-01,6.13537407137480062e-01,-3.31790150909228032e-12
1038,3923,5.39130277447562367e-01,5.39130277481021936e-01,3.34595684492455803e-11
1039,3924,5.43663454085470788e-01,5.43663454066489416e-01,-1.89813720297138389e-11
1040,3925,5.49204575064931477e-01,5.49204575044931920e-01,-1.99995575655975699e-11
1041,3926,4.75613776058941673e-01,4.75613776014449596e-01,-4.44920766895506858e-11
1042,3927,5.79061712848124799e-01,5.79061712801067219e-01,-4.70575800548544976e-11
1043,3928,5.84121331345329509e-01,5.84121331319368275e-01,-2.59612331632297355e-11
1044,3929,3.47198296872123446e-01,3.47198296944957963e-01,7.28345161959964571e-11
1045,3930,5.94766568389602401e-01,5.94766568400199591e-01,1.05971897923495817e-11
1046,3931,5.99688575638299581e-01,5.99688575660944023e-01,2.26444418771620803e-11
1047,3932,3.37319048955216583e-01,3.37319049025234630e-01,7.00180469159761287e-11
1048,3933,5.57687637102130762e-01,5.57687637130900526e-01,2.87697643486239940e-11
1049,3934,2.02505233332658796e-01,2.02505233271649848e-01,-6.10089478936259866e-11
1050,3935,2.08603176076230884e-01,2.08603175954723163e-01,-1.21507720551861098e-10
1051,3936,2.39810789525466889e-01,2.39810789398158364e-01,-1.27308524833225079e-10
1052,3937,6.94565477045378105e-02,6.94565477250707330e-02,2.05329225844153029e-11
1053,3938,2.44005749776369685e-01,2.44005749853652143e-01,7.72824582107034530e-11
1054,3939,5.50876140918489576e-01,5.50876140950970150e-01,3.24805737861311172e-11
1055,3940,4.00458027647901116e-01,4.00458027686508067e-01,3.86069509694664248e-11
1056,3941,4.95962236009681035e-01,4.95962236047022553e-01,3.73415187659986714e-11
1057,3942,6.18056324647295041e-02,6.18056325010174212e-02,3.62879171156293978e-11
1058,3943,5.72421596721730611e-02,5.72421597107935706e-02,3.86205095681546595e-11
1059,3944,5.59136533841537275e-01,5.59136533817954806e-01,-2.35824693106678751e-11
1060,3945,4.96715437636515489e-01,4.96715437572690433e-01,-6.38250563511633118e-11
1061,3946,2.48107813116756087e-01,2.48107813215540013e-01,9.87839254840139347e-11
1062,3947,3.65690630582496123e-02,3.65690629948076523e-02,-6.34419600187285937e-11
1063,3948,6.79417537829715701e-01,6.79417537827326057e-01,-2.38964403820318694e-12
1064,3949,4.65294297050908245e-01,4.65294297055123152e-01,4.21490620183817555e-12
1065,3950,2.58652442882974440e-02,2.58652443750733638e-02,8.67759197831219353e-11
1066,3951,7.74585929427348135e-02,7.74585929370887466e-02,-5.64606694730684922e-12
1067,3952,7.24833815790274227e-02,7.24833815880962656e-02,9.06884289886278339e-12
1068,3953,1.97915558160758231e-01,1.97915558254279395e-01,9.35211630359589208e-11
1069,3954,1.05262929791110113e-01,1.05262929870023836e-01,7.89137227785730033e-11
1070,3955,1.11852609032150718e-01,1.11852609066695266e-01,3.45445477778483223e-11
1071,3956,9.93423007671052072e-02,9.93423008946724695e-02,1.27567262309113971e-10
1072,3957,3.06462455400287048e-01,3.06462455417392032e-01,1.71049840957948618e-11
1073,3958,3.12680354903063840e-01,3.12680354914028458e-01,1.09646181023492773e-11
1074,3959,6.34784123657661015e-01,6.34784123624143937e-01,-3.35170780019211634e-11
1075,3960,4.32963219239392294e-01,4.32963219285506407e-01,4.61141125285280395e-11
1076,3961,4.26529989438799273e-01,4.26529989502003215e-01,6.32039420800367679e-11
1077,3962,4.39192076852414015e-01,4.39192076889429517e-01,3.70155017748174942e-11
1078,3963,2.96449001910995102e-01,2.96449001878863694e-01,-3.21314086448865055e-11
1079,3964,6.74958158685559972e-01,6.74958158690335597e-01,4.77562434042511086e-12
1080,3965,6.79534295241786657e-01,6.79534295252212761e-01,1.04261044242548451e-11
1081,3966,5.87974195555996504e-01,5.87974195578316872e-01,2.23203677762739972e-11
1082,3967,6.63437380851323200e-01,6.63437380831426893e-01,-1.98963068243074304e-11
1083,3968,3.27480042181897635e-01,3.27480042108971081e-01,-7.29265536847378826e-11
1084,3969,5.21217379838518902e-01,5.21217379821988569e-01,-1.65303326582488808e-11
1085,3970,5.24911064168319563e-01,5.24911064189214405e-01,2.08948414126552962e-11
1086,3971,5.13069148729022650e-01,5.13069148664879959e-01,-6.41426911585085691e-11
1087,3972,4.98307679792698091e-02,4.98307678643660559e-02,-1.14903753178907664e-10
1088,3973,6.59123311546449958e-02,6.59123311322327710e-02,-2.24122248537739210e-11
1089,3974,7.61428706185103277e-02,7.61428707100047647e-02,9.14944370267178897e-11
1090,3975,8.13328716815952674e-02,8.13328718372123560e-02,1.55617088659631975e-10
1091,3976,8.78490049663422784e-02,8.78490051046450088e-02,1.38302730379180616e-10
1092,3977,1.29943971513472312e-01,1.29943971386276863e-01,-1.27195448618167006e-10
1093,3978,1.61817399832896225e-01,1.61817399829739444e-01,-3.15678039264355448e-12
1094,3979,1.77478786616254935e-01,1.77478786665603100e-01,4.93481644436855049e-11
1095,3980,1.81619815657983408e-01,1.81619815687693920e-01,2.97105118285401204e-11
1096,3981,1.93370928409723447e-01,1.93370928368523515e-01,-4.11999323546297092e-11
1097,3982,2.25949573136594750e-01,2.25949572946307436e-01,-1.90287313683867865e-10
1098,3983,2.29160768261240461e-01,2.29160768107242174e-01,-1.53998286345213842e-10
1099,3984,2.57350465411358587e-01,2.57350465276945495e-01,-1.34413091767981996e-10
1100,3985,2.73045773760473842e-01,2.73045773682210058e-01,-7.82637843421696289e-11
1101,3986,2.89048747521776284e-01,2.89048747494889902e-01,-2.68863820096498785e-11
1102,3987,3.05328858434395556e-01,3.05328858380702450e-01,-5.36931055172829019e-11
1103,3988,3.20473964679204304e-01,3.20473964584558513e-01,-9.46457912043285887e-11
1104,3989,3.16822479947477198e-01,3.16822479864235063e-01,-8.32421354068912933e-11
1105,3990,3.36968511155119776e-01,3.36968511052527842e-01,-1.02591934947326990e-10
1106,3991,3.53652266545810112e-01,3.53652266429395234e-01,-1.16414877737724964e-10
1107,3992,3.68739005893504446e-01,3.68739005817182441e-01,-7.63220042721002301e-11
1108,3993,3.85125814861105586e-01,3.85125814858187254e-01,-2.91833224252968648e-12
1109,3994,3.89048898446135161e-01,3.89048898464131931e-01,1.79967707403250188e-11
1110,3995,4.73296565191630492e-01,4.73296565153539572e-01,-3.80909193076206520e-11
1111,3996,3.57328804247463772e-01,3.57328804165880864e-01,-8.15829070965889969e-11
1112,3997,5.37575523873190630e-01,5.37575523896914431e-01,2.37238007017026575e-11
1113,3998,5.99872577489534708e-01,5.99872577484842129e-01,-4.69257965818314915e-12
1114,3999,6.03360689434798148e-01,6.03360689427822727e-01,-6.97542024141739603e-12
1115,4000,5.84031870932725128e-01,5.84031870973296674e-01,4.05715461226918706e-11
1116,4001,5.80643053614315785e-01,5.80643053660464314e-01,4.61485294422914194e-11
1117,4002,5.68806024386666609e-01,5.68806024450001502e-01,6.33348928857913052e-11
1118,4003,6.47660391095285393e-01,6.47660391062562013e-01,-3.27233795616166390e-11
1119,4004,4.57007262211340026e-01,4.57007262210523013e-01,-8.17013123821652698e-13
1120,4005,2.91351897243057323e-01,2.91351897302704888e-01,5.96475646652550040e-11
1121,4006,2.96927984164861769e-01,2.96927984208511853e-01,4.36500835476749671e-11
1122,4007,6.31405452967306435e-01,6.31405452942829126e-01,-2.44773090685157513e-11
1123,4008,6.15989978342121103e-01,6.15989978314951503e-01,-2.71695999032317559e-11
1124,4009,6.67525271269407194e-01,6.67525271255146602e-01,-1.42605927067052107e-11
1125,4010,2.21029394172762267e-01,2.21029394025529291e-01,-1.47232975811206757e-10
1126,4011,3.72762322374077026e-01,3.72762322335102148e-01,-3.89748788798272017e-11
1127,4012,1.76973078573558207e-01,1.76973078584701016e-01,1.11428088978016149e-11
1128,4013,1.83029323008949640e-01,1.83029323061775079e-01,5.28254384679627265e-11
1129,4014,1.72697468703503748e-01,1.72697468688207567e-01,-1.52961809884999411e-11
1130,4015,6.27611288287349800e-01,6.27611288266191170e-01,-2.11586304033062333e-11
1131,4016,1.36470373186602864e-02,1.36470373218748157e-02,3.21452933715882239e-12
1132,4017,3.68504989555996421e-01,3.68504989586187715e-01,3.01912939093540444e-11
1133,4018,5.32191214630541198e-01,5.32191214642882993e-01,1.23417942532455527e-11
1134,4019,3.09213435397864278e-01,3.09213435324944719e-01,-7.29195592796827441e-11
1135,4020,1.45751000097598560e-01,1.45750999970609113e-01,-1.26989446735947809e-10
1136,4021,1.66598304688263976e-01,1.66598304705306732e-01,1.70427560952646218e-11
1137,4022,6.79365671441334085e-01,6.79365671450402053e-01,9.06796859823089108e-12
1138,4023,6.84822596856500487e-01,6.84822596847389109e-01,-9.11137831849373470e-12
1139,4024,6.41937062388947211e-01,6.41937062342263665e-01,-4.66835459178582823e-11
1140,4025,1.02802433229646408e-02,1.02802433425876021e-02,1.96229612420273369e-11
1141,4026,8.97203848256114718e-03,8.97203852487640612e-03,4.23152589357211895e-11
1142,4027,1.21181747918264904e-02,1.21181748409645348e-02,4.91380443279343382e-11
1143,4028,5.94162738336924314e-03,5.94162739182464879e-03,8.45540564647917492e-12
1144,4029,6.59520737135865343e-01,6.59520737116803923e-01,-1.90614191097893126e-11
1145,4030,2.76345841337018117e-01,2.76345841290915051e-01,-4.61030658094330192e-11
1146,4031,3.65288708498922698e-01,3.65288708444493015e-01,-5.44296829829704620e-11
1147,4032,5.02118071298115143e-01,5.02118071336674188e-01,3.85590448459538493e-11
1148,4033,1.51792283068215655e-01,1.51792282985951210e-01,-8.22644452558307648e-11
1149,4034,4.49952278125783034e-01,4.49952278123377181e-01,-2.40585329436271422e-12
1150,4035,4.55285184273571453e-01,4.55285184268145016e-01,-5.42643707746037762e-12
1151,4036,2.42107588220727088e-01,2.42107588054920803e-01,-1.65806285368219619e-10
1152,4037,4.09143190174131699e-01,4.09143190265428502e-01,9.12968034505468040e-11
1153,4038,3.36125434821167163e-02,3.36125434346250737e-02,-4.74916425630134142e-11
1154,4039,5.45738388210977532e-01,5.45738388238664163e-01,2.76866307657996913e-11
1155,4040,5.63905620366897620e-01,5.63905620383597150e-01,1.66995306472017546e-11
1156,4041,6.70554232362181812e-01,6.70554232384555915e-01,2.23741025706658547e-11
1157,4042,5.07048704534562744e-01,5.07048704502840675e-01,-3.17220694157072103e-11
1158,4043,5.00542034264487290e-01,5.00542034220780696e-01,-4.37065938996283876e-11
1159,4044,5.04483073524166659e-01,5.04483073560356154e-01,3.61894958444963777e-11
1160,4045,4.44922298282768525e-01,4.44922298285345130e-01,2.57660559555006330e-12
1161,4046,4.88819406382443533e-01,4.88819406390743894e-01,8.30036039900505784e-12
1162,4047,4.86629870693694511e-01,4.86629870713557400e-01,1.98628891112662131e-11
1163,4048,4.80947839240364439e-01,4.80947839253209386e-01,1.28449473280056736e-11
1164,4049,4.85078679340430530e-01,4.85078679373193433e-01,3.27629035012932945e-11
1165,4050,1.59984243572333068e-01,1.59984243557958539e-01,-1.43745293446073674e-11
1166,4051,1.57147239522516163e-01,1.57147239502426012e-01,-2.00901517644069827e-11
1167,4052,1.50715806537680741e-01,1.50715806541195402e-01,3.51466078463147369e-12
1168,4053,4.60773778616820118e-01,4.60773778618295271e-01,1.47515333281944550e-12
1169,4054,2.85546492812593478e-01,2.85546492870219992e-01,5.76265146712273690e-11
1170,4055,2.81634290756606842e-01,2.81634290817720567e-01,6.11137251915749857e-11
1171,4056,3.32374457896273845e-01,3.32374457946227497e-01,4.99536523257404497e-11
1172,4057,3.31901897500181675e-01,3.31901897577637772e-01,7.74560970917548275e-11
1173,4058,3.27447325246371379e-01,3.27447325316780669e-01,7.04092895098540339e-11
1174,4059,3.41792039366866696e-01,3.41792039457881724e-01,9.10150288468969393e-11
1175,4060,1.29774930048555642e-01,1.29774930106064668e-01,5.75090253196464118e-11
1176,4061,1.32591808861764193e-01,1.32591808975101672e-01,1.13337478291342109e-10
1177,4062,1.39123531667952216e-01,1.39123531746036644e-01,7.80844278125414348e-11
1178,4063,4.19195890984915498e-01,4.19195890966557738e-01,-1.83577597567818884e-11
1179,4064,4.24872121883133225e-01,4.24872121859140361e-01,-2.39928632517205642e-11
1180,4065,4.29206005733507867e-01,4.29206005725033757e-01,-8.47411030235889484e-12
1181,4066,3.01115542186713603e-01,3.01115542204399400e-01,1.76857972711275124e-11
1182,4067,2.55765696620544269e-01,2.55765696676955701e-01,5.64114310819263665e-11
1183,4068,2.73877874368519736e-01,2.73877874420657974e-01,5.21382381712953702e-11
1184,4069,2.67871237572894549e-01,2.67871237634540516e-01,6.16459661095802858e-11
1185,4070,2.64652636695314136e-01,2.64652636783994089e-01,8.86799522703540788e-11
1186,4071,3.97749095356576821e-01,3.97749095323670976e-01,-3.29058447157137834e-11
1187,4072,4.03523648005775337e-01,4.03523647972927557e-01,-3.28477800515258878e-11
1188,4073,4.05572371072977500e-01,4.05572371022986267e-01,-4.99912333751240112e-11
1189,4074,4.09277969059878066e-01,4.09277969031012878e-01,-2.88651880175905262e-11
1190,4075,3.93900256019562300e-01,3.93900255974318825e-01,-4.52434756326169918e-11
1191,4076,1.92927948086359630e-01,1.92927948171031094e-01,8.46714642843693355e-11
1192,4077,1.87557725503541745e-01,1.87557725579399620e-01,7.58578755366556834e-11
1193,4078,3.86055652733602817e-01,3.86055652721472353e-01,-1.21304633005081541e-11
1194,4079,3.80127263584539521e-01,3.80127263586692188e-01,2.15266693359694727e-12
1195,4080,3.77703663481925522e-01,3.77703663491052499e-01,9.12697695198971815e-12
1196,4081,3.16914682094260491e-01,3.16914682100440548e-01,6.18005646657593388e-12
1197,4082,4.76779441249616798e-01,4.76779441254367331e-01,4.75053330006858232e-12
1198,4083,2.40298351354963441e-01,2.40298351396215470e-01,4.12520295700602446e-11
1199,4084,3.64649956851154200e-01,3.64649956873334125e-01,2.21799245636589148e-11
1200,4085,3.62741708740328239e-01,3.62741708788242245e-01,4.79140060960503433e-11
1201,4086,3.56955002884329520e-01,3.56955002952120903e-01,6.77913836177879148e-11
1202,4087,3.52823820805294619e-01,3.52823820860053927e-01,5.47593081989816710e-11
1203,4088,1.47907782516388087e-01,1.47907782508031937e-01,-8.35614910599247196e-12
1204,4089,1.41838862911220887e-01,1.41838862919174080e-01,7.95319365920477139e-12
1205,4090,4.07398934786840750e-01,4.07398934773800181e-01,-1.30405686249446262e-11
1206,4091,1.08033478541841962e-01,1.08033478504962324e-01,-3.68796382321789906e-11
1207,4092,1.06559723783106963e-01,1.06559723696663319e-01,-8.64436439096394338e-11
1208,4093,2.08077733115726027e-01,2.08077733130316023e-01,1.45899958781114947e-11
1209,4094,2.12843548742134431e-01,2.12843548771706581e-01,2.95721502840962103e-11
1210,4095,2.18507655078970298e-01,2.18507655094280995e-01,1.53106971545469150e-11
1211,4096,2.17540527997098887e-01,2.17540528053883020e-01,5.67841329512930315e-11
1212,4097,8.18802585119301624e-02,8.18802585087924223e-02,-3.13774006777123304e-12
1213,4098,8.71646465872341486e-02,8.71646465454271047e-02,-4.18070439378581682e-11
1214,4099,9.22273576795318156e-02,9.22273576369673498e-02,-4.25644658408330656e-11
1215,4100,9.19774115929840042e-02,9.19774115004561438e-02,-9.25278603736146010e-11
1216,4101,1.17999655212887439e-01,1.17999655232355727e-01,1.94682880927388169e-11
1217,4102,1.21145103339889953e-01,1.21145103403661497e-01,6.37715436013763792e-11
1218,4103,2.28696838411701631e-01,2.28696838452816548e-01,4.11149170265190378e-11
1219,4104,2.32267198008501430e-01,2.32267198101034300e-01,9.25328702550132220e-11
1220,4105,4.14544448674791011e-01,4.14544448741941074e-01,6.71500632876131931e-11
1221,4106,1.16976445726420200e-01,1.16976445748079735e-01,2.16595352764414883e-11
1222,4107,1.96812635357082460e-01,1.96812635355732207e-01,-1.35025324254911538e-12
1223,4108,2.14335990095878420e-01,2.14335989979728747e-01,-1.16149673212717630e-10
1224,4109,4.21157613129414077e-01,4.21157613186763591e-01,5.73495140265833925e-11
1225,4110,2.91780151203927196e-01,2.91780151198387072e-01,-5.54012391518199365e-12
1226,4111,2.50900450587551727e-01,2.50900450515126106e-01,-7.24256210560270119e-11
1227,4112,3.95487676491242779e-01,3.95487676506016295e-01,1.47735157440820331e-11
1228,4113,4.68576543138067514e-01,4.68576543105933829e-01,-3.21336846020869871e-11
1229,4114,4.50910672743490282e-01,4.50910672741146545e-01,-2.34373631613493671e-12
1230,4115,2.64748748442927562e-01,2.64748748372952036e-01,-6.99755253741329852e-11
1231,4116,5.01381421132538405e-02,5.01381421210855133e-02,7.83167281026564410e-12
1232,4117,1.37809185924760325e-01,1.37809185786275823e-01,-1.38484501643887370e-10
1233,4118,3.44756740001278095e-01,3.44756739952972180e-01,-4.83059148237430236e-11
1234,4119,6.60789900221807336e-02,6.60789900494218735e-02,2.72411398993810394e-11
1235,4120,1.23633487552637922e-01,1.23633487519511046e-01,-3.31268762421288443e-11
1236,4121,5.71003204394608388e-02,5.71003203732832129e-02,-6.61776258792379224e-11
1237,4122,4.63141300732946640e-02,4.63141300453903601e-02,-2.79043038675652610e-11
1238,4123,5.74646625799729582e-01,5.74646625777076703e-01,-2.26528795721492315e-11
1239,4124,5.28033610233901496e-01,5.28033610224124539e-01,-9.77695702175651604e-12
1240,4125,5.24524227781229313e-01,5.24524227791753006e-01,1.05236930281193963e-11
1241,4126,5.16359113299909356e-01,5.16359113318934693e-01,1.90253368614889951e-11
1242,4127,5.90580749886247314e-01,5.90580749885744827e-01,-5.02486940945345850e-13
1243,4128,6.18513510519213661e-01,6.18513510512332831e-01,-6.88082923971933269e-12
1244,4129,6.15885994697357497e-01,6.15885994709423734e-01,1.20662368985335888e-11
1245,4130,6.21557632533104476e-01,6.21557632555518547e-01,2.24140705995523604e-11
1246,4131,5.37878332274078885e-01,5.37878332273992510e-01,-8.63753513158371788e-14
1247,4132,5.40318367782485098e-01,5.40318367759592744e-01,-2.28923546785608778e-11
1248,4133,5.53805725729224818e-01,5.53805725712622543e-01,-1.66022751102445909e-11
1249,4134,6.06508583642779819e-01,6.06508583646724886e-01,3.94506649570303125e-12
1250,4135,4.36767370515656964e-02,4.36767369734714708e-02,-7.80942255307337518e-11
1251,4136,6.42722784012763282e-01,6.42722784019329030e-01,6.56574794533071326e-12
1252,4137,6.44702463109241064e-01,6.44702463118933422e-01,9.69235802728007911e-12
1253,4138,6.50464257742207175e-01,6.50464257747112029e-01,4.90485430049147908e-12
1254,4139,6.36722054782901226e-01,6.36722054789527925e-01,6.62669918938263436e-12
1255,4140,6.33196449575888165e-01,6.33196449582746013e-01,6.85784762310959195e-12
1256,4141,5.64306965371491720e-01,5.64306965345210299e-01,-2.62814214835316307e-11
1257,4142,5.69698088797212066e-01,5.69698088766067534e-01,-3.11445313982972039e-11
1258,4143,5.54222506968189310e-01,5.54222506949130111e-01,-1.90591986637400623e-11
1259,4144,1.12437922846454971e-01,1.12437922802839249e-01,-4.36157221450628185e-11
1260,4145,4.33578513967626394e-02,4.33578513370766194e-02,-5.96860200152704579e-11
1261,4146,6.24541601855445716e-01,6.24541601863909723e-01,8.46400727283480592e-12
1262,4147,6.54458427298113099e-01,6.54458427325006586e-01,2.68934874370074795e-11
1263,4148,6.59994730122859474e-01,6.59994730119813133e-01,-3.04634095726896703e-12
1264,4149,1.76081809867316488e-02,1.76081810487124894e-02,6.19808405988298006e-11
1265,4150,4.59858420350758634e-01,4.59858420342757424e-01,-8.00121080501980941e-12
1266,4151,4.69351480038867452e-01,4.69351480059675363e-01,2.08079109498271464e-11
1267,4152,3.87965187612783979e-01,3.87965187584037419e-01,-2.87465606874093282e-11
1268,4153,6.64383830563454070e-01,6.64383830576984802e-01,1.35307320903166328e-11
1269,4154,6.27401645720920165e-01,6.27401645740491842e-01,1.95716776119070346e-11
1270,4155,6.29485530075459487e-01,6.29485530086820066e-01,1.13605791440818393e-11
1271,4156,6.10205482942365762e-01,6.10205482940714194e-01,-1.65156777143238287e-12
1272,4157,2.23314371176549648e-01,2.23314371230037861e-01,5.34882138580883293e-11
1273,4158,6.87623305693447429e-01,6.87623305689832320e-01,-3.61510821278443473e-12
1274,4159,6.12898422812711452e-01,6.12898422810267851e-01,-2.44360087719996955e-12
1275,4160,2.91608062600319448e-02,2.91608062277323096e-02,-3.22996351886928323e-11
1276,4161,8.30264006981512852e-04,8.30264011037311301e-04,4.05579844882375529e-12
1277,4162,6.80224170273081574e-01,6.80224170276107376e-01,3.02580183131340164e-12
1278,4163,3.55599562591839558e-02,3.55599562111812081e-02,-4.80027476101874129e-11
1279,4164,9.90551953100023697e-02,9.90551953956124581e-02,8.56100884627508663e-11
1280,4165,3.93885877413382782e-02,3.93885876857039269e-02,-5.56343512925216999e-11
1281,4166,2.03078138778915174e-01,2.03078138880318809e-01,1.01403635488495070e-10
1282,4167,3.20683215868260485e-01,3.20683215805391386e-01,-6.28690988158098207e-11
1283,4168,3.46540739359745942e-01,3.46540739462302572e-01,1.02556629855143910e-10
1284,4169,5.33859988850009293e-01,5.33859988845391431e-01,-4.61786164862587611e-12
1285,4170,6.20470821173958687e-01,6.20470821174441856e-01,4.83169060316868126e-13
1286,4171,8.67943165474202444e-02,8.67943164740878070e-02,-7.33324373447530320e-11
1287,4172,1.44924808215802670e-01,1.44924808257934051e-01,4.21313817167145999e-11
1288,4173,6.79222580987558944e-01,6.79222580975643031e-01,-1.19159127009993426e-11
1289,4174,1.78937353083961442e-01,1.78937353123091669e-01,3.91302268365478767e-11
1290,4175,5.49037097565135079e-01,5.49037097527887652e-01,-3.72474273646616894e-11
1291,4176,4.39000478882088707e-01,4.39000478912892345e-01,3.08036374185860495e-11
1292,4177,6.38984783659411582e-01,6.38984783675309309e-01,1.58977275788174666e-11
1293,4178,4.38594143795236532e-03,4.38594144711429781e-03,9.16193249739238880e-12
1294,4179,2.37973562410370154e-01,2.37973562502505620e-01,9.21354659233486473e-11
1295,4180,1.26595941204477405e-03,1.26595941727819213e-03,5.23341808257582475e-12
1296,4181,4.79472487604607145e-01,4.79472487633141431e-01,2.85342860451009983e-11
1297,4182,1.24439401537556598e-02,1.24439401569166781e-02,3.16101832209536582e-12
1298,4183,1.50147568658537789e-01,1.50147568676199772e-01,1.76619829872493028e-11
1299,4184,5.88776998766059823e-01,5.88776998748597458e-01,-1.74623648874216997e-11
1300,4185,3.22061955716195170e-01,3.22061955763412289e-01,4.72171191034931326e-11
1301,4186,9.69584669856650150e-02,9.69584669052280801e-02,-8.04369348905709103e-11
1302,4187,1.39397259999479023e-01,1.39397260134107220e-01,1.34628197479003120e-10
1303,4188,6.60567885419112266e-01,6.60567885456179060e-01,3.70667940785551764e-11
1304,4189,5.10930900567123758e-01,5.10930900617809436e-01,5.06856778770270466e-11
1305,4190,4.37054945644637649e-01,4.37054945604749723e-01,-3.98879262952789304e-11
1306,4191,4.25913978038521601e-01,4.25913977998423621e-01,-4.00979804915380100e-11
1307,4192,4.21104381114483395e-01,4.21104381072338607e-01,-4.21447876597369486e-11
1308,4193,4.42284448825068510e-01,4.42284448800495833e-01,-2.45726772263310522e-11
1309,4194,1.02681140398571985e-01,1.02681140278695668e-01,-1.19876317206113470e-10
1310,4195,1.65598523998342462e-01,1.65598523968220501e-01,-3.01219604814662034e-11
1311,4196,1.86899706285075295e-01,1.86899706358190310e-01,7.31150140431680029e-11
1312,4197,2.14069641890848816e-01,2.14069641967292862e-01,7.64440455380821504e-11
1313,4198,2.93605556819594937e-01,2.93605556888194563e-01,6.85996259797150287e-11
1314,4199,1.96177065346966273e-01,1.96177065313998977e-01,-3.29672955601267859e-11
1315,4200,5.95939761760576059e-01,5.95939761770396426e-01,9.82036674201935966e-12
1316,4201,4.45004125648651716e-01,4.45004125664224703e-01,1.55729873441146083e-11
1317,4202,5.27719358557983020e-01,5.27719358582518616e-01,2.45355957773085720e-11
1318,4203,1.13786664855733702e-01,1.13786664836616244e-01,-1.91174576169572674e-11
1319,4204,1.55393662685272382e-01,1.55393662662635407e-01,-2.26369756273214762e-11
1320,4205,3.61692004787360188e-01,3.61692004857620930e-01,7.02607416691591879e-11
1321,4206,3.09467738306690721e-01,3.09467738261714476e-01,-4.49762449505897166e-11
1322,4207,5.52961327360772970e-01,5.52961327398983959e-01,3.82109899277338627e-11
1323,4208,2.76039460874647369e-01,2.76039460939058512e-01,6.44111430858629319e-11
1324,4209,5.62768987816317900e-01,5.62768987858476399e-01,4.21584989140910693e-11
1325,4210,4.82586593950064535e-01,4.82586593887939730e-01,-6.21248053001011158e-11
1326,4211,3.14784697203688069e-01,3.14784697221859922e-01,1.81718529113084060e-11
1327,4212,2.89869004486154547e-01,2.89869004474742342e-01,-1.14122045147269091e-11
1328,4213,3.76551553061434618e-01,3.76551553047465182e-01,-1.39694367184972634e-11
1329,4214,2.46569677542682580e-01,2.46569677429706563e-01,-1.12976017430099773e-10
1330,4215,6.17292677509776941e-02,6.17292676857787992e-02,-6.51988948940918078e-11
1331,4216,3.09495069331659767e-01,3.09495069354225993e-01,2.25662266650772381e-11
1332,4217,4.93271295952350634e-03,4.93271297852929894e-03,1.90057925994469024e-11
1333,4218,1.34110924148468869e-01,1.34110924330141018e-01,1.81672149546230344e-10
1334,4219,1.18277609606337347e-01,1.18277609618990143e-01,1.26527954780186747e-11
1335,4220,2.26448889519853591e-01,2.26448889412323856e-01,-1.07529735116074221e-10
1336,4221,2.29654962247597766e-01,2.29654962387687928e-01,1.40090161693251503e-10
1337,4222,4.11230304156514237e-01,4.11230304115541290e-01,-4.09729472572450959e-11
1338,4223,5.20985295208905241e-01,5.20985295212766042e-01,3.86080056813398187e-12
1339,4224,3.73719985927748799e-01,3.73719985953315015e-01,2.55662158110681048e-11
1340,4225,6.65559318095729213e-01,6.65559318126939026e-01,3.12098125121451631e-11
1341,4226,6.55287192853863276e-01,6.55287192833864385e-01,-1.99988914317827948e-11
1342,4227,6.77250537241875783e-02,6.77250537574859840e-02,3.32984056994334310e-11
1343,4228,6.04512806515870027e-01,6.04512806525970392e-01,1.01003649888298241e-11
1344,4229,4.00966383097642487e-01,4.00966383163451623e-01,6.58091359184709290e-11
1345,4230,3.45528204019538765e-01,3.45528203925581145e-01,-9.39576194625146854e-11
1346,4231,6.83790090157105901e-01,6.83790090162878617e-01,5.77271563884096395e-12
1347,4232,9.36971267252821455e-02,9.36971268452900935e-02,1.20007948023470590e-10
1348,4233,6.45417449048223513e-01,6.45417449067601456e-01,1.93779436941099448e-11
1349,4234,4.24982222006722310e-01,4.24982222090744766e-01,8.40224556597490846e-11
1350,4235,2.61716600214870532e-01,2.61716600313165904e-01,9.82953718420276346e-11
1351,4236,1.82161685175105420e-01,1.82161685199887735e-01,2.47823150889558974e-11
1352,4237,2.98967273847924764e-01,2.98967273889769014e-01,4.18442502869709188e-11
1353,4238,5.20943587877259889e-02,5.20943587984892403e-02,1.07632514012578895e-11
1354,4239,2.53886362341525396e-01,2.53886362241461216e-01,-1.00064179164860434e-10
1355,4240,1.62538118694508182e-01,1.62538118675910809e-01,-1.85973736410716128e-11
1356,4241,4.75221050718604154e-01,4.75221050738632800e-01,2.00286454088427490e-11
1357,4242,2.09505939415601666e-01,2.09505939246837497e-01,-1.68764169306001577e-10
1358,4243,5.80933191009673555e-01,5.80933190991263171e-01,-1.84103843281491208e-11
1359,4244,6.81399620374982362e-01,6.81399620395521377e-01,2.05390149332629335e-11
1360,4245,3.80913616543533451e-01,3.80913616533982424e-01,-9.55102663624529669e-12
1361,4246,5.99052299788961906e-01,5.99052299796503096e-01,7.54118989476637580e-12
1362,4247,4.30021775327432854e-01,4.30021775286066832e-01,-4.13660217191136326e-11
1363,4248,5.64603268156807725e-01,5.64603268127644720e-01,-2.91630053439462245e-11
1364,4249,6.18420424119087375e-01,6.18420424114875411e-01,-4.21196411082291888e-12
1365,4250,3.31428450386314355e-01,3.31428450469022584e-01,8.27082291543490555e-11
1366,4251,7.40084184452044751e-03,7.40084185330324839e-03,8.78280087546201571e-12
1367,4252,5.73703326554545590e-01,5.73703326528936075e-01,-2.56095145090284859e-11
1368,4253,4.63073335949663600e-01,4.63073335931445340e-01,-1.82182602337377375e-11
1369,4254,3.80938762538670858e-02,3.80938762315536292e-02,-2.23134566379457056e-11
1370,4255,1.26677194007479760e-01,1.26677194128884313e-01,1.21404553077297805e-10
1371,4256,3.33973981112038631e-01,3.33973981030706579e-01,-8.13320522041749427e-11
1372,4257,5.37960694893261038e-01,5.37960694849670018e-01,-4.35910196827649088e-11
1373,4258,2.58803916488756391e-01,2.58803916575860993e-01,8.71046013095622129e-11
1374,4259,5.13131035850738715e-01,5.13131035894724752e-01,4.39860370349265395e-11
1375,4260,2.83518496406884368e-01,2.83518496393535380e-01,-1.33489885811854947e-11
1376,4261,2.35077548315865109e-01,2.35077548459881908e-01,1.44016798486745756e-10
1377,4262,3.89310356702760152e-01,3.89310356712814332e-01,1.00541797110054176e-11
1378,4263,1.18669826805111817e-01,1.18669826783704857e-01,-2.14069595383392652e-11
1379,4264,7.64194083313727707e-02,7.64194083170625649e-02,-1.43102057981181474e-11
1380,4265,6.02670907508698894e-01,6.02670907493385699e-01,-1.53131951563523216e-11
1381,4266,1.71479709965257576e-01,1.71479709966307625e-01,1.05004893669047306e-12
1382,4267,1.07375368334438087e-01,1.07375368211665878e-01,-1.22772209065757920e-10
1383,4268,6.87929623406412061e-01,6.87929623402194990e-01,-4.21707113673619460e-12
1384,4269,4.61625426341284034e-03,4.61625428969553251e-03,2.62826921684777837e-11
1385,4270,4.59027091619073957e-01,4.59027091620717531e-01,1.64357416565508174e-12
1386,4271,2.78419691955156423e-01,2.78419691942235481e-01,-1.29209420940412656e-11
1387,4272,5.07669632513456426e-01,5.07669632554405337e-01,4.09489109287619613e-11
1388,4273,2.07574430551239419e-01,2.07574430613949396e-01,6.27099761008054202e-11
1389,4274,2.20024646304234558e-02,2.20024647207251213e-02,9.03016654507649008e-11
1390,4275,4.15234376447425169e-01,4.15234376414447492e-01,-3.29776761454070311e-11
1391,4276,2.52896904217937091e-01,2.52896904310604353e-01,9.26672627521440972e-11
1392,4277,4.90188980981325739e-01,4.90188980921763884e-01,-5.95618554477539419e-11
1393,4278,2.67076477994471206e-01,2.67076478092004854e-01,9.75336478248323147e-11
1394,4279,4.40906502658659993e-01,4.40906502707932968e-01,4.92729745893427662e-11
1395,4280,6.88020403470359754e-01,6.88020403469048469e-01,-1.31128441438477239e-12
1396,4281,6.34938030947526544e-01,6.34938030979876999e-01,3.23504556476450489e-11
1397,4282,5.74849224778339662e-01,5.74849224821602722e-01,4.32630598012906376e-11
1398,4283,3.57186171860403356e-01,3.57186171946393738e-01,8.59903814820484058e-11
1399,4284,5.17209972660187756e-01,5.17209972648638772e-01,-1.15489839913607284e-11
1400,4285,2.61192136518106688e-01,2.61192136416366516e-01,-1.01740171842834570e-10
1401,4286,5.28367779720033348e-01,5.28367779720912423e-01,8.79074590898198949e-13
1402,4287,1.71165304957008602e-01,1.71165304915894656e-01,-4.11139455813724908e-11
1403,4288,2.68723033528181054e-01,2.68723033439934200e-01,-8.82468542684478052e-11
1404,4289,6.50111241065178258e-01,6.50111241094973979e-01,2.97957214456801012e-11
1405,4290,5.00126755381999133e-01,5.00126755445674864e-01,6.36757313543512282e-11
1406,4291,1.97925999921489404e-01,1.97926000025290871e-01,1.03801467421504867e-10
1407,4292,5.34819190788541690e-02,5.34819190963137028e-02,1.74595338187089055e-11
1408,4293,4.50824801335056258e-01,4.50824801332829150e-01,-2.22710738739806402e-12
1409,4294,6.85456768183785203e-01,6.85456768180965459e-01,-2.81974443794297258e-12
1410,4295,1.74177501184216377e-01,1.74177501221222525e-01,3.70061481458350272e-11
1411,4296,5.18922717920989429e-01,5.18922717952534973e-01,3.15455439547918104e-11
1412,4297,2.70452359561447975e-01,2.70452359640551809e-01,7.91038345937522536e-11
1413,4298,3.47423716029412848e-03,3.47423716450482624e-03,4.21069776268545581e-12
1414,4299,1.68012715096959142e-01,1.68012715082967667e-01,-1.39914746455360728e-11
1415,4300,5.86538340783404499e-01,5.86538340767901456e-01,-1.55030432935632234e-11
1416,4301,9.78524323934133883e-02,9.78524325526768796e-02,1.59263491283923031e-10
1417,4302,2.18719568669571734e-01,2.18719568749394855e-01,7.98231203358312769e-11
1418,4303,6.53402339796638643e-01,6.53402339768443863e-01,-2.81947798441706254e-11
1419,4304,5.96678331272129214e-01,5.96678331266707884e-01,-5.42133005154710190e-12
1420,4305,5.51162310474001618e-02,5.51162309498850894e-02,-9.75150724058515550e-11
1421,4306,1.26452717327402320e-01,1.26452717235720297e-01,-9.16820230845161177e-11
1422,4307,1.89114766227347048e-01,1.89114766225758929e-01,-1.58811852557505517e-12
1423,4308,5.09302791136327038e-01,5.09302791088933171e-01,-4.73938666090134575e-11
1424,4309,4.19952976544376411e-01,4.19952976619606955e-01,7.52305440165912387e-11
1425,4310,6.73793228906309882e-01,6.73793228900569141e-01,-5.74074121573175944e-12
1426,4311,6.83688912754842115e-01,6.83688912746767463e-01,-8.07465205809876352e-12
1427,4312,5.54090629937794898e-01,5.54090629901834997e-01,-3.59599017230038953e-11
1428,4313,1.23729019379405100e-01,1.23729019499336401e-01,1.19931301001408031e-10
1429,4314,4.95567385265650140e-01,4.95567385318913090e-01,5.32629496063918850e-11
1430,4315,6.06868589523120380e-02,6.06868590142413539e-02,6.19293158421463374e-11
1431,4316,2.51845870908422309e-01,2.51845871019977352e-01,1.11555042980882035e-10
1432,4317,3.00888928092760910e-01,3.00888928045025705e-01,-4.77352046779344619e-11
1433,4318,6.08164551837092948e-01,6.08164551837062528e-01,-3.04201108747292892e-14
1434,4319,3.01406561826049635e-01,3.01406561853216515e-01,2.71668798568214243e-11
1435,4320,4.44853382782183671e-01,4.44853382774108352e-01,-8.07531819191353861e-12
1436,4321,4.68972358330590644e-01,4.68972358305917769e-01,-2.46728748543034726e-11
1437,4322,2.77940331712514366e-01,2.77940331780593852e-01,6.80794864926781429e-11
1438,4323,5.20829473578683588e-01,5.20829473596215897e-01,1.75323089379730845e-11
1439,4324,4.96952465321914727e-01,4.96952465242193275e-01,-7.97214516623512282e-11
1440,4325,8.27484287016635456e-02,8.27484286725670981e-02,-2.90964474736199463e-11
1441,4326,2.34070155337300356e-01,2.34070155217059955e-01,-1.20240400969251482e-10
1442,4327,1.88840104102890344e-01,1.88840104185377611e-01,8.24872670168730338e-11
1443,4328,6.70909140817913863e-01,6.70909140828811590e-01,1.08977271651156116e-11
1444,4329,7.52138579386815859e-02,7.52138580024273029e-02,6.37457170382660365e-11
1445,4330,2.44618724620058375e-01,2.44618724740475801e-01,1.20417426030527963e-10
1446,4331,5.43944394122304997e-01,5.43944394159125877e-01,3.68208796786007042e-11
1447,4332,9.16941286680287987e-02,9.16941285360996089e-02,-1.31929189794988133e-10
1448,4333,6.92334896078796586e-02,6.92334896343059780e-02,2.64263194660330214e-11
1449,4334,3.22235908696320406e-01,3.22235908612476196e-01,-8.38442093531455157e-11
1450,4335,2.27255425464293975e-01,2.27255425555381890e-01,9.10879149884635808e-11
1451,4336,3.41453026368694179e-01,3.41453026480486643e-01,1.11792464174698125e-10
1452,4337,3.95475534390590189e-01,3.95475534416974805e-01,2.63846167136705390e-11
1453,4338,8.77167072588532215e-02,8.77167073513357570e-02,9.24825355186342790e-11
1454,4339,8.55439674188768207e-03,8.55439677166046700e-03,2.97727849318807358e-11
1455,4340,4.51777904182880441e-01,4.51777904179423817e-01,-3.45662387601919363e-12
1456,4341,3.17240703480667907e-01,3.17240703503750221e-01,2.30823138380742421e-11
1457,4342,5.56331539635239403e-01,5.56331539677430875e-01,4.21914725379224365e-11
1458,4343,2.05038200184087596e-02,2.05038200921891373e-02,7.37803776407197631e-11
1459,4344,5.03593777005424070e-01,5.03593776947537375e-01,-5.78866954370482745e-11
1460,4345,2.14146213222021931e-01,2.14146213064729002e-01,-1.57292928681940225e-10
1461,4346,8.16012134034500708e-02,8.16012135084040052e-02,1.04953934432217011e-10
1462,4347,3.50860966208976555e-01,3.50860966107394756e-01,-1.01581798528371792e-10
1463,4348,4.34637860298165424e-01,4.34637860260057074e-01,-3.81083498091072670e-11
1464,4349,5.45204415064818315e-01,5.45204415031247058e-01,-3.35712568855228710e-11
1465,4350,3.24161026786354001e-01,3.24161026841333855e-01,5.49798540028234584e-11
1466,4351,2.93286265807427941e-02,2.93286266828899564e-02,1.02147162256427393e-10
1467,4352,4.90070457328125209e-01,4.90070457348863509e-01,2.07382999661831491e-11
1468,4353,6.83388606836944801e-01,6.83388606833195245e-01,-3.74955622106654118e-12
1469,4354,1.65248659311012597e-01,1.65248659314590346e-01,3.57774920800579821e-12
1470,4355,3.83188190983568766e-01,3.83188190975440379e-01,-8.12838685249062110e-12
1471,4356,4.20846018888886120e-01,4.20846018855252302e-01,-3.36338179529604986e-11
1472,4357,6.84939558537025595e-01,6.84939558546327376e-01,9.30178156721694904e-12
1473,4358,6.56125999067059040e-01,6.56125999058038256e-01,-9.02078411968432192e-12
1474,4359,3.89568491690277352e-01,3.89568491644507020e-01,-4.57703319689528598e-11
1475,4360,1.16063216148967085e-01,1.16063216132880176e-01,-1.60869095822135932e-11
1476,4361,5.82595684163987992e-01,5.82595684213851439e-01,4.98634467049896557e-11
1477,4362,3.40734518641585382e-01,3.40734518541764064e-01,-9.98213178782236810e-11
1478,4363,1.33133277503670072e-01,1.33133277364871655e-01,-1.38798417204100133e-10
1479,4364,2.82904649084042892e-01,2.82904649153021104e-01,6.89782120311122071e-11
1480,4365,1.54421876168767767e-02,1.54421876665031405e-02,4.96263637822513815e-11
1481,4366,3.13997747226051560e-01,3.13997747174112329e-01,-5.19392306941313109e-11
1482,4367,1.00885029637626286e-01,1.00885029539659402e-01,-9.79668846046166664e-11
1483,4368,1.85170401201752460e-01,1.85170401231335602e-01,2.95831414920399993e-11
1484,4369,3.78545109203807850e-01,3.78545109213813347e-01,1.00054964313756045e-11
1485,4370,3.51123609180175877e-01,3.51123609255115987e-01,7.49401096733492977e-11
1486,4371,4.13166188751353913e-01,4.13166188834754422e-01,8.34005087213540719e-11
1487,4372,3.94497792561988581e-01,3.94497792504088729e-01,-5.78998515798900826e-11
1488,4373,4.44638984882075483e-01,4.44638984899098366e-01,1.70228831031238315e-11
1489,4374,3.72077957965307626e-01,3.72077957992299424e-01,2.69917976858380371e-11
1490,4375,5.29767354837147542e-01,5.29767354839362881e-01,2.21533902333703736e-12
1491,4376,2.93715171201829661e-01,2.93715171176586021e-01,-2.52436405112632656e-11
1492,4377,4.22329094084234608e-03,4.22329091123147329e-03,-2.96108727815269646e-11
1493,4378,2.12164106960724547e-01,2.12164107023930099e-01,6.32055519034224744e-11
1494,4379,1.41720427198300886e-01,1.41720427056819254e-01,-1.41481631965589827e-10
1495,4380,6.87824158818108100e-01,6.87824158818254316e-01,1.46216372343133116e-13
1496,4381,9.42503271521642622e-02,9.42503273051335105e-02,1.52969248379264400e-10
1497,4382,3.03612511632134346e-02,3.03612512120922766e-02,4.88788419461538837e-11
1498,4383,6.49620588959849352e-03,6.49620590579963724e-03,1.62011437251918800e-11
1499,4384,6.07670067828738558e-01,6.07670067808100511e-01,-2.06380468270594974e-11
1500,4385,5.99698671051474452e-01,5.99698671052802945e-01,1.32849287126646232e-12
1501,4386,6.55195344902028909e-01,6.55195344878716890e-01,-2.33120189818691870e-11
1502,4387,6.78471913501393797e-01,6.78471913483514988e-01,-1.78788095439585959e-11
1503,4388,6.83908254025178963e-01,6.83908254008370631e-01,-1.68083325036150200e-11
1504,4389,6.15574210689074475e-01,6.15574210670695288e-01,-1.83791870611571539e-11
1505,4390,5.83959608056624280e-01,5.83959608102857852e-01,4.62335725259777064e-11
1506,4391,5.68160059291312636e-01,5.68160059342116330e-01,5.08036945845447008e-11
1507,4392,5.60257250335108758e-01,5.60257250376975491e-01,4.18667323032195782e-11
1508,4393,5.36555073228012658e-01,5.36555073227750645e-01,-2.62012633811536944e-13
1509,4394,6.47177102562594087e-01,6.47177102527246362e-01,-3.53477247472255840e-11
1510,4395,6.39255909117648069e-01,6.39255909085649443e-01,-3.19986259711413368e-11
1511,4396,6.63163149084699866e-01,6.63163149062062751e-01,-2.26371144051995543e-11
1512,4397,6.23487863473796367e-01,6.23487863441383849e-01,-3.24125171147215951e-11
1513,4398,5.91858754632712758e-01,5.91858754664124409e-01,3.14116510580220165e-11
1514,4399,5.28661138525898910e-01,5.28661138493944138e-01,-3.19547721616686431e-11
1515,4400,5.52285198728205140e-01,5.52285198759569274e-01,3.13641335125680598e-11
1516,4401,5.44443784159862609e-01,5.44443784173199052e-01,1.33364430610072304e-11
1517,4402,5.75995985134186372e-01,5.75995985186458559e-01,5.22721865792163953e-11
1518,4403,6.71074616113808586e-01,6.71074616075340025e-01,-3.84685616694468990e-11
1519,4404,6.31335905777125728e-01,6.31335905764140892e-01,-1.29848354291084433e-11
1520,4405,2.73373751679822141e-01,2.73373751596744985e-01,-8.30771562654319951e-11
1521,4406,1.03608971733887816e-02,1.03608972104236759e-02,3.70348942485554389e-11
1522,4407,1.79019929037771766e-02,1.79019929267615584e-02,2.29843817589614474e-11
1523,4408,4.32936030606724143e-01,4.32936030697645635e-01,9.09214925570722698e-11
1524,4409,4.24976644975458173e-01,4.24976645076752257e-01,1.01294084231540182e-10
1525,4410,4.09005045844363924e-01,4.09005045950490309e-01,1.06126385457372407e-10
1526,4411,3.37201846920195614e-01,3.37201846811809591e-01,-1.08386022379391989e-10
1527,4412,3.05291475794944145e-01,3.05291475737004214e-01,-5.79399306310790507e-11
1528,4413,2.97310361679040402e-01,2.97310361649046062e-01,-2.99943403447855417e-11
1529,4414,3.69117261446723244e-01,3.69117261364634297e-01,-8.20889467512131432e-11
1530,4415,3.29218182269128190e-01,3.29218182158573403e-01,-1.10554787546846001e-10
1531,4416,4.64854140631964230e-01,4.64854140600729271e-01,-3.12349590636529229e-11
1532,4417,4.00957393477029800e-01,4.00957393571013176e-01,9.39833766366859891e-11
1533,4418,3.53155805975822135e-01,3.53155805856475324e-01,-1.19346810212306309e-10
1534,4419,5.20639317252589384e-01,5.20639317195220164e-01,-5.73692204852704890e-11
1535,4420,4.40914091848277234e-01,4.40914091920634910e-01,7.23576754069199524e-11
1536,4421,3.21250402484591469e-01,3.21250402385287293e-01,-9.93041759933532830e-11
1537,4422,3.61140982669003408e-01,3.61140982563098401e-01,-1.05905006986262151e-10
1538,4423,4.16996701316049156e-01,4.16996701422676974e-01,1.06627817686444359e-10
1539,4424,3.93051012447596049e-01,3.93051012505186148e-01,5.75900993560196639e-11
1540,4425,5.12651586823887340e-01,5.12651586747434607e-01,-7.64527330332498423e-11
1541,4426,4.96755053781964995e-01,4.96755053696965543e-01,-8.49994519214192223e-11
1542,4427,4.80820502717623777e-01,4.80820502674570049e-01,-4.30537272499975643e-11
1543,4428,3.85071294761093252e-01,3.85071294768237926e-01,7.14467374152150114e-12
1544,4429,5.04667375673298668e-01,5.04667375597083634e-01,-7.62150342836775962e-11
1545,4430,2.65397010388843668e-01,2.65397010257311605e-01,-1.31532063019079715e-10
1546,4431,2.81356073492342762e-01,2.81356073436474841e-01,-5.58679214002211211e-11
1547,4432,8.18758832540072146e-02,8.18758834551863574e-02,2.01179142789165155e-10
1548,4433,6.59262424316094664e-02,6.59262424159442612e-02,-1.56652052440975353e-11
1549,4434,2.41446479938442843e-01,2.41446479747796150e-01,-1.90646692876939028e-10
1550,4435,2.89255396428860390e-01,2.89255396381088048e-01,-4.77723416381081734e-11
1551,4436,1.53698393040103409e-01,1.53698392959239510e-01,-8.08638989102661299e-11
1552,4437,1.05819936208700699e-01,1.05819936293318637e-01,8.46179376567945951e-11
1553,4438,4.48898235466817563e-01,4.48898235493104092e-01,2.62865285094449064e-11
1554,4439,2.17514127783434208e-01,2.17514127562555171e-01,-2.20879037282628587e-10
1555,4440,1.93587202440550776e-01,1.93587202392074026e-01,-4.84767503916572196e-11
1556,4441,1.77627721081578982e-01,1.77627721145155043e-01,6.35760610823155048e-11
1557,4442,1.45733487921488908e-01,1.45733487785414756e-01,-1.36074151946274924e-10
1558,4443,3.77084982197392171e-01,3.77084982146134950e-01,-5.12572206901040772e-11
1559,4444,4.88698222758538581e-01,4.88698222691684947e-01,-6.68536337400382763e-11
1560,4445,4.56878979686100639e-01,4.56878979679593455e-01,-6.50718368078173626e-12
1561,4446,1.29757092266548330e-01,1.29757092142928659e-01,-1.23619670056029918e-10
1562,4447,4.72837881119255787e-01,4.72837881084960110e-01,-3.42956774090907857e-11
1563,4448,3.45173131780179443e-01,3.45173131670825917e-01,-1.09353526234201581e-10
1564,4449,2.01565314195390755e-01,2.01565314071477264e-01,-1.23913490579496965e-10
1565,4450,7.39052106459010677e-02,7.39052107753520315e-02,1.29450963837207667e-10
1566,4451,1.69576728719811887e-01,1.69576728784145953e-01,6.43340658523783304e-11
1567,4452,3.13260199600952138e-01,3.13260199513817950e-01,-8.71341887531684733e-11
1568,4453,2.25501652088153648e-01,2.25501651873142833e-01,-2.15010814708094244e-10
1569,4454,3.39077836766676841e-02,3.39077836308949374e-02,-4.57727467040314195e-11
1570,4455,4.19292275262463029e-02,4.19292274290967021e-02,-9.71496008639327613e-11
1571,4456,1.13796318895274251e-01,1.13796318867537660e-01,-2.77365908019078233e-11
1572,4457,8.98574377763262239e-02,8.98574379689863062e-02,1.92660082332096749e-10
1573,4458,5.79269746739700872e-02,5.79269745490454332e-02,-1.24924653954749942e-10
1574,4459,1.37748796569146015e-01,1.37748796417374031e-01,-1.51771983869508631e-10
1575,4460,2.58801285568673704e-02,2.58801285420416707e-02,-1.48256996956863674e-11
1576,4461,2.09533961444553052e-01,2.09533961256538281e-01,-1.88014770419187016e-10
1577,4462,9.77702998493056308e-02,9.77703000138474831e-02,1.64541852365474028e-10
1578,4463,4.99312884978458313e-02,4.99312883562772619e-02,-1.41568569367311881e-10
1579,4464,1.21773290139559814e-01,1.21773290048460853e-01,-9.10989617075586011e-11
1580,4465,4.83892319489788014e-03,4.83892318579815916e-03,-9.09972097673517055e-12
1581,4466,2.57410769097151548e-01,2.57410768934530243e-01,-1.62621305310750586e-10
1582,4467,2.49432872122409915e-01,2.49432871935146100e-01,-1.87263815565330560e-10
1583,4468,2.33481802895229046e-01,2.33481802702161401e-01,-1.93067645204436644e-10
1584,4469,1.61595808675057240e-01,1.61595808673729024e-01,-1.32821531551030603e-12
1585,4470,1.85606819264274026e-01,1.85606819280644098e-01,1.63700719646442394e-11
1586,4471,2.71336462592957760e-04,2.71336465215959945e-04,2.62300218437788724e-12
1587,4472,1.87627039212219705e-04,1.87627039227126997e-04,1.49072919806980675e-14
1588,4473,2.24100419599594273e-04,2.24100421133654505e-04,1.53406023235998223e-12
1589,4474,1.92092203303384100e-04,1.92092204021348444e-04,7.17964343576252273e-13
1590,4475,2.72728455393330218e-04,2.72728458549231214e-04,3.15590099626145149e-12
1591,4476,1.69472479060360547e-04,1.69472478098206010e-04,-9.62154536815820749e-13
1592,4477,6.03238672433197964e-04,6.03238678107724025e-04,5.67452606171220397e-12
1593,4478,2.53561703211090182e-04,2.53561705967164522e-04,2.75607434010310959e-12
1594,4479,1.67053687101661335e-04,1.67053686884641493e-04,-2.17019842851592926e-13
1595,4480,2.03359837885131166e-04,2.03359839453062905e-04,1.56793173822049325e-12
1596,4481,1.84380795437500718e-04,1.84380796129734396e-04,6.92233678148065912e-13
1597,4482,1.48121063534073402e-04,1.48121062425872170e-04,-1.10820123151895988e-12
1598,4483,3.52376770997960844e-04,3.52376775078362822e-04,4.08040197767342572e-12
1599,4484,2.94274725460101248e-04,2.94274722661502764e-04,-2.79859848403146705e-12
1600,4485,1.18026667530571602e-04,1.18026666277762059e-04,-1.25280954230491681e-12
1601,4486,5.60779556539098300e-04,5.60779562007142395e-04,5.46804409477102960e-12
1602,4487,2.03044741677301053e-04,2.03044744310327445e-04,2.63302639240403646e-12
1603,4488,4.87522739309501313e-04,4.87522743633912368e-04,4.32441105494008049e-12
1604,4489,6.70459478044629475e-04,6.70459483665473218e-04,5.62084374270549469e-12
1605,4490,4.07503927870264053e-04,4.07503930477034321e-04,2.60677026839295500e-12
1606,4491,3.88014129133242784e-04,3.88014126605148405e-04,-2.52809437880502363e-12
1607,4492,3.51395055900356019e-04,3.51395055960294943e-04,5.99389244834713786e-14
1608,4493,3.65416862144997130e-04,3.65416863752651081e-04,1.60765395136944211e-12
1609,4494,0.00000000000000000e+00,0.00000000000000000e+00,0.00000000000000000e+00
1610,4495,0.00000000000000000e+00,0.00000000000000000e+00,0.00000000000000000e+00
1611,4496,0.00000000000000000e+00,0.00000000000000000e+00,0.00000000000000000e+00
1612,4497,0.00000000000000000e+00,0.00000000000000000e+00,0.00000000000000000e+00
1613,4498,0.00000000000000000e+00,0.00000000000000000e+00,0.00000000000000000e+00
1614,4499,0.00000000000000000e+00,0.00000000000000000e+00,0.00000000000000000e+00
1615,4500,6.88479088394650995e-01,6.88479088396401484e-01,1.75048864292648432e-12
1616,4501,6.88549451507408761e-01,6.88549451508764343e-01,1.35558231306731614e-12
1617,4502,6.88514296112109458e-01,6.88514296113016733e-01,9.07274255723677925e-13
1618,4503,6.88535459207928802e-01,6.88535459210316669e-01,2.38786768136378669e-12
1619,4504,6.88461267161456059e-01,6.88461267161443846e-01,-1.22124532708767219e-14
1620,4505,6.88566371013882295e-01,6.88566371012618195e-01,-1.26409993583820324e-12
1621,4506,6.88237419993507848e-01,6.88237419992699051e-01,-8.08797473439426540e-13
1622,4507,6.88440175898971329e-01,6.88440175898120788e-01,-8.50541859165332426e-13
1623,4508,6.88530204960249859e-01,6.88530204960099201e-01,-1.50657264441633743e-13
1624,4509,6.88493830304964471e-01,6.88493830303351761e-01,-1.61270996557050239e-12
1625,4510,6.88527556006411356e-01,6.88527556006459762e-01,4.84057238736568252e-14
1626,4511,6.88549410294117092e-01,6.88549410292572550e-01,-1.54454227185851778e-12
1627,4512,6.88304150995011188e-01,6.88304150991958519e-01,-3.05266922850933042e-12
1628,4513,6.88432956558907794e-01,6.88432956562126219e-01,3.21842552608586630e-12
1629,4514,6.88601433337329594e-01,6.88601433338684177e-01,1.35458311234515349e-12
1630,4515,6.88152151717182359e-01,6.88152151713331106e-01,-3.85125265012220552e-12
1631,4516,6.88507850563444657e-01,6.88507850562482870e-01,-9.61786206232773111e-13
1632,4517,6.88242337822607575e-01,6.88242337822537187e-01,-7.03881397612349247e-14
1633,4518,6.88046564192900334e-01,6.88046564187859588e-01,-5.04074559870559824e-12
1634,4519,6.88354073232222197e-01,6.88354073233974351e-01,1.75215397746342205e-12
1635,4520,6.88347691255699723e-01,6.88347691256749661e-01,1.04993791438801054e-12
1636,4521,6.88375687969819627e-01,6.88375687971675254e-01,1.85562676335848664e-12
1637,4522,6.88323450532405512e-01,6.88323450531253100e-01,-1.15241149956091249e-12
1638,4523,6.88718078433365632e-01,6.88718078433365632e-01,0.00000000000000000e+00
1639,4524,6.88718078433365632e-01,6.88718078433365632e-01,0.00000000000000000e+00
1640,4525,6.88718078433365632e-01,6.88718078433365744e-01,1.11022302462515654e-16
1641,4526,6.88718078433365632e-01,6.88718078433365744e-01,1.11022302462515654e-16
1642,4527,6.88718078433365632e-01,6.88718078433365632e-01,0.00000000000000000e+00
1643,4528,6.88718078433365632e-01,6.88718078433365632e-01,0.00000000000000000e+00
1644,5562,6.23198242655959911e-01,6.23198242630191301e-01,-2.57686094684572709e-11
1645,5563,6.54817752808879883e-01,6.54817752791590268e-01,-1.72896141847900253e-11
1646,5564,5.92355900190478901e-01,5.92355900214678210e-01,2.41993092231496121e-11
1647,5565,5.60334244605899978e-01,5.60334244642904933e-01,3.70049546560835552e-11
1648,5566,5.28799203270239992e-01,5.28799203267148576e-01,-3.09141601206874839e-12
1649,5567,3.35979033038065270e-02,3.35979033357333076e-02,3.19267806636602813e-11
1650,5568,4.95729776646604003e-02,4.95729776433274025e-02,-2.13329978682175181e-11
1651,5569,6.47046785002907132e-02,6.47046785532199853e-02,5.29292720763407942e-11
1652,5570,8.05165405759885461e-02,8.05165405495161940e-02,-2.64723520881915420e-11
1653,5571,9.64841430202798556e-02,9.64841428911839549e-02,-1.29095900636144734e-10
1654,5572,1.12878197243823211e-01,1.12878197151814130e-01,-9.20090809097828810e-11
1655,5573,1.28770756621873039e-01,1.28770756798944896e-01,1.77071857176969161e-10
1656,5574,1.45019720477014419e-01,1.45019720550204095e-01,7.31896765415740447e-11
1657,5575,1.61195797626299819e-01,1.61195797594329310e-01,-3.19705095730427047e-11
1658,5576,1.76687508264678272e-01,1.76687508230314816e-01,-3.43634565247441515e-11
1659,5577,1.92604724991812803e-01,1.92604725081804734e-01,8.99919305741292419e-11
1660,5578,2.08649683527244167e-01,2.08649683623843896e-01,9.65997282165176330e-11
1661,5579,2.24454311128285455e-01,2.24454311246343685e-01,1.18058229858775121e-10
1662,5580,2.40343335498291927e-01,2.40343335629401245e-01,1.31109317846878071e-10
1663,5581,2.56329763239375563e-01,2.56329763338373706e-01,9.89981430166153586e-11
1664,5582,2.72143295403581120e-01,2.72143295485939740e-01,8.23586199238945937e-11
1665,5583,2.88391575966082447e-01,2.88391576043775300e-01,7.76928521517561421e-11
1666,5584,3.03141184518203488e-01,3.03141184543020137e-01,2.48166487359924304e-11
1667,5585,3.19941559259190655e-01,3.19941559298816847e-01,3.96261912172235498e-11
1668,5586,3.35855646203105873e-01,3.35855646307260169e-01,1.04154296298730742e-10
1669,5587,3.51154988236397236e-01,3.51154988330826201e-01,9.44289646476192956e-11
1670,5588,3.67754681570055086e-01,3.67754681617447510e-01,4.73924233190814448e-11
1671,5589,3.84991251689649316e-01,3.84991251672848700e-01,-1.68006164535938751e-11
1672,5590,3.99711954843786132e-01,3.99711954785669121e-01,-5.81170112035067632e-11
1673,5591,4.16946483840279325e-01,4.16946483931623535e-01,9.13442099736982982e-11
1674,5592,4.48365164172016550e-01,4.48365164182939369e-01,1.09228182054721401e-11
1675,5593,4.80504755325397770e-01,4.80504755263364614e-01,-6.20331563894183091e-11
1676,5594,5.05134123387839473e-01,5.05134123328277229e-01,-5.95622440258125607e-11
1677,5595,6.39523977487529538e-01,6.39523977495794482e-01,8.26494428451951535e-12
1678,5596,6.07351131806810773e-01,6.07351131806238786e-01,-5.71986902286880650e-13
1679,5597,5.75385152114023191e-01,5.75385152080339357e-01,-3.36838335002198619e-11
1680,5598,5.44361530575739327e-01,5.44361530536483174e-01,-3.92561538831159851e-11
1681,5599,4.31882603517021291e-01,4.31882603456245684e-01,-6.07756067694253943e-11
1682,5600,4.63632723111699341e-01,4.63632723119024703e-01,7.32536253877924537e-12
1683,5601,6.62079059699250023e-03,6.62079060369404927e-03,6.70154903792408163e-12
1684,5602,6.65822528554685267e-01,6.65822528579347761e-01,2.46624942690232274e-11
1685,5603,5.17877341011364511e-01,5.17877341061690588e-01,5.03260766393509584e-11
1686,5604,4.89556950647969114e-01,4.89556950684953418e-01,3.69843045078255273e-11
1687,5605,4.15917623126140570e-02,4.15917622212998786e-02,-9.13141784408821877e-11
1688,5606,5.76326808717913183e-02,5.76326807615621245e-02,-1.10229193828192962e-10
1689,5607,7.40408972261788062e-02,7.40408973336695725e-02,1.07490766287909878e-10
1690,5608,8.98530413769281083e-02,8.98530415482425293e-02,1.71314420982504600e-10
1691,5609,1.05816822502990002e-01,1.05816822587942283e-01,8.49522813206604610e-11
1692,5610,1.21778556286591746e-01,1.21778556213363337e-01,-7.32284094473456548e-11
1693,5611,1.37871043482774430e-01,1.37871043330358045e-01,-1.52416385068576687e-10
1694,5612,1.53692945753548610e-01,1.53692945676285192e-01,-7.72634178858311316e-11
1695,5613,1.69647719139405212e-01,1.69647719185981011e-01,4.65757987733184109e-11
1696,5614,1.85054899533257322e-01,1.85054899546472279e-01,1.32149569065376227e-11
1697,5615,2.01388846529756110e-01,2.01388846427846852e-01,-1.01909258809484982e-10
1698,5616,2.18019613700138559e-01,2.18019613502521636e-01,-1.97616922825716301e-10
1699,5617,2.33380864297294599e-01,2.33380864114442282e-01,-1.82852316621406885e-10
1700,5618,2.49440179806583534e-01,2.49440179668633244e-01,-1.37950290080013360e-10
1701,5619,2.65392452754210084e-01,2.65392452635475173e-01,-1.18734910792284154e-10
1702,5620,2.81181894307510061e-01,2.81181894265757626e-01,-4.17524348428344183e-11
1703,5621,2.96973932255427120e-01,2.96973932225556236e-01,-2.98708835444472243e-11
1704,5622,3.13650896640743582e-01,3.13650896556158909e-01,-8.45846725994192639e-11
1705,5623,3.29207036589269142e-01,3.29207036497636385e-01,-9.16327569377983764e-11
1706,5624,3.45312998995375875e-01,3.45312998872100096e-01,-1.23275778474152276e-10
1707,5625,3.60806351815106230e-01,3.60806351715020512e-01,-1.00085717491538162e-10
1708,5626,3.77344882474870302e-01,3.77344882423585992e-01,-5.12843101319049310e-11
1709,5627,3.93192714310762415e-01,3.93192714337602389e-01,2.68399746872205469e-11
1710,5628,5.44684937235010436e-01,5.44684937261985080e-01,2.69746447401075784e-11
1711,5629,5.76032190891783813e-01,5.76032190955459877e-01,6.36760644212586158e-11
1712,5630,6.07732501305948025e-01,6.07732501295721539e-01,-1.02264863244272419e-11
1713,5631,6.39316586480203730e-01,6.39316586438910650e-01,-4.12930800663957598e-11
1714,5632,5.60104362867527517e-01,5.60104362840890380e-01,-2.66371369406215308e-11
1715,5633,5.91395201186767472e-01,5.91395201153203875e-01,-3.35635963466529574e-11
1716,5634,6.23068784294202871e-01,6.23068784294229183e-01,2.63122856836162100e-14
1717,5635,4.64765943709852081e-01,4.64765943679715243e-01,-3.01368374699961805e-11
1718,5636,4.47451890049264556e-01,4.47451890038873867e-01,-1.03906883097693026e-11
1719,5637,4.33181474501566965e-01,4.33181474552997714e-01,5.14307485488529892e-11
1720,5638,4.16151861657403532e-01,4.16151861611813112e-01,-4.55904203278123532e-11
1721,5639,6.82242667813402148e-01,6.82242667802202218e-01,-1.11999298724185792e-11
1722,5640,2.57736008718170324e-02,2.57736008511438401e-02,-2.06731923246827876e-11
1723,5641,1.78917036700715799e-02,1.78917037172060187e-02,4.71344387131811260e-11
1724,5642,6.83028049303795237e-01,6.83028049302905504e-01,-8.89732731934600451e-13
1725,5643,6.55798477023485482e-01,6.55798477048100792e-01,2.46153097904766582e-11
1726,5644,5.32396551239133098e-01,5.32396551226809289e-01,-1.23238086402466251e-11
1727,5645,4.74694746690888514e-01,4.74694746719124927e-01,2.82364132075940688e-11
1728,5646,5.05192024936705564e-01,5.05192024990009814e-01,5.33042499029079409e-11
1729,5647,5.41675511973997627e-03,5.41675514734094466e-03,2.76009683858324806e-11
1730,5648,6.71133925508048068e-01,6.71133925478997972e-01,-2.90500956623418460e-11
1731,5649,6.76314432711199509e-01,6.76314432729095083e-01,1.78955739116304358e-11
1732,5650,7.20804016097616965e-03,7.20804014093879338e-03,-2.00373762720973403e-11
1733,5651,6.84447544831405907e-01,6.84447544851803702e-01,2.03977945645306136e-11
1734,5652,3.37325274377479958e-02,3.37325273902801606e-02,-4.74678352180291085e-11
1735,5653,3.75736101525363173e-02,3.75736100851181906e-02,-6.74181266369089371e-11
1736,5654,4.45503375405436192e-02,4.45503374606572924e-02,-7.98863267204019678e-11
1737,5655,4.10278641517029738e-02,4.10278640958386676e-02,-5.58643062364971854e-11
1738,5656,4.74192153115880685e-02,4.74192152656901095e-02,-4.58979590445274255e-11
1739,5657,3.40997636780476787e-02,3.40997636238633273e-02,-5.41843514501039181e-11
1740,5658,4.39942089454209359e-02,4.39942089163364372e-02,-2.90844986983174181e-11
1741,5659,5.03617432991699740e-02,5.03617432892594502e-02,-9.91052379051282628e-12
1742,5660,5.40286460559426529e-02,5.40286460081190606e-02,-4.78235923084824321e-11
1743,5661,5.66229204623297025e-02,5.66229204561226954e-02,-6.20700713049870956e-12
1744,5662,6.08358695453466158e-02,6.08358695152634993e-02,-3.00831165533921308e-11
1745,5663,6.28055286532278600e-02,6.28055286605579688e-02,7.33010874220951791e-12
1746,5664,6.72979403122043740e-02,6.72979403243017943e-02,1.20974202877377479e-11
1747,5665,6.88235685210843440e-02,6.88235685516351281e-02,3.05507841247276701e-11
1748,5666,7.34700988391067678e-02,7.34700988819008555e-02,4.27940877179011636e-11
1749,5667,5.86814660143275407e-02,5.86814660347782721e-02,2.04507313861235218e-11
1750,5668,7.46277619964139799e-02,7.46277620249096996e-02,2.84957196727830819e-11
1751,5669,7.94046658777891878e-02,7.94046659125175885e-02,3.47284007107262482e-11
1752,5670,7.84580208470106594e-02,7.84580209107627879e-02,6.37521285762332468e-11
1753,5671,8.43792508018065129e-02,8.43792508497017424e-02,4.78952294491463704e-11
1754,5672,8.50611900830218620e-02,8.50611900874024274e-02,4.38056535490005672e-12
1755,5673,9.02275749741572181e-02,9.02275749933394711e-02,1.91822530082319531e-11
1756,5674,4.67014177097130403e-02,4.67014177008897094e-02,-8.82333095475473783e-12
1757,5675,4.06273953674688437e-02,4.06273953273460706e-02,-4.01227731594566706e-11
1758,5676,8.98619067856534920e-02,8.98619068678225691e-02,8.21690770980154639e-11
1759,5677,9.58434359258655555e-02,9.58434359676622188e-02,4.17966633525779230e-11
1760,5678,9.56867133678395154e-02,9.56867133497473488e-02,-1.80921666537159354e-11
1761,5679,1.01172768639244737e-01,1.01172768643795860e-01,4.55112336705809639e-12
1762,5680,1.01610166482892048e-01,1.01610166542893218e-01,6.00011706985981164e-11
1763,5681,1.06862276768925679e-01,1.06862276793978486e-01,2.50528070511180090e-11
1764,5682,1.06342555478723566e-01,1.06342555454400398e-01,-2.43231684793343561e-11
1765,5683,1.12024382376906595e-01,1.12024382382303056e-01,5.39646105579549840e-12
1766,5684,1.12883826484195787e-01,1.12883826519220215e-01,3.50244278024547384e-11
1767,5685,1.17972433643031505e-01,1.17972433669355073e-01,2.63235683251039632e-11
1768,5686,1.16790245519519137e-01,1.16790245529802980e-01,1.02838432214369391e-11
1769,5687,1.22587743668931215e-01,1.22587743707446795e-01,3.85155796145397744e-11
1770,5688,1.24135790542699062e-01,1.24135790549106645e-01,6.40758279768505190e-12
1771,5689,1.28589630035038011e-01,1.28589630053141252e-01,1.81032411283865713e-11
1772,5690,1.30200730875499521e-01,1.30200730831034728e-01,-4.44647929587205226e-11
1773,5691,1.34679810978767578e-01,1.34679810958458518e-01,-2.03090599892874479e-11
1774,5692,1.36432086893247984e-01,1.36432086794796126e-01,-9.84518577773485504e-11
1775,5693,1.40891833560875035e-01,1.40891833511647968e-01,-4.92270668672745160e-11
1776,5694,1.43565590516015917e-01,1.43565590415863920e-01,-1.00151997806108284e-10
1777,5695,1.47306142576864724e-01,1.47306142524420619e-01,-5.24441046145796008e-11
1778,5696,1.38572760015022473e-01,1.38572760038105286e-01,2.30828134384353234e-11
1779,5697,1.50266566436639187e-01,1.50266566360324455e-01,-7.63147323112889353e-11
1780,5698,1.53714212703933983e-01,1.53714212667167477e-01,-3.67665065059696872e-11
1781,5699,1.56999800446658233e-01,1.56999800409229423e-01,-3.74288100513098243e-11
1782,5700,1.60121289786443688e-01,1.60121289771392589e-01,-1.50510992558139378e-11
1783,5701,1.50735929288261961e-01,1.50735929271476971e-01,-1.67849900645222760e-11
1784,5702,1.63731043758825079e-01,1.63731043755090039e-01,-3.73504005501956726e-12
1785,5703,1.66507129457144687e-01,1.66507129459725650e-01,2.58096322092171704e-12
1786,5704,1.70389670296988427e-01,1.70389670314559288e-01,1.75708614325031931e-11
1787,5705,1.72814138519272353e-01,1.72814138540092699e-01,2.08203454477029481e-11
1788,5706,1.76906642256384250e-01,1.76906642292554511e-01,3.61702612305947468e-11
1789,5707,1.79008204528998238e-01,1.79008204573610663e-01,4.46124248654200528e-11
1790,5708,1.83282995752945127e-01,1.83282995804545740e-01,5.16006126716206381e-11
1791,5709,1.85064630004849490e-01,1.85064630069689900e-01,6.48404108183342487e-11
1792,5710,1.89598434931739113e-01,1.89598434983980157e-01,5.22410448233756597e-11
1793,5711,1.69015346955753293e-01,1.69015346957935658e-01,2.18236539950567021e-12
1794,5712,1.90987797670205933e-01,1.90987797741069498e-01,7.08635650159550323e-11
1795,5713,1.95663616445841265e-01,1.95663616487340347e-01,4.14990819486149576e-11
1796,5714,1.96709728482908491e-01,1.96709728552826396e-01,6.99179047991549396e-11
1797,5715,2.01478989125796593e-01,2.01478989150554955e-01,2.47583620271996097e-11
1798,5716,2.00678807016634320e-01,2.00678807005748083e-01,-1.08862363568107412e-11
1799,5717,2.06590912095760332e-01,2.06590912063106730e-01,-3.26536020445189479e-11
1800,5718,2.06006863950608077e-01,2.06006863881431135e-01,-6.91769419525201101e-11
1801,5719,2.12006213485716466e-01,2.12006213409985933e-01,-7.57305329557311779e-11
1802,5720,2.12218695032135973e-01,2.12218695004933011e-01,-2.72029621051217418e-11
1803,5721,2.17663344653443336e-01,2.17663344598919478e-01,-5.45238576510342909e-11
1804,5722,2.17565314339640270e-01,2.17565314340481458e-01,8.41188230182865482e-13
1805,5723,2.23018576721806167e-01,2.23018576697717075e-01,-2.40890918323799497e-11
1806,5724,2.23617610509685066e-01,2.23617610435522030e-01,-7.41630368228385350e-11
1807,5725,2.28793644339426339e-01,2.28793644300162802e-01,-3.92635368662297424e-11
1808,5726,2.28053963828558387e-01,2.28053963843773660e-01,1.52152734855803828e-11
1809,5727,2.33719363077571379e-01,2.33719363089943566e-01,1.23721866085446663e-11
1810,5728,2.34762026248526101e-01,2.34762026204993202e-01,-4.35328995074257818e-11
1811,5729,2.39587437281796073e-01,2.39587437287364285e-01,5.56821255770501011e-12
1812,5730,2.40960726391452634e-01,2.40960726335232994e-01,-5.62196400544223707e-11
1813,5731,2.45642189658211413e-01,2.45642189643127312e-01,-1.50841006352209206e-11
1814,5732,2.44138448984809048e-01,2.44138449021789022e-01,3.69799746380294891e-11
1815,5733,2.49980990981982232e-01,2.49980990999772279e-01,1.77900472131398146e-11
1816,5734,2.51883834764162262e-01,2.51883834732316736e-01,-3.18455262160455277e-11
1817,5735,2.56016749341013095e-01,2.56016749353936646e-01,1.29235511181491347e-11
1818,5736,2.58312740779666927e-01,2.58312740747381309e-01,-3.22856186230069397e-11
1819,5737,2.62174553033770241e-01,2.62174553051269743e-01,1.74995018475954112e-11
1820,5738,2.64833086201272272e-01,2.64833086169004750e-01,-3.22675219877055497e-11
1821,5739,2.68409950248932272e-01,2.68409950263847674e-01,1.49154022466291281e-11
1822,5740,2.71377973128915984e-01,2.71377973102096159e-01,-2.68198241393236003e-11
1823,5741,2.74683027213950326e-01,2.74683027231519272e-01,1.75689462977857147e-11
1824,5742,2.77928274532576958e-01,2.77928274529489372e-01,-3.08758574263379160e-12
1825,5743,2.80952314566674355e-01,2.80952314596278008e-01,2.96036528624199491e-11
1826,5744,2.84535567647074938e-01,2.84535567663717626e-01,1.66426872283409466e-11
1827,5745,2.87206184661937869e-01,2.87206184697033184e-01,3.50953155425770547e-11
1828,5746,2.91053090401202030e-01,2.91053090406050541e-01,4.84851048199175239e-12
1829,5747,2.93389126505922193e-01,2.93389126527711264e-01,2.17890705478396285e-11
1830,5748,2.97476622958975034e-01,2.97476622941459823e-01,-1.75152115033938571e-11
1831,5749,2.99472730567971468e-01,2.99472730573818902e-01,5.84743364839823698e-12
1832,5750,3.03765548703714638e-01,3.03765548677927877e-01,-2.57867616149098922e-11
1833,5751,3.05422709890652955e-01,3.05422709890716515e-01,6.35602681597902119e-14
1834,5752,3.09882330357318936e-01,3.09882330339896039e-01,-1.74228964588962754e-11
1835,5753,3.11206236782672341e-01,3.11206236781509382e-01,-1.16295861829485148e-12
1836,5754,3.15803629262824848e-01,3.15803629253327278e-01,-9.49756939760959540e-12
1837,5755,3.14672726330026076e-01,3.14672726298114491e-01,-3.19115844860107245e-11
1838,5756,3.20722297651124533e-01,3.20722297629409570e-01,-2.17149631609458993e-11
1839,5757,3.19761839047200513e-01,3.19761838986760749e-01,-6.04397643044762845e-11
1840,5758,3.25867596678711346e-01,3.25867596635447287e-01,-4.32640590020128002e-11
1841,5759,3.26494410631059162e-01,3.26494410639380617e-01,8.32145463647293582e-12
1842,5760,3.31699864052104665e-01,3.31699864040251979e-01,-1.18526854997469400e-11
1843,5761,3.32016411164773317e-01,3.32016411209238471e-01,4.44651537812035258e-11
1844,5762,3.37367933471266257e-01,3.37367933490066052e-01,1.87997950540363945e-11
1845,5763,3.37430020692796984e-01,3.37430020661093066e-01,-3.17039172692545890e-11
1846,5764,3.43119972326863421e-01,3.43119972323755962e-01,-3.10745873477458190e-12
1847,5765,3.42655980051104481e-01,3.42655980095331547e-01,4.42270664535726610e-11
1848,5766,3.48256976740445867e-01,3.48256976763931858e-01,2.34859909298279490e-11
1849,5767,3.49085733283088895e-01,3.49085733252276709e-01,-3.08121861358756632e-11
1850,5768,3.54111013520369944e-01,3.54111013519098961e-01,-1.27098331859087921e-12
1851,5769,2.65696997815456859e-01,2.65696997876917196e-01,6.14603368198629596e-11
1852,5770,2.95603415483038534e-01,2.95603415522428359e-01,3.93898247352808539e-11
1853,5771,3.55244674044313480e-01,3.55244673992445803e-01,-5.18676768201942195e-11
1854,5772,3.60197806890310834e-01,3.60197806874619608e-01,-1.56912260962371874e-11
1855,5773,3.58876011873687006e-01,3.58876011896646085e-01,2.29590790823408497e-11
1856,5774,3.64824069509938287e-01,3.64824069517064586e-01,7.12629955046395480e-12
1857,5775,3.66478300367640397e-01,3.66478300348715980e-01,-1.89244175885505683e-11
1858,5776,3.70940735878024286e-01,3.70940735874655980e-01,-3.36830563441026243e-12
1859,5777,3.72870568483079035e-01,3.72870568465809071e-01,-1.72699632372541600e-11
1860,5778,3.77198947841557553e-01,3.77198947834778808e-01,-6.77874423260504955e-12
1861,5779,3.75056622126931638e-01,3.75056622135233886e-01,8.30224777814692061e-12
1862,5780,3.81088438697590626e-01,3.81088438696284060e-01,-1.30656596653011547e-12
1863,5781,3.83586207478902097e-01,3.83586207475859031e-01,-3.04306579934632282e-12
1864,5782,3.87214928291918392e-01,3.87214928283461768e-01,-8.45662428972104863e-12
1865,5783,3.89977025921167453e-01,3.89977025919704567e-01,-1.46288536839733752e-12
1866,5784,3.93381452193290682e-01,3.93381452177137603e-01,-1.61530788744812526e-11
1867,5785,3.96520906422491271e-01,3.96520906419250974e-01,-3.24029691967098188e-12
1868,5786,3.99584672099624949e-01,3.99584672081760184e-01,-1.78647652226970877e-11
1869,5787,4.03098341634145096e-01,4.03098341641666746e-01,7.52164996953297305e-12
1870,5788,4.05754233401173559e-01,4.05754233391351915e-01,-9.82164349849767859e-12
1871,5789,4.09453342123628661e-01,4.09453342143851873e-01,2.02232119939083077e-11
1872,5790,4.07466560408099254e-01,4.07466560455953697e-01,4.78544426307792037e-11
1873,5791,4.11860506053745579e-01,4.11860506047634911e-01,-6.11066752753686160e-12
1874,5792,4.15787481689431249e-01,4.15787481709478213e-01,2.00469640887490641e-11
1875,5793,4.17880983475537926e-01,4.17880983465264366e-01,-1.02735597806713486e-11
1876,5794,4.22038258884167905e-01,4.22038258901029251e-01,1.68613456530408712e-11
1877,5795,4.23784680654560153e-01,4.23784680642578626e-01,-1.19815268817546894e-11
1878,5796,4.28122452106316664e-01,4.28122452119553965e-01,1.32373001449082039e-11
1879,5797,4.26543192855371678e-01,4.26543192894776824e-01,3.94051458130206811e-11
1880,5798,4.32770026074258352e-01,4.32770026102686001e-01,2.84276491235857520e-11
1881,5799,4.34019085448750230e-01,4.34019085453122844e-01,4.37261338248617903e-12
1882,5800,4.38786458885841057e-01,4.38786458906204213e-01,2.03631556061623087e-11
1883,5801,4.39706366546643634e-01,4.39706366552930383e-01,6.28674889924241143e-12
1884,5802,4.44614292600029548e-01,4.44614292607438455e-01,7.40890682138228840e-12
1885,5803,4.43735299273841588e-01,4.43735299289431229e-01,1.55896406894839856e-11
1886,5804,4.49789727780066928e-01,4.49789727779188575e-01,-8.78352945932192597e-13
1887,5805,4.50159257687755665e-01,4.50159257684042913e-01,-3.71275232780021724e-12
1888,5806,4.55400714282896635e-01,4.55400714279169561e-01,-3.72707420481788176e-12
1889,5807,4.55379347698830761e-01,4.55379347689983061e-01,-8.84770035014526002e-12
1890,5808,4.60951158480501777e-01,4.60951158466118560e-01,-1.43832168397750593e-11
1891,5809,4.08232946983291933e-01,4.08232946959950882e-01,-2.33410513139631348e-11
1892,5810,4.55436634235462434e-01,4.55436634233447546e-01,-2.01488825624096535e-12
1893,5811,3.86108830410047454e-01,3.86108830419654159e-01,9.60670432093024829e-12
1894,5812,2.77778403818601360e-01,2.77778403861967726e-01,4.33663660537320084e-11
1895,5813,3.90528198497475720e-01,3.90528198478233168e-01,-1.92425519962569069e-11
1896,5814,3.01978751518769961e-01,3.01978751475849405e-01,-4.29205559981937768e-11
1897,5815,2.48766706483855349e-01,2.48766706554433836e-01,7.05784874988069078e-11
1898,5816,3.27004108082220857e-01,3.27004108132266547e-01,5.00456898144818751e-11
1899,5817,6.50575780785137558e-02,6.50575780583876606e-02,-2.01260952348292221e-11
1900,5818,1.86745954816984333e-01,1.86745954891397309e-01,7.44129757812572734e-11
1901,5819,1.21386600972220843e-01,1.21386601034046276e-01,6.18254336615109423e-11
1902,5820,2.32833717604260138e-01,2.32833717682278146e-01,7.80180087200932348e-11
1903,5821,2.88491932402032636e-01,2.88491932401034157e-01,-9.98479077196634535e-13
1904,5822,4.61248278452330351e-01,4.61248278431820313e-01,-2.05100381123202169e-11
1905,5823,4.66937273262156727e-01,4.66937273234918515e-01,-2.72382116861535906e-11
1906,5824,4.66204340118575644e-01,4.66204340110232207e-01,-8.34343705236051392e-12
1907,5825,4.72020870120959724e-01,4.72020870111557134e-01,-9.40258981785291326e-12
1908,5826,4.73643990519366231e-01,4.73643990489909350e-01,-2.94568813785645034e-11
1909,5827,4.78196203041396317e-01,4.78196203021201527e-01,-2.01947902844779037e-11
1910,5828,4.76862541713319987e-01,4.76862541708924503e-01,-4.39548397679345726e-12
1911,5829,4.82756944114716702e-01,4.82756944114856423e-01,1.39721567649075951e-13
1912,5830,4.84624463493953050e-01,4.84624463475993750e-01,-1.79593007132439197e-11
1913,5831,4.88876888863469694e-01,4.88876888863459813e-01,-9.88098491916389321e-15
1914,5832,4.90816083544242554e-01,4.90816083518472390e-01,-2.57701637806917461e-11
1915,5833,4.95079662781074237e-01,4.95079662777913931e-01,-3.16030535074673935e-12
1916,5834,4.81356329656192183e-01,4.81356329669898719e-01,1.37065359062660264e-11
1917,5835,4.97384380449832575e-01,4.97384380413801175e-01,-3.60314000857897554e-11
1918,5836,5.01448027712980804e-01,5.01448027704196497e-01,-8.78430661543916358e-12
1919,5837,4.99052093495193028e-01,4.99052093504755101e-01,9.56207335534031699e-12
1920,5838,5.05133045267104119e-01,5.05133045280580784e-01,1.34766642290173877e-11
1921,5839,5.07872592710584492e-01,5.07872592692719671e-01,-1.78648207338483189e-11
1922,5840,5.11327704089840962e-01,5.11327704087379931e-01,-2.46103137868658450e-12
1923,5841,5.14368754465938327e-01,5.14368754463526034e-01,-2.41229258790554013e-12
1924,5842,5.17543841501745483e-01,5.17543841505723856e-01,3.97837318644178595e-12
1925,5843,5.20868552610445290e-01,5.20868552610263991e-01,-1.81299419921288063e-13
1926,5844,5.23734598820568498e-01,5.23734598805155382e-01,-1.54131152285685857e-11
1927,5845,5.27313943306827793e-01,5.27313943309748900e-01,2.92110780009124937e-12
1928,5846,5.29874871503208000e-01,5.29874871496774147e-01,-6.43385345000524467e-12
1929,5847,5.33722230367102091e-01,5.33722230381056817e-01,1.39547262634209801e-11
1930,5848,5.35953252676548031e-01,5.35953252681106274e-01,4.55824267220350521e-12
1931,5849,5.40022624861585920e-01,5.40022624866356438e-01,4.77051731451183514e-12
1932,5850,5.18823767224280696e-01,5.18823767228238419e-01,3.95772303818375804e-12
1933,5851,5.37361040204170082e-01,5.37361040214482832e-01,1.03127506534406166e-11
1934,5852,5.44140959401098967e-01,5.44140959413026648e-01,1.19276810650603693e-11
1935,5853,5.46132315177160987e-01,5.46132315148784797e-01,-2.83761902863943760e-11
1936,5854,5.50725685544129928e-01,5.50725685536485265e-01,-7.64466268066144039e-12
1937,5855,5.52137120570262541e-01,5.52137120559630934e-01,-1.06316067061129615e-11
1938,5856,5.56878866141700457e-01,5.56878866140729567e-01,-9.70890035034699395e-13
1939,5857,5.57950188232688715e-01,5.57950188213293674e-01,-1.93950411286891722e-11
1940,5858,5.62822100303258965e-01,5.62822100293071226e-01,-1.01877395408678240e-11
1941,5859,5.61713716360205284e-01,5.61713716358155812e-01,-2.04947170345803897e-12
1942,5860,5.68025859720419191e-01,5.68025859712138037e-01,-8.28115354067904264e-12
1943,5861,5.68465942031571192e-01,5.68465942013347103e-01,-1.82240889046170196e-11
1944,5862,5.73719023413552964e-01,5.73719023430230846e-01,1.66778812982215641e-11
1945,5863,5.74364495307918776e-01,5.74364495331079028e-01,2.31602514944029281e-11
1946,5864,5.79272639622712804e-01,5.79272639642092968e-01,1.93801641401591951e-11
1947,5865,5.79110536058041525e-01,5.79110536055644221e-01,-2.39730457707310052e-12
1948,5866,5.84637520790129539e-01,5.84637520799912380e-01,9.78284120378702937e-12
1949,5867,5.85539362077580949e-01,5.85539362087554527e-01,9.97357751941763127e-12
1950,5868,5.90602952536824599e-01,5.90602952561740557e-01,2.49159581855451506e-11
1951,5869,5.89722389315360362e-01,5.89722389308752537e-01,-6.60782539796400670e-12
1952,5870,5.95449092162517291e-01,5.95449092176907668e-01,1.43903777782838915e-11
1953,5871,5.96512363638569076e-01,5.96512363636289344e-01,-2.27973195876529644e-12
1954,5872,6.01380936390361498e-01,6.01380936401431310e-01,1.10698117339325108e-11
1955,5873,6.00088678122839725e-01,6.00088678137870146e-01,1.50304213519802943e-11
1956,5874,6.05889004411194532e-01,6.05889004415655186e-01,4.46065406833895395e-12
1957,5875,6.07531105513906544e-01,6.07531105499161339e-01,-1.47452050569540916e-11
1958,5876,6.11866199789295018e-01,6.11866199783256515e-01,-6.03850303093622642e-12
1959,5877,6.13849812452117005e-01,6.13849812462412214e-01,1.02952091296515391e-11
1960,5878,6.17970868147603269e-01,6.17970868134041229e-01,-1.35620403796110622e-11
1961,5879,6.20310786884961329e-01,6.20310786886110965e-01,1.14963594199934960e-12
1962,5880,6.24214195874456479e-01,6.24214195871784505e-01,-2.67197375336536425e-12
1963,5881,6.26876202364010204e-01,6.26876202349437417e-01,-1.45727874212298047e-11
1964,5882,6.30501376134177338e-01,6.30501376120313539e-01,-1.38637989977041798e-11
1965,5883,6.33518974811275504e-01,6.33518974812331548e-01,1.05604414102344890e-12
1966,5884,6.36825770337481889e-01,6.36825770317408391e-01,-2.00734984190376053e-11
1967,5885,6.40187957488788539e-01,6.40187957463091761e-01,-2.56967780387640232e-11
1968,5886,6.43150118606798382e-01,6.43150118603699306e-01,-3.09907655093866197e-12
1969,5887,6.46843794858649290e-01,6.46843794832271057e-01,-2.63782329312789443e-11
1970,5888,6.49434588997817919e-01,6.49434588996340545e-01,-1.47737377886869581e-12
1971,5889,6.53448437111377456e-01,6.53448437082031042e-01,-2.93464141876143003e-11
1972,5890,6.55623922765439127e-01,6.55623922764156597e-01,-1.28252963804698084e-12
1973,5891,6.59799448246231934e-01,6.59799448233654551e-01,-1.25773835790710109e-11
1974,5892,6.61621147830352307e-01,6.61621147850632974e-01,2.02806660354326596e-11
1975,5893,6.65991196835269417e-01,6.65991196839079813e-01,3.81039644281599976e-12
1976,5894,6.67411100446288486e-01,6.67411100453605299e-01,7.31681382148963166e-12
1977,5895,6.45838785503824120e-01,6.45838785502226398e-01,-1.59772195473806278e-12
1978,5896,6.33783101863203635e-01,6.33783101870026289e-01,6.82265355322897449e-12
1979,5897,6.15896034929995118e-01,6.15896034930097369e-01,1.02251540567976917e-13
1980,5898,6.71919478266635783e-01,6.71919478274567994e-01,7.93221044403935593e-12
1981,5899,6.71185375484472435e-01,6.71185375475831014e-01,-8.64142091216990593e-12
1982,5900,5.53322640894371998e-01,5.53322640878964767e-01,-1.54072310465380724e-11
1983,5901,6.72933050698697244e-01,6.72933050699775381e-01,1.07813757921348952e-12
1984,5902,5.26352237424741576e-01,5.26352237421703673e-01,-3.03790326228181584e-12
1985,5903,6.16140853383789322e-01,6.16140853392733168e-01,8.94384566407779857e-12
1986,5904,4.93960555591663741e-01,4.93960555538667412e-01,-5.29963295470281537e-11
1987,5905,2.53912637327659230e-01,2.53912637260186314e-01,-6.74729161431741886e-11
1988,5906,1.87235398979390233e-01,1.87235399009048148e-01,2.96579150127485036e-11
1989,5907,2.74196093246614925e-01,2.74196093201338031e-01,-4.52768933456582090e-11
1990,5908,3.63283154777094996e-01,3.63283154811452347e-01,3.43573502981087131e-11
1991,5909,2.02137624206436245e-01,2.02137624272357819e-01,6.59215737552898418e-11
1992,5910,4.33573531020604724e-02,4.33573530620734657e-02,-3.99870067613328217e-11
1993,5911,5.49430633299555327e-01,5.49430633325907913e-01,2.63525867794101032e-11
1994,5912,1.25125598493777246e-01,1.25125598453448561e-01,-4.03286848360551176e-11
1995,5913,3.47540648526482976e-01,3.47540648588577139e-01,6.20941631446214615e-11
1996,5914,3.68304537208407334e-01,3.68304537168300472e-01,-4.01068622757350113e-11
1997,5915,6.57628219928581670e-01,6.57628219946626236e-01,1.80445658415351318e-11
1998,5916,4.31511530425434942e-01,4.31511530471190063e-01,4.57551219135154952e-11
1999,5917,4.24956234846077030e-01,4.24956234905760011e-01,5.96829807797405465e-11
2000,5918,3.57764488223087707e-01,3.57764488277182102e-01,5.40943956295336648e-11
2001,5919,2.12125442016916299e-01,2.12125442039820061e-01,2.29037622201389013e-11
2002,5920,2.17045717319760856e-01,2.17045717368685331e-01,4.89244755819129296e-11
2003,5921,1.46562665101375084e-01,1.46562664987142516e-01,-1.14232567849370525e-10
2004,5922,6.29847244188045052e-01,6.29847244163500131e-01,-2.45449216507154233e-11
2005,5923,3.42295184410336462e-01,3.42295184490944593e-01,8.06081312809681094e-11
2006,5924,6.57869871072419787e-01,6.57869871059733047e-01,-1.26867405469965888e-11
2007,5925,3.78535014803756842e-01,3.78535014810159554e-01,6.40271169416450903e-12
2008,5926,5.13598585830133403e-01,5.13598585854339595e-01,2.42061926059022881e-11
2009,5927,7.02595897545501974e-02,7.02595897834947525e-02,2.89445550860634171e-11
2010,5928,2.35687723860422416e-01,2.35687723755420853e-01,-1.05001562999973430e-10
2011,5929,2.42699995016508241e-01,2.42699994910197420e-01,-1.06310821257338262e-10
2012,5930,4.55729238544747617e-01,4.55729238534423542e-01,-1.03240749282917932e-11
2013,5931,1.60376682175342566e-01,1.60376682156261413e-01,-1.90811533240520248e-11
2014,5932,5.03424175209454039e-01,5.03424175236790505e-01,2.73364664238329169e-11
2015,5933,4.97088670082525719e-01,4.97088670115445275e-01,3.29195559700679041e-11
2016,5934,1.74790609258695689e-01,1.74790609293220850e-01,3.45251605082808055e-11
2017,5935,3.73041499367113699e-02,3.73041498986992348e-02,-3.80121351062356894e-11
2018,5936,3.45129622606622360e-02,3.45129622215237103e-02,-3.91385257536569497e-11
2019,5937,1.99553454431689925e-01,1.99553454394241658e-01,-3.74482667098163802e-11
2020,5938,2.11096061290172776e-01,2.11096061172280386e-01,-1.17892390294471738e-10
2021,5939,3.16765515084827087e-01,3.16765515092018723e-01,7.19163617546314526e-12
2022,5940,3.12601801088085107e-01,3.12601801100517940e-01,1.24328325412648155e-11
2023,5941,3.13304605499763411e-01,3.13304605434465533e-01,-6.52978782156310444e-11
2024,5942,6.43700447198031100e-01,6.43700447157604438e-01,-4.04266620179782876e-11
2025,5943,3.72400760827556854e-01,3.72400760851540891e-01,2.39840369786747942e-11
2026,5944,3.14228276900073433e-02,3.14228276938258236e-02,3.81848025421405168e-12
2027,5945,2.84373366510988733e-02,2.84373366475783526e-02,-3.52052068053332334e-12
2028,5946,2.58812236825074968e-02,2.58812237327708354e-02,5.02633386301187812e-11
2029,5947,2.25323575494995390e-02,2.25323575822678306e-02,3.27682915524096785e-11
2030,5948,2.49124243243494074e-02,2.49124243122582877e-02,-1.20911197720730001e-11
2031,5949,1.87459174632178434e-02,1.87459174745431140e-02,1.13252705824518074e-11
2032,5950,2.09763193671528986e-02,2.09763193478925206e-02,-1.92603780146960446e-11
2033,5951,1.68113756190400587e-02,1.68113756676351103e-02,4.85950515938249339e-11
2034,5952,1.31856547444521785e-02,1.31856547700535572e-02,2.56013786559261547e-11
2035,5953,3.49454691158360919e-01,3.49454691067505263e-01,-9.08556563317119981e-11
2036,5954,7.64116343391205710e-02,7.64116343358059863e-02,-3.31458471780621267e-12
2037,5955,4.34591505163564984e-01,4.34591505129900357e-01,-3.36646266418938467e-11
2038,5956,4.40580074405239275e-01,4.40580074391306808e-01,-1.39324662917772457e-11
2039,5957,3.62668509554050000e-01,3.62668509609412715e-01,5.53627144128654436e-11
2040,5958,6.68225581073612851e-01,6.68225581108327638e-01,3.47147866008867823e-11
2041,5959,3.32711079977634827e-01,3.32711080057125408e-01,7.94905807843804268e-11
2042,5960,3.27542405134030823e-01,3.27542405202642550e-01,6.86117274106834429e-11
2043,5961,3.25389196976533956e-01,3.25389196899935784e-01,-7.65981722494757378e-11
2044,5962,2.94786136118238180e-02,2.94786135705549061e-02,-4.12689118989284509e-11
2045,5963,4.07201426557423918e-02,4.07201426098464173e-02,-4.58959745208709080e-11
2046,5964,1.82218069705261838e-02,1.82218069766607003e-02,6.13451650588459074e-12
2047,5965,6.62586962460303019e-01,6.62586962440833593e-01,-1.94694260713390577e-11
2048,5966,6.67649030535177546e-01,6.67649030518421949e-01,-1.67555969099453250e-11
2049,5967,6.74464989324277453e-01,6.74464989320373021e-01,-3.90443233300175052e-12
2050,5968,6.04909606389324339e-01,6.04909606391877186e-01,2.55284682282308495e-12
2051,5969,5.98786007501263318e-01,5.98786007514333529e-01,1.30702115797021179e-11
2052,5970,4.19714905911833303e-01,4.19714905881088507e-01,-3.07447955982809162e-11
2053,5971,4.25264954823201813e-01,4.25264954792746341e-01,-3.04554714780636004e-11
2054,5972,4.96598598029505886e-02,4.96598596892781560e-02,-1.13672432577871518e-10
2055,5973,5.21107029202279470e-01,5.21107029180922776e-01,-2.13566941908993613e-11
2056,5974,5.25112101040886681e-01,5.25112101053854308e-01,1.29676269722267534e-11
2057,5975,5.33442727912854964e-01,5.33442727928365445e-01,1.55104817878282120e-11
2058,5976,5.13013568983169854e-01,5.13013568921999008e-01,-6.11708461661919500e-11
2059,5977,5.08701472548050426e-01,5.08701472498846008e-01,-4.92044183175721628e-11
2060,5978,6.58236079859931128e-02,6.58236079617249975e-02,-2.42681152951007562e-11
2061,5979,8.17932923493644576e-02,8.17932925171595548e-02,1.67795097261169701e-10
2062,5980,7.79036330563462331e-02,7.79036331547158373e-02,9.83696041290116341e-11
2063,5981,8.60874747573251303e-02,8.60874748896412467e-02,1.32316116396857808e-10
2064,5982,9.80443365884384188e-02,9.80443367412864586e-02,1.52848039780550948e-10
2065,5983,9.37525958869057652e-02,9.37525960224771943e-02,1.35571429082936845e-10
2066,5984,1.13995067338406947e-01,1.13995067317667106e-01,-2.07398404006298165e-11
2067,5985,1.18230247618776527e-01,1.18230247606484914e-01,-1.22916121725324956e-11
2068,5986,1.10209900630491298e-01,1.10209900675824951e-01,4.53336534977921701e-11
2069,5987,1.29883326382185471e-01,1.29883326256087339e-01,-1.26098131936203117e-10
2070,5988,1.34737024539201805e-01,1.34737024396080735e-01,-1.43121070550478180e-10
2071,5989,1.77703073012909468e-01,1.77703073059714611e-01,4.68051430946303526e-11
2072,5990,1.93128541303299622e-01,1.93128541265057380e-01,-3.82422427058770609e-11
2073,5991,2.10172133478093215e-01,2.10172133315292747e-01,-1.62800467551349470e-10
2074,5992,2.25445931265857713e-01,2.25445931074216815e-01,-1.91640897595490856e-10
2075,5993,2.21822678642869864e-01,2.21822678491285230e-01,-1.51584633734103136e-10
2076,5994,2.57809724430860754e-01,2.57809724297941356e-01,-1.32919397710651310e-10
2077,5995,2.62744225282098620e-01,2.62744225180599422e-01,-1.01499197935339680e-10
2078,5996,2.73165194626268482e-01,2.73165194548258217e-01,-7.80102649144964744e-11
2079,5997,2.89239657133327610e-01,2.89239657100753333e-01,-3.25742766094094804e-11
2080,5998,3.05625905318808511e-01,3.05625905246406482e-01,-7.24020288167537274e-11
2081,5999,3.21548794254591874e-01,3.21548794159455198e-01,-9.51366763146666017e-11
2082,6000,3.32088397856895479e-01,3.32088397777832389e-01,-7.90630894087485103e-11
2083,6001,3.53070192601022237e-01,3.53070192484284839e-01,-1.16737397526378572e-10
2084,6002,3.42834074770719477e-01,3.42834074673582512e-01,-9.71369651381337462e-11
2085,6003,3.69015436426594512e-01,3.69015436352670867e-01,-7.39236449831537357e-11
2086,6004,3.85214356037469730e-01,3.85214356036130412e-01,-1.33931754575655759e-12
2087,6005,4.24838559980960151e-01,4.24838560062732296e-01,8.17721446111363548e-11
2088,6006,4.40987786021917516e-01,4.40987786062686848e-01,4.07693323545288422e-11
2089,6007,4.44828350032258346e-01,4.44828350047585364e-01,1.53270174330089048e-11
2090,6008,4.72589808817992563e-01,4.72589808781343657e-01,-3.66489061320862675e-11
2091,6009,4.68123125036946475e-01,4.68123125010987018e-01,-2.59594568063903353e-11
2092,6010,4.01153647599569008e-01,4.01153647669613367e-01,7.00443592016597449e-11
2093,6011,3.97027290081190642e-01,3.97027290110666065e-01,2.94754221030757435e-11
2094,6012,4.09120855483529167e-01,4.09120855575257236e-01,9.17280695844624461e-11
2095,6013,4.11920497124080964e-01,4.11920497201548164e-01,7.74671993220010791e-11
2096,6014,1.07327145657274275e-02,1.07327146136163079e-02,4.78888803612242953e-11
2097,6015,5.52522150407233403e-01,5.52522150447791072e-01,4.05576683348840561e-11
2098,6016,5.56208270950743655e-01,5.56208270989163922e-01,3.84202669678757047e-11
2099,6017,5.64095548522866141e-01,5.64095548570140659e-01,4.72745176338662532e-11
2100,6018,5.99973104752191455e-01,5.99973104746031605e-01,-6.15985040752775603e-12
2101,6019,6.04708992106530285e-01,6.04708992101835374e-01,-4.69491112653486198e-12
2102,6020,5.96818098281259202e-01,5.96818098290270660e-01,9.01145824627747061e-12
2103,6021,5.89322180447928501e-01,5.89322180469020851e-01,2.10923500887361115e-11
2104,6022,5.84557021018666911e-01,5.84557021060048476e-01,4.13815648414583848e-11
2105,6023,5.78581419575528888e-01,5.78581419617369974e-01,4.18410861513507371e-11
2106,6024,6.15403131747313759e-01,6.15403131723500141e-01,-2.38136177443948327e-11
2107,6025,6.31173120826670986e-01,6.31173120803864895e-01,-2.28060903495475031e-11
2108,6026,6.47227690988587456e-01,6.47227690955638257e-01,-3.29491989248253958e-11
2109,6027,4.56278731075788757e-01,4.56278731076114441e-01,3.25683924273789671e-13
2110,6028,3.37320421151658778e-01,3.37320421050734953e-01,-1.00923824852827693e-10
2111,6029,6.77573868366993404e-01,6.77573868366825205e-01,-1.68198788230711216e-13
2112,6030,6.78588218479736049e-01,6.78588218480417726e-01,6.81676937119846116e-13
2113,6031,2.29463249449888801e-01,2.29463249300040445e-01,-1.49848355945891853e-10
2114,6032,6.51293710146124916e-01,6.51293710117225921e-01,-2.88989943086903622e-11
2115,6033,4.76404880939314213e-01,4.76404880895216987e-01,-4.40972258708427489e-11
2116,6034,4.82969694642316150e-01,4.82969694580419162e-01,-6.18969875354480337e-11
2117,6035,4.75724339080670688e-01,4.75724339091514181e-01,1.08434927703626727e-11
2118,6036,4.80285983166770181e-01,4.80285983189890020e-01,2.31198393763065724e-11
2119,6037,4.70169719817588816e-01,4.70169719830878574e-01,1.32897581828217426e-11
2120,6038,4.88649588388388123e-01,4.88649588332356499e-01,-5.60316237852021004e-11
2121,6039,5.71792673195341550e-01,5.71792673254594708e-01,5.92531579357569171e-11
2122,6040,5.50534377922798079e-02,5.50534377012886975e-02,-9.09911104796101711e-11
2123,6041,5.00380228189650778e-01,5.00380228233853197e-01,4.42024195024259825e-11
2124,6042,5.08573814954215941e-01,5.08573815009428998e-01,5.52130563491459725e-11
2125,6043,4.97150530100768928e-01,4.97150530024525250e-01,-7.62436780377129253e-11
2126,6044,2.41439471998130373e-01,2.41439471827263136e-01,-1.70867237025973395e-10
2127,6045,1.05753370953707623e-02,1.05753371252796224e-02,2.99088601107833085e-11
2128,6046,1.44390097150742976e-02,1.44390097182864937e-02,3.21219613408363358e-12
2129,6047,2.19515244215618653e-02,2.19515243988839953e-02,-2.26778699985441534e-11
2130,6048,1.97403961339378820e-01,1.97403961433894382e-01,9.45155620435400579e-11
2131,6049,3.82074447786659832e-01,3.82074447782688287e-01,-3.97154531484034123e-12
2132,6050,4.85721683984672914e-01,4.85721684009470689e-01,2.47977749445738027e-11
2133,6051,5.36824113230270572e-01,5.36824113249802282e-01,1.95317095830205290e-11
2134,6052,3.76892927033663394e-01,3.76892927045791359e-01,1.21279652987027475e-11
2135,6053,7.08576689939298676e-02,7.08576690095150119e-02,1.55851442862342537e-11
2136,6054,1.82234589116264417e-01,1.82234589144079945e-01,2.78155276589586720e-11
2137,6055,4.37283115800406463e-01,4.37283115838870196e-01,3.84637321992897796e-11
2138,6056,2.02806620409382604e-01,2.02806620511115698e-01,1.01733094171052585e-10
2139,6057,1.01840521277296744e-01,1.01840521381837426e-01,1.04540681666875912e-10
2140,6058,6.78573131114685091e-01,6.78573131098128446e-01,-1.65566449439324970e-11
2141,6059,5.42086106515331956e-01,5.42086106557803427e-01,4.24714707847329009e-11
2142,6060,1.52257614994400717e-02,1.52257614972495688e-02,-2.19050298733147741e-12
2143,6061,6.36689797371932098e-01,6.36689797330858731e-01,-4.10733669298224413e-11
2144,6062,2.74295241920581509e-02,2.74295241548002701e-02,-3.72578808083279256e-11
2145,6063,2.03079584100789717e-02,2.03079584799069970e-02,6.98280253064176293e-11
2146,6064,2.30728176476676893e-02,2.30728177358871071e-02,8.82194178819517560e-11
2147,6065,5.01054112147708341e-01,5.01054112089283743e-01,-5.84245984924791628e-11
2148,6066,4.90062792287071017e-02,4.90062792243642839e-02,-4.34281777206280140e-12
2149,6067,5.68090072911034749e-01,5.68090072980621308e-01,6.95865587374555616e-11
2150,6068,3.76418150683442282e-02,3.76418150205242719e-02,-4.78199563280767848e-11
2151,6069,6.22928142945356811e-01,6.22928142938185658e-01,-7.17115256065881113e-12
2152,6070,6.09452141541796832e-01,6.09452141545245185e-01,3.44835271448573621e-12
2153,6071,1.67479269787565721e-01,1.67479269806571546e-01,1.90058246918312079e-11
2154,6072,3.37293928022591782e-01,3.37293928085598049e-01,6.30062668705022588e-11
2155,6073,3.53091428599504487e-01,3.53091428642033023e-01,4.25285362481986340e-11
2156,6074,4.14039914835344747e-01,4.14039914806745291e-01,-2.85994561366464950e-11
2157,6075,2.71716271867320336e-01,2.71716271919069940e-01,5.17496046015253341e-11
2158,6076,1.44623158595760470e-01,1.44623158593403689e-01,-2.35678143667428230e-12
2159,6077,1.47893757327543257e-01,1.47893757346140797e-01,1.85975401745253066e-11
2160,6078,1.53680294584547850e-01,1.53680294573475568e-01,-1.10722819801623018e-11
2161,6079,1.50420398224148599e-01,1.50420398237073982e-01,1.29253829861397662e-11
2162,6080,1.42047745620310334e-01,1.42047745680827647e-01,6.05173133827463516e-11
2163,6081,1.36382574342229002e-01,1.36382574443771970e-01,1.01542968478085527e-10
2164,6082,4.29539113910561210e-01,4.29539113889328084e-01,-2.12331263682585814e-11
2165,6083,2.22422200703200929e-01,2.22422200735879094e-01,3.26781657289387795e-11
2166,6084,3.01307594593102634e-01,3.01307594617099939e-01,2.39973041438190648e-11
2167,6085,2.97468656501013506e-01,2.97468656546538757e-01,4.55252502362668565e-11
2168,6086,3.84473471789699650e-01,3.84473471779937681e-01,-9.76196901092407643e-12
2169,6087,1.75028987837358180e-01,1.75028987854881080e-01,1.75228997978393863e-11
2170,6088,1.71481862235609434e-01,1.71481862219117848e-01,-1.64915858746894628e-11
2171,6089,1.65200837689377933e-01,1.65200837674605194e-01,-1.47727385879647954e-11
2172,6090,1.80935176002984199e-01,1.80935176049445229e-01,4.64610294681477853e-11
2173,6091,1.82762947974745099e-01,1.82762948022828331e-01,4.80832318405788328e-11
2174,6092,1.62888834237290142e-01,1.62888834228840512e-01,-8.44962988466591014e-12
2175,6093,1.59584255541880993e-01,1.59584255521838247e-01,-2.00427452412554885e-11
2176,6094,1.56848943993413453e-01,1.56848943976216904e-01,-1.71965497397508216e-11
2177,6095,2.06940822091987331e-01,2.06940822105830202e-01,1.38428712936899956e-11
2178,6096,2.89648969081016894e-01,2.89648969132930312e-01,5.19134180088087760e-11
2179,6097,2.83591063201179050e-01,2.83591063250596909e-01,4.94178586940563491e-11
2180,6098,2.80441934069350751e-01,2.80441934127797610e-01,5.84468584641228972e-11
2181,6099,4.93057507251108307e-01,4.93057507255970362e-01,4.86205520289217930e-12
2182,6100,4.45031639720942285e-01,4.45031639720317007e-01,-6.25277607468888164e-13
2183,6101,4.02373213553817444e-01,4.02373213524226947e-01,-2.95904967195781410e-11
2184,6102,3.96444614678223950e-01,3.96444614649971550e-01,-2.82524004191486711e-11
2185,6103,3.93932829596654377e-01,3.93932829554926756e-01,-4.17276213582340461e-11
2186,6104,3.69121813556300971e-01,3.69121813575437163e-01,1.91361926304978169e-11
2187,6105,3.21515799650544887e-01,3.21515799663490809e-01,1.29459221120953316e-11
2188,6106,2.60015615630244890e-01,2.60015615692301527e-01,6.20566376063891312e-11
2189,6107,2.63669704515579029e-01,2.63669704605309252e-01,8.97302232516494769e-11
2190,6108,2.54536767405741771e-01,2.54536767465063485e-01,5.93217142075275206e-11
2191,6109,2.38448411544621458e-01,2.38448411604586241e-01,5.99647831389660269e-11
2192,6110,4.87146297019348584e-01,4.87146297034216413e-01,1.48678291900239401e-11
2193,6111,8.02204888582324915e-02,8.02204888578163383e-02,-4.16153222992932115e-13
2194,6112,8.57780505615229477e-02,8.57780505261508952e-02,-3.53720525092526827e-11
2195,6113,9.05290519428127716e-02,9.05290519091149076e-02,-3.36978639436935623e-11
2196,6114,9.10731651806756248e-02,9.10731650936034837e-02,-8.70721411638797349e-11
2197,6115,9.59475854741954626e-02,9.59475854003177947e-02,-7.38776678721464464e-11
2198,6116,1.01197876290428521e-01,1.01197876195273623e-01,-9.51548978500582621e-11
2199,6117,4.60662911558837207e-01,4.60662911559411525e-01,5.74318370638593478e-13
2200,6118,4.60850915496731905e-01,4.60850915492376778e-01,-4.35512736984833282e-12
2201,6119,4.55523236151180233e-01,4.55523236144531884e-01,-6.64834853836282491e-12
2202,6120,1.11167632460515226e-01,1.11167632424643989e-01,-3.58712365366997687e-11
2203,6121,1.27109451767132592e-01,1.27109451844876403e-01,7.77438113885864368e-11
2204,6122,6.45880987451893374e-02,6.45880987741781903e-02,2.89888529847459608e-11
2205,6123,6.04884419547203345e-02,6.04884419953909194e-02,4.06705849553823384e-11
2206,6124,5.41916808766364944e-01,5.41916808756905066e-01,-9.45987732592357133e-12
2207,6125,5.37941196124123611e-01,5.37941196109709252e-01,-1.44143585956157949e-11
2208,6126,1.94317201686582341e-01,1.94317201701624809e-01,1.50424672717974772e-11
2209,6127,3.08394526735238872e-01,3.08394526691531112e-01,-4.37077596338042440e-11
2210,6128,4.20373151061286532e-01,4.20373151106152088e-01,4.48655557150345885e-11
2211,6129,2.95408264323832825e-01,2.95408264296630807e-01,-2.72020184155508105e-11
2212,6130,2.47407179583735537e-01,2.47407179517003140e-01,-6.67323973857492092e-11
2213,6131,3.61755931594746727e-01,3.61755931547253773e-01,-4.74929540139612527e-11
2214,6132,4.48831198642974938e-01,4.48831198646283014e-01,3.30807603532434769e-12
2215,6133,2.81318588370043809e-01,2.81318588361753774e-01,-8.29003532487604389e-12
2216,6134,7.21094227005399518e-02,7.21094227410452870e-02,4.05053351970607878e-11
2217,6135,1.46993816606670047e-02,1.46993817169391566e-02,5.62721518687636646e-11
2218,6136,5.63534678868708117e-01,5.63534678851734472e-01,-1.69736447119817058e-11
2219,6137,5.68769890619426288e-01,5.68769890608664008e-01,-1.07622799561113425e-11
2220,6138,3.06823068247863928e-01,3.06823068194552628e-01,-5.33112998191143106e-11
2221,6139,5.27259513223230225e-02,5.27259513363217205e-02,1.39986980340900402e-11
2222,6140,5.84207782273254317e-01,5.84207782255545927e-01,-1.77083903096786344e-11
2223,6141,5.78576861271439924e-01,5.78576861224721850e-01,-4.67180738539241247e-11
2224,6142,5.83762721533366724e-01,5.83762721494161529e-01,-3.92051946462856904e-11
2225,6143,5.48496912330750305e-02,5.48496912610875950e-02,2.80125644902540216e-11
2226,6144,5.89246209403871068e-01,5.89246209392621512e-01,-1.12495568416193237e-11
2227,6145,6.51803087542695447e-01,6.51803087558029293e-01,1.53338453046103496e-11
2228,6146,6.48241630171816352e-01,6.48241630172434302e-01,6.17950135506362130e-13
2229,6147,6.42546586491837823e-01,6.42546586496385630e-01,4.54780657577202874e-12
2230,6148,6.39821259897068062e-01,6.39821259900795747e-01,3.72768482748142560e-12
2231,6149,6.36782275691774591e-01,6.36782275707640344e-01,1.58657531557082621e-11
2232,6150,6.31049379505290053e-01,6.31049379517167663e-01,1.18776100066497747e-11
2233,6151,6.21779456300440292e-01,6.21779456309951462e-01,9.51116962966125357e-12
2234,6152,6.10094031348971555e-01,6.10094031354304733e-01,5.33317834339186447e-12
2235,6153,6.14194527026856396e-01,6.14194527031543203e-01,4.68680649845509834e-12
2236,6154,5.32191681875638478e-01,5.32191681876938438e-01,1.29996013953359579e-12
2237,6155,6.27763654130345961e-01,6.27763654128575044e-01,-1.77091674657958720e-12
2238,6156,5.20295040220123961e-01,5.20295040243905826e-01,2.37818653658905532e-11
2239,6157,5.23063685784653343e-01,5.23063685781800292e-01,-2.85305112868172728e-12
2240,6158,5.73850389507581160e-01,5.73850389483577916e-01,-2.40032438370008094e-11
2241,6159,5.94453129899372934e-01,5.94453129904243815e-01,4.87088147593794929e-12
2242,6160,5.47723774986534240e-01,5.47723774965735766e-01,-2.07984740541178326e-11
2243,6161,5.49104375534759548e-01,5.49104375500487407e-01,-3.42721406809687323e-11
2244,6162,3.11724066424540237e-02,3.11724066037472290e-02,-3.87067947138497459e-11
2245,6163,3.07068972055140943e-01,3.07068972070932977e-01,1.57920343468731517e-11
2246,6164,1.66657086700483542e-01,1.66657086670577326e-01,-2.99062163922059199e-11
2247,6165,6.63040213705828219e-01,6.63040213718621207e-01,1.27929888904532163e-11
2248,6166,6.83775623859872783e-01,6.83775623865701898e-01,5.82911496849192190e-12
2249,6167,6.82605556067842900e-01,6.82605556070211450e-01,2.36854980073530896e-12
2250,6168,4.04192867956484181e-01,4.04192867915892151e-01,-4.05920297374962047e-11
2251,6169,4.09808582077904271e-01,4.09808582037550495e-01,-4.03537758764116461e-11
2252,6170,6.02748074414001467e-01,6.02748074426110225e-01,1.21087584403767323e-11
2253,6171,5.44810038199747444e-03,5.44810040618749075e-03,2.41900163094888043e-11
2254,6172,5.79040075809626482e-03,5.79040077293292536e-03,1.48366605459693268e-11
2255,6173,1.45552747124688353e-01,1.45552746995495280e-01,-1.29193072906375050e-10
2256,6174,5.64221232228667824e-01,5.64221232198342526e-01,-3.03252978284263008e-11
2257,6175,5.69373244478864615e-01,5.69373244446396809e-01,-3.24678062213479279e-11
2258,6176,1.32793059031054372e-01,1.32793059085265119e-01,5.42107470025143812e-11
2259,6177,4.71112360083017545e-01,4.71112360084158244e-01,1.14069864665111709e-12
2260,6178,4.50039459973641198e-01,4.50039459972450540e-01,-1.19065868275924913e-12
2261,6179,6.19719406351470270e-01,6.19719406370681236e-01,1.92109661512063212e-11
2262,6180,6.44965983575561341e-01,6.44965983590626957e-01,1.50656154218609117e-11
2263,6181,1.24914532116837725e-02,1.24914532091404788e-02,-2.54329370064088067e-12
2264,6182,3.46829826781756778e-01,3.46829826871844216e-01,9.00874375098226210e-11
2265,6183,1.61679861825624049e-01,1.61679861822394272e-01,-3.22977755651265852e-12
2266,6184,4.91358261034385735e-01,4.91358261057824375e-01,2.34386399178276861e-11
2267,6185,4.65513933740260732e-01,4.65513933741789399e-01,1.52866608260637804e-12
2268,6186,6.71014557725011951e-01,6.71014557735295059e-01,1.02831076986831249e-11
2269,6187,6.34013954274601166e-01,6.34013954307445005e-01,3.28438387597884685e-11
2270,6188,2.67200419071335571e-01,2.67200419002555700e-01,-6.87798706877629229e-11
2271,6189,1.92279324779312144e-01,1.92279324865105239e-01,8.57930948505725155e-11
2272,6190,2.18181692582861408e-01,2.18181692474216843e-01,-1.08644565566251572e-10
2273,6191,6.60952143233558220e-01,6.60952143273031423e-01,3.94732024844302032e-11
2274,6192,1.53583005107798432e-01,1.53583005038953335e-01,-6.88450962904596508e-11
2275,6193,5.12193869665518497e-01,5.12193869716874195e-01,5.13556974723883286e-11
2276,6194,3.22085257946782277e-01,3.22085257994335794e-01,4.75535166799545550e-11
2277,6195,5.38418448666859506e-01,5.38418448630742175e-01,-3.61173313478957425e-11
2278,6196,4.21459908779316161e-01,4.21459908735682731e-01,-4.36334302023055898e-11
2279,6197,5.54036200911074417e-01,5.54036200883210483e-01,-2.78639333828323288e-11
2280,6198,4.95468848290345987e-01,4.95468848339401247e-01,4.90552598542137730e-11
2281,6199,8.61918822302532306e-02,8.61918821623236658e-02,-6.79295647509903233e-11
2282,6200,1.06833045552960443e-01,1.06833045442960059e-01,-1.10000383801711621e-10
2283,6201,1.18304532135605725e-01,1.18304532150083450e-01,1.44777245747462757e-11
2284,6202,1.23503318654348465e-01,1.23503318770006573e-01,1.15658108090777034e-10
2285,6203,1.39398474889592228e-01,1.39398475018906176e-01,1.29313948438181114e-10
2286,6204,1.86772784795636387e-01,1.86772784868452363e-01,7.28159754714852170e-11
2287,6205,2.13958588131079486e-01,2.13958588206937389e-01,7.58579032922312990e-11
2288,6206,2.29863401785361826e-01,2.29863401921115873e-01,1.35754046892699876e-10
2289,6207,2.35095290363841886e-01,2.35095290505727944e-01,1.41886058457885156e-10
2290,6208,2.45750578511773149e-01,2.45750578624380600e-01,1.12607451141499837e-10
2291,6209,2.51031501098648024e-01,2.51031501207830188e-01,1.09182163310350688e-10
2292,6210,3.41770371906976955e-01,3.41770372014752133e-01,1.07775177671243227e-10
2293,6211,3.57306945394623987e-01,3.57306945476716709e-01,8.20927215094968687e-11
2294,6212,6.28470816234125373e-01,6.28470816245339958e-01,1.12145848163436312e-11
2295,6213,4.37248798150417173e-01,4.37248798109948544e-01,-4.04686284483091185e-11
2296,6214,7.64878065593366761e-03,7.64878066834213249e-03,1.24084648805977693e-11
2297,6215,6.02029065672020303e-01,6.02029065658789886e-01,-1.32304167621555280e-11
2298,6216,1.15086064594812298e-01,1.15086064569199426e-01,-2.56128729336779770e-11
2299,6217,2.68925764116348442e-01,2.68925764198771011e-01,8.24225687701130028e-11
2300,6218,1.34020011847114651e-01,1.34020012026277141e-01,1.79162490399065177e-10
2301,6219,6.74573253818053886e-01,6.74573253828583352e-01,1.05294661878474471e-11
2302,6220,6.64143087531799403e-01,6.64143087515335795e-01,-1.64636082544689089e-11
2303,6221,1.18737729649326842e-01,1.18737729667591496e-01,1.82646536783792612e-11
2304,6222,6.76727878645408842e-01,6.76727878634905466e-01,-1.05033759467687560e-11
2305,6223,1.93226610832426982e-01,1.93226610820611544e-01,-1.18154375172707660e-11
2306,6224,5.26851146659517156e-01,5.26851146666689973e-01,7.17281789519574886e-12
2307,6225,3.93043796215174379e-01,3.93043796228107034e-01,1.29326549469510610e-11
2308,6226,6.25305149777700242e-01,6.25305149795372994e-01,1.76727521505881668e-11
2309,6227,3.89933443610600061e-01,3.89933443565451621e-01,-4.51484405417090784e-11
2310,6228,2.19149804563269684e-01,2.19149804640021734e-01,7.67520491606887845e-11
2311,6229,5.58844153126772270e-01,5.58844153101610508e-01,-2.51617615631971603e-11
2312,6230,1.71506340854258865e-01,1.71506340816847652e-01,-3.74112130163695156e-11
2313,6231,4.13426563229079946e-01,4.13426563279712278e-01,5.06323316606938079e-11
2314,6232,2.42511285477134686e-01,2.42511285562553608e-01,8.54189219356982221e-11
2315,6233,2.26523185855623976e-01,2.26523185932877735e-01,7.72537589455168927e-11
2316,6234,3.79570210813913178e-01,3.79570210808609976e-01,-5.30320232172698525e-12
2317,6235,2.77552480472853857e-01,2.77552480540780522e-01,6.79266642933384901e-11
2318,6236,6.93011194428846955e-02,6.93011194645737488e-02,2.16890533311087097e-11
2319,6237,5.52495845386318241e-02,5.52495845726459073e-02,3.40140832166824225e-11
2320,6238,6.81137990343963717e-01,6.81137990340048516e-01,-3.91520149634061454e-12
2321,6239,1.01067910448252012e-02,1.01067910770835847e-02,3.22583834644341039e-11
2322,6240,1.00886846847927342e-01,1.00886846798102239e-01,-4.98251023772766644e-11
2323,6241,6.79770231416927828e-01,6.79770231430540051e-01,1.36122224603241193e-11
2324,6242,6.50476438910610133e-01,6.50476438944292967e-01,3.36828342994976992e-11
2325,6243,2.74945964650141761e-01,2.74945964714068347e-01,6.39265862467652823e-11
2326,6244,3.89460369715958044e-01,3.89460369734765999e-01,1.88079551932673894e-11
2327,6245,4.37654367089626350e-01,4.37654367123291588e-01,3.36652372645573905e-11
2328,6246,3.74731765620864132e-01,3.74731765588951160e-01,-3.19129722647915059e-11
2329,6247,1.06066687425951059e-01,1.06066687356780695e-01,-6.91703638810992061e-11
2330,6248,2.91877396797701527e-01,2.91877396862171790e-01,6.44702624619242215e-11
2331,6249,4.04796375951162468e-01,4.04796376014939230e-01,6.37767616495921175e-11
2332,6250,3.00300464579031423e-01,3.00300464530764977e-01,-4.82664463952175993e-11
2333,6251,6.15862796729887835e-02,6.15862796059827092e-02,-6.70060743002132142e-11
2334,6252,2.49153467305986864e-01,2.49153467205892654e-01,-1.00094210697676544e-10
2335,6253,2.82930409134451610e-01,2.82930409201032296e-01,6.65806854094341816e-11
2336,6254,2.04315255865194445e-01,2.04315255771337634e-01,-9.38568112118787212e-11
2337,6255,5.43375049123464460e-01,5.43375049092785112e-01,-3.06793479509792633e-11
2338,6256,4.00437878259555180e-01,4.00437878284022664e-01,2.44674835947478186e-11
2339,6257,5.96727056790407051e-01,5.96727056789893351e-01,-5.13700193494059931e-13
2340,6258,3.57134805648597176e-01,3.57134805561317714e-01,-8.72794614359406751e-11
2341,6259,2.07134273935409036e-01,2.07134273998123092e-01,6.27140561704209176e-11
2342,6260,2.83420110484202160e-02,2.83420111388486828e-02,9.04284667979649015e-11
2343,6261,2.29598090579394981e-01,2.29598090490458151e-01,-8.89368301226767244e-11
2344,6262,5.30270807549938938e-01,5.30270807574700020e-01,2.47610820736099413e-11
2345,6263,6.12047870141722461e-01,6.12047870132218619e-01,-9.50384215769872753e-12
2346,6264,5.55011348834135609e-01,5.55011348845337760e-01,1.12021503184678295e-11
2347,6265,2.66724787847594902e-01,2.66724787945196495e-01,9.76015934739393742e-11
2348,6266,3.43085348272097971e-03,3.43085347367741650e-03,-9.04356320732824237e-12
2349,6267,1.40594779747682336e-01,1.40594779614881732e-01,-1.32800603847016419e-10
2350,6268,5.80670223264941665e-01,5.80670223236733452e-01,-2.82082135427685898e-11
2351,6269,5.68024345940306041e-01,5.68024345992798163e-01,5.24921217603946388e-11
2352,6270,4.61116546626441137e-01,4.61116546608701161e-01,-1.77399761547292201e-11
2353,6271,3.52069386019054742e-01,3.52069386088871172e-01,6.98164304147042003e-11
2354,6272,6.17762128599847804e-01,6.17762128594862236e-01,-4.98556751438172796e-12
2355,6273,4.68894869023881888e-01,4.68894869037377648e-01,1.34957600650409404e-11
2356,6274,1.55920691615953233e-01,1.55920691590675148e-01,-2.52780851806022611e-11
2357,6275,3.09544234951771413e-01,3.09544234974023447e-01,2.22520335491083188e-11
2358,6276,7.58296686452891444e-02,7.58296686324224506e-02,-1.28666938215005189e-11
2359,6277,4.42390629880706598e-01,4.42390629857318918e-01,-2.33876806809973914e-11
2360,6278,2.92625967855774716e-01,2.92625967835196232e-01,-2.05784833617883578e-11
2361,6279,6.54037831504888478e-01,6.54037831508439083e-01,3.55060425505371313e-12
2362,6280,5.04556090010040981e-01,5.04556089972085786e-01,-3.79551945428602266e-11
2363,6281,1.77380720825507848e-01,1.77380720832999522e-01,7.49167394786809382e-12
2364,6282,2.85963281324286944e-01,2.85963281389409019e-01,6.51220743996816509e-11
2365,6283,3.67044296081722288e-01,3.67044296118450963e-01,3.67286756564055850e-11
2366,6284,1.30863021366086130e-01,1.30863021491611276e-01,1.25525145833194074e-10
2367,6285,1.02118761458439844e-01,1.02118761336733477e-01,-1.21706367206542154e-10
2368,6286,3.31023579945959767e-01,3.31023580027274889e-01,8.13151213030494091e-11
2369,6287,4.84341952494697747e-01,4.84341952520446595e-01,2.57488474986189431e-11
2370,6288,1.07457063854354440e-01,1.07457063913278014e-01,5.89235743531091316e-11
2371,6289,3.15009572421519224e-01,3.15009572439356400e-01,1.78371761805351525e-11
2372,6290,4.19282651126652806e-01,4.19282651199358425e-01,7.27056193028374764e-11
2373,6291,4.79149412890466142e-01,4.79149412854049994e-01,-3.64161478749736034e-11
2374,6292,3.17498861602951432e-01,3.17498861523107967e-01,-7.98434651727575329e-11
2375,6293,4.46934682701419367e-02,4.46934682041770018e-02,-6.59649349032953580e-11
2376,6294,4.26690058913846593e-01,4.26690058873154032e-01,-4.06925604323760126e-11
2377,6295,5.24481764343788903e-01,5.24481764364317482e-01,2.05285788368314570e-11
2378,6296,5.99892302002006661e-02,5.99892302617635112e-02,6.15628450995053811e-11
2379,6297,2.61487231711408308e-01,2.61487231809877541e-01,9.84692327676839341e-11
2380,6298,5.86520083590373109e-01,5.86520083559496475e-01,-3.08766345824551536e-11
2381,6299,5.11931644242069939e-01,5.11931644227182847e-01,-1.48870915595011866e-11
2382,6300,1.26111193151743017e-01,1.26111193064634974e-01,-8.71080430009385509e-11
2383,6301,5.73238340041646088e-01,5.73238340010034486e-01,-3.16116022247570072e-11
2384,6302,4.30136633546847447e-01,4.30136633601336249e-01,5.44888023590317516e-11
2385,6303,3.72472423485594228e-01,3.72472423516472750e-01,3.08785219615970163e-11
2386,6304,6.61765690037147580e-01,6.61765690016588803e-01,-2.05587769031012613e-11
2387,6305,5.91811315908858493e-01,5.91811315951278227e-01,4.24197343917853686e-11
2388,6306,1.87699136023176116e-01,1.87699136028792124e-01,5.61600765891512310e-12
2389,6307,2.37847548574640411e-01,2.37847548677992127e-01,1.03351716074229216e-10
2390,6308,6.59146871698647385e-01,6.59146871707262494e-01,8.61510862648628972e-12
2391,6309,2.55252471128634029e-01,2.55252471029986272e-01,-9.86477566300436592e-11
2392,6310,4.59296641810486517e-01,4.59296641811058337e-01,5.71820368833186876e-13
2393,6311,1.97805607956589941e-01,1.97805608060543842e-01,1.03953901042785901e-10
2394,6312,2.37826691999796030e-01,2.37826691848604277e-01,-1.51191753561263909e-10
2395,6313,2.93947275193082336e-01,2.93947275263298835e-01,7.02164992816278755e-11
2396,6314,3.31298038144465845e-01,3.31298038089172464e-01,-5.52933809849776026e-11
2397,6315,5.17004955458936100e-01,5.17004955451094594e-01,-7.84150522292748065e-12
2398,6316,2.85025788531879321e-01,2.85025788515865630e-01,-1.60136903737395642e-11
2399,6317,9.65336562510304419e-02,9.65336563427960648e-02,9.17656228782703920e-11
2400,6318,9.15335372400091218e-02,9.15335371107170864e-02,-1.29292035411232575e-10
2401,6319,6.87859002399495045e-01,6.87859002397819830e-01,-1.67521552185689870e-12
2402,6320,8.35842125588002506e-04,8.35842110819177021e-04,-1.47688254854838608e-11
2403,6321,6.12588689069689218e-01,6.12588689081183246e-01,1.14940279516417831e-11
2404,6322,5.48705317751956523e-01,5.48705317701223882e-01,-5.07326403109686908e-11
2405,6323,3.43486342629115371e-01,3.43486342573495640e-01,-5.56197310430661673e-11
2406,6324,1.10299014921325378e-01,1.10299014848438251e-01,-7.28871268895758817e-11
2407,6325,4.51805141874133287e-01,4.51805141870625870e-01,-3.50741657939579454e-12
2408,6326,2.77260458389744446e-01,2.77260458343771277e-01,-4.59731697155518759e-11
2409,6327,6.77054767242682765e-01,6.77054767239972044e-01,-2.71072053692478221e-12
2410,6328,2.60569529275826828e-01,2.60569529206479744e-01,-6.93470836310439154e-11
2411,6329,5.94133290124409075e-01,5.94133290128579850e-01,4.17077483660932558e-12
2412,6330,5.17418831041738914e-01,5.17418831070145746e-01,2.84068324418740303e-11
2413,6331,3.24613133122039321e-01,3.24613133178616953e-01,5.65776314687127524e-11
2414,6332,8.33076846529049175e-02,8.33076847413401350e-02,8.84352174823632708e-11
2415,6333,2.58563083612149802e-01,2.58563083701644325e-01,8.94945229035215561e-11
2416,6334,1.81959190689174599e-01,1.81959190709645363e-01,2.04707639728241020e-11
2417,6335,5.48507883221533543e-01,5.48507883260048290e-01,3.85147469472713055e-11
2418,6336,3.38003526375262375e-01,3.38003526464666360e-01,8.94039842158633746e-11
2419,6337,3.63682234384945791e-01,3.63682234317442343e-01,-6.75034472763513804e-11
2420,6338,4.50382331267794644e-01,4.50382331266566016e-01,-1.22862831020142949e-12
2421,6339,5.64668621510859059e-01,5.64668621481898558e-01,-2.89605006642545959e-11
2422,6340,5.22365583914632392e-01,5.22365583935593958e-01,2.09615658164352681e-11
2423,6341,1.14906945337570326e-02,1.14906945337725080e-02,1.54754681291890961e-14
2424,6342,1.26175266967452709e-01,1.26175267091848897e-01,1.24396187795028368e-10
2425,6343,1.01873192305646058e-02,1.01873192406566424e-02,1.00920365814216595e-11
2426,6344,3.88507521607836193e-01,3.88507521578871917e-01,-2.89642754225383214e-11
2427,6345,6.19156447888140060e-01,6.19156447884265160e-01,-3.87490040054672136e-12
2428,6346,5.29247077674727007e-01,5.29247077678156708e-01,3.42970096767203358e-12
2429,6347,2.11782123908336700e-01,2.11782123969206953e-01,6.08702532822746889e-11
2430,6348,1.97764844410504070e-01,1.97764844356878605e-01,-5.36254651795076143e-11
2431,6349,1.81044487603458065e-01,1.81044487642162466e-01,3.87044007954528979e-11
2432,6350,2.69714175534291778e-01,2.69714175446661819e-01,-8.76299588448148370e-11
2433,6351,6.81274367430668271e-01,6.81274367458925667e-01,2.82573964227594843e-11
2434,6352,1.13661922315968153e-01,1.13661922349018868e-01,3.30507149426395586e-11
2435,6353,3.94500409318216116e-01,3.94500409260523877e-01,-5.76922398742851783e-11
2436,6354,2.21568785067282947e-01,2.21568785141989133e-01,7.47061856820607773e-11
2437,6355,5.84064838031459144e-01,5.84064838069493275e-01,3.80341313999110753e-11
2438,6356,3.62614437544146573e-01,3.62614437617497509e-01,7.33509364359008487e-11
2439,6357,6.64591546114037396e-02,6.64591546480061968e-02,3.66024571762935125e-11
2440,6358,4.42135326069173940e-01,4.42135326090753011e-01,2.15790718627317801e-11
2441,6359,3.99325547977937123e-01,3.99325547936051517e-01,-4.18856060946382058e-11
2442,6360,5.87189654422046250e-02,5.87189653802780431e-02,-6.19265819179481980e-11
2443,6361,6.84845688302305522e-01,6.84845688312331058e-01,1.00255359569700886e-11
2444,6362,2.15884419873084543e-01,2.15884419720860032e-01,-1.52224510774345845e-10
2445,6363,4.44982914176897504e-01,4.44982914166720700e-01,-1.01768038440752662e-11
2446,6364,3.56739837455369345e-03,3.56739833973250629e-03,-3.48211871663284267e-11
2447,6365,1.30533798881586977e-01,1.30533798782792476e-01,-9.87945003583234893e-11
2448,6366,2.24759538966453426e-01,2.24759538850897722e-01,-1.15555703894543171e-10
2449,6367,5.80410931085360349e-01,5.80410931135536767e-01,5.01764185756314873e-11
2450,6368,4.79530586496427491e-01,4.79530586524367197e-01,2.79397061042629957e-11
2451,6369,3.37389503808520452e-01,3.37389503737523022e-01,-7.09974301571492106e-11
2452,6370,8.16870250487384542e-02,8.16870250246651136e-02,-2.40733405432180803e-11
2453,6371,2.98854143975528619e-01,2.98854144019417289e-01,4.38886704756669133e-11
2454,6372,3.80913705194684427e-01,3.80913705193314578e-01,-1.36984867893374940e-12
2455,6373,4.29546483575676596e-01,4.29546483531569767e-01,-4.41068293000057565e-11
2456,6374,4.04900653271090427e-01,4.04900653214288919e-01,-5.68015079416284152e-11
2457,6375,1.69284447428533838e-02,1.69284447310406247e-02,-1.18127591042238578e-11
2458,6376,3.46654056244971698e-01,3.46654056358461304e-01,1.13489606601291371e-10
2459,6377,8.89590332089195378e-03,8.89590335008431758e-03,2.91923638040536559e-11
2460,6378,2.53704711638106539e-01,2.53704711733803989e-01,9.56974499644047683e-11
2461,6379,6.85610608347076433e-01,6.85610608339434879e-01,-7.64155405619248995e-12
2462,6380,6.25829874903402361e-01,6.25829874884111126e-01,-1.92912352758867200e-11
2463,6381,4.65954818694640616e-01,4.65954818698393169e-01,3.75255382323302911e-12
2464,6382,5.08433186894029832e-01,5.08433186905565049e-01,1.15352172258553765e-11
2465,6383,3.21269842741574337e-03,3.21269842136382919e-03,-6.05191417812900312e-12
2466,6384,3.73069100637238374e-02,3.73069100663092346e-02,2.58539717412631376e-12
2467,6385,6.56881366511326226e-01,6.56881366490782548e-01,-2.05436778699663591e-11
2468,6386,6.63444781790379912e-01,6.63444781822200125e-01,3.18202131310840741e-11
2469,6387,2.45027579285804181e-01,2.45027579151640057e-01,-1.34164124254709805e-10
2470,6388,4.88288327562828861e-01,4.88288327519993182e-01,-4.28356794479611835e-11
2471,6389,6.09887375740100435e-01,6.09887375741950288e-01,1.84985360363043583e-12
2472,6390,3.11215355463888677e-01,3.11215355401252503e-01,-6.26361740252434629e-11
2473,6391,4.57254365112387540e-02,4.57254364708392577e-02,-4.03994962483444908e-11
2474,6392,1.88553469801757717e-01,1.88553469883597696e-01,8.18399792379409519e-11
2475,6393,3.17271000470066400e-01,3.17271000493554056e-01,2.34876562643648867e-11
2476,6394,5.00685672435091544e-01,5.00685672506037349e-01,7.09458047865041408e-11
2477,6395,4.97927723926717414e-02,4.97927723155346599e-02,-7.71370814445226927e-11
2478,6396,5.34587403972171971e-01,5.34587403954879359e-01,-1.72926117869565132e-11
2479,6397,1.41760456061988588e-01,1.41760455919184736e-01,-1.42803852076767157e-10
2480,6398,2.61932389552217053e-03,2.61932387616213872e-03,-1.93600318068587463e-11
2481,6399,7.47026852572917240e-04,7.47026842193094045e-04,-1.03798231945381736e-11
2482,6400,6.86190165592281298e-01,6.86190165583296152e-01,-8.98514596059385440e-12
2483,6401,6.88034337868063561e-01,6.88034337854082745e-01,-1.39808165044996713e-11
