field_index,source_node_id,jax_potential_V,elmer_potential_V,elmer_minus_jax_V
0,28,1.74897022111903583e-01,1.74897022118922330e-01,7.01874669495339276e-12
1,29,1.74897899612878466e-01,1.74897899620863523e-01,7.98505706001151339e-12
2,30,2.29302183840050550e-01,2.29302183836121193e-01,-3.92935683990458529e-12
3,31,2.29286026243137764e-01,2.29286026235307250e-01,-7.83051401498369160e-12
4,32,3.00672004939714636e-04,3.00672000334566288e-04,-4.60514834816141971e-12
5,33,2.80899379687543865e-04,2.80899375128268545e-04,-4.55927532056268903e-12
6,34,2.28399696484498455e-01,2.28399696475738906e-01,-8.75954864199002259e-12
7,35,1.74894380218325318e-01,1.74894380203240968e-01,-1.50843504354014613e-11
8,36,1.19790049312928871e-03,1.19790048221972965e-03,-1.09095590634239459e-11
9,37,2.28398614726091770e-01,2.28398614727793270e-01,1.70150005196489928e-12
10,38,1.74909627028151549e-01,1.74909627011839319e-01,-1.63122293450612688e-11
11,39,1.20870079004249393e-03,1.20870077918337868e-03,-1.08591152563064508e-11
12,40,0.00000000000000000e+00,0.00000000000000000e+00,0.00000000000000000e+00
13,41,1.82849659664393216e-04,1.82849658094772264e-04,-1.56962095231027998e-12
14,42,0.00000000000000000e+00,0.00000000000000000e+00,0.00000000000000000e+00
15,43,4.30446625376568854e-04,4.30446627775704974e-04,2.39913611980308028e-12
16,44,0.00000000000000000e+00,0.00000000000000000e+00,0.00000000000000000e+00
17,45,1.17145848856928451e-04,1.17145847850591605e-04,-1.00633684599425038e-12
18,46,0.00000000000000000e+00,0.00000000000000000e+00,0.00000000000000000e+00
19,47,2.20460944724675239e-04,2.20460946248579180e-04,1.52390394140416996e-12
20,48,2.29572692811121859e-01,2.29572692811121859e-01,0.00000000000000000e+00
21,49,2.29458722389522918e-01,2.29458722390861486e-01,1.33856814521493561e-12
22,50,2.29572692811121859e-01,2.29572692811121887e-01,2.77555756156289135e-17
23,51,2.29355601986145963e-01,2.29355601983140617e-01,-3.00534597208468313e-12
24,52,2.29572692811121859e-01,2.29572692811121887e-01,2.77555756156289135e-17
25,53,2.29396359620435392e-01,2.29396359622410534e-01,1.97514227195938474e-12
26,54,2.29572692811121859e-01,2.29572692811121887e-01,2.77555756156289135e-17
27,55,2.29162813959691680e-01,2.29162813958630945e-01,-1.06073483330249019e-12
28,1202,2.28919419101065669e-01,2.28919419106766830e-01,5.70116176490387261e-12
29,1203,2.27684735053624993e-01,2.27684735059215909e-01,5.59091661855859456e-12
30,1204,2.26131618330035061e-01,2.26131618331710138e-01,1.67507674397882056e-12
31,1205,2.24474813814628277e-01,2.24474813819212582e-01,4.58430515770658076e-12
32,1206,2.22774525851509975e-01,2.22774525855835209e-01,4.32523461491030048e-12
33,1207,2.21041245318452567e-01,2.21041245332245007e-01,1.37924394127963978e-11
34,1208,2.19293479550254161e-01,2.19293479558420157e-01,8.16599565744979827e-12
35,1209,2.17538993493013866e-01,2.17538993498824496e-01,5.81062975513191304e-12
36,1210,2.15776143790359892e-01,2.15776143802148740e-01,1.17888476758309935e-11
37,1211,2.14001106893966425e-01,2.14001106896401783e-01,2.43535747124212776e-12
38,1212,2.12231171459200452e-01,2.12231171475002561e-01,1.58021096208216250e-11
39,1213,2.10457976199087987e-01,2.10457976202603092e-01,3.51510487384132375e-12
40,1214,2.08683110371055469e-01,2.08683110379495051e-01,8.43958236629305247e-12
41,1215,2.06908039976771874e-01,2.06908039981140990e-01,4.36911617995860979e-12
42,1216,2.05129545368648830e-01,2.05129545371461552e-01,2.81272227731221847e-12
43,1217,2.03352676726832604e-01,2.03352676720511966e-01,-6.32063845706909433e-12
44,1218,2.01571587550400805e-01,2.01571587549380621e-01,-1.02018393732805634e-12
45,1219,1.99798043293280214e-01,1.99798043289160204e-01,-4.12000988880834029e-12
46,1220,1.98019667061867938e-01,1.98019667057386800e-01,-4.48113768314328809e-12
47,1221,1.96235787946960644e-01,1.96235787951077933e-01,4.11728984239800866e-12
48,1222,1.94459801859885567e-01,1.94459801850591113e-01,-9.29445409525442301e-12
49,1223,1.92685778757903298e-01,1.92685778749353109e-01,-8.55018833512133369e-12
50,1224,1.90907465135476850e-01,1.90907465118915931e-01,-1.65609193025773038e-11
51,1225,1.89124001963298149e-01,1.89124001947037629e-01,-1.62605207076893521e-11
52,1226,1.87351247900817280e-01,1.87351247889791961e-01,-1.10253195462206577e-11
53,1227,1.85569153313575042e-01,1.85569153309051438e-01,-4.52360371383520032e-12
54,1228,1.83795537370818052e-01,1.83795537361648387e-01,-9.16966502728655541e-12
55,1229,1.82012860684764993e-01,1.82012860669619886e-01,-1.51451073904240729e-11
56,1230,1.80235066090859680e-01,1.80235066081307238e-01,-9.55244217060169376e-12
57,1231,1.78455485651376089e-01,1.78455485645910322e-01,-5.46576672810772379e-12
58,1232,1.76671277831478429e-01,1.76671277836067148e-01,4.58871829422946576e-12
59,1233,2.29013124801250911e-01,2.29013124806402263e-01,5.15135156753387946e-12
60,1234,2.27698017730669999e-01,2.27698017734605129e-01,3.93512999963263610e-12
61,1235,2.26134948837739380e-01,2.26134948846308470e-01,8.56908988211557698e-12
62,1236,2.24472799588643301e-01,2.24472799593620181e-01,4.97688001921403611e-12
63,1237,2.22772626059646595e-01,2.22772626065969981e-01,6.32338625905504159e-12
64,1238,2.21041755296735781e-01,2.21041755308345439e-01,1.16096576796564932e-11
65,1239,2.19294717772638259e-01,2.19294717781751275e-01,9.11301589745505680e-12
66,1240,2.17538240310294034e-01,2.17538240317403375e-01,7.10934089376280554e-12
67,1241,2.15774199363565233e-01,2.15774199376087772e-01,1.25225385616545282e-11
68,1242,2.14008434030697581e-01,2.14008434030471040e-01,-2.26541008174763192e-13
69,1243,2.12237814868523250e-01,2.12237814879906922e-01,1.13836717829940426e-11
70,1244,2.10464189782163719e-01,2.10464189787952116e-01,5.78839753906379428e-12
71,1245,2.08689534901072560e-01,2.08689534909482360e-01,8.40980063365748265e-12
72,1246,2.06907476617221642e-01,2.06907476621802866e-01,4.58122428881324595e-12
73,1247,2.05129913839060957e-01,2.05129913843922651e-01,4.86169438040917612e-12
74,1248,2.03353277184880110e-01,2.03353277174244590e-01,-1.06355202422747652e-11
75,1249,2.01578876533152929e-01,2.01578876532606810e-01,-5.46118705813114502e-13
76,1250,1.99797319505797433e-01,1.99797319495790354e-01,-1.00070784991856954e-11
77,1251,1.98019759538665852e-01,1.98019759541387924e-01,2.72207256735157443e-12
78,1252,1.96242588190193246e-01,1.96242588194980472e-01,4.78722617103244374e-12
79,1253,1.94466019793655964e-01,1.94466019782453897e-01,-1.12020670517409826e-11
80,1254,1.92685545841146361e-01,1.92685545836238759e-01,-4.90760210247742634e-12
81,1255,1.90907142340626723e-01,1.90907142322591483e-01,-1.80352399681282805e-11
82,1256,1.89123901860265647e-01,1.89123901846824566e-01,-1.34410815810781514e-11
83,1257,1.87351668656371040e-01,1.87351668646276615e-01,-1.00944252956480796e-11
84,1258,1.85570444668755774e-01,1.85570444662253170e-01,-6.50260401080515749e-12
85,1259,1.83787271215677478e-01,1.83787271204451153e-01,-1.12263254248290423e-11
86,1260,1.82014391162004852e-01,1.82014391149254329e-01,-1.27505228597613041e-11
87,1261,1.80234867184115188e-01,1.80234867170808249e-01,-1.33069388841278169e-11
88,1262,1.78454397388912361e-01,1.78454397383640245e-01,-5.27211607703748086e-12
89,1263,1.76677567505857058e-01,1.76677567511123595e-01,5.26653720633873945e-12
90,1264,1.73125283644132238e-01,1.73125283651937495e-01,7.80525644117346928e-12
91,1265,1.71359491197139696e-01,1.71359491216912685e-01,1.97729888018471911e-11
92,1266,1.69582599726092242e-01,1.69582599745065593e-01,1.89733506683609221e-11
93,1267,1.67807482613512277e-01,1.67807482632715943e-01,1.92036664348194108e-11
94,1268,1.66045866280353949e-01,1.66045866309692897e-01,2.93389479377736961e-11
95,1269,1.64271444342198897e-01,1.64271444365662322e-01,2.34634256468524427e-11
96,1270,1.62498696701671136e-01,1.62498696718832020e-01,1.71608838250847384e-11
97,1271,1.60725156609488357e-01,1.60725156613795772e-01,4.30741553536506672e-12
98,1272,1.58958518223418221e-01,1.58958518232380497e-01,8.96227536628657617e-12
99,1273,1.57182621369256231e-01,1.57182621371016434e-01,1.76020309439195444e-12
100,1274,1.55411451652948396e-01,1.55411451653818145e-01,8.69748717491347634e-13
101,1275,1.53641620230026615e-01,1.53641620235836579e-01,5.80996362131713795e-12
102,1276,1.51871966408200443e-01,1.51871966406415926e-01,-1.78451697863124537e-12
103,1277,1.50096897744079638e-01,1.50096897744355473e-01,2.75834910468120142e-13
104,1278,1.48329371056153375e-01,1.48329371047241670e-01,-8.91170470751490029e-12
105,1279,1.46558893153476311e-01,1.46558893141838786e-01,-1.16375242775745846e-11
106,1280,1.44786555379391058e-01,1.44786555358215469e-01,-2.11755890600073826e-11
107,1281,1.43012369631956515e-01,1.43012369614296420e-01,-1.76600956081074401e-11
108,1282,1.41248379657924278e-01,1.41248379643149763e-01,-1.47745149448041957e-11
109,1283,1.39475975718935136e-01,1.39475975699685978e-01,-1.92491578232534266e-11
110,1284,1.37702220298363320e-01,1.37702220284720400e-01,-1.36429201269550049e-11
111,1285,1.35927534197234245e-01,1.35927534178634707e-01,-1.85995385759696319e-11
112,1286,1.34159141843389423e-01,1.34159141820742622e-01,-2.26468011010894088e-11
113,1287,1.32388104163923881e-01,1.32388104142250690e-01,-2.16731910196443778e-11
114,1288,1.30615873507054864e-01,1.30615873488043155e-01,-1.90117088738617213e-11
115,1289,1.28847751875493993e-01,1.28847751864987536e-01,-1.05064568156620908e-11
116,1290,1.27073614984313382e-01,1.27073614986551064e-01,2.23768226170761864e-12
117,1291,1.25299577841743698e-01,1.25299577847445387e-01,5.70168912084056956e-12
118,1292,1.23532137078636486e-01,1.23532137096700620e-01,1.80641335223441502e-11
119,1293,1.21757390785569436e-01,1.21757390809395558e-01,2.38261216312096735e-11
120,1294,1.19986661484927246e-01,1.19986661516796933e-01,3.18696874446189327e-11
121,1295,1.18216264622385978e-01,1.18216264655172557e-01,3.27865790072934260e-11
122,1296,1.16442536657350507e-01,1.16442536696358706e-01,3.90081994483537642e-11
123,1297,1.14677477181111917e-01,1.14677477224204946e-01,4.30930291450692948e-11
124,1298,1.12899677633661766e-01,1.12899677671177007e-01,3.75152409137768927e-11
125,1299,1.11133826619058171e-01,1.11133826647388245e-01,2.83300743975090086e-11
126,1300,1.09359153761717842e-01,1.09359153779374357e-01,1.76565151388530239e-11
127,1301,1.07585430824856706e-01,1.07585430838916307e-01,1.40596007058846340e-11
128,1302,1.05814414127756037e-01,1.05814414134244680e-01,6.48864295627049614e-12
129,1303,1.04048330711625919e-01,1.04048330716363630e-01,4.73771022413416176e-12
130,1304,1.02276020126413361e-01,1.02276020134328557e-01,7.91519627618697541e-12
131,1305,1.00500232421741068e-01,1.00500232431526962e-01,9.78589431710474855e-12
132,1306,9.87340884368392430e-02,9.87340884590352380e-02,2.21959950419403640e-11
133,1307,9.69621991289241619e-02,9.69621991584461856e-02,2.95220237145343845e-11
134,1308,9.51912161790432476e-02,9.51912162048444560e-02,2.58012083920178270e-11
135,1309,9.34180662928929678e-02,9.34180663153736379e-02,2.24806701032420619e-11
136,1310,9.16451718879153499e-02,9.16451719141667120e-02,2.62513621951399045e-11
137,1311,8.98769156210467990e-02,8.98769156509994643e-02,2.99526653479986749e-11
138,1312,8.81071292943533396e-02,8.81071293306111003e-02,3.62577606827230170e-11
139,1313,8.63376751508769802e-02,8.63376751822292759e-02,3.13522957595679941e-11
140,1314,8.45624686413780635e-02,8.45624686786509427e-02,3.72728792275012211e-11
141,1315,8.27926514650193790e-02,8.27926515086095383e-02,4.35901592599208243e-11
142,1316,8.10169775219801019e-02,8.10169775708076412e-02,4.88275392340753456e-11
143,1317,7.92516380660750336e-02,7.92516381232141326e-02,5.71390990078413097e-11
144,1318,7.74764610865000397e-02,7.74764611437626233e-02,5.72625835637552427e-11
145,1319,7.57015074350109868e-02,7.57015074918201275e-02,5.68091407249227132e-11
146,1320,7.39294560344520152e-02,7.39294560720126642e-02,3.75606490354840616e-11
147,1321,7.21629910177825490e-02,7.21629910423407517e-02,2.45582026936475017e-11
148,1322,7.03911510276441499e-02,7.03911510638754179e-02,3.62312679857978992e-11
149,1323,6.86251922231570916e-02,6.86251922623589972e-02,3.92019056105752384e-11
150,1324,6.68454855400874154e-02,6.68454855769376188e-02,3.68502034442386162e-11
151,1325,6.50794008556099535e-02,6.50794008888136849e-02,3.32037314310085208e-11
152,1326,6.33048904248951494e-02,6.33048904527539341e-02,2.78587847235556296e-11
153,1327,6.15349713955051641e-02,6.15349714138690301e-02,1.83638659834173268e-11
154,1328,5.97674225172445117e-02,5.97674225070266366e-02,-1.02178751570924931e-11
155,1329,5.79910687596141491e-02,5.79910687391841442e-02,-2.04300049100325509e-11
156,1330,5.62183794883183707e-02,5.62183794736262621e-02,-1.46921086408013934e-11
157,1331,5.44460391386889023e-02,5.44460391245469508e-02,-1.41419514987362049e-11
158,1332,5.26797705535205149e-02,5.26797705424473656e-02,-1.10731493419002902e-11
159,1333,5.09088951461837066e-02,5.09088951437487933e-02,-2.43491338203227770e-12
160,1334,4.91374377829678702e-02,4.91374377999327927e-02,1.69649225223444944e-11
161,1335,4.73625719979903492e-02,4.73625720388319918e-02,4.08416425679014594e-11
162,1336,4.55908842449943910e-02,4.55908843128310995e-02,6.78367084727682368e-11
163,1337,4.38196819070097929e-02,4.38196819839036938e-02,7.68939009687663599e-11
164,1338,4.20537812353239740e-02,4.20537812911838532e-02,5.58598792221864926e-11
165,1339,4.02846150997730051e-02,4.02846151222956833e-02,2.25226781669363163e-11
166,1340,3.85060655196274443e-02,3.85060654973065006e-02,-2.23209437044680215e-11
167,1341,3.67419438796874886e-02,3.67419438301769471e-02,-4.95105414999308380e-11
168,1342,3.49621191776962811e-02,3.49621191309156393e-02,-4.67806418602556562e-11
169,1343,3.31965200893606510e-02,3.31965200423959758e-02,-4.69646752043750837e-11
170,1344,3.14234056236199488e-02,3.14234055695051182e-02,-5.41148306720806715e-11
171,1345,2.96569802277406799e-02,2.96569801863161044e-02,-4.14245755753217537e-11
172,1346,2.78849771474259343e-02,2.78849771334443094e-02,-1.39816248856394765e-11
173,1347,2.61144589764439224e-02,2.61144589703822781e-02,-6.06164424210575703e-12
174,1348,2.43440657174523768e-02,2.43440657140972377e-02,-3.35513908322759846e-12
175,1349,2.25723961154324464e-02,2.25723961293714699e-02,1.39390235465164380e-11
176,1350,2.08012877759329896e-02,2.08012878015769037e-02,2.56439140755571060e-11
177,1351,1.90345311342334754e-02,1.90345311541744479e-02,1.99409724843668812e-11
178,1352,1.72662909699080463e-02,1.72662909647840167e-02,-5.12402967278724475e-12
179,1353,1.54948577636306022e-02,1.54948577331498489e-02,-3.04807533380024864e-11
180,1354,1.37354868010772790e-02,1.37354867852379995e-02,-1.58392795407413800e-11
181,1355,1.19911974713945227e-02,1.19911974928087247e-02,2.14142020088514684e-11
182,1356,1.02242069131199941e-02,1.02242069600317030e-02,4.69117088924830838e-11
183,1357,8.49218184423301652e-03,8.49218189099413233e-03,4.67611158128100612e-11
184,1358,6.76663157633738965e-03,6.76663159717552035e-03,2.08381307001404004e-11
185,1359,5.06873465247585295e-03,5.06873464165221582e-03,-1.08236371254566421e-11
186,1360,3.42824159492384354e-03,3.42824156942697893e-03,-2.54968646022646350e-11
187,1361,1.87064692686034510e-03,1.87064690488272420e-03,-2.19776208950500651e-11
188,1362,5.35179330103611106e-04,5.35179319691792346e-04,-1.04118187595897416e-11
189,1363,1.73131751666054129e-01,1.73131751675017515e-01,8.96338558931120133e-12
190,1364,1.71357926904840724e-01,1.71357926924221887e-01,1.93811633408813577e-11
191,1365,1.69582579048268761e-01,1.69582579068430744e-01,2.01619831941002303e-11
192,1366,1.67815361501379184e-01,1.67815361520469081e-01,1.90898963303709479e-11
193,1367,1.66038275401589441e-01,1.66038275428932708e-01,2.73432665398587460e-11
194,1368,1.64271920146439182e-01,1.64271920168065855e-01,2.16266726749125837e-11
195,1369,1.62499984044877560e-01,1.62499984061254599e-01,1.63770386141237623e-11
196,1370,1.60723931151932897e-01,1.60723931157438410e-01,5.50551271238930440e-12
197,1371,1.58956496045603107e-01,1.58956496053832580e-01,8.22947265888274160e-12
198,1372,1.57191838178569687e-01,1.57191838182691473e-01,4.12178624564774054e-12
199,1373,1.55409314906407886e-01,1.55409314905641888e-01,-7.65998375840126755e-13
200,1374,1.53640490682227460e-01,1.53640490688305764e-01,6.07830452636903829e-12
201,1375,1.51871335074896974e-01,1.51871335071453839e-01,-3.44313466626999798e-12
202,1376,1.50103859574473669e-01,1.50103859574553272e-01,7.96029908656237239e-14
203,1377,1.48329134328328310e-01,1.48329134319892836e-01,-8.43547454110193939e-12
204,1378,1.46558164062121993e-01,1.46558164050350132e-01,-1.17718612635542286e-11
205,1379,1.44785976516996928e-01,1.44785976495741070e-01,-2.12558581846877814e-11
206,1380,1.43021046043822486e-01,1.43021046026403198e-01,-1.74192882340662436e-11
207,1381,1.41239730497476290e-01,1.41239730483557285e-01,-1.39190048376036657e-11
208,1382,1.39476793152807865e-01,1.39476793133072485e-01,-1.97353799968880139e-11
209,1383,1.37702601191906943e-01,1.37702601178734674e-01,-1.31722688312407854e-11
210,1384,1.35927693938204086e-01,1.35927693919543652e-01,-1.86604343088703217e-11
211,1385,1.34158387730431039e-01,1.34158387707825705e-01,-2.26053342711196592e-11
212,1386,1.32381434431910860e-01,1.32381434410215937e-01,-2.16949236353514152e-11
213,1387,1.30616094701619889e-01,1.30616094682418638e-01,-1.92012516997408511e-11
214,1388,1.28848381635052439e-01,1.28848381624271063e-01,-1.07813757921348952e-11
215,1389,1.27071987378648721e-01,1.27071987381376650e-01,2.72792899380647214e-12
216,1390,1.25300054981864833e-01,1.25300054986864223e-01,4.99938979103831116e-12
217,1391,1.23532928059558636e-01,1.23532928077676463e-01,1.81178266833725843e-11
218,1392,1.21758854370235065e-01,1.21758854394594537e-01,2.43594727722395987e-11
219,1393,1.19984285174468339e-01,1.19984285206163166e-01,3.16948273182404705e-11
220,1394,1.18216502290774600e-01,1.18216502323016975e-01,3.22423754361977899e-11
221,1395,1.16443806261967722e-01,1.16443806301058272e-01,3.90905502412053352e-11
222,1396,1.14668701031946235e-01,1.14668701075630861e-01,4.36846253615286173e-11
223,1397,1.12908049049459600e-01,1.12908049085913564e-01,3.64539648467498978e-11
224,1398,1.11125942897558005e-01,1.11125942925564047e-01,2.80060419299843488e-11
225,1399,1.09359765128123745e-01,1.09359765145931251e-01,1.78075054702020452e-11
226,1400,1.07591664099823250e-01,1.07591664113899144e-01,1.40758932287710081e-11
227,1401,1.05820192337650137e-01,1.05820192344695224e-01,7.04508673621262460e-12
228,1402,1.04047679478835697e-01,1.04047679483379923e-01,4.54422610651761261e-12
229,1403,1.02275800216938675e-01,1.02275800225044525e-01,8.10584932509073042e-12
230,1404,1.00501140209023940e-01,1.00501140219506666e-01,1.04827257985107281e-11
231,1405,9.87339695186572330e-02,9.87339695410897056e-02,2.24324725461855223e-11
232,1406,9.69629774355463131e-02,9.69629774646125764e-02,2.90662632851379499e-11
233,1407,9.51831851765883169e-02,9.51831852031724129e-02,2.65840960356200640e-11
234,1408,9.34182714868989628e-02,9.34182715089857257e-02,2.20867629741050564e-11
235,1409,9.16461709450639289e-02,9.16461709714206929e-02,2.63567639935402553e-11
236,1410,8.98709490786068765e-02,8.98709491084551254e-02,2.98482488725326789e-11
237,1411,8.81011759632996799e-02,8.81011759994907578e-02,3.61910779123064685e-11
238,1412,8.63312787886855587e-02,8.63312788204049913e-02,3.17194326360237255e-11
239,1413,8.45633247738651339e-02,8.45633248110293639e-02,3.71642300267538417e-11
240,1414,8.27921174984314195e-02,8.27921175423704941e-02,4.39390746009848954e-11
241,1415,8.10250280919959931e-02,8.10250281408626816e-02,4.88666884734811902e-11
242,1416,7.92437974292911351e-02,7.92437974864528411e-02,5.71617059241802394e-11
243,1417,7.74762650485747162e-02,7.74762651053133022e-02,5.67385860517077845e-11
244,1418,7.57082531920086760e-02,7.57082532486593185e-02,5.66506425103696643e-11
245,1419,7.39351443702455646e-02,7.39351444075899006e-02,3.73443359569236577e-11
246,1420,7.21613065846427593e-02,7.21613066081902149e-02,2.35474556520287592e-11
247,1421,7.03921042627491389e-02,7.03921042992447094e-02,3.64955704545977255e-11
248,1422,6.86181483439552709e-02,6.86181483834409911e-02,3.94857202490328518e-11
249,1423,6.68460607768971288e-02,6.68460608137790013e-02,3.68818725560160487e-11
250,1424,6.50795237199961879e-02,6.50795237531267279e-02,3.31305399781101073e-11
251,1425,6.33051128246392841e-02,6.33051128524078632e-02,2.77685791028048357e-11
252,1426,6.15345758314524705e-02,6.15345758490766226e-02,1.76241521376852006e-11
253,1427,5.97670460866021255e-02,5.97670460768114017e-02,-9.79072378726186798e-12
254,1428,5.79895730534452647e-02,5.79895730336331475e-02,-1.98121172245713240e-11
255,1429,5.62245195215396107e-02,5.62245195071916434e-02,-1.43479672587432106e-11
256,1430,5.44529103822924201e-02,5.44529103685588156e-02,-1.37336045313851685e-11
257,1431,5.26793801859476996e-02,5.26793801748046339e-02,-1.11430656368760594e-11
258,1432,5.09101905669071403e-02,5.09101905641870800e-02,-2.72006028811944134e-12
259,1433,4.91379043170299748e-02,4.91379043339363816e-02,1.69064068300528447e-11
260,1434,4.73625933661877552e-02,4.73625934067152116e-02,4.05274563908264440e-11
261,1435,4.55907167975291155e-02,4.55907168653966258e-02,6.78675102228076810e-11
262,1436,4.38203007165858596e-02,4.38203007937679953e-02,7.71821356826407623e-11
263,1437,4.20476138660096851e-02,4.20476139225624199e-02,5.65527347173855333e-11
264,1438,4.02771641839955313e-02,4.02771642068062430e-02,2.28107116528875054e-11
265,1439,3.85143150448831531e-02,3.85143150223147199e-02,-2.25684332333386806e-11
266,1440,3.67331601274788686e-02,3.67331600783740303e-02,-4.91048382511571901e-11
267,1441,3.49633887850993724e-02,3.49633887390632114e-02,-4.60361609944115457e-11
268,1442,3.31903318549360421e-02,3.31903318078952889e-02,-4.70407532371375225e-11
269,1443,3.14184079881434444e-02,3.14184079341231770e-02,-5.40202674259582238e-11
270,1444,2.96516948844362978e-02,2.96516948427717093e-02,-4.16645884460109528e-11
271,1445,2.78787420929206727e-02,2.78787420783673141e-02,-1.45533585182988645e-11
272,1446,2.61082136244784810e-02,2.61082136185950726e-02,-5.88340834384304401e-12
273,1447,2.43442910255283335e-02,2.43442910226901350e-02,-2.83819842628041386e-12
274,1448,2.25728347056113957e-02,2.25728347197164322e-02,1.41050365831674185e-11
275,1449,2.08010213670382603e-02,2.08010213925201130e-02,2.54818527389844007e-11
276,1450,1.90334391351086908e-02,1.90334391544566932e-02,1.93480023669145851e-11
277,1451,1.72651167761282802e-02,1.72651167713407105e-02,-4.78756964628068715e-12
278,1452,1.55023092446045039e-02,1.55023092148034135e-02,-2.98010904148382494e-11
279,1453,1.37430068934868248e-02,1.37430068790118480e-02,-1.44749767727603285e-11
280,1454,1.19813944360257999e-02,1.19813944567686830e-02,2.07428831056066798e-11
281,1455,1.02214875479213797e-02,1.02214875955676798e-02,4.76463000997906505e-11
282,1456,8.49010815775814998e-03,8.49010820658817333e-03,4.88300233580929444e-11
283,1457,6.76514340702589773e-03,6.76514342858094021e-03,2.15550424731425494e-11
284,1458,5.07868165690267444e-03,5.07868164506720607e-03,-1.18354683692478702e-11
285,1459,3.41910486521962475e-03,3.41910483982511186e-03,-2.53945128814159204e-11
286,1460,1.85839806976337654e-03,1.85839804680003177e-03,-2.29633447673682767e-11
287,1461,6.05442315612974755e-04,6.05442304892947459e-04,-1.07200272964069754e-11
288,1462,2.29389568532491345e-01,2.29389568532900989e-01,4.09644540511067135e-13
289,1463,2.29425837311996700e-01,2.29425837311563824e-01,-4.32875957301348535e-13
290,1464,2.29414391269740364e-01,2.29414391268208118e-01,-1.53224655186079417e-12
291,1465,2.29408745138706599e-01,2.29408745135382730e-01,-3.32386895784964054e-12
292,1466,2.29376710527138122e-01,2.29376710530115130e-01,2.97700752938112601e-12
293,1467,2.29312852879893003e-01,2.29312852877658568e-01,-2.23443485936059005e-12
294,1468,2.29042956650118507e-01,2.29042956646446277e-01,-3.67222918740139903e-12
295,1469,2.27327600123937157e-01,2.27327600123415435e-01,-5.21721554846976687e-13
296,1470,2.24977969436251951e-01,2.24977969423697632e-01,-1.25543186957344233e-11
297,1471,2.22383894179108033e-01,2.22383894168381835e-01,-1.07261977078110249e-11
298,1472,2.19727747914192001e-01,2.19727747907202786e-01,-6.98921476249836360e-12
299,1473,2.17069556994826524e-01,2.17069556986121209e-01,-8.70531424723708369e-12
300,1474,2.14427397278903142e-01,2.14427397268077025e-01,-1.08261177800272890e-11
301,1475,2.11794233459542763e-01,2.11794233452770653e-01,-6.77211065003291424e-12
302,1476,2.09141090569580634e-01,2.09141090560046650e-01,-9.53398471281730053e-12
303,1477,2.06509591158059919e-01,2.06509591148950622e-01,-9.10929665032256253e-12
304,1478,2.03872056489135395e-01,2.03872056484694419e-01,-4.44097536522747305e-12
305,1479,2.01241413314836720e-01,2.01241413308985900e-01,-5.85081982862334371e-12
306,1480,1.98604333025131974e-01,1.98604333036982578e-01,1.18506038315757678e-11
307,1481,1.95968025533456491e-01,1.95968025544837998e-01,1.13815068480960235e-11
308,1482,1.93338800399293714e-01,1.93338800417036188e-01,1.77424741565346267e-11
309,1483,1.90693388410363651e-01,1.90693388431836253e-01,2.14726014746702276e-11
310,1484,1.88079711902990054e-01,1.88079711924643178e-01,2.16531237384742781e-11
311,1485,1.85433571404616276e-01,1.85433571418063575e-01,1.34472988300160523e-11
312,1486,1.82807072861986830e-01,1.82807072868104575e-01,6.11774519931884697e-12
313,1487,1.80165053746360215e-01,1.80165053751867393e-01,5.50717804692624213e-12
314,1488,1.77539176227888729e-01,1.77539176225154388e-01,-2.73434053177368241e-12
315,1489,1.72249079232716568e-01,1.72249079208502576e-01,-2.42139919226502798e-11
316,1490,1.69569339095251459e-01,1.69569339069145647e-01,-2.61058119566115465e-11
317,1491,1.66919083055284079e-01,1.66919083026540988e-01,-2.87430912404573746e-11
318,1492,1.64252502353823215e-01,1.64252502328421618e-01,-2.54015974920918097e-11
319,1493,1.61600978326920747e-01,1.61600978310264876e-01,-1.66558711267583703e-11
320,1494,1.58949687014083768e-01,1.58949687001351508e-01,-1.27322596910062202e-11
321,1495,1.56289382398199950e-01,1.56289382387594322e-01,-1.06056274873367329e-11
322,1496,1.53626566006456355e-01,1.53626565998013109e-01,-8.44324610227431549e-12
323,1497,1.50971759152346258e-01,1.50971759155160146e-01,2.81388801148807488e-12
324,1498,1.48301267549213661e-01,1.48301267566766010e-01,1.75523484635675686e-11
325,1499,1.45633101958966726e-01,1.45633101987251018e-01,2.82842915755310287e-11
326,1500,1.42986957125830677e-01,1.42986957156476691e-01,3.06460135046648929e-11
327,1501,1.40330565583055594e-01,1.40330565619906533e-01,3.68509389669924303e-11
328,1502,1.37658345157885276e-01,1.37658345192450654e-01,3.45653783373478518e-11
329,1503,1.35006480621578911e-01,1.35006480656296973e-01,3.47180617588094265e-11
330,1504,1.32348064522778891e-01,1.32348064550003669e-01,2.72247779875556262e-11
331,1505,1.29687090454590731e-01,1.29687090465533617e-01,1.09428854866422398e-11
332,1506,1.27019226313118211e-01,1.27019226304625726e-01,-8.49248449341644118e-12
333,1507,1.24366832604937499e-01,1.24366832581054049e-01,-2.38834507726437550e-11
334,1508,1.21701295685335636e-01,1.21701295653343297e-01,-3.19923393332643968e-11
335,1509,1.19057206121732581e-01,1.19057206083555689e-01,-3.81768922030900626e-11
336,1510,1.16395638907296664e-01,1.16395638867920370e-01,-3.93762938921682348e-11
337,1511,1.13729241414046528e-01,1.13729241377705237e-01,-3.63412910875382522e-11
338,1512,1.11060463716249738e-01,1.11060463679839974e-01,-3.64097640925820087e-11
339,1513,1.08414214552915458e-01,1.08414214516814739e-01,-3.61007196358897886e-11
340,1514,1.05744294382319831e-01,1.05744294349625317e-01,-3.26945137629763849e-11
341,1515,1.03091927821297419e-01,1.03091927798572583e-01,-2.27248359019327495e-11
342,1516,1.00434772036783748e-01,1.00434772023293969e-01,-1.34897787384957724e-11
343,1517,9.77704451057180152e-02,9.77704450947458059e-02,-1.09722092522801518e-11
344,1518,9.51138831857057526e-02,9.51138831677682955e-02,-1.79374570752344198e-11
345,1519,9.24478828706503941e-02,9.24478828497090205e-02,-2.09413736351748980e-11
346,1520,8.97951733534983754e-02,8.97951733182330569e-02,-3.52653184432227818e-11
347,1521,8.71279072589164483e-02,8.71279072079623046e-02,-5.09541436821692173e-11
348,1522,8.44736393698473226e-02,8.44736393115577827e-02,-5.82895398615335125e-11
349,1523,8.18203341883393248e-02,8.18203341236881376e-02,-6.46511871815746986e-11
350,1524,7.91514991138424912e-02,7.91514990500368915e-02,-6.38055996926567559e-11
351,1525,7.65062296554515214e-02,7.65062295895220512e-02,-6.59294702165524882e-11
352,1526,7.38433178710892757e-02,7.38433177959456760e-02,-7.51435996759752811e-11
353,1527,7.11739956968344689e-02,7.11739956253850670e-02,-7.14494019504741118e-11
354,1528,6.85044513215150586e-02,6.85044512686660279e-02,-5.28490307072360110e-11
355,1529,6.58688991284552688e-02,6.58688990989283324e-02,-2.95269364514183508e-11
356,1530,6.31981919309187734e-02,6.31981919260892061e-02,-4.82956730163408565e-12
357,1531,6.05381211221912505e-02,6.05381211373042794e-02,1.51130288839063098e-11
358,1532,5.78726655916143445e-02,5.78726656167398712e-02,2.51255266592309567e-11
359,1533,5.52117658610693993e-02,5.52117658753224910e-02,1.42530917623950870e-11
360,1534,5.25596257289751081e-02,5.25596257138101139e-02,-1.51649942603526711e-11
361,1535,4.99067613327787638e-02,4.99067612947626596e-02,-3.80161041535487243e-11
362,1536,4.72483015268854931e-02,4.72483014766535148e-02,-5.02319782991200725e-11
363,1537,4.45926776233860275e-02,4.45926775740232290e-02,-4.93627985709288453e-11
364,1538,4.19213888677859373e-02,4.19213888336673335e-02,-3.41186037755569771e-11
365,1539,3.92617744571244487e-02,3.92617744328729937e-02,-2.42514550108374749e-11
366,1540,3.65937699000478331e-02,3.65937699071272604e-02,7.07942732214306147e-12
367,1541,3.39535318062260325e-02,3.39535318540497635e-02,4.78237310863605103e-11
368,1542,3.12839393150026249e-02,3.12839393754161602e-02,6.04135352855195151e-11
369,1543,2.86109089068568960e-02,2.86109089739759771e-02,6.71190811263322473e-11
370,1544,2.59661535148092877e-02,2.59661535781126052e-02,6.33033174490815753e-11
371,1545,2.33039722898226928e-02,2.33039723098071652e-02,1.99844724102504756e-11
372,1546,2.06508496560377751e-02,2.06508496267892548e-02,-2.92485202724179771e-11
373,1547,1.79801847050009532e-02,1.79801846567596187e-02,-4.82413345381793590e-11
374,1548,1.53192503948544681e-02,1.53192503512145431e-02,-4.36399250069996469e-11
375,1549,1.26397274937786724e-02,1.26397274707229987e-02,-2.30556736896536663e-11
376,1550,9.96370309697951727e-03,9.96370308924429161e-03,-7.73522565444828558e-12
377,1551,7.29538236349401657e-03,7.29538236207542649e-03,-1.41859007180000773e-12
378,1552,4.65363164095639482e-03,4.65363165499875931e-03,1.40423644934273284e-11
379,1553,2.24750713175390741e-03,2.24750713973276284e-03,7.97885542358489630e-12
380,1554,1.81993305755003676e-04,1.81993304747470454e-04,-1.00753322243400667e-12
381,1555,1.48576900254494468e-04,1.48576900152043705e-04,-1.02450762717171129e-13
382,1556,1.53368578054655872e-04,1.53368578644289303e-04,5.89633431056363344e-13
383,1557,1.49735279610047561e-04,1.49735280446867974e-04,8.36820413310790379e-13
384,1558,1.91200859676395214e-04,1.91200860980282307e-04,1.30388709269728398e-12
385,1559,2.76450684924915311e-04,2.76450686879980056e-04,1.95506474507875505e-12
386,1560,5.68297529439958397e-04,5.68297529071242814e-04,-3.68715583239087596e-13
387,1561,2.27224497902627054e-01,2.27224497897052541e-01,-5.57451307336975788e-12
388,1562,2.25000033927375442e-01,2.25000033914977970e-01,-1.23974719379305043e-11
389,1563,2.22380388754222613e-01,2.22380388743655621e-01,-1.05669917260797774e-11
390,1564,2.19728722908242607e-01,2.19728722901835455e-01,-6.40715258626300965e-12
391,1565,2.17069515942777874e-01,2.17069515933182910e-01,-9.59496371244483726e-12
392,1566,2.14427918295332531e-01,2.14427918281955315e-01,-1.33772160015865893e-11
393,1567,2.11777842197799410e-01,2.11777842192603288e-01,-5.19612131100188890e-12
394,1568,2.09157544049032057e-01,2.09157544043482413e-01,-5.54964407761815437e-12
395,1569,2.06508769966344097e-01,2.06508769955396576e-01,-1.09475206677700498e-11
396,1570,2.03872368597689479e-01,2.03872368594213510e-01,-3.47596951222328698e-12
397,1571,2.01239614205806994e-01,2.01239614201193157e-01,-4.61383709016160992e-12
398,1572,1.98604018659565035e-01,1.98604018668604859e-01,9.03982444455664336e-12
399,1573,1.95968235701696553e-01,1.95968235716749400e-01,1.50528478570777224e-11
400,1574,1.93339264979396963e-01,1.93339265000460642e-01,2.10636785791251668e-11
401,1575,1.90710193923658317e-01,1.90710193939163775e-01,1.55054580286417831e-11
402,1576,1.88062309935833144e-01,1.88062309951114753e-01,1.52816093113017359e-11
403,1577,1.85436748636734733e-01,1.85436748648069888e-01,1.13351550368179232e-11
404,1578,1.82793521350747529e-01,1.82793521357638072e-01,6.89054369118480281e-12
405,1579,1.80165963731121564e-01,1.80165963735565371e-01,4.44380643394026720e-12
406,1580,1.77536285659658621e-01,1.77536285659017357e-01,-6.41264819023490418e-13
407,1581,1.72232700652167087e-01,1.72232700629233765e-01,-2.29333219081695461e-11
408,1582,1.69584468350179318e-01,1.69584468326101079e-01,-2.40782394023142388e-11
409,1583,1.66917231080548734e-01,1.66917231052913811e-01,-2.76349221284277746e-11
410,1584,1.64251839847893655e-01,1.64251839823162771e-01,-2.47308840073401370e-11
411,1585,1.61604980441635626e-01,1.61604980425781114e-01,-1.58545121475839323e-11
412,1586,1.58935781639624074e-01,1.58935781625932859e-01,-1.36912148285261992e-11
413,1587,1.56276929876361159e-01,1.56276929866764114e-01,-9.59704538061600942e-12
414,1588,1.53614242005518126e-01,1.53614241996258116e-01,-9.26000942591542753e-12
415,1589,1.50958103374592201e-01,1.50958103377062031e-01,2.46982989615673887e-12
416,1590,1.48299927357947420e-01,1.48299927375821039e-01,1.78736192513184733e-11
417,1591,1.45648130933853648e-01,1.45648130960433497e-01,2.65798494325508727e-11
418,1592,1.42984679674019510e-01,1.42984679705427331e-01,3.14078207885870597e-11
419,1593,1.40330504705782760e-01,1.40330504742438245e-01,3.66554842035071715e-11
420,1594,1.37673308219650126e-01,1.37673308254135207e-01,3.44850814570918374e-11
421,1595,1.35005564464341671e-01,1.35005564498580893e-01,3.42392225682885964e-11
422,1596,1.32347535398003313e-01,1.32347535425373364e-01,2.73700506703278279e-11
423,1597,1.29686134061181374e-01,1.29686134072358822e-01,1.11774478561699198e-11
424,1598,1.27033273964014065e-01,1.27033273956379311e-01,-7.63475394016666087e-12
425,1599,1.24364389020022184e-01,1.24364388996226316e-01,-2.37958680537886380e-11
426,1600,1.21718022943571397e-01,1.21718022911801074e-01,-3.17703224839149811e-11
427,1601,1.19042111996422409e-01,1.19042111957746763e-01,-3.86756460191151064e-11
428,1602,1.16381680644623092e-01,1.16381680606517587e-01,-3.81055048626066650e-11
429,1603,1.13728116656175798e-01,1.13728116619456671e-01,-3.67191277383938086e-11
430,1604,1.11078011878727498e-01,1.11078011843319391e-01,-3.54081070019773847e-11
431,1605,1.08411511600589344e-01,1.08411511563797108e-01,-3.67922359245653752e-11
432,1606,1.05759029168218929e-01,1.05759029136880692e-01,-3.13382375605186780e-11
433,1607,1.03090070274190274e-01,1.03090070250952223e-01,-2.32380503728535359e-11
434,1608,1.00435940521116665e-01,1.00435940508537283e-01,-1.25793819805153362e-11
435,1609,9.77721644739816403e-02,9.77721644629295367e-02,-1.10521036766897396e-11
436,1610,9.51131351601609276e-02,9.51131351429211763e-02,-1.72397512931965480e-11
437,1611,9.24618098946645151e-02,9.24618098732209459e-02,-2.14435691425762798e-11
438,1612,8.97936189783517386e-02,8.97936189435341453e-02,-3.48175932529670717e-11
439,1613,8.71418633807793941e-02,8.71418633301031809e-02,-5.06762132257421172e-11
440,1614,8.44744942681616984e-02,8.44744942091355117e-02,-5.90261867161601117e-11
441,1615,8.18069261936124337e-02,8.18069261307470402e-02,-6.28653934464651343e-11
442,1616,7.91538935079083156e-02,7.91538934438988512e-02,-6.40094643955535503e-11
443,1617,7.64912887994577961e-02,7.64912887325324281e-02,-6.69253680252168692e-11
444,1618,7.38296603454616091e-02,7.38296602708339439e-02,-7.46276651586441631e-11
445,1619,7.11741449782834629e-02,7.11741449066065762e-02,-7.16768866482198064e-11
446,1620,6.85239705871888011e-02,6.85239705343333311e-02,-5.28554700007788369e-11
447,1621,6.58515075215919260e-02,6.58515074932457395e-02,-2.83461865091538812e-11
448,1622,6.31989940499005226e-02,6.31989940449988047e-02,-4.90171792044691301e-12
449,1623,6.05371442946128838e-02,6.05371443098224812e-02,1.52095974703669867e-11
450,1624,5.78859151918897294e-02,5.78859152169179172e-02,2.50281878555469461e-11
451,1625,5.52261486567255169e-02,5.52261486717034386e-02,1.49779216807033322e-11
452,1626,5.25594605204073861e-02,5.25594605049773816e-02,-1.54300044963306959e-11
453,1627,4.99063090765095585e-02,4.99063090382265220e-02,-3.82830364631381315e-11
454,1628,4.72484956861888988e-02,4.72484956355821023e-02,-5.06067965311274293e-11
455,1629,4.45771245258856433e-02,4.45771244768801631e-02,-4.90054802293471425e-11
456,1630,4.19223423249634602e-02,4.19223422903330992e-02,-3.46303610787579430e-11
457,1631,3.92609547002545148e-02,3.92609546764761536e-02,-2.37783612244690801e-11
458,1632,3.66100515961983522e-02,3.66100516031651890e-02,6.96683682965826279e-12
459,1633,3.39368213358825985e-02,3.39368213837029087e-02,4.78203102116658840e-11
460,1634,3.12849807755861756e-02,3.12849808358571582e-02,6.02709826491576450e-11
461,1635,2.86284366103873762e-02,2.86284366770377628e-02,6.66503865986989297e-11
462,1636,2.59648103945294452e-02,2.59648104588983894e-02,6.43689442025863201e-11
463,1637,2.33057889925376849e-02,2.33057890124762634e-02,1.99385785659700332e-11
464,1638,2.06365065081607832e-02,2.06365064775019223e-02,-3.06588608667279772e-11
465,1639,1.79677726128397754e-02,1.79677725641275328e-02,-4.87122425729680231e-11
466,1640,1.53067378523859127e-02,1.53067378100567291e-02,-4.23291835610628553e-11
467,1641,1.26409136522833924e-02,1.26409136291238660e-02,-2.31595263799899698e-11
468,1642,9.96380326355521956e-03,9.96380325527993806e-03,-8.27528150171286114e-12
469,1643,7.28324201580935610e-03,7.28324201534307197e-03,-4.66284129363447875e-13
470,1644,4.65677017966239885e-03,4.65677019316964366e-03,1.35072448018136448e-11
471,1645,2.31763644137194082e-03,2.31763644886397863e-03,7.49203780611717995e-12
472,1646,8.27932562160964129e-05,8.27932553780374205e-05,-8.38058992320110663e-13
473,1647,0.00000000000000000e+00,0.00000000000000000e+00,0.00000000000000000e+00
474,1648,0.00000000000000000e+00,0.00000000000000000e+00,0.00000000000000000e+00
475,1649,0.00000000000000000e+00,0.00000000000000000e+00,0.00000000000000000e+00
476,1650,0.00000000000000000e+00,0.00000000000000000e+00,0.00000000000000000e+00
477,1651,0.00000000000000000e+00,0.00000000000000000e+00,0.00000000000000000e+00
478,1652,1.18546100483953040e-04,1.18546101888128834e-04,1.40417579365219314e-12
479,1653,1.39030708496694556e-04,1.39030708244878843e-04,-2.51815712379310774e-13
480,1654,1.37352091024945267e-04,1.37352091532980830e-04,5.08035562403474916e-13
481,1655,1.47229992807016471e-04,1.47229993597347000e-04,7.90330528886024064e-13
482,1656,1.70028202119421778e-04,1.70028203281465492e-04,1.16204371429159958e-12
483,1657,2.29898371788485659e-04,2.29898373616802372e-04,1.82831671352058633e-12
484,1658,6.32227206810086299e-05,6.32227199658836491e-05,-7.15124980716838610e-13
485,1659,0.00000000000000000e+00,0.00000000000000000e+00,0.00000000000000000e+00
486,1660,0.00000000000000000e+00,0.00000000000000000e+00,0.00000000000000000e+00
487,1661,0.00000000000000000e+00,0.00000000000000000e+00,0.00000000000000000e+00
488,1662,0.00000000000000000e+00,0.00000000000000000e+00,0.00000000000000000e+00
489,1663,0.00000000000000000e+00,0.00000000000000000e+00,0.00000000000000000e+00
490,1664,1.12131196070512488e-04,1.12131197560203535e-04,1.48969104738459757e-12
491,1665,1.07749529462065853e-04,1.07749529177331269e-04,-2.84734584000967406e-13
492,1666,1.03036754527253442e-04,1.03036754813312827e-04,2.86059384188054600e-13
493,1667,1.09426634747428208e-04,1.09426635379377576e-04,6.31949367510022120e-13
494,1668,1.26643778989958653e-04,1.26643780039424966e-04,1.04946631354803366e-12
495,1669,1.65247789575447733e-04,1.65247791307705544e-04,1.73225781050119487e-12
496,1670,2.29509449056725268e-01,2.29509449057685055e-01,9.59787804788447829e-13
497,1671,2.29572692811121859e-01,2.29572692811121859e-01,0.00000000000000000e+00
498,1672,2.29572692811121859e-01,2.29572692811121859e-01,0.00000000000000000e+00
499,1673,2.29572692811121859e-01,2.29572692811121859e-01,0.00000000000000000e+00
500,1674,2.29572692811121859e-01,2.29572692811121859e-01,0.00000000000000000e+00
501,1675,2.29572692811121859e-01,2.29572692811121859e-01,0.00000000000000000e+00
502,1676,2.29450541610486808e-01,2.29450541609696079e-01,-7.90728593713652117e-13
503,1677,2.29463129589201953e-01,2.29463129589407955e-01,2.06001882219197796e-13
504,1678,2.29466063254744834e-01,2.29466063255788749e-01,1.04391495447941907e-12
505,1679,2.29460989937585597e-01,2.29460989937280868e-01,-3.04728464683989841e-13
506,1680,2.29443239658135845e-01,2.29443239658818299e-01,6.82454093237083725e-13
507,1681,2.29403116359178177e-01,2.29403116358822323e-01,-3.55854234967978300e-13
508,1682,2.29491338404468975e-01,2.29491338406142609e-01,1.67363345404680786e-12
509,1683,2.29572692811121859e-01,2.29572692811121915e-01,5.55111512312578270e-17
510,1684,2.29572692811121859e-01,2.29572692811121859e-01,0.00000000000000000e+00
511,1685,2.29572692811121859e-01,2.29572692811121831e-01,-2.77555756156289135e-17
512,1686,2.29572692811121859e-01,2.29572692811121831e-01,-2.77555756156289135e-17
513,1687,2.29572692811121859e-01,2.29572692811121831e-01,-2.77555756156289135e-17
514,1688,2.29449997199482086e-01,2.29449997198631017e-01,-8.51069215102029375e-13
515,1689,2.29424790176971399e-01,2.29424790177134102e-01,1.62703184258816691e-13
516,1690,2.29428364496117698e-01,2.29428364497111098e-01,9.93399806858974443e-13
517,1691,2.29418711745574710e-01,2.29418711744819592e-01,-7.55118190198800221e-13
518,1692,2.29399484427620370e-01,2.29399484427285000e-01,-3.35370620163644162e-13
519,1693,2.29342398334995701e-01,2.29342398333848063e-01,-1.14763754055502432e-12
520,3405,2.04241190260601946e-01,2.04241190251975541e-01,-8.62640514576185069e-12
521,3406,1.97129522281184827e-01,1.97129522282261854e-01,1.07702735618886436e-12
522,3407,2.20168953587262378e-01,2.20168953597430633e-01,1.01682551267856525e-11
523,3408,2.18416673661196797e-01,2.18416673670786127e-01,9.58932933059486459e-12
524,3409,1.98908793293913116e-01,1.98908793290079017e-01,-3.83409970439174685e-12
525,3410,1.93574716861672935e-01,1.93574716851369594e-01,-1.03033415133069184e-11
526,3411,2.14890222788734792e-01,2.14890222795224850e-01,6.49005849062689322e-12
527,3412,2.29172505736316728e-01,2.29172505739380722e-01,3.06399350336050702e-12
528,3413,2.06018042701376358e-01,2.06018042703595389e-01,2.21903051489391601e-12
529,3414,1.79345165188862593e-01,1.79345165180617439e-01,-8.24515455910557193e-12
530,3415,1.77563918927943959e-01,1.77563918930995740e-01,3.05178105008963030e-12
531,3416,2.02479645176334516e-01,2.02479645168023775e-01,-8.31074098428530306e-12
532,3417,1.81124569730448270e-01,1.81124569718156908e-01,-1.22913623723519549e-11
533,3418,1.88237881088939379e-01,1.88237881074505786e-01,-1.44335932095174257e-11
534,3419,1.84680016721844226e-01,1.84680016711869871e-01,-9.97435467553486887e-12
535,3420,2.26918252055321956e-01,2.26918252059974679e-01,4.65272265159910603e-12
536,3421,2.11348293256914621e-01,2.11348293266773041e-01,9.85841963618838690e-12
537,3422,1.95351609060563675e-01,1.95351609057124093e-01,-3.43958195259119748e-12
538,3423,1.82902613139243497e-01,1.82902613128479052e-01,-1.07644448910093615e-11
539,3424,2.07797083525499554e-01,2.07797083532559546e-01,7.05999148031821733e-12
540,3425,1.75802190470206454e-01,1.75802190477218873e-01,7.01241842371302937e-12
541,3426,2.25306836642116259e-01,2.25306836646748637e-01,4.63237781467285004e-12
542,3427,2.23625066462376870e-01,2.23625066469475858e-01,7.09898806405817595e-12
543,3428,1.90014790225750324e-01,1.90014790207572504e-01,-1.81778203600657662e-11
544,3429,2.13120351050118423e-01,2.13120351058763424e-01,8.64500138142432206e-12
545,3430,1.91796477983047831e-01,1.91796477972083712e-01,-1.09641185019881959e-11
546,3431,2.00702771452194312e-01,2.00702771449132067e-01,-3.06224490209672240e-12
547,3432,2.28323870614892843e-01,2.28323870620980557e-01,6.08771366650273649e-12
548,3433,2.21908806433890188e-01,2.21908806442672274e-01,8.78208616938991327e-12
549,3434,2.16657992966265422e-01,2.16657992972314611e-01,6.04918892754824356e-12
550,3435,2.09589334239349195e-01,2.09589334242948733e-01,3.59953733486406691e-12
551,3436,1.86461241855331444e-01,1.86461241846510084e-01,-8.82136030888602818e-12
552,3437,4.82499227470181702e-02,4.82499227758424673e-02,2.88242971158148009e-11
553,3438,1.46197254036798587e-02,1.46197253789307792e-02,-2.47490795218796578e-11
554,3439,3.05375536391162029e-02,3.05375535895257358e-02,-4.95904671493629934e-11
555,3440,9.07597808487082686e-02,9.07597808765309016e-02,2.78226330863162730e-11
556,3441,5.91768086320356140e-03,5.91768086741343430e-03,4.20987290167262884e-12
557,3442,1.11098435034774658e-02,1.11098435434132375e-02,3.99357717034698467e-11
558,3443,9.35873023988350282e-03,9.35873029019229120e-03,5.03087883851893736e-11
559,3444,4.24553314954897749e-03,4.24553312933527525e-03,-2.02137022398130028e-11
560,3445,3.58502184753467165e-02,3.58502184261316609e-02,-4.92150556419268526e-11
561,3446,1.22584723593115218e-03,1.22584721872593901e-03,-1.72052131656302842e-11
562,3447,1.01387971637373980e-01,1.01387971646124120e-01,8.75013950185632439e-12
563,3448,7.30466600458649362e-02,7.30466600753186535e-02,2.94537172429443217e-11
564,3449,6.59627737894827454e-02,6.59627738248383111e-02,3.53555656973369992e-11
565,3450,4.01305387295594000e-04,4.01305379936113895e-04,-7.35948010432280197e-12
566,3451,6.24194045500085018e-02,6.24194045738596728e-02,2.38511710382027786e-11
567,3452,5.88787457211003631e-02,5.88787457041793083e-02,-1.69210548350839929e-11
568,3453,1.99179311474829077e-02,1.99179311713989261e-02,2.39160184711817436e-11
569,3454,3.76240173137225575e-02,3.76240172754214591e-02,-3.83010984039700020e-11
570,3455,1.12016879975249159e-01,1.12016880008060815e-01,3.28116561698621467e-11
571,3456,5.35647759137408558e-02,5.35647759009038812e-02,-1.28369745389100842e-11
572,3457,2.69963758150947378e-02,2.69963758061001514e-02,-8.99458632575012018e-12
573,3458,4.47050888594572732e-02,4.47050889341470206e-02,7.46897474424024210e-11
574,3459,1.63812153631892610e-02,1.63812153440791690e-02,-1.91100919810782699e-11
575,3460,2.52433668034744464e-02,2.52433667982949091e-02,-5.17953735457155062e-12
576,3461,2.63759083528844517e-03,2.63759081005450653e-03,-2.52339386365429963e-11
577,3462,1.28601868140275771e-02,1.28601868171921031e-02,3.16452593296379092e-12
578,3463,1.43901462042280631e-01,1.43901462021284676e-01,-2.09959549746230323e-11
579,3464,1.27958928443912656e-01,1.27958928440172759e-01,-3.73989728075230232e-12
580,3465,1.74012606848098522e-01,1.74012606855175334e-01,7.07681135914128845e-12
581,3466,4.11660658998681261e-02,4.11660659401634835e-02,4.02953573286346511e-11
582,3467,7.62583558523465075e-03,7.62583562185817701e-03,3.66235262602709888e-11
583,3468,1.81493900792888720e-02,1.81493900875597282e-02,8.27085622212564431e-12
584,3469,1.08472433494076551e-01,1.08472433509620728e-01,1.55441770566255855e-11
585,3470,1.15557854647825684e-01,1.15557854690375744e-01,4.25500606970885542e-11
586,3471,1.04933111509131441e-01,1.04933111514273245e-01,5.14180364952210311e-12
587,3472,7.83621665302452197e-02,7.83621665879477985e-02,5.77025788262020001e-11
588,3473,1.31500548906807929e-01,1.31500548886591240e-01,-2.02166894336386349e-11
589,3474,1.52757519048517421e-01,1.52757519049564111e-01,1.04669051204098196e-12
590,3475,1.45672465723871408e-01,1.45672465707384041e-01,-1.64873670271958872e-11
591,3476,1.17329430281815847e-01,1.17329430317387379e-01,3.55715318312022077e-11
592,3477,1.66927052745449750e-01,1.66927052770832307e-01,2.53825571672194883e-11
593,3478,1.50999225110249435e-01,1.50999225110164836e-01,-8.45989944764369284e-14
594,3479,2.16866704880442768e-02,2.16866705087669434e-02,2.07226666382176461e-11
595,3480,1.59841384722853114e-01,1.59841384728375918e-01,5.52280443599784121e-12
596,3481,8.72192151463635351e-02,8.72192151804586924e-02,3.40951572530556746e-11
597,3482,6.95065145994742950e-02,6.95065146381993321e-02,3.87250370659231180e-11
598,3483,1.33271717374771781e-01,1.33271717352425989e-01,-2.23457918835379132e-11
599,3484,1.40360466238048043e-01,1.40360466220041558e-01,-1.80064851917904889e-11
600,3485,1.58071982773036995e-01,1.58071982778592218e-01,5.55522294831689578e-12
601,3486,1.68696633838757992e-01,1.68696633858171741e-01,1.94137483866541061e-11
602,3487,1.63385228171094604e-01,1.63385228191583132e-01,2.04885275412181045e-11
603,3488,1.47444046256052619e-01,1.47444046246462984e-01,-9.58963464192663650e-12
604,3489,1.29747000189465667e-01,1.29747000173560528e-01,-1.59051383175068395e-11
605,3490,1.26186743669129325e-01,1.26186743673207508e-01,4.07818223635558752e-12
606,3491,9.25324253634811217e-02,9.25324253877552322e-02,2.42741104994337320e-11
607,3492,4.64917306865232291e-02,4.64917307412289482e-02,5.47057191213617955e-11
608,3493,3.40775442164397147e-02,3.40775441702286450e-02,-4.62110696930473352e-11
609,3494,9.60754257195386707e-02,9.60754257478026036e-02,2.82639328608169649e-11
610,3495,1.54526011240458644e-01,1.54526011244670275e-01,4.21163104391553134e-12
611,3496,7.66049885585941837e-02,7.66049886164802823e-02,5.78860986921725384e-11
612,3497,7.12769667710646537e-02,7.12769668009283763e-02,2.98637226059383920e-11
613,3498,5.00242677687743748e-02,5.00242677755446535e-02,6.77027878204228273e-12
614,3499,1.72244306403219805e-01,1.72244306415279991e-01,1.20601861830493817e-11
615,3500,9.43180801187842588e-02,9.43180801426630744e-02,2.38788155915159450e-11
616,3501,5.18097489418497884e-02,5.18097489343635892e-02,-7.48619916057791102e-12
617,3502,1.70484104112058499e-01,1.70484104130323472e-01,1.82649728674988410e-11
618,3503,1.61610998824780500e-01,1.61610998836230868e-01,1.14503684311983989e-11
619,3504,1.35042946137805375e-01,1.35042946116279289e-01,-2.15260864688815445e-11
620,3505,1.22644777811566394e-01,1.22644777833120652e-01,2.15542583781314079e-11
621,3506,1.13788542310197666e-01,1.13788542351258001e-01,4.10603356870709035e-11
622,3507,9.78489236458013889e-02,9.78489236724148365e-02,2.66134475568335915e-11
623,3508,5.53350198926781389e-02,5.53350198784975447e-02,-1.41805941988870643e-11
624,3509,4.29352531909119733e-02,4.29352532591491601e-02,6.82371867344322425e-11
625,3510,1.56313871345899580e-01,1.56313871346845351e-01,9.45771239102555228e-13
626,3511,1.24431048512458856e-01,1.24431048523907864e-01,1.14490084079932330e-11
627,3512,6.06513375741730490e-02,6.06513375782772798e-02,4.10423084407085526e-12
628,3513,1.38590438330359889e-01,1.38590438314034697e-01,-1.63251911988737675e-11
629,3514,1.20887413147444819e-01,1.20887413175641695e-01,2.81968753901296054e-11
630,3515,1.65172404107862797e-01,1.65172404133244716e-01,2.53819187889803288e-11
631,3516,1.19100942974330812e-01,1.19100943006911208e-01,3.25803967138327266e-11
632,3517,1.10260596905459973e-01,1.10260596928304005e-01,2.28440322214140679e-11
633,3518,9.96175285879368350e-02,9.96175286039652774e-02,1.60284424621792709e-11
634,3519,1.42146418483767467e-01,1.42146418468621388e-01,-1.51460788355706200e-11
635,3520,1.06702488574934584e-01,1.06702488585243283e-01,1.03086983394007348e-11
636,3521,8.36782340510121431e-02,8.36782340921348317e-02,4.11226885876914139e-11
637,3522,5.71058969159205024e-02,5.71058968983461854e-02,-1.75743170016673389e-11
638,3523,8.19205361026898032e-02,8.19205361489279138e-02,4.62381105625908617e-11
639,3524,1.03161940082173914e-01,1.03161940088504656e-01,6.33074148659318325e-12
640,3525,8.01492473927728488e-02,8.01492474462527776e-02,5.34799288187670641e-11
641,3526,1.36815426455708100e-01,1.36815426440199173e-01,-1.55089274755937367e-11
642,3527,8.54640207908364397e-02,8.54640208245113081e-02,3.36748684492960138e-11
643,3528,3.94105518595690291e-02,3.94105518599920379e-02,4.23008850169992456e-13
644,3529,2.87831904033280760e-02,2.87831903753252780e-02,-2.80027979970842722e-11
645,3530,3.23072899611782718e-02,3.23072899099796293e-02,-5.11986425477672924e-11
646,3531,1.49214765188200094e-01,1.49214765183257825e-01,-4.94226881642134686e-12
647,3532,6.42068543624045029e-02,6.42068543928443203e-02,3.04398173334163857e-11
648,3533,7.48338506364682049e-02,7.48338506847744528e-02,4.83062478906504111e-11
649,3534,8.89890353772654075e-02,8.89890354108267695e-02,3.35613620228158993e-11
650,3535,6.77490164993160698e-02,6.77490165375747716e-02,3.82587017622171288e-11
651,3536,2.34724102796007375e-02,2.34724102844412648e-02,4.84052728455530712e-12
652,3537,2.07883863699921040e-01,2.07883863693145654e-01,-6.77538580795555845e-12
653,3538,2.18561682695722931e-01,2.18561682691224612e-01,-4.49831838444936238e-12
654,3539,1.97285313838575005e-01,1.97285313846900429e-01,8.32542368378597075e-12
655,3540,3.20524765507466697e-04,3.20524766914970477e-04,1.40750377932569171e-12
656,3541,1.86775399073820125e-01,1.86775399086365118e-01,1.25449928223275720e-11
657,3542,1.76246024188307565e-01,1.76246024189001621e-01,6.94055923844416611e-13
658,3543,2.29251281436381460e-01,2.29251281435958104e-01,-4.23355794865187818e-13
659,3544,1.10976601251842263e-02,1.10976601395261758e-02,1.43419495030050470e-11
660,3545,1.63802743193044477e-02,1.63802743095232232e-02,-9.78122444150741899e-12
661,3546,2.16878180564180484e-02,2.16878180732397625e-02,1.68217141605087050e-11
662,3547,2.69488881372637878e-02,2.69488881277054233e-02,-9.55836451654867858e-12
663,3548,3.22961955987313906e-02,3.22961955546386473e-02,-4.40927433453808248e-11
664,3549,3.75178552404248772e-02,3.75178552097612111e-02,-3.06636660507564329e-11
665,3550,4.31062177945286465e-02,4.31062178541733454e-02,5.96446989020726903e-11
666,3551,4.82505708791914761e-02,4.82505709052215431e-02,2.60300669907564952e-11
667,3552,5.34665841346990967e-02,5.34665841239400988e-02,-1.07589978592947944e-11
668,3553,5.89966025917275858e-02,5.89966025818863052e-02,-9.84128056824573605e-12
669,3554,6.42973907266913836e-02,6.42973907571091075e-02,3.04177238952263451e-11
670,3555,6.96092927210843621e-02,6.96092927535356121e-02,3.24512500204932053e-11
671,3556,7.45834094297334188e-02,7.45834094662913422e-02,3.65579233552182359e-11
672,3557,8.01324515975136570e-02,8.01324516406504844e-02,4.31368274433907573e-11
673,3558,8.53950478221861126e-02,8.53950478553885811e-02,3.32024685523180096e-11
674,3559,9.09108960801871813e-02,9.09108961072011001e-02,2.70139188796036933e-11
675,3560,9.57954255899801793e-02,9.57954256151456046e-02,2.51654252991784233e-11
676,3561,1.01388651176942082e-01,1.01388651183467196e-01,6.52511378262943254e-12
677,3562,1.06582864533716209e-01,1.06582864546861014e-01,1.31448046891691206e-11
678,3563,1.12124077872179678e-01,1.12124077908155872e-01,3.59761942458902695e-11
679,3564,1.17551554485552726e-01,1.17551554515443607e-01,2.98908814366782849e-11
680,3565,1.22599060831472081e-01,1.22599060846893204e-01,1.54211227121336947e-11
681,3566,1.27872123092119705e-01,1.27872123088927564e-01,-3.19214099597786571e-12
682,3567,1.33234865220756199e-01,1.33234865201727143e-01,-1.90290561086214893e-11
683,3568,1.38971425317472447e-01,1.38971425348238031e-01,3.07655845244170223e-11
684,3569,1.49544992171331437e-01,1.49544992174805380e-01,3.47394335520334607e-12
685,3570,1.60459534027642819e-01,1.60459534006887117e-01,-2.07557027120941484e-11
686,3571,1.68104823855414864e-01,1.68104823836278783e-01,-1.91360816081953544e-11
687,3572,2.13348493098235559e-01,2.13348493103995784e-01,5.76022562981393094e-12
688,3573,2.02464458159213462e-01,2.02464458155942884e-01,-3.27057825266763302e-12
689,3574,1.91819463602511314e-01,1.91819463592229927e-01,-1.02813868529949559e-11
690,3575,1.81060129922845814e-01,1.81060129910078166e-01,-1.27676480499161471e-11
691,3576,1.43947400106119755e-01,1.43947400085715049e-01,-2.04047057028589052e-11
692,3577,1.54513686303968445e-01,1.54513686305862180e-01,1.89373516867874514e-12
693,3578,1.72173775683601177e-01,1.72173775699492410e-01,1.58912327741234094e-11
694,3579,2.22156729358502225e-01,2.22156729367037370e-01,8.53514481313766282e-12
695,3580,1.63604315438489772e-01,1.63604315451338467e-01,1.28486943307137835e-11
696,3581,8.64603991984786054e-03,8.64603991242830598e-03,-7.41955455407783404e-12
697,3582,1.39747248872709763e-02,1.39747248564657239e-02,-3.08052524461421839e-11
698,3583,1.93888095904503795e-02,1.93888095544626632e-02,-3.59877162792177074e-11
699,3584,2.45812294974598923e-02,2.45812295317329801e-02,3.42730878399866157e-11
700,3585,2.99856807970151525e-02,2.99856808555103611e-02,5.84952086768453228e-11
701,3586,3.52701642802970491e-02,3.52701643083677407e-02,2.80706916044870525e-11
702,3587,4.06538243916909764e-02,4.06538243657108278e-02,-2.59801485880117866e-11
703,3588,4.59151779963896389e-02,4.59151779454937889e-02,-5.08958500344824927e-11
704,3589,5.12319638010693135e-02,5.12319637751215209e-02,-2.59477925257378672e-11
705,3590,5.64727140333922545e-02,5.64727140493867866e-02,1.59945320876708763e-11
706,3591,6.17867924892242029e-02,6.17867924932811105e-02,4.05690758764620796e-12
707,3592,6.73057547795869043e-02,6.73057547467834499e-02,-3.28034543972677284e-11
708,3593,7.25632977615356389e-02,7.25632976952647196e-02,-6.62709193077759551e-11
709,3594,7.80364799415579347e-02,7.80364798824752792e-02,-5.90826554347501087e-11
710,3595,8.31953906638965152e-02,8.31953906176935709e-02,-4.62029442482858599e-11
711,3596,8.83768406703795556e-02,8.83768406305875109e-02,-3.97920446593147403e-11
712,3597,9.36241455051430582e-02,9.36241454910391041e-02,-1.41039541157184090e-11
713,3598,9.90675065904610547e-02,9.90675065796907395e-02,-1.07703151952520670e-11
714,3599,1.04368981614994888e-01,1.04368981586591220e-01,-2.84036683062538486e-11
715,3600,1.09433728346096368e-01,1.09433728316317896e-01,-2.97784713554349878e-11
716,3601,1.15101246347427077e-01,1.15101246306589550e-01,-4.08375278038164424e-11
717,3602,1.20377707934993528e-01,1.20377707902070169e-01,-3.29233584839272453e-11
718,3603,1.25698542978417122e-01,1.25698542960658299e-01,-1.77588221905722321e-11
719,3604,1.30933112990646777e-01,1.30933112999200491e-01,8.55371329322451857e-12
720,3605,1.81870328896811095e-01,1.81870328908646350e-01,1.18352549982603250e-11
721,3606,1.92018573453335034e-01,1.92018573471448267e-01,1.81132331356081977e-11
722,3607,2.02698368196771145e-01,2.02698368193429901e-01,-3.34124394818502424e-12
723,3608,2.13100150395880567e-01,2.13100150382520004e-01,-1.33605626562172120e-11
724,3609,1.86454530833620596e-01,1.86454530824132741e-01,-9.48785494614412528e-12
725,3610,1.97127936622699618e-01,1.97127936616110860e-01,-6.58875731751606963e-12
726,3611,2.08055912450676311e-01,2.08055912450598568e-01,-7.77433672993765867e-14
727,3612,1.55099370916549545e-01,1.55099370905426054e-01,-1.11234910171731372e-11
728,3613,1.49127497963897487e-01,1.49127497961003608e-01,-2.89387958041231741e-12
729,3614,1.44294691972714745e-01,1.44294691989995894e-01,1.72811487342272585e-11
730,3615,1.38849647013465083e-01,1.38849646997072501e-01,-1.63925817364685145e-11
731,3616,5.90174664900613120e-03,5.90174666176352183e-03,1.27573906300026962e-11
732,3617,2.23689439312737853e-01,2.23689439302800441e-01,-9.93741200439046679e-12
733,3618,2.18220348786995672e-01,2.18220348794600644e-01,7.60497220753109104e-12
734,3619,2.25199442667781080e-01,2.25199442672634725e-01,4.85364526348064373e-12
735,3620,1.77563196675568968e-01,1.77563196671045948e-01,-4.52302084674727212e-12
736,3621,1.58098168296998048e-01,1.58098168306759462e-01,9.76141389941176385e-12
737,3622,1.68527651191798827e-01,1.68527651209948254e-01,1.81494264062109778e-11
738,3623,2.58366174340684315e-03,2.58366173754515744e-03,-5.86168570279599344e-12
739,3624,3.44244525573119070e-03,3.44244526634149024e-03,1.06102995313384074e-11
740,3625,2.29302202620512263e-01,2.29302202620408346e-01,-1.03916875104914652e-13
741,3626,2.28850814621992166e-01,2.28850814620725845e-01,-1.26632038188745355e-12
742,3627,2.91158904006469691e-04,2.91158905079553045e-04,1.07308335394601384e-12
743,3628,2.28625727146448188e-01,2.28625727146514746e-01,6.65578703262781346e-14
744,3629,3.66003997231325185e-04,3.66003995921927825e-04,-1.30939736050356137e-12
745,3630,5.74189294102740223e-04,5.74189296945929882e-04,2.84318965940166812e-12
746,3631,5.99904386002982591e-03,5.99904386249689673e-03,2.46707081846819776e-12
747,3632,7.33900550126848333e-03,7.33900549407501528e-03,-7.19346804345377677e-12
748,3633,9.81754204199150951e-03,9.81754202808266495e-03,-1.39088445622048695e-11
749,3634,8.61426889549353654e-03,8.61426888410757839e-03,-1.13859581485353800e-11
750,3635,1.08903366349762405e-02,1.08903366176828879e-02,-1.72933525138807553e-11
751,3636,6.30427632345281937e-03,6.30427631774551321e-03,-5.70730615545578246e-12
752,3637,7.57883046407358592e-03,7.57883046143931031e-03,-2.63427561014717426e-12
753,3638,5.46116344444556260e-03,5.46116344768390275e-03,3.23834015159008004e-12
754,3639,6.67983933481223514e-03,6.67983934662468287e-03,1.18124477213599199e-11
755,3640,8.68291702337557064e-03,8.68291702626516719e-03,2.88959654815013067e-12
756,3641,4.70321767652434695e-03,4.70321769151656015e-03,1.49922132000601671e-11
757,3642,4.08183750629730925e-03,4.08183750631482822e-03,1.75189723838897748e-14
758,3643,7.75422271642663401e-03,7.75422273562809128e-03,1.92014572644727544e-11
759,3644,9.59967011702656144e-03,9.59967012461134146e-03,7.58478002627072101e-12
760,3645,1.06981698551268760e-02,1.06981698454221008e-02,-9.70477517792112110e-12
761,3646,1.14930419244297921e-02,1.14930419174985188e-02,-6.93127326367726226e-12
762,3647,1.27091629364124402e-02,1.27091629215010313e-02,-1.49114089131874294e-11
763,3648,1.35229073174803066e-02,1.35229073022460761e-02,-1.52342305437258574e-11
764,3649,1.47287811272399632e-02,1.47287811191255738e-02,-8.11438936876296424e-12
765,3650,1.39642812117694911e-02,1.39642811999228043e-02,-1.18466868259670122e-11
766,3651,1.60583161759455285e-02,1.60583161727067894e-02,-3.23873913798955471e-12
767,3652,1.53394920594626671e-02,1.53394920450807340e-02,-1.43819331444028364e-11
768,3653,1.75025949829367804e-02,1.75025949718106109e-02,-1.11261694302200453e-11
769,3654,1.81000985947238971e-02,1.81000985956732210e-02,9.49323952781355729e-13
770,3655,1.96057274562595196e-02,1.96057274484084214e-02,-7.85109824374963239e-12
771,3656,2.00862204680367223e-02,2.00862204717101034e-02,3.67338104378944763e-12
772,3657,2.16446886051683794e-02,2.16446886073580584e-02,2.18967899368038843e-12
773,3658,2.12264420508919624e-02,2.12264420417306379e-02,-9.16132447681405893e-12
774,3659,2.32832086554826158e-02,2.32832086642319400e-02,8.74932418182261529e-12
775,3660,2.36037361330859279e-02,2.36037361448961786e-02,1.18102506940775953e-11
776,3661,2.52718985129039633e-02,2.52718985296410611e-02,1.67370978187975084e-11
777,3662,2.54855172523937717e-02,2.54855172619669924e-02,9.57322068839694396e-12
778,3663,2.72148393029116378e-02,2.72148393142296018e-02,1.13179639271709931e-11
779,3664,2.71740054388870424e-02,2.71740054614753347e-02,2.25882923476916631e-11
780,3665,2.91022236431087121e-02,2.91022236580302934e-02,1.49215813316505574e-11
781,3666,2.90350276943412318e-02,2.90350276939357610e-02,-4.05470795827866937e-13
782,3667,3.08649922451343060e-02,3.08649922486312102e-02,3.49690415513137509e-12
783,3668,3.10642808929395206e-02,3.10642809153093211e-02,2.23698004564454322e-11
784,3669,3.27926768515553538e-02,3.27926768609307848e-02,9.37543098711302036e-12
785,3670,3.25539182664580581e-02,3.25539182562476007e-02,-1.02104574795092162e-11
786,3671,3.44554782225258704e-02,3.44554782187728170e-02,-3.75305342359411043e-12
787,3672,3.47929118201864424e-02,3.47929118347068966e-02,1.45204542834065364e-11
788,3673,3.64289900414868362e-02,3.64289900453053928e-02,3.81855658204699466e-12
789,3674,3.68862770341147270e-02,3.68862770490335015e-02,1.49187745490664270e-11
790,3675,3.84724629954170186e-02,3.84724630046978378e-02,9.28081916873324531e-12
791,3676,3.79487665475217659e-02,3.79487665469446442e-02,-5.77121683775771999e-13
792,3677,3.99365715778232724e-02,3.99365715874913027e-02,9.66803026525298037e-12
793,3678,4.05753848102851644e-02,4.05753848147189997e-02,4.43383524340035251e-12
794,3679,4.19759547573443498e-02,4.19759547644102463e-02,7.06589647903044238e-12
795,3680,4.27313297218908164e-02,4.27313297092857328e-02,-1.26050836435354086e-11
796,3681,4.40560386468022078e-02,4.40560386421532668e-02,-4.64894095442147659e-12
797,3682,4.49261949713576428e-02,4.49261949420772591e-02,-2.92803836732247191e-11
798,3683,4.61578874659891170e-02,4.61578874517491952e-02,-1.42399217417654711e-11
799,3684,4.71424735996531508e-02,4.71424735660014027e-02,-3.36517480548081949e-11
800,3685,4.82746284134413089e-02,4.82746283964422818e-02,-1.69990271858821984e-11
801,3686,4.52646058964070799e-02,4.52646059070329274e-02,1.06258474241727185e-11
802,3687,4.93704321920132166e-02,4.93704321638327448e-02,-2.81804718449407687e-11
803,3688,5.03951108312761242e-02,5.03951108177230142e-02,-1.35531100231567336e-11
804,3689,5.15986415463779366e-02,5.15986415305251869e-02,-1.58527496685323399e-11
805,3690,5.25059087238157057e-02,5.25059087166275806e-02,-7.18812509514776821e-12
806,3691,5.37903656631690749e-02,5.37903656590361587e-02,-4.13291623146960774e-12
807,3692,5.45930902244712510e-02,5.45930902229754544e-02,-1.49579654218356950e-12
808,3693,5.59446441577175213e-02,5.59446441604526806e-02,2.73515932125434347e-12
809,3694,5.66515350070790624e-02,5.66515350100900150e-02,3.01095259835904017e-12
810,3695,5.80851130495252735e-02,5.80851130587508591e-02,9.22558557325814377e-12
811,3696,5.13224008241698754e-02,5.13224008185672945e-02,-5.60258089921106261e-12
812,3697,5.86651997369727549e-02,5.86651997461409627e-02,9.16820785956673490e-12
813,3698,6.01549775727035219e-02,6.01549775892894836e-02,1.65859617706765050e-11
814,3699,6.06028463467414569e-02,6.06028463648168175e-02,1.80753606526806720e-11
815,3700,6.21525630564414844e-02,6.21525630777893592e-02,2.13478748567474952e-11
816,3701,6.18518107172419743e-02,6.18518107326018890e-02,1.53599147290073290e-11
817,3702,6.38302362740521684e-02,6.38302362883460817e-02,1.42939132752317732e-11
818,3703,6.40783119394700701e-02,6.40783119616329944e-02,2.21629242735943421e-11
819,3704,6.57722877871682321e-02,6.57722877976355258e-02,1.04672936984684384e-11
820,3705,6.59209468291296757e-02,6.59209468509105029e-02,2.17808271418817867e-11
821,3706,6.76265285797135879e-02,6.76265285855791598e-02,5.86557191706305048e-12
822,3707,6.75696950332625584e-02,6.75696950250075645e-02,-8.25499391066131238e-12
823,3708,6.94341286226032306e-02,6.94341286106570366e-02,-1.19461940339959938e-11
824,3709,6.94784974164464192e-02,6.94784973898136399e-02,-2.66327793152498771e-11
825,3710,7.13402312377368897e-02,7.13402312141520611e-02,-2.35848285345952036e-11
826,3711,7.11966377873452100e-02,7.11966377811760059e-02,-6.16920403651022298e-12
827,3712,7.30884296737123740e-02,7.30884296603127176e-02,-1.33996563844718253e-11
828,3713,7.33460401510605819e-02,7.33460401203818169e-02,-3.06787650838913351e-11
829,3714,7.50461767969355792e-02,7.50461767777792776e-02,-1.91563015450313401e-11
830,3715,7.47223874927424314e-02,7.47223874917098824e-02,-1.03254904626481903e-12
831,3716,7.66594744712948140e-02,7.66594744672643019e-02,-4.03051203523574486e-12
832,3717,7.71848861735375952e-02,7.71848861524343649e-02,-2.11032302743774380e-11
833,3718,7.86807760218518476e-02,7.86807760191328837e-02,-2.71896394288262400e-12
834,3719,7.93475741746289959e-02,7.93475741518840233e-02,-2.27449725720418883e-11
835,3720,8.07530883103946412e-02,8.07530883049968201e-02,-5.39782107900066421e-12
836,3721,3.40986180933035843e-02,3.40986180727526830e-02,-2.05509012585203266e-11
837,3722,8.14367050621390698e-02,8.14367050378020235e-02,-2.43370462671421706e-11
838,3723,8.28490015482465092e-02,8.28490015374956229e-02,-1.07508862923211268e-11
839,3724,8.21045928678435233e-02,8.21045928743007192e-02,6.45719588909798858e-12
840,3725,8.41393034904062143e-02,8.41393034930773692e-02,2.67115496388470319e-12
841,3726,8.49930519526891637e-02,8.49930519404494267e-02,-1.22397370017068852e-11
842,3727,8.61991882642074853e-02,8.61991882688965955e-02,4.68911021123119554e-12
843,3728,8.71645217517254683e-02,8.71645217403772127e-02,-1.13482556685085001e-11
844,3729,8.82745363553306961e-02,8.82745363619512197e-02,6.62052357380815693e-12
845,3730,8.93454754199310697e-02,8.93454754108440330e-02,-9.08703667867882814e-12
846,3731,9.03520329955989077e-02,9.03520330030847668e-02,7.48585915477661956e-12
847,3732,9.15164793173306595e-02,9.15164793143099370e-02,-3.02072256097574154e-12
848,3733,9.24184686101317959e-02,9.24184686193908200e-02,9.25902410298107270e-12
849,3734,9.36698195776114184e-02,9.36698195829022834e-02,5.29086496836583819e-12
850,3735,9.44627901066526637e-02,9.44627901199455028e-02,1.32928390517150774e-11
851,3736,9.58007374398302247e-02,9.58007374475980111e-02,7.76778641409237025e-12
852,3737,9.64781938789309179e-02,9.64781938929536592e-02,1.40227413014670788e-11
853,3738,9.78863156719712857e-02,9.78863156747948743e-02,2.82358858516573719e-12
854,3739,9.84501906619673628e-02,9.84501906725332165e-02,1.05658537474795367e-11
855,3740,9.99180381010104091e-02,9.99180380989952988e-02,-2.01511030084589038e-12
856,3741,9.94202223953075531e-02,9.94202223852716921e-02,-1.00358610310991025e-11
857,3742,1.01497135185388179e-01,1.01497135174400802e-01,-1.09873776743540930e-11
858,3743,1.01884596655073947e-01,1.01884596653091505e-01,-1.98244198834629515e-12
859,3744,1.03501498794174335e-01,1.03501498786603099e-01,-7.57123530537029410e-12
860,3745,1.03778832377728059e-01,1.03778832376082999e-01,-1.64505908895051789e-12
861,3746,1.05433227482813544e-01,1.05433227479172734e-01,-3.64080987580450710e-12
862,3747,1.05170065694293199e-01,1.05170065682402780e-01,-1.18904192047963875e-11
863,3748,1.07183016438297390e-01,1.07183016431052311e-01,-7.24507953631103874e-12
864,3749,1.07278189966971194e-01,1.07278189971370883e-01,4.39968894649922504e-12
865,3750,1.09038335531025765e-01,1.09038335534858047e-01,3.83228171418892316e-12
866,3751,1.09060177963669541e-01,1.09060177949681550e-01,-1.39879913207963114e-11
867,3752,1.10903471273745766e-01,1.10903471271533785e-01,-2.21198059868754626e-12
868,3753,1.09026758817932834e-01,1.09026758835215551e-01,1.72827169242495415e-11
869,3754,9.32521823979913234e-02,9.32521824148257322e-02,1.68344088669059033e-11
870,3755,1.11005178892630299e-01,1.11005178873910038e-01,-1.87202614521098099e-11
871,3756,1.12858757237051049e-01,1.12858757228004078e-01,-9.04697150527766780e-12
872,3757,1.12635603147303157e-01,1.12635603156602038e-01,9.29888110956511582e-12
873,3758,1.14575244376808369e-01,1.14575244379747365e-01,2.93899626857552221e-12
874,3759,1.14240356926414113e-01,1.14240356944924876e-01,1.85107623673630428e-11
875,3760,1.16166335336414836e-01,1.16166335349372513e-01,1.29576765983685505e-11
876,3761,1.16588390280455589e-01,1.16588390276113243e-01,-4.34234592727733570e-12
877,3762,1.18140499920316888e-01,1.18140499926333006e-01,6.01611815920222170e-12
878,3763,1.18658126670053210e-01,1.18658126658645960e-01,-1.14072501444795193e-11
879,3764,1.20170343212055997e-01,1.20170343213120770e-01,1.06477326955456419e-12
880,3765,1.19579507639548596e-01,1.19579507652379513e-01,1.28309168845319732e-11
881,3766,1.20813580529337661e-01,1.20813580518700905e-01,-1.06367553653896607e-11
882,3767,1.22251718822286415e-01,1.22251718821013489e-01,-1.27292620888397323e-12
883,3768,1.23107321943017087e-01,1.23107321935245401e-01,-7.77168607246636611e-12
884,3769,1.24384546919652839e-01,1.24384546916589095e-01,-3.06374370317996636e-12
885,3770,1.23560234128731697e-01,1.23560234132417526e-01,3.68582941945305720e-12
886,3771,1.25593925552916402e-01,1.25593925553937946e-01,1.02154396053322216e-12
887,3772,1.26518985779448562e-01,1.26518985777232695e-01,-2.21586637927373431e-12
888,3773,1.27649602974896526e-01,1.27649602973721910e-01,-1.17461596005341562e-12
889,3774,1.28675974743956978e-01,1.28675974743497706e-01,-4.59271509711811632e-13
890,3775,1.29708664315908134e-01,1.29708664312338240e-01,-3.56989438010657523e-12
891,3776,1.30830564992048343e-01,1.30830564990833870e-01,-1.21447296663745874e-12
892,3777,1.31763081002891247e-01,1.31763080996708998e-01,-6.18224915704956857e-12
893,3778,1.32980760117774904e-01,1.32980760116674118e-01,-1.10078612891584271e-12
894,3779,1.33797484097479630e-01,1.33797484090707797e-01,-6.77183309427675795e-12
895,3780,1.35101421488460965e-01,1.35101421490325585e-01,1.86461956985795041e-12
896,3781,1.34313603192916325e-01,1.34313603202606047e-01,9.68972124759659437e-12
897,3782,1.36525277759883323e-01,1.36525277774295184e-01,1.44118605938103883e-11
898,3783,1.37182981649229985e-01,1.37182981653243191e-01,4.01320643383940023e-12
899,3784,1.38669934912438175e-01,1.38669934925714999e-01,1.32768240845848595e-11
900,3785,1.39216903141593101e-01,1.39216903143314641e-01,1.72153957755938336e-12
901,3786,1.40766946511749980e-01,1.40766946521741099e-01,9.99111904320670874e-12
902,3787,1.41192278916885822e-01,1.41192278917983971e-01,1.09814934923235796e-12
903,3788,1.42786308426997743e-01,1.42786308434623560e-01,7.62581664481842836e-12
904,3789,1.30646770973268433e-01,1.30646770965758746e-01,-7.50968731644263698e-12
905,3790,1.42432124602183102e-01,1.42432124618131650e-01,1.59485480377696831e-11
906,3791,1.44491886713935869e-01,1.44491886725725299e-01,1.17894305429189217e-11
907,3792,1.44727564318356622e-01,1.44727564323397506e-01,5.04088437658367639e-12
908,3793,1.46460832176593003e-01,1.46460832183969325e-01,7.37632177560954005e-12
909,3794,1.46582957880647957e-01,1.46582957883434117e-01,2.78616019144806160e-12
910,3795,1.48333323740184098e-01,1.48333323743202961e-01,3.01886293740949441e-12
911,3796,1.48313894465037788e-01,1.48313894469584207e-01,4.54641879699124729e-12
912,3797,1.50181355338027928e-01,1.50181355337217576e-01,-8.10351785673901759e-13
913,3798,1.50107251516870460e-01,1.50107251515197548e-01,-1.67291180908080150e-12
914,3799,1.51945505663131530e-01,1.51945505661665203e-01,-1.46632705977367550e-12
915,3800,1.52129223870059282e-01,1.52129223866572100e-01,-3.48718276477200106e-12
916,3801,1.53870745225010541e-01,1.53870745220333921e-01,-4.67662020220416252e-12
917,3802,1.51781713261344375e-01,1.51781713260633749e-01,-7.10626002486947073e-13
918,3803,7.81537810267853295e-02,7.81537810413842071e-02,1.45988776623084959e-11
919,3804,8.59308414456108477e-02,8.59308414216040511e-02,-2.40067965506796099e-11
920,3805,1.86490949644942082e-02,1.86490949722315016e-02,7.73729344483164994e-12
921,3806,8.72993969937558706e-02,8.72993970147397241e-02,2.09838535436546181e-11
922,3807,1.24750785942560491e-01,1.24750785947873408e-01,5.31291677319245537e-12
923,3808,5.52959737537950524e-02,5.52959737519123848e-02,-1.88266763290201311e-12
924,3809,2.38781812487275126e-02,2.38781812582509780e-02,9.52346534965897717e-12
925,3810,1.54134659490570758e-01,1.54134659481728276e-01,-8.84248230192952178e-12
926,3811,1.55877916538608108e-01,1.55877916530457683e-01,-8.15042477952943045e-12
927,3812,1.55504114924815778e-01,1.55504114924155695e-01,-6.60083099290886821e-13
928,3813,1.57471472746251395e-01,1.57471472743468871e-01,-2.78252421104241421e-12
929,3814,1.57968510155032077e-01,1.57968510146449553e-01,-8.58252358071354138e-12
930,3815,1.59506885556707168e-01,1.59506885552814143e-01,-3.89302479142372704e-12
931,3816,1.60133929930930119e-01,1.60133929920125095e-01,-1.08050235425594110e-11
932,3817,1.61596927628680637e-01,1.61596927626605769e-01,-2.07486805514633943e-12
933,3818,1.62345346657943868e-01,1.62345346646663058e-01,-1.12808096197625218e-11
934,3819,1.63727150295417762e-01,1.63727150291477747e-01,-3.94001498094098679e-12
935,3820,1.60922306550187216e-01,1.60922306551276817e-01,1.08960063194274426e-12
936,3821,1.64597243674058868e-01,1.64597243659566878e-01,-1.44919909406127090e-11
937,3822,1.65893267549733076e-01,1.65893267545288797e-01,-4.44427827872573289e-12
938,3823,1.64995033368155103e-01,1.64995033369834204e-01,1.67910130244308675e-12
939,3824,1.67071550392776852e-01,1.67071550393077167e-01,3.00315328161104844e-13
940,3825,1.68075544369240382e-01,1.68075544359643975e-01,-9.59640700237684996e-12
941,3826,1.69151755149796801e-01,1.69151755153706895e-01,3.91009447042733882e-12
942,3827,1.70261711024796814e-01,1.70261711018688117e-01,-6.10869688166815195e-12
943,3828,1.71231211337677880e-01,1.71231211339559986e-01,1.88210558249579663e-12
944,3829,1.72408326694194702e-01,1.72408326692686492e-01,-1.50821022337765953e-12
945,3830,1.73290507267033100e-01,1.73290507270537131e-01,3.50403039917068782e-12
946,3831,1.74567784524844283e-01,1.74567784523779385e-01,-1.06489816964483452e-12
947,3832,1.75332732292667270e-01,1.75332732290251009e-01,-2.41626163521857507e-12
948,3833,1.76712865031115607e-01,1.76712865033778505e-01,2.66289768013905359e-12
949,3834,1.71321778776057532e-01,1.71321778772661609e-01,-3.39592243214781320e-12
950,3835,1.66155086786445721e-01,1.66155086790515133e-01,4.06941147446104878e-12
951,3836,1.77334439831164786e-01,1.77334439833708307e-01,2.54352094941623363e-12
952,3837,1.78768316460343551e-01,1.78768316464545191e-01,4.20163903669390493e-12
953,3838,1.78189715922872388e-01,1.78189715925744813e-01,2.87242452046143626e-12
954,3839,1.80318681459618435e-01,1.80318681464136155e-01,4.51771953180468699e-12
955,3840,1.80780113676219156e-01,1.80780113672340786e-01,-3.87836984749867497e-12
956,3841,1.82374104430380130e-01,1.82374104428028122e-01,-2.35200747766839413e-12
957,3842,1.82719206368281067e-01,1.82719206362485287e-01,-5.79578052217755157e-12
958,3843,1.84354250656598939e-01,1.84354250652982332e-01,-3.61660701386767869e-12
959,3844,1.84096611865924020e-01,1.84096611868044546e-01,2.12052597703404899e-12
960,3845,1.86108226384407160e-01,1.86108226385144682e-01,7.37521155258491490e-13
961,3846,1.86251825185628134e-01,1.86251825178364111e-01,-7.26402271666870547e-12
962,3847,1.88020105065667770e-01,1.88020105068314736e-01,2.64696597973568259e-12
963,3848,1.88063936874131227e-01,1.88063936872052168e-01,-2.07905914706429940e-12
964,3849,1.89832278728850279e-01,1.89832278721517062e-01,-7.33321736667846835e-12
965,3850,1.89885100816218427e-01,1.89885100818208641e-01,1.99021354951867124e-12
966,3851,1.91694227458958116e-01,1.91694227464305422e-01,5.34730593138021959e-12
967,3852,1.92094481198528733e-01,1.92094481209596435e-01,1.10677023101857230e-11
968,3853,1.93644289982587037e-01,1.93644289984967743e-01,2.38070674285495443e-12
969,3854,1.93391975285044704e-01,1.93391975284127937e-01,-9.16766662584223013e-13
970,3855,1.95313493986156606e-01,1.95313493990330156e-01,4.17355039417088847e-12
971,3856,1.95717869833189811e-01,1.95717869835839942e-01,2.65013011535586429e-12
972,3857,1.97317638702781267e-01,1.97317638712013771e-01,9.23250365048033927e-12
973,3858,1.97826699994819027e-01,1.97826700006357603e-01,1.15385756505048676e-11
974,3859,1.99354877795891172e-01,1.99354877793908980e-01,-1.98219218816575449e-12
975,3860,1.98820439731909993e-01,1.98820439735050231e-01,3.14023806957663965e-12
976,3861,2.00833369666700096e-01,2.00833369673672296e-01,6.97220059464598307e-12
977,3862,2.01517469003981764e-01,2.01517469005667221e-01,1.68545732925906577e-12
978,3863,2.02892864213527147e-01,2.02892864207785933e-01,-5.74121306051722513e-12
979,3864,2.03676820005494252e-01,2.03676820007043791e-01,1.54953827546933098e-12
980,3865,2.04977761219609894e-01,2.04977761216082938e-01,-3.52695650462919730e-12
981,3866,2.05873660962171939e-01,2.05873660967566929e-01,5.39499001028787006e-12
982,3867,2.07089151996339982e-01,2.07089151991901060e-01,-4.43892145263191651e-12
983,3868,2.08083014066974104e-01,2.08083014062364624e-01,-4.60947946478995618e-12
984,3869,2.09218127297750134e-01,2.09218127296247530e-01,-1.50260359710330249e-12
985,3870,2.10349661283782352e-01,2.10349661286644340e-01,2.86198842402995979e-12
986,3871,2.11342331249158744e-01,2.11342331240491704e-01,-8.66703930846313142e-12
987,3872,2.10221298125105871e-01,2.10221298121518796e-01,-3.58707508141264952e-12
988,3873,2.12580357718656049e-01,2.12580357710056789e-01,-8.59926019280976561e-12
989,3874,2.13452371589326451e-01,2.13452371587814799e-01,-1.51165191475399752e-12
990,3875,2.14789625096379638e-01,2.14789625088439906e-01,-7.93973220503119137e-12
991,3876,2.15534195234982878e-01,2.15534195233384657e-01,-1.59822155509914410e-12
992,3877,2.16938238836327596e-01,2.16938238824866625e-01,-1.14609710610835691e-11
993,3878,2.17569779233813737e-01,2.17569779234655869e-01,8.42131919753796865e-13
994,3879,2.19040850143235655e-01,2.19040850136767412e-01,-6.46824260819300889e-12
995,3880,2.19547885605629989e-01,2.19547885611416249e-01,5.78626035974139086e-12
996,3881,2.21080613027390849e-01,2.21080613027593825e-01,2.02976524477094245e-13
997,3882,2.16208315048872751e-01,2.16208315049708805e-01,8.36053448693974133e-13
998,3883,2.20613605064516383e-01,2.20613605060639956e-01,-3.87642695720558095e-12
999,3884,2.22754828992911630e-01,2.22754828993156212e-01,2.44582132324921986e-13
1000,3885,2.23028370562759815e-01,2.23028370563565143e-01,8.05328026487472926e-13
1001,3886,2.24714574240271026e-01,2.24714574240194781e-01,-7.62445662161326254e-14
1002,3887,2.24850335832709358e-01,2.24850335832219056e-01,-4.90302243250084757e-13
1003,3888,2.04159642956782045e-01,2.04159642955244025e-01,-1.53801971158884498e-12
1004,3889,2.00220639460158945e-01,2.00220639461278160e-01,1.11921583112462031e-12
1005,3890,1.94979934447377656e-01,1.94979934446435882e-01,-9.41774436213904664e-13
1006,3891,1.01095607777666227e-01,1.01095607760693568e-01,-1.69726593890473509e-11
1007,3892,1.27847075645330877e-01,1.27847075646869340e-01,1.53846380079869505e-12
1008,3893,9.50893335544070184e-02,9.50893335567131043e-02,2.30608587781233609e-12
1009,3894,1.35765962491198544e-01,1.35765962513715921e-01,2.25173768519937312e-11
1010,3895,1.89869931754703486e-01,1.89869931775937167e-01,2.12336814797708939e-11
1011,3896,8.33154367757449887e-02,8.33154367932229661e-02,1.74779773987054909e-11
1012,3897,9.06167213312000647e-02,9.06167213143000971e-02,-1.68999675365100188e-11
1013,3898,1.37794445328008525e-01,1.37794445322681064e-01,-5.32746069481504492e-12
1014,3899,6.36055754667236017e-02,6.36055754720798172e-02,5.35621547115283647e-12
1015,3900,4.12903589239793437e-02,4.12903589441217383e-02,2.01423946966095002e-11
1016,3901,1.70130562209121899e-01,1.70130562216896292e-01,7.77439224108888993e-12
1017,3902,1.17051690837234060e-01,1.17051690813809103e-01,-2.34249564190491810e-11
1018,3903,1.74081622017894899e-01,1.74081622019338494e-01,1.44359524334447542e-12
1019,3904,4.35704290391412674e-02,4.35704290036384653e-02,-3.55028020870840066e-11
1020,3905,2.23282116729093177e-01,2.23282116733985264e-01,4.89208673570828978e-12
1021,3906,1.89759649628989696e-01,1.89759649621995430e-01,-6.99426627726040806e-12
1022,3907,1.68311861459776377e-02,1.68311861208668354e-02,-2.51108023263668656e-11
1023,3908,2.24541371520634386e-01,2.24541371518387434e-01,-2.24695262396323869e-12
1024,3909,1.52321575602754056e-01,1.52321575598873521e-01,-3.88053478239669403e-12
1025,3910,5.69690299160513919e-02,5.69690299231561392e-02,7.10474734599841895e-12
1026,3911,2.26507278160685610e-01,2.26507278159011421e-01,-1.67418856555912043e-12
1027,3912,2.16246925848293720e-01,2.16246925839807064e-01,-8.48665582253715911e-12
1028,3913,1.56957552945152345e-01,1.56957552945413914e-01,2.61568544601686881e-13
1029,3914,6.76458476281679710e-02,6.76458476494210953e-02,2.12531242604896420e-11
1030,3915,4.82276219131740763e-02,4.82276218722896832e-02,-4.08843930932434318e-11
1031,3916,1.64169818287573654e-01,1.64169818291937525e-01,4.36387037616725593e-12
1032,3917,1.62811521992310471e-01,1.62811521974933315e-01,-1.73771552702817189e-11
1033,3918,1.13135645821686032e-01,1.13135645797792395e-01,-2.38936370688946909e-11
1034,3919,1.44862044858119016e-01,1.44862044852900523e-01,-5.21849230494808580e-12
1035,3920,1.46573420110716474e-01,1.46573420104788577e-01,-5.92789706210794520e-12
1036,3921,5.29902762176550288e-02,5.29902762083199960e-02,-9.33503274680447248e-12
1037,3922,2.04512469046874090e-01,2.04512469045826539e-01,-1.04755093488506645e-12
1038,3923,1.79710092482387590e-01,1.79710092493673951e-01,1.12863607348856476e-11
1039,3924,1.81221151361790456e-01,1.81221151355496435e-01,-6.29402086005370620e-12
1040,3925,1.83068191688609633e-01,1.83068191681643927e-01,-6.96570578995192591e-12
1041,3926,1.58537925352968179e-01,1.58537925338149865e-01,-1.48183132431256581e-11
1042,3927,1.93020570949437559e-01,1.93020570933688990e-01,-1.57485691154590768e-11
1043,3928,1.94707110448526316e-01,1.94707110439789360e-01,-8.73695560343890065e-12
1044,3929,1.15732765623968531e-01,1.15732765648319316e-01,2.43507852770719069e-11
1045,3930,1.98255522796442624e-01,1.98255522800066447e-01,3.62382346352774221e-12
1046,3931,1.99896191879361945e-01,1.99896191886981212e-01,7.61926632897313993e-12
1047,3932,1.12439682984986175e-01,1.12439683008411534e-01,2.34253588748956076e-11
1048,3933,1.85895879034146672e-01,1.85895879043633472e-01,9.48680023427073138e-12
1049,3934,6.75017444444237086e-02,6.75017444238832781e-02,-2.05404304676193306e-11
1050,3935,6.95343920256472625e-02,6.95343919849077119e-02,-4.07395506218932724e-11
1051,3936,7.99369298419043001e-02,7.99369297993861166e-02,-4.25181834184940044e-11
1052,3937,2.31521825679763364e-02,2.31521825750235742e-02,7.04723779332283584e-12
1053,3938,8.13352499254387101e-02,8.13352499512173810e-02,2.57786708646179363e-11
1054,3939,1.83625380306172453e-01,1.83625380316990050e-01,1.08175968183132909e-11
1055,3940,1.33486009215859014e-01,1.33486009228835995e-01,1.29769806012092204e-11
1056,3941,1.65320745336763525e-01,1.65320745349007481e-01,1.22439558492004608e-11
1057,3942,2.06018774881975286e-02,2.06018775003391393e-02,1.21416106335647811e-11
1058,3943,1.90807198908092383e-02,1.90807199035978557e-02,1.27886173872937547e-11
1059,3944,1.86378844614184552e-01,1.86378844605984917e-01,-8.19963541509594052e-12
1060,3945,1.65571812545654728e-01,1.65571812524230144e-01,-2.14245843288551896e-11
1061,3946,8.27026043724905374e-02,8.27026044051799997e-02,3.26894622482143404e-11
1062,3947,1.21896876860932875e-02,1.21896876649358835e-02,-2.11574039538087177e-11
1063,3948,2.26472512609838028e-01,2.26472512609108612e-01,-7.29416527178727847e-13
1064,3949,1.55098099017043550e-01,1.55098099018374375e-01,1.33082433961817515e-12
1065,3950,8.62174809729735793e-03,8.62174812502445459e-03,2.77270966603238023e-11
1066,3951,2.58195309810331404e-02,2.58195309790295799e-02,-2.00356051194283680e-12
1067,3952,2.41611271930265298e-02,2.41611271960320874e-02,3.00555760834875230e-12
1068,3953,6.59718527201179489e-02,6.59718527514264602e-02,3.13085113390343395e-11
1069,3954,3.50876432635727903e-02,3.50876432900079430e-02,2.64351526779726953e-11
1070,3955,3.72842030106780506e-02,3.72842030222317530e-02,1.15537024392153853e-11
1071,3956,3.31141002554684177e-02,3.31141002982241542e-02,4.27557364512942684e-11
1072,3957,1.02154151799010370e-01,1.02154151805797330e-01,6.78695988298727571e-12
1073,3958,1.04226784967840019e-01,1.04226784971342815e-01,3.50279527605579233e-12
1074,3959,2.11594707887000133e-01,2.11594707874714516e-01,-1.22856169681995198e-11
1075,3960,1.44321073079796192e-01,1.44321073095168784e-01,1.53725920881697675e-11
1076,3961,1.42176663146201337e-01,1.42176663167334405e-01,2.11330675181642391e-11
1077,3962,1.46397358950782125e-01,1.46397358963143154e-01,1.23610288671471835e-11
1078,3963,9.88163339706478738e-02,9.88163339596212220e-02,-1.10266518138502079e-11
1079,3964,2.24986052895140204e-01,2.24986052896778504e-01,1.63830060628811225e-12
1080,3965,2.26511431747367820e-01,2.26511431750737513e-01,3.36969341319104387e-12
1081,3966,1.95991398518649607e-01,1.95991398526105531e-01,7.45592476647516378e-12
1082,3967,2.21145793617165104e-01,2.21145793610475483e-01,-6.68962107930326511e-12
1083,3968,1.09160014060592295e-01,1.09160014036323694e-01,-2.42686010176740297e-11
1084,3969,1.73739126612944522e-01,1.73739126607329514e-01,-5.61500845819296046e-12
1085,3970,1.74970354722686766e-01,1.74970354729738126e-01,7.05135949630175674e-12
1086,3971,1.71023049576516012e-01,1.71023049554959977e-01,-2.15560347349708081e-11
1087,3972,1.66102559932465033e-02,1.66102559547886830e-02,-3.84578202616836506e-11
1088,3973,2.19707770514883938e-02,2.19707770440775892e-02,-7.41080460886500703e-12
1089,3974,2.53809568726231366e-02,2.53809569033349204e-02,3.07117838105330776e-11
1090,3975,2.71109572269909692e-02,2.71109572790707819e-02,5.20798126846244713e-11
1091,3976,2.92830016552391402e-02,2.92830017015483363e-02,4.63091960611894393e-11
1092,3977,4.33146571714670067e-02,4.33146571287589474e-02,-4.27080593112805218e-11
1093,3978,5.39391332775908880e-02,5.39391332765798148e-02,-1.01107316963222615e-12
1094,3979,5.91595955388104500e-02,5.91595955552010264e-02,1.63905763961302853e-11
1095,3980,6.05399385528270426e-02,6.05399385625646352e-02,9.73759267663965034e-12
1096,3981,6.44569761367838195e-02,6.44569761228411670e-02,-1.39426525880281815e-11
1097,3982,7.53165243790449301e-02,7.53165243154357983e-02,-6.36091318506615266e-11
1098,3983,7.63869227538921808e-02,7.63869227024140535e-02,-5.14781273164288677e-11
1099,3984,8.57834884705808154e-02,8.57834884256484798e-02,-4.49323356299657917e-11
1100,3985,9.10152579201480710e-02,9.10152578940700147e-02,-2.60780563809959176e-11
1101,3986,9.63495825075111334e-02,9.63495824982966292e-02,-9.21450415969360392e-12
1102,3987,1.01776286147206893e-01,1.01776286126900817e-01,-2.03060762649087678e-11
1103,3988,1.06824654893343987e-01,1.06824654861519500e-01,-3.18244874897288810e-11
1104,3989,1.05607493315226508e-01,1.05607493288078336e-01,-2.71481725988564904e-11
1105,3990,1.12322837051808899e-01,1.12322837017509267e-01,-3.42996325786160128e-11
1106,3991,1.17884088848662971e-01,1.17884088809798407e-01,-3.88645643445428846e-11
1107,3992,1.22913001964581187e-01,1.22913001939060795e-01,-2.55203913557267015e-11
1108,3993,1.28375271620382536e-01,1.28375271619395742e-01,-9.86793979862454762e-13
1109,3994,1.29682966148650436e-01,1.29682966154710616e-01,6.06018013549203260e-12
1110,3995,1.57765521730578895e-01,1.57765521717846524e-01,-1.27323707133086828e-11
1111,3996,1.19109601415895772e-01,1.19109601388626946e-01,-2.72688260860576293e-11
1112,3997,1.79191841291069548e-01,1.79191841298971449e-01,7.90190135546708916e-12
1113,3998,1.99957525829911081e-01,1.99957525828280580e-01,-1.63050128954012052e-12
1114,3999,2.01120229811542234e-01,2.01120229809274104e-01,-2.26813012815796355e-12
1115,4000,1.94677290310863865e-01,1.94677290324432123e-01,1.35682576285489631e-11
1116,4001,1.93547684538103087e-01,1.93547684553488059e-01,1.53849710748943380e-11
1117,4002,1.89602008128667482e-01,1.89602008150000445e-01,2.13329631737479986e-11
1118,4003,2.15886797031609845e-01,2.15886797020853866e-01,-1.07559794404465947e-11
1119,4004,1.52335754070480112e-01,1.52335754070174328e-01,-3.05783176557383740e-13
1120,4005,9.71172990810136444e-02,9.71172991009016107e-02,1.98879662738349339e-11
1121,4006,9.89759947214449987e-02,9.89759947361706222e-02,1.47256234983572654e-11
1122,4007,2.10468484320161769e-01,2.10468484314276255e-01,-5.88551429814287985e-12
1123,4008,2.05329992780658777e-01,2.05329992771650344e-01,-9.00843288853536706e-12
1124,4009,2.22508423756489965e-01,2.22508423751715340e-01,-4.77462513970294822e-12
1125,4010,7.36764647244716742e-02,7.36764646751764257e-02,-4.92952484387743084e-11
1126,4011,1.24254107457970872e-01,1.24254107445034040e-01,-1.29368321610812131e-11
1127,4012,5.89910261911324035e-02,5.89910261949003409e-02,3.76793735101799143e-12
1128,4013,6.10097743361655148e-02,6.10097743539250240e-02,1.77595091410687189e-11
1129,4014,5.75658229011888969e-02,5.75658228960691867e-02,-5.11971021133206250e-12
1130,4015,2.09203762764879841e-01,2.09203762755396927e-01,-9.48291445368454333e-12
1131,4016,4.54901243960348020e-03,4.54901244062493829e-03,1.02145809172116131e-12
1132,4017,1.22834996518602205e-01,1.22834996528729229e-01,1.01270242192086357e-11
1133,4018,1.77397071543346579e-01,1.77397071547627655e-01,4.28107549410583488e-12
1134,4019,1.03071145130532490e-01,1.03071145108314888e-01,-2.22176027575571311e-11
1135,4020,4.85836666993299457e-02,4.85836666568696951e-02,-4.24602505932902829e-11
1136,4021,5.55327682293504724e-02,5.55327682351022464e-02,5.75177405703897193e-12
1137,4022,2.26455223813691181e-01,2.26455223816800638e-01,3.10945713621890718e-12
1138,4023,2.28274198952267887e-01,2.28274198949129620e-01,-3.13826742370792999e-12
1139,4024,2.13979020796512154e-01,2.13979020780754370e-01,-1.57577839665634656e-11
1140,4025,3.42674777417685105e-03,3.42674778086253387e-03,6.68568282333192876e-12
1141,4026,2.99067949405327875e-03,2.99067950829213494e-03,1.42388561878703523e-11
1142,4027,4.03939159712995381e-03,4.03939161365484464e-03,1.65248908307047415e-11
1143,4028,1.98054246101489213e-03,1.98054246394154931e-03,2.92665718049089918e-12
1144,4029,2.19840245711915405e-01,2.19840245705601206e-01,-6.31419916352626842e-12
1145,4030,9.21152804456507185e-02,9.21152804303050216e-02,-1.53456969353982231e-11
1146,4031,1.21762902832930592e-01,1.21762902814831001e-01,-1.80995912701931161e-11
1147,4032,1.67372690432327276e-01,1.67372690445558053e-01,1.32307775846385312e-11
1148,4033,5.05974276894371189e-02,5.05974276619837390e-02,-2.74533798472198498e-11
1149,4034,1.49984092708686290e-01,1.49984092707792366e-01,-8.93923823852560417e-13
1150,4035,1.51761728091104137e-01,1.51761728089381653e-01,-1.72248326713031474e-12
1151,4036,8.07025294070994048e-02,8.07025293516402537e-02,-5.54591511603419463e-11
1152,4037,1.36381063391252194e-01,1.36381063421809501e-01,3.05573066849973429e-11
1153,4038,1.12041811607058155e-02,1.12041811448750240e-02,-1.58307915387734255e-11
1154,4039,1.81912796070253513e-01,1.81912796079554684e-01,9.30117094455340521e-12
1155,4040,1.87968540122370992e-01,1.87968540127865708e-01,5.49471579347482475e-12
1156,4041,2.23518077455021030e-01,2.23518077461518527e-01,6.49749698489188177e-12
1157,4042,1.69016234844860530e-01,1.69016234834280188e-01,-1.05803421579508949e-11
1158,4043,1.66847344754990246e-01,1.66847344740260167e-01,-1.47300782682435738e-11
1159,4044,1.68161024506968904e-01,1.68161024520118635e-01,1.31497313038408947e-11
1160,4045,1.48307432760949404e-01,1.48307432761781710e-01,8.32306445985864229e-13
1161,4046,1.62939802127470751e-01,1.62939802130247946e-01,2.77719514052421346e-12
1162,4047,1.62209956897938934e-01,1.62209956904519087e-01,6.58015308907522467e-12
1163,4048,1.60315946413422145e-01,1.60315946417736388e-01,4.31424340696651143e-12
1164,4049,1.61692893113463187e-01,1.61692893124397774e-01,1.09345865695331668e-11
1165,4050,5.33280811907389449e-02,5.33280811859861703e-02,-4.75277456279954436e-12
1166,4051,5.23824131741984847e-02,5.23824131674753349e-02,-6.72314981464694483e-12
1167,4052,5.02386021792523424e-02,5.02386021803984603e-02,1.14611792279006863e-12
1168,4053,1.53591259538942149e-01,1.53591259539431729e-01,4.89580598284078405e-13
1169,4054,9.51821642707729038e-02,9.51821642900733123e-02,1.93004084936276854e-11
1170,4055,9.38780969187922310e-02,9.38780969392401798e-02,2.04479488896680550e-11
1171,4056,1.10791485965384004e-01,1.10791485982075819e-01,1.66918145971806098e-11
1172,4057,1.10633965833424525e-01,1.10633965859212591e-01,2.57880661269638267e-11
1173,4058,1.09149108415320967e-01,1.09149108438926876e-01,2.36059088942752737e-11
1174,4059,1.13930679789034664e-01,1.13930679819293904e-01,3.02592395584611040e-11
1175,4060,4.32583100160901513e-02,4.32583100353548869e-02,1.92647356400676983e-11
1176,4061,4.41972696203928456e-02,4.41972696583672192e-02,3.79743736456106262e-11
1177,4062,4.63745105559088613e-02,4.63745105820122100e-02,2.61033486492756595e-11
1178,4063,1.39731963661656189e-01,1.39731963655519237e-01,-6.13695205764486218e-12
1179,4064,1.41624040627745196e-01,1.41624040619713454e-01,-8.03174193819700122e-12
1180,4065,1.43068668577843255e-01,1.43068668575011243e-01,-2.83201240236508056e-12
1181,4066,1.00371847395850963e-01,1.00371847401466457e-01,5.61549418076623397e-12
1182,4067,8.52552322074884572e-02,8.52552322256518863e-02,1.81634290941090626e-11
1183,4068,9.12926247894179088e-02,9.12926248068859775e-02,1.74680686582107114e-11
1184,4069,8.92904125242660329e-02,8.92904125448468339e-02,2.05808009523522628e-11
1185,4070,8.82175455650534984e-02,8.82175455946646869e-02,2.96111885011995923e-11
1186,4071,1.32583031785579203e-01,1.32583031774556992e-01,-1.10222109217517072e-11
1187,4072,1.34507882668639889e-01,1.34507882657642519e-01,-1.09973696815757194e-11
1188,4073,1.35190790357703233e-01,1.35190790340995404e-01,-1.67078295643108277e-11
1189,4074,1.36425989686614485e-01,1.36425989677004283e-01,-9.61020152345781753e-12
1190,4075,1.31300085339925487e-01,1.31300085324772942e-01,-1.51525458846890615e-11
1191,4076,6.43093160286026255e-02,6.43093160570103600e-02,2.84077344980815383e-11
1192,4077,6.25192418343320649e-02,6.25192418597998734e-02,2.54678084177228925e-11
1193,4078,1.28685217577879263e-01,1.28685217573824118e-01,-4.05514510859461552e-12
1194,4079,1.26709087861489933e-01,1.26709087862230729e-01,7.40796313181135702e-13
1195,4080,1.25901221160671650e-01,1.25901221163684157e-01,3.01250691059351539e-12
1196,4081,1.05638227364611634e-01,1.05638227366813511e-01,2.20187756916345734e-12
1197,4082,1.58926480416528543e-01,1.58926480418122434e-01,1.59389168530310599e-12
1198,4083,8.00994504515615408e-02,8.00994504654051614e-02,1.38436206942316176e-11
1199,4084,1.21549985617006140e-01,1.21549985624444704e-01,7.43856365392758789e-12
1200,4085,1.20913902913375726e-01,1.20913902929414077e-01,1.60383512026740505e-11
1201,4086,1.18985000961394111e-01,1.18985000984040287e-01,2.26461766006380572e-11
1202,4087,1.17607940268456695e-01,1.17607940286684642e-01,1.82279469296275920e-11
1203,4088,4.93025941721992184e-02,4.93025941693439815e-02,-2.85523688026145805e-12
1204,4089,4.72796209704527196e-02,4.72796209730580244e-02,2.60530486073662360e-12
1205,4090,1.35799644928928709e-01,1.35799644924600060e-01,-4.32864855071102284e-12
1206,4091,3.60111595139854107e-02,3.60111595016541011e-02,-1.23313095845567489e-11
1207,4092,3.55199079278008117e-02,3.55199078988877731e-02,-2.89130386299518705e-11
1208,4093,6.93592443719252272e-02,6.93592443767720029e-02,4.84677575851577558e-12
1209,4094,7.09478495807019799e-02,7.09478495905688511e-02,9.86687120896334591e-12
1210,4095,7.28358850262932067e-02,7.28358850314269890e-02,5.13378228816918636e-12
1211,4096,7.25135093322949315e-02,7.25135093512943307e-02,1.89993992760761898e-11
1212,4097,2.72934195041330749e-02,2.72934195029308074e-02,-1.20226745226048592e-12
1213,4098,2.90548821958641693e-02,2.90548821818090337e-02,-1.40551355276574697e-11
1214,4099,3.07424525599115130e-02,3.07424525456557844e-02,-1.42557285420785718e-11
1215,4100,3.06591371977724750e-02,3.06591371668187111e-02,-3.09537638576440344e-11
1216,4101,3.93332184042155947e-02,3.93332184107852423e-02,6.56964760370470913e-12
1217,4102,4.03817011131649764e-02,4.03817011345538254e-02,2.13888490252500674e-11
1218,4103,7.62322794705055373e-02,7.62322794842721779e-02,1.37666406052616708e-11
1219,4104,7.74223993360212692e-02,7.74223993670114241e-02,3.09901548867230758e-11
1220,4105,1.38181482891501367e-01,1.38181482913980358e-01,2.24789908909173164e-11
1221,4106,3.89921485753830649e-02,3.89921485826932382e-02,7.31017330002359245e-12
1222,4107,6.56042117858107593e-02,6.56042117852440598e-02,-5.66699465132103342e-13
1223,4108,7.14453300321805790e-02,7.14453299932429065e-02,-3.89376725307144511e-11
1224,4109,1.40385871043012339e-01,1.40385871062254530e-01,1.92421911737739038e-11
1225,4110,9.72600504014588529e-02,9.72600503994623528e-02,-1.99650018739561119e-12
1226,4111,8.36334835291943496e-02,8.36334835050420305e-02,-2.41523190336323523e-11
1227,4112,1.31829225496992025e-01,1.31829225502005432e-01,5.01340635672420376e-12
1228,4113,1.56192181046000356e-01,1.56192181035311267e-01,-1.06890885032129290e-11
1229,4114,1.50303557581169783e-01,1.50303557580382163e-01,-7.87619969244701679e-13
1230,4115,8.82495828143008559e-02,8.82495827909839936e-02,-2.33168623298141142e-11
1231,4116,1.67127140377165972e-02,1.67127140403618354e-02,2.64523819515360969e-12
1232,4117,4.59363953085303103e-02,4.59363952620919364e-02,-4.64383739795515282e-11
1233,4118,1.14918913333748679e-01,1.14918913317657384e-01,-1.60912949631608626e-11
1234,4119,2.20263300071915843e-02,2.20263300164739578e-02,9.28237348096772052e-12
1235,4120,4.12111625176087987e-02,4.12111625065036818e-02,-1.11051168261155908e-11
1236,4121,1.90334401465283992e-02,1.90334401244277376e-02,-2.21006615785945826e-11
1237,4122,1.54380433577737623e-02,1.54380433484634528e-02,-9.31030946782485103e-12
1238,4123,1.91548875266485563e-01,1.91548875259025531e-01,-7.46003259166627686e-12
1239,4124,1.76011203411340494e-01,1.76011203408041467e-01,-3.29902771767365266e-12
1240,4125,1.74841409260566266e-01,1.74841409263917613e-01,3.35134697770911316e-12
1241,4126,1.72119704432996984e-01,1.72119704439644861e-01,6.64787669357735922e-12
1242,4127,1.96860249962149597e-01,1.96860249961914840e-01,-2.34756658556989350e-13
1243,4128,2.06171170173145651e-01,2.06171170170777490e-01,-2.36816122267669016e-12
1244,4129,2.05295331566113542e-01,2.05295331569807754e-01,3.69421160328897713e-12
1245,4130,2.07185877511064653e-01,2.07185877518506090e-01,7.44143635600380549e-12
1246,4131,1.79292777424781447e-01,1.79292777424664151e-01,-1.17295062551647788e-13
1247,4132,1.80106122594167500e-01,1.80106122586530887e-01,-7.63661356373290801e-12
1248,4133,1.84601908576064622e-01,1.84601908570874162e-01,-5.19045917357630060e-12
1249,4134,2.02169527880973060e-01,2.02169527882241462e-01,1.26840205005862572e-12
1250,4135,1.45589123505455685e-02,1.45589123244904885e-02,-2.60550799685566048e-11
1251,4136,2.14240928004321624e-01,2.14240928006442899e-01,2.12127537757567097e-12
1252,4137,2.14900821036347223e-01,2.14900821039644391e-01,3.29716809410740552e-12
1253,4138,2.16821419247340580e-01,2.16821419249037278e-01,1.69669833738339548e-12
1254,4139,2.12240684927443579e-01,2.12240684929842577e-01,2.39899766718565388e-12
1255,4140,2.11065483191946179e-01,2.11065483194248588e-01,2.30240826404326526e-12
1256,4141,1.88102321790198007e-01,1.88102321781736748e-01,-8.46125947084885865e-12
1257,4142,1.89899362932730686e-01,1.89899362922022502e-01,-1.07081843392364817e-11
1258,4143,1.84740835655650942e-01,1.84740835649710000e-01,-5.94094218264729079e-12
1259,4144,3.74793076154791294e-02,3.74793076009464141e-02,-1.45327153089347405e-11
1260,4145,1.44526171321125597e-02,1.44526171123588714e-02,-1.97536882684534731e-11
1261,4146,2.08180533951760116e-01,2.08180533954636426e-01,2.87631030104762431e-12
1262,4147,2.18152809099181638e-01,2.18152809108335483e-01,9.15384434918564693e-12
1263,4148,2.19998243374231378e-01,2.19998243373270980e-01,-9.60398427451991665e-13
1264,4149,5.86939366208095569e-03,5.86939368290416343e-03,2.08232077414383099e-11
1265,4150,1.53286140116903363e-01,1.53286140114252456e-01,-2.65090727147310190e-12
1266,4151,1.56450493346228653e-01,1.56450493353225112e-01,6.99645896773404274e-12
1267,4152,1.29321729204335989e-01,1.29321729194679130e-01,-9.65685864606768973e-12
1268,4153,2.21461276854235833e-01,2.21461276858994832e-01,4.75899875063134914e-12
1269,4154,2.09133881907007185e-01,2.09133881913497216e-01,6.49003073505127759e-12
1270,4155,2.09828510025092174e-01,2.09828510028939902e-01,3.84772769201902065e-12
1271,4156,2.03401827647493844e-01,2.03401827646904648e-01,-5.89195359168570576e-13
1272,4157,7.44381237254361089e-02,7.44381237433459492e-02,1.79098402774968690e-11
1273,4158,2.29207768564510833e-01,2.29207768563277348e-01,-1.23348553593416455e-12
1274,4159,2.04299474270863174e-01,2.04299474270089182e-01,-7.73991981617427882e-13
1275,4160,9.72026875342354817e-03,9.72026874257743596e-03,-1.08461122028113977e-11
1276,4161,2.76754668963050034e-04,2.76754670345770416e-04,1.38272038133560593e-12
1277,4162,2.26741390090914735e-01,2.26741390092035727e-01,1.12099218796402056e-12
1278,4163,1.18533187531544813e-02,1.18533187370604004e-02,-1.60940809290632814e-11
1279,4164,3.30183984365166397e-02,3.30183984652041504e-02,2.86875107002870777e-11
1280,4165,1.31295292471392700e-02,1.31295292285679762e-02,-1.85712938083337775e-11
1281,4166,6.76927129261498811e-02,6.76927129601062744e-02,3.39563932527653378e-11
1282,4167,1.06894405289591252e-01,1.06894405268463777e-01,-2.11274747696776899e-11
1283,4168,1.15513579786397563e-01,1.15513579820767515e-01,3.43699513294382086e-11
1284,4169,1.77953329616608508e-01,1.77953329615130412e-01,-1.47809542383470216e-12
1285,4170,2.06823607057401243e-01,2.06823607058147202e-01,7.45958850245642680e-13
1286,4171,2.89314388492775999e-02,2.89314388246959334e-02,-2.45816665633835640e-11
1287,4172,4.83082694052642744e-02,4.83082694193113504e-02,1.40470760023880814e-11
1288,4173,2.26407526995870967e-01,2.26407526991880881e-01,-3.99008603935158135e-12
1289,4174,5.96457843614819350e-02,5.96457843743638874e-02,1.28819524491952109e-11
1290,4175,1.83012365855422271e-01,1.83012365842629116e-01,-1.27931554239069101e-11
1291,4176,1.46333492960712713e-01,1.46333492970964124e-01,1.02514108313300767e-11
1292,4177,2.12994927886407587e-01,2.12994927891769686e-01,5.36209965318334980e-12
1293,4178,1.46198047923052081e-03,1.46198048237143239e-03,3.14091157596618764e-12
1294,4179,7.93245208033547811e-02,7.93245208341685354e-02,3.08137543258979463e-11
1295,4180,4.21986470633011791e-04,4.21986472426063989e-04,1.79305219760381163e-12
1296,4181,1.59824162534850406e-01,1.59824162544380449e-01,9.53004342107988123e-12
1297,4182,4.14798005119583132e-03,4.14798005230555909e-03,1.10972776107276516e-12
1298,4183,5.00491895528356531e-02,5.00491895587332550e-02,5.89760185132348624e-12
1299,4184,1.96258999588665745e-01,1.96258999582865745e-01,-5.79999936967112717e-12
1300,4185,1.07353985238652513e-01,1.07353985254470763e-01,1.58182494880421132e-11
1301,4186,3.23194889953467082e-02,3.23194889684093531e-02,-2.69373551242679810e-11
1302,4187,4.64657533329871711e-02,4.64657533780357332e-02,4.50485621028562377e-11
1303,4188,2.20189295140075320e-01,2.20189295152059539e-01,1.19842191725894054e-11
1304,4189,1.70310300188363822e-01,1.70310300205936405e-01,1.75725822781913621e-11
1305,4190,1.45684981881574971e-01,1.45684981868249908e-01,-1.33250632750048226e-11
1306,4191,1.41971326012839266e-01,1.41971325999474512e-01,-1.33647537481351719e-11
1307,4192,1.40368127038114660e-01,1.40368127024112860e-01,-1.40017997196650867e-11
1308,4193,1.47428149608327785e-01,1.47428149600165287e-01,-8.16249845492222903e-12
1309,4194,3.42270467997081232e-02,3.42270467595652203e-02,-4.01429028906719054e-11
1310,4195,5.51995079994511417e-02,5.51995079894068291e-02,-1.00443126038740616e-11
1311,4196,6.22999020946994678e-02,6.22999021193967675e-02,2.46972997608452260e-11
1312,4197,7.13565472967852971e-02,7.13565473224309493e-02,2.56456522684800348e-11
1313,4198,9.78685189399074174e-02,9.78685189627315072e-02,2.28240898403342385e-11
1314,4199,6.53923551158633182e-02,6.53923551046663165e-02,-1.11970016591911303e-11
1315,4200,1.98646587253439200e-01,1.98646587256798651e-01,3.35945160578887680e-12
1316,4201,1.48334708549569261e-01,1.48334708554741568e-01,5.17230702712367929e-12
1317,4202,1.75906452852760964e-01,1.75906452860839529e-01,8.07856559426056720e-12
1318,4203,3.79288882853091799e-02,3.79288882788720791e-02,-6.43710085235227325e-12
1319,4204,5.17978875618023346e-02,5.17978875542117953e-02,-7.59053930821096401e-12
1320,4205,1.20564001595709472e-01,1.20564001619206967e-01,2.34974956159206272e-11
1321,4206,1.03155912769319624e-01,1.03155912753904830e-01,-1.54147944408933313e-11
1322,4207,1.84320442453580424e-01,1.84320442466327977e-01,1.27475530131704318e-11
1323,4208,9.20131536247953824e-02,9.20131536463528327e-02,2.15574502693272052e-11
1324,4209,1.87589662605442631e-01,1.87589662619492059e-01,1.40494282874215060e-11
1325,4210,1.60862197983397404e-01,1.60862197962646558e-01,-2.07508454863614134e-11
1326,4211,1.04928232401259286e-01,1.04928232407286631e-01,6.02734528953874360e-12
1327,4212,9.66230014952216831e-02,9.66230014915807622e-02,-3.64092089810696962e-12
1328,4213,1.25517184353796996e-01,1.25517184349155070e-01,-4.64192573268462638e-12
1329,4214,8.21898925144710357e-02,8.21898924765688543e-02,-3.79021813934343754e-11
1330,4215,2.05764225836894375e-02,2.05764225619262664e-02,-2.17631711263432948e-11
1331,4216,1.03165023110488932e-01,1.03165023118075322e-01,7.58638984965642749e-12
1332,4217,1.64423765307966283e-03,1.64423765950976624e-03,6.43010341153105180e-12
1333,4218,4.47036413825688608e-02,4.47036414433803347e-02,6.08114739120146908e-11
1334,4219,3.94258698687171075e-02,3.94258698729967119e-02,4.27960444859820655e-12
1335,4220,7.54829631734542650e-02,7.54829631374412807e-02,-3.60129842613687856e-11
1336,4221,7.65516540822756969e-02,7.65516541292293046e-02,4.69536076685983517e-11
1337,4222,1.37076768052197234e-01,1.37076768038513763e-01,-1.36834710229294387e-11
1338,4223,1.73661765069629742e-01,1.73661765070922014e-01,1.29227184508806658e-12
1339,4224,1.24573328642608505e-01,1.24573328651105000e-01,8.49649517409289956e-12
1340,4225,2.21853106032928155e-01,2.21853106042312953e-01,9.38479849388329512e-12
1341,4226,2.18429064284496682e-01,2.18429064277954665e-01,-6.54201692817935054e-12
1342,4227,2.25750179079411313e-02,2.25750179191619924e-02,1.12208610458797153e-11
1343,4228,2.01504268838598566e-01,2.01504268841990020e-01,3.39145378447369694e-12
1344,4229,1.33655461032471085e-01,1.33655461054483865e-01,2.20127804873015975e-11
1345,4230,1.15176068006563465e-01,1.15176067975193711e-01,-3.13697540166302247e-11
1346,4231,2.27930030052391874e-01,2.27930030054292826e-01,1.90095161833880866e-12
1347,4232,3.12323755748900034e-02,3.12323756150966955e-02,4.02066921423305246e-11
1348,4233,2.15139149682701397e-01,2.15139149689200337e-01,6.49894027482389447e-12
1349,4234,1.41660740668860363e-01,1.41660740696914922e-01,2.80545586761604682e-11
1350,4235,8.72388667383268007e-02,8.72388667710553012e-02,3.27285004653177225e-11
1351,4236,6.07205617249002433e-02,6.07205617332959094e-02,8.39566610677522362e-12
1352,4237,9.96557579493194262e-02,9.96557579632563334e-02,1.39369071838757463e-11
1353,4238,1.73647862626429943e-02,1.73647862661630778e-02,3.52008353021737719e-12
1354,4239,8.46287874473080348e-02,8.46287874138203916e-02,-3.34876432139807889e-11
1355,4240,5.41793728981635678e-02,5.41793728919702650e-02,-6.19330281503849278e-12
1356,4241,1.58407016906182946e-01,1.58407016912877563e-01,6.69461708291407831e-12
1357,4242,6.98353131389088111e-02,6.98353130822791657e-02,-5.66296454174164410e-11
1358,4243,1.93644397003269964e-01,1.93644396997087687e-01,-6.18227691262518420e-12
1359,4244,2.27133206791525488e-01,2.27133206798507126e-01,6.98163749035529690e-12
1360,4245,1.26971205514526980e-01,1.26971205511327484e-01,-3.19949622351600738e-12
1361,4246,1.99684099929796799e-01,1.99684099932167569e-01,2.37077024678455928e-12
1362,4247,1.43340591775870108e-01,1.43340591762022268e-01,-1.38478395417251932e-11
1363,4248,1.88201089385277104e-01,1.88201089375881564e-01,-9.39553990164654351e-12
1364,4249,2.06140141372871510e-01,2.06140141371625035e-01,-1.24647514532227888e-12
1365,4250,1.10476150128637166e-01,1.10476150156340852e-01,2.77036865670154953e-11
1366,4251,2.46694728142841588e-03,2.46694728443441584e-03,3.00599996283512638e-12
1367,4252,1.91234442184876702e-01,1.91234442176311997e-01,-8.56470450116830762e-12
1368,4253,1.54357778649891003e-01,1.54357778643815086e-01,-6.07591754686609420e-12
1369,4254,1.26979587503806418e-02,1.26979587438512086e-02,-6.52943324408461478e-12
1370,4255,4.22257313355940619e-02,4.22257313762947617e-02,4.07006997549252958e-11
1371,4256,1.11324660370722833e-01,1.11324660343568860e-01,-2.71539735141601568e-11
1372,4257,1.79320231631137472e-01,1.79320231616556663e-01,-1.45808087825827215e-11
1373,4258,8.62679721627188367e-02,8.62679721919536596e-02,2.92348228958516643e-11
1374,4259,1.71043678616655287e-01,1.71043678631574853e-01,1.49195655829714724e-11
1375,4260,9.45061654690680097e-02,9.45061654645117932e-02,-4.55621651518356430e-12
1376,4261,7.83591827717152051e-02,7.83591828199606266e-02,4.82454215466887604e-11
1377,4262,1.29770118900901177e-01,1.29770118904271425e-01,3.37024852470335645e-12
1378,4263,3.95566089350769395e-02,3.95566089279016167e-02,-7.17532283589505937e-12
1379,4264,2.54731361106049145e-02,2.54731361056875182e-02,-4.91739635122279140e-12
1380,4265,2.00890302502881118e-01,2.00890302497795104e-01,-5.08601494253468900e-12
1381,4266,5.71599033216936558e-02,5.71599033221025371e-02,4.08881262181637339e-13
1382,4267,3.57917894449006138e-02,3.57917894038886214e-02,-4.10119924132423819e-11
1383,4268,2.29309874468950181e-01,2.29309874467398284e-01,-1.55189749939665944e-12
1384,4269,1.53875142105664017e-03,1.53875142989851076e-03,8.84187059506380546e-12
1385,4270,1.53009030539650981e-01,1.53009030540239177e-01,5.88196158446407935e-13
1386,4271,9.28065639850998436e-02,9.28065639807451465e-02,-4.35469715842629057e-12
1387,4272,1.69223210839005628e-01,1.69223210851468409e-01,1.24627808073540791e-11
1388,4273,6.91914768503928274e-02,6.91914768713164513e-02,2.09236239445687033e-11
1389,4274,7.33415487844780827e-03,7.33415490690837290e-03,2.84605646341806739e-11
1390,4275,1.38411458815836635e-01,1.38411458804815812e-01,-1.10208231429709258e-11
1391,4276,8.42989680717062678e-02,8.42989681035347799e-02,3.18285120481931472e-11
1392,4277,1.63396326993774099e-01,1.63396326973921285e-01,-1.98528138373177399e-11
1393,4278,8.90254926648484796e-02,8.90254926973349375e-02,3.24864579681616306e-11
1394,4279,1.46968834219507960e-01,1.46968834235977647e-01,1.64696867255287316e-11
1395,4280,2.29340134490086861e-01,2.29340134489682795e-01,-4.04065669812325723e-13
1396,4281,2.11646010315762217e-01,2.11646010326625555e-01,1.08633380069278473e-11
1397,4282,1.91616408259676324e-01,1.91616408273867528e-01,1.41912037676661384e-11
1398,4283,1.19062057286742615e-01,1.19062057315464570e-01,2.87219553696260732e-11
1399,4284,1.72403324219903009e-01,1.72403324216212905e-01,-3.69010377809786405e-12
1400,4285,8.70640455060601448e-02,8.70640454721221674e-02,-3.39379774283443680e-11
1401,4286,1.76122593240092828e-01,1.76122593240304076e-01,2.11247686010551661e-13
1402,4287,5.70551016522314811e-02,5.70551016386315474e-02,-1.35999336792202996e-11
1403,4288,8.95743445093850066e-02,8.95743444799780575e-02,-2.94069490980319870e-11
1404,4289,2.16703747021710580e-01,2.16703747031657984e-01,9.94740401161209320e-12
1405,4290,1.66708918460222039e-01,1.66708918481891566e-01,2.16695272836631148e-11
1406,4291,6.59753333069043046e-02,6.59753333417636145e-02,3.48593098831173620e-11
1407,4292,1.78273063597821219e-02,1.78273063654378998e-02,5.65577792932536738e-12
1408,4293,1.50274933778426045e-01,1.50274933777609698e-01,-8.16346990006877604e-13
1409,4294,2.28485589394563510e-01,2.28485589393655070e-01,-9.08439989899534339e-13
1410,4295,5.80591670614891212e-02,5.80591670737408347e-02,1.22517135325850290e-11
1411,4296,1.72974239307210592e-01,1.72974239317511574e-01,1.03009822893795899e-11
1412,4297,9.01507865204296960e-02,9.01507865468506031e-02,2.64209071287879738e-11
1413,4298,1.15807905346632773e-03,1.15807905483494194e-03,1.36861420634015740e-12
1414,4299,5.60042383656546364e-02,5.60042383609892155e-02,-4.66542082744325626e-12
1415,4300,1.95512780261385966e-01,1.95512780255967106e-01,-5.41885980531731093e-12
1416,4301,3.26174774641802973e-02,3.26174775175589529e-02,5.33786556622395381e-11
1417,4302,7.29065228897556455e-02,7.29065229164649470e-02,2.67093014372221660e-11
1418,4303,2.17800779932137395e-01,2.17800779922814547e-01,-9.32284804910921139e-12
1419,4304,1.98892777090797862e-01,1.98892777088902545e-01,-1.89531723648883599e-12
1420,4305,1.83720770159357567e-02,1.83720769832950263e-02,-3.26407303963272000e-11
1421,4306,4.21509057760287020e-02,4.21509057452401012e-02,-3.07886008354962826e-11
1422,4307,6.30382554092918240e-02,6.30382554085863051e-02,-7.05518976573671353e-13
1423,4308,1.69767597045558438e-01,1.69767597029644390e-01,-1.59140478572794564e-11
1424,4309,1.39984325514687563e-01,1.39984325539868976e-01,2.51814125107330256e-11
1425,4310,2.24597742968773634e-01,2.24597742966856251e-01,-1.91738291910326097e-12
1426,4311,2.27896304251710202e-01,2.27896304248922404e-01,-2.78779777040938370e-12
1427,4312,1.84696876645064928e-01,1.84696876633944990e-01,-1.11199383034943367e-11
1428,4313,4.12430064595701515e-02,4.12430064997788004e-02,4.02086489104114264e-11
1429,4314,1.65189128421903808e-01,1.65189128439637678e-01,1.77338699280937817e-11
1430,4315,2.02289529841520634e-02,2.02289530047471168e-02,2.05950534404308883e-11
1431,4316,8.39486236363875260e-02,8.39486236733257840e-02,3.69382580078791989e-11
1432,4317,1.00296309364615255e-01,1.00296309348341897e-01,-1.62733576614115805e-11
1433,4318,2.02721517279009472e-01,2.02721517279020713e-01,1.12410081243297100e-14
1434,4319,1.00468853942825079e-01,1.00468853951072176e-01,8.24709744939866596e-12
1435,4320,1.48284460927376599e-01,1.48284460924702766e-01,-2.67383337693161138e-12
1436,4321,1.56324119443550624e-01,1.56324119435305914e-01,-8.24471046989572187e-12
1437,4322,9.26467772374398035e-02,9.26467772601979461e-02,2.27581425926715042e-11
1438,4323,1.73609824525980949e-01,1.73609824532071882e-01,6.09093331327414944e-12
1439,4324,1.65650821774194046e-01,1.65650821747397731e-01,-2.67963151667771626e-11
1440,4325,2.75828095673916196e-02,2.75828095575223649e-02,-9.86925471901933804e-12
1441,4326,7.80233851125502337e-02,7.80233850723533046e-02,-4.01969291186077271e-11
1442,4327,6.29467013673396386e-02,6.29467013951258703e-02,2.77862316488963756e-11
1443,4328,2.23636380273010249e-01,2.23636380276270308e-01,3.26005888950930967e-12
1444,4329,2.50712859793402534e-02,2.50712860008090975e-02,2.14688440636212619e-11
1445,4330,8.15395748732630765e-02,8.15395749134919245e-02,4.02288480305657004e-11
1446,4331,1.81314798040790731e-01,1.81314798053041959e-01,1.22512278100117555e-11
1447,4332,3.05647095562376729e-02,3.05647095120331995e-02,-4.42044734150215390e-11
1448,4333,2.30778298692857174e-02,2.30778298781019915e-02,8.81627409965446418e-12
1449,4334,1.07411969565313070e-01,1.07411969537492061e-01,-2.78210093851427587e-11
1450,4335,7.57518084879462011e-02,7.57518085184606255e-02,3.05144243206711963e-11
1451,4336,1.13817675456363107e-01,1.13817675493495543e-01,3.71324360148861388e-11
1452,4337,1.31825178130111714e-01,1.31825178138991611e-01,8.87989681785938956e-12
1453,4338,2.92389024195373638e-02,2.92389024504452512e-02,3.09078873605983517e-11
1454,4339,2.85146558051819219e-03,2.85146559055348900e-03,1.00352968122885411e-11
1455,4340,1.50592634727503782e-01,1.50592634726474606e-01,-1.02917674382752011e-12
1456,4341,1.05746901160104712e-01,1.05746901167916726e-01,7.81201492383587492e-12
1457,4342,1.85443846544987412e-01,1.85443846559143616e-01,1.41562039868148304e-11
1458,4343,6.83460667305185385e-03,6.83460669739637938e-03,2.43445255274088446e-11
1459,4344,1.67864592335134261e-01,1.67864592315845801e-01,-1.92884597183251572e-11
1460,4345,7.13820710742940484e-02,7.13820710215763293e-02,-5.27177190789984706e-11
1461,4346,2.72004044676672357e-02,2.72004045028013328e-02,3.51340970206059922e-11
1462,4347,1.16953655403063475e-01,1.16953655369131576e-01,-3.39318989572845453e-11
1463,4348,1.44879286766073145e-01,1.44879286753352349e-01,-1.27207966382769655e-11
1464,4349,1.81734805021706858e-01,1.81734805010415668e-01,-1.12911902050427670e-11
1465,4350,1.08053675595304779e-01,1.08053675613777947e-01,1.84731674401916734e-11
1466,4351,9.77620885778081143e-03,9.77620889429665213e-03,3.65158406984145145e-11
1467,4352,1.63356819109279489e-01,1.63356819116287827e-01,7.00833835409753192e-12
1468,4353,2.27796202278973792e-01,2.27796202277731674e-01,-1.24211751995062514e-12
1469,4354,5.50828864368761231e-02,5.50828864381967820e-02,1.32065886004895106e-12
1470,4355,1.27729396994555600e-01,1.27729396991813432e-01,-2.74216760409728977e-12
1471,4356,1.40282006296311851e-01,1.40282006285084082e-01,-1.12277687147610550e-11
1472,4357,2.28313186178956878e-01,2.28313186182109051e-01,3.15217296709136008e-12
1473,4358,2.18708666355654835e-01,2.18708666352679382e-01,-2.97545321714665079e-12
1474,4359,1.29856163896846760e-01,1.29856163881502312e-01,-1.53444479344955198e-11
1475,4360,3.86877387162763015e-02,3.86877387109600540e-02,-5.31624744226633084e-12
1476,4361,1.94198561387812024e-01,1.94198561404617082e-01,1.68050573456923757e-11
1477,4362,1.13578172880607800e-01,1.13578172847254688e-01,-3.33531119389718356e-11
1478,4363,4.43777591682079989e-02,4.43777591216238873e-02,-4.65841115682152918e-11
1479,4364,9.43015496945727311e-02,9.43015497176736966e-02,2.31009655848879447e-11
1480,4365,5.14739587218957743e-03,5.14739588883438015e-03,1.66448027236199003e-11
1481,4366,1.04665915743516122e-01,1.04665915724704101e-01,-1.88120213850950790e-11
1482,4367,3.36283432127549367e-02,3.36283431798864649e-02,-3.28684718331473391e-11
1483,4368,6.17234670674103800e-02,6.17234670771118626e-02,9.70148267276371712e-12
1484,4369,1.26181703067984347e-01,1.26181703071271106e-01,3.28675975325154468e-12
1485,4370,1.17041203060071958e-01,1.17041203085038667e-01,2.49667092555583281e-11
1486,4371,1.37722062917014221e-01,1.37722062944918150e-01,2.79039291672944501e-11
1487,4372,1.31499264187401682e-01,1.31499264168029567e-01,-1.93721150232306627e-11
1488,4373,1.48212994960759598e-01,1.48212994966366113e-01,5.60651525205457801e-12
1489,4374,1.24025985988403295e-01,1.24025985997433141e-01,9.02984631512282476e-12
1490,4375,1.76589118279142504e-01,1.76589118279787571e-01,6.45067332882831579e-13
1491,4376,9.79050570670770837e-02,9.79050570588620023e-02,-8.21508139292603801e-12
1492,4377,1.40776364684268751e-03,1.40776363707715755e-03,-9.76552996453938782e-12
1493,4378,7.07213689868440021e-02,7.07213690079766949e-02,2.11326928178934281e-11
1494,4379,4.72401423996573547e-02,4.72401423522730776e-02,-4.73842770576382577e-11
1495,4380,2.29274719606089888e-01,2.29274719606084754e-01,-5.13478148889134900e-15
1496,4381,3.14167757170908321e-02,3.14167757683778345e-02,5.12870024227396470e-11
1497,4382,1.01204170545270110e-02,1.01204170706974250e-02,1.61704139661766888e-11
1498,4383,2.16540196316816281e-03,2.16540196859987908e-03,5.43171627467864404e-12
1499,4384,2.02556689276221863e-01,2.02556689269366680e-01,-6.85518308785049157e-12
1500,4385,1.99899557017329560e-01,1.99899557017600898e-01,2.71338507218388258e-13
1501,4386,2.18398448300559350e-01,2.18398448292905389e-01,-7.65396079849267608e-12
1502,4387,2.26157304500517020e-01,2.26157304494504802e-01,-6.01221850082822584e-12
1503,4388,2.27969418008482971e-01,2.27969418002790053e-01,-5.69291835894603082e-12
1504,4389,2.05191403563079494e-01,2.05191403556898327e-01,-6.18116668960055904e-12
1505,4390,1.94653202685655669e-01,1.94653202700952516e-01,1.52968471223147162e-11
1506,4391,1.89386686430437517e-01,1.89386686447372055e-01,1.69345371059392846e-11
1507,4392,1.86752416778320302e-01,1.86752416792325099e-01,1.40047973218315747e-11
1508,4393,1.78851691075949448e-01,1.78851691075916835e-01,-3.26128013483639734e-14
1509,4394,2.15725700854243779e-01,2.15725700842415269e-01,-1.18285103933857272e-11
1510,4395,2.13085303039033197e-01,2.13085303028549666e-01,-1.04835307102035813e-11
1511,4396,2.21054383028491896e-01,2.21054383020687417e-01,-7.80447928505623167e-12
1512,4397,2.07829287824545073e-01,2.07829287813794505e-01,-1.07505671032015471e-11
1513,4398,1.97286251544144253e-01,1.97286251554708053e-01,1.05637998348839801e-11
1514,4399,1.76220379508567199e-01,1.76220379497981333e-01,-1.05858655174984051e-11
1515,4400,1.84095066242763006e-01,1.84095066253189749e-01,1.04267428024940045e-11
1516,4401,1.81481261386564008e-01,1.81481261391066351e-01,4.50234294291362858e-12
1517,4402,1.91998661711105911e-01,1.91998661728819436e-01,1.77135250911675257e-11
1518,4403,2.23691538704576587e-01,2.23691538691779851e-01,-1.27967358931613262e-11
1519,4404,2.10445301926807771e-01,2.10445301921380168e-01,-5.42760281163623404e-12
1520,4405,9.11245838932815827e-02,9.11245838655816431e-02,-2.76999395643073854e-11
1521,4406,3.45363239131543176e-03,3.45363240347455833e-03,1.21591265701825879e-11
1522,4407,5.96733096817040915e-03,5.96733097558718641e-03,7.41677726179279517e-12
1523,4408,1.44312010202201135e-01,1.44312010232548554e-01,3.03474190221919571e-11
1524,4409,1.41658881658473013e-01,1.41658881692250743e-01,3.37777306125275345e-11
1525,4410,1.36335015281264266e-01,1.36335015316830094e-01,3.55658280604131960e-11
1526,4411,1.12400615640165305e-01,1.12400615603936535e-01,-3.62287699839924926e-11
1527,4412,1.01763825264136479e-01,1.01763825245668071e-01,-1.84684073589735931e-11
1528,4413,9.91034538929717462e-02,9.91034538830153494e-02,-9.95639681811155697e-12
1529,4414,1.23039087149107051e-01,1.23039087121544752e-01,-2.75622996648294816e-11
1530,4415,1.09739394089885825e-01,1.09739394052857792e-01,-3.70280334172079506e-11
1531,4416,1.54951380210672923e-01,1.54951380200243072e-01,-1.04298514269629550e-11
1532,4417,1.33652464492237000e-01,1.33652464523671050e-01,3.14340498075438290e-11
1533,4418,1.17718601992033461e-01,1.17718601952158441e-01,-3.98750199526176630e-11
1534,4419,1.73546439084358101e-01,1.73546439065073388e-01,-1.92847127156170473e-11
1535,4420,1.46971363949389006e-01,1.46971363973544961e-01,2.41559550140379997e-11
1536,4421,1.07083467495022552e-01,1.07083467461762422e-01,-3.32601307606594787e-11
1537,4422,1.20380327556408678e-01,1.20380327521032782e-01,-3.53758966564754473e-11
1538,4423,1.38998900438697448e-01,1.38998900474225640e-01,3.55281914998784032e-11
1539,4424,1.31017004149196592e-01,1.31017004168395373e-01,1.91987814535110601e-11
1540,4425,1.70883862274625598e-01,1.70883862249144869e-01,-2.54807286381719678e-11
1541,4426,1.65585017927295824e-01,1.65585017898988496e-01,-2.83073287032920007e-11
1542,4427,1.60273500905903615e-01,1.60273500891523341e-01,-1.43802747487598026e-11
1543,4428,1.28357098253657403e-01,1.28357098256079299e-01,2.42189601706854774e-12
1544,4429,1.68222458557768156e-01,1.68222458532361174e-01,-2.54069820737612417e-11
1545,4430,8.84656701298267151e-02,8.84656700857705258e-02,-4.40561892522950416e-11
1546,4431,9.37853578306551139e-02,9.37853578121582709e-02,-1.84968429461918049e-11
1547,4432,2.72919610843839616e-02,2.72919611517287858e-02,6.73448241617080612e-11
1548,4433,2.19754141437853261e-02,2.19754141386480847e-02,-5.13724132678028411e-12
1549,4434,8.04821599796644582e-02,8.04821599159320500e-02,-6.37324082397583425e-11
1550,4435,9.64184654762975379e-02,9.64184654603626734e-02,-1.59348645389911781e-11
1551,4436,5.12327976800288701e-02,5.12327976530798368e-02,-2.69490332827082568e-11
1552,4437,3.52733120693990224e-02,3.52733120977728742e-02,2.83738518791487593e-11
1553,4438,1.49632745155488245e-01,1.49632745164368003e-01,8.87975803998131141e-12
1554,4439,7.25047092613158167e-02,7.25047091875183902e-02,-7.37974265030416632e-11
1555,4440,6.45290674804119002e-02,6.45290674640246614e-02,-1.63872387881625059e-11
1556,4441,5.92092403604655634e-02,5.92092403817183408e-02,2.12527773157944466e-11
1557,4442,4.85778293073430012e-02,4.85778292618049140e-02,-4.55380871899890849e-11
1558,4443,1.25694994065885218e-01,1.25694994048711650e-01,-1.71735681231410808e-11
1559,4444,1.62899407586227785e-01,1.62899407563894955e-01,-2.23328300297254145e-11
1560,4445,1.52292993228677342e-01,1.52292993226531143e-01,-2.14619988447850574e-12
1561,4446,4.32523640891235850e-02,4.32523640476428842e-02,-4.14807008186635073e-11
1562,4447,1.57612627039830616e-01,1.57612627028320018e-01,-1.15105980302843136e-11
1563,4448,1.15057710593531412e-01,1.15057710556941972e-01,-3.65894398113297825e-11
1564,4449,6.71884380653577501e-02,6.71884380238257500e-02,-4.15320000612950935e-11
1565,4450,2.46350702151619215e-02,2.46350702584506760e-02,4.32887545254168060e-11
1566,4451,5.65255762398910941e-02,5.65255762613819795e-02,2.14908854601070232e-11
1567,4452,1.04420066533596229e-01,1.04420066504605988e-01,-2.89902407635267423e-11
1568,4453,7.51672173628278040e-02,7.51672172910476111e-02,-7.17801929006611772e-11
1569,4454,1.13025945588765137e-02,1.13025945436316441e-02,-1.52448696028040231e-11
1570,4455,1.39764091755278843e-02,1.39764091430322323e-02,-3.24956520025843076e-11
1571,4456,3.79321062985189181e-02,3.79321062891792155e-02,-9.33970262240180205e-12
1572,4457,2.99524792584896955e-02,2.99524793229954331e-02,6.45057375570079472e-11
1573,4458,1.93089915580889789e-02,1.93089915163484754e-02,-4.17405034147666498e-11
1574,4459,4.59162655233432276e-02,4.59162654724580080e-02,-5.08852196490217068e-11
1575,4460,8.62670951907312626e-03,8.62670951401389025e-03,-5.05923601623603503e-12
1576,4461,6.98446538150733209e-02,6.98446537521794225e-02,-6.28938984226223852e-11
1577,4462,3.25900999495201543e-02,3.25901000046158254e-02,5.50956710809735739e-11
1578,4463,1.66437628328573867e-02,1.66437627854257517e-02,-4.74316350085324245e-11
1579,4464,4.05910967134290590e-02,4.05910966828202796e-02,-3.06087793999765267e-11
1580,4465,1.61297439843583173e-03,1.61297439526605284e-03,-3.16977889248948319e-12
1581,4466,8.58035896993062236e-02,8.58035896448434005e-02,-5.44628231402555230e-11
1582,4467,8.31442907076610643e-02,8.31442906450486907e-02,-6.26123736191530611e-11
1583,4468,7.78272676319070184e-02,7.78272675673871289e-02,-6.45198894311249660e-11
1584,4469,5.38652695583592828e-02,5.38652695579096771e-02,-4.49605630503668863e-13
1585,4470,6.18689397548806835e-02,6.18689397602147015e-02,5.33401794955423725e-12
1586,4471,9.04454875111017110e-05,9.04454884053199635e-05,8.94218252505026012e-13
1587,4472,6.25423463786684762e-05,6.25423464090423323e-05,3.03738560995456264e-14
1588,4473,7.47001398543632381e-05,7.47001403778848260e-05,5.23521587951318590e-13
1589,4474,6.40307344175746829e-05,6.40307346737828100e-05,2.56208127088174142e-13
1590,4475,9.09094851073500080e-05,9.09094861830770534e-05,1.07572704541834818e-12
1591,4476,5.64908263213119289e-05,5.64908260327353322e-05,-2.88576596700704929e-13
1592,4477,2.01079557437762430e-04,2.01079559369241333e-04,1.93147890259828814e-12
1593,4478,8.45205677163954707e-05,8.45205686557215074e-05,9.39326036657889274e-13
1594,4479,5.56845623413784570e-05,5.56845622948804952e-05,-4.64979617309513316e-14
1595,4480,6.77866126158805277e-05,6.77866131510209547e-05,5.35140426980232342e-13
1596,4481,6.14602651305571956e-05,6.14602653765781320e-05,2.46020936370446031e-13
1597,4482,4.93736878131582657e-05,4.93736874752907144e-05,-3.37867551319405435e-13
1598,4483,1.17458923634908654e-04,1.17458925026120927e-04,1.39121227287885424e-12
1599,4484,9.80915750934865244e-05,9.80915742205009077e-05,-8.72985616629830263e-13
1600,4485,3.93422224832479472e-05,3.93422220925873531e-05,-3.90660594151714946e-13
1601,4486,1.86926518805196143e-04,1.86926520669047447e-04,1.86385130419852718e-12
1602,4487,6.76815805373297611e-05,6.76815814367758061e-05,8.99446044987789461e-13
1603,4488,1.62507579738360502e-04,1.62507581211304123e-04,1.47294362037170279e-12
1604,4489,2.23486492633602349e-04,2.23486494555157712e-04,1.92155536274385419e-12
1605,4490,1.35834642603405560e-04,1.35834643492344765e-04,8.88939204364558311e-13
1606,4491,1.29338042979442705e-04,1.29338042201716108e-04,-7.77726597315717139e-13
1607,4492,1.17131685256353601e-04,1.17131685320098305e-04,6.37447045018571523e-14
1608,4493,1.21805620691258092e-04,1.21805621250883680e-04,5.59625588057721668e-13
1609,4494,0.00000000000000000e+00,0.00000000000000000e+00,0.00000000000000000e+00
1610,4495,0.00000000000000000e+00,0.00000000000000000e+00,0.00000000000000000e+00
1611,4496,0.00000000000000000e+00,0.00000000000000000e+00,0.00000000000000000e+00
1612,4497,0.00000000000000000e+00,0.00000000000000000e+00,0.00000000000000000e+00
1613,4498,0.00000000000000000e+00,0.00000000000000000e+00,0.00000000000000000e+00
1614,4499,0.00000000000000000e+00,0.00000000000000000e+00,0.00000000000000000e+00
1615,4500,2.29493029464889253e-01,2.29493029465467152e-01,5.77898839893009608e-13
1616,4501,2.29516483835810609e-01,2.29516483836254698e-01,4.44089209850062616e-13
1617,4502,2.29504765370700581e-01,2.29504765371005559e-01,3.04978264864530502e-13
1618,4503,2.29511819735985834e-01,2.29511819736772149e-01,7.86315457190767120e-13
1619,4504,2.29487089053814625e-01,2.29487089053814652e-01,2.77555756156289135e-17
1620,4505,2.29522123671289130e-01,2.29522123670872713e-01,-4.16416900961280589e-13
1621,4506,2.29412473331171596e-01,2.29412473330899647e-01,-2.71949129881932095e-13
1622,4507,2.29480058633005551e-01,2.29480058632706929e-01,-2.98622238048551480e-13
1623,4508,2.29510068320088356e-01,2.29510068320032984e-01,-5.53723733531796825e-14
1624,4509,2.29497943434971985e-01,2.29497943434450569e-01,-5.21416243515204769e-13
1625,4510,2.29509185335445759e-01,2.29509185335486532e-01,4.07729405793588739e-14
1626,4511,2.29516470098031111e-01,2.29516470097524183e-01,-5.06927833043846476e-13
1627,4512,2.29434716998342531e-01,2.29434716997319488e-01,-1.02304276161646612e-12
1628,4513,2.29477652186296954e-01,2.29477652187375369e-01,1.07841513496964581e-12
1629,4514,2.29533811112444031e-01,2.29533811112894698e-01,4.50667281270966669e-13
1630,4515,2.29384050572390308e-01,2.29384050571110359e-01,-1.27994836951472735e-12
1631,4516,2.29502616854492941e-01,2.29502616854160929e-01,-3.32012195514153063e-13
1632,4517,2.29414112607536191e-01,2.29414112607512322e-01,-2.38697950294408656e-14
1633,4518,2.29348854730979212e-01,2.29348854729286511e-01,-1.69270153449474492e-12
1634,4519,2.29451357744079903e-01,2.29451357744658052e-01,5.78148640073550268e-13
1635,4520,2.29449230418560884e-01,2.29449230418916517e-01,3.55632190363053269e-13
1636,4521,2.29458562656607551e-01,2.29458562657225085e-01,6.17533801872127697e-13
1637,4522,2.29441150177449732e-01,2.29441150177084302e-01,-3.65429908555370275e-13
1638,4523,2.29572692811121859e-01,2.29572692811121831e-01,-2.77555756156289135e-17
1639,4524,2.29572692811121859e-01,2.29572692811121859e-01,0.00000000000000000e+00
1640,4525,2.29572692811121859e-01,2.29572692811121887e-01,2.77555756156289135e-17
1641,4526,2.29572692811121859e-01,2.29572692811121859e-01,0.00000000000000000e+00
1642,4527,2.29572692811121859e-01,2.29572692811121859e-01,0.00000000000000000e+00
1643,4528,2.29572692811121859e-01,2.29572692811121859e-01,0.00000000000000000e+00
1644,5562,2.07732747551716557e-01,2.07732747543396934e-01,-8.31962276848230431e-12
1645,5563,2.18272584269592812e-01,2.18272584263863284e-01,-5.72952796318304536e-12
1646,5564,1.97451966730071482e-01,1.97451966738225876e-01,8.15439382684246539e-12
1647,5565,1.86778081535239032e-01,1.86778081547634922e-01,1.23958898701204134e-11
1648,5566,1.76266401089875790e-01,1.76266401089049535e-01,-8.26255730501657126e-13
1649,5567,1.11993010989995898e-02,1.11993011119111020e-02,1.29115121372258557e-11
1650,5568,1.65243258883718894e-02,1.65243258811091330e-02,-7.26275636853124240e-12
1651,5569,2.15682261667233845e-02,2.15682261844066595e-02,1.76832749831934422e-11
1652,5570,2.68388468588252015e-02,2.68388468498387302e-02,-8.98647128932950068e-12
1653,5571,3.21613810069773798e-02,3.21613809637279827e-02,-4.32493971191938442e-11
1654,5572,3.76260657479649749e-02,3.76260657172713744e-02,-3.06936004390578887e-11
1655,5573,4.29235855403522215e-02,4.29235855996482965e-02,5.92960749945525833e-11
1656,5574,4.83399068256051209e-02,4.83399068500680318e-02,2.44629108636651438e-11
1657,5575,5.37319325421366512e-02,5.37319325314430940e-02,-1.06935571508870453e-11
1658,5576,5.88958360882012380e-02,5.88958360767716030e-02,-1.14296350162135241e-11
1659,5577,6.42015749969508387e-02,6.42015750272682401e-02,3.03174013671636544e-11
1660,5578,6.95498945089854242e-02,6.95498945412812986e-02,3.22958743081969146e-11
1661,5579,7.48181037093096774e-02,7.48181037487812284e-02,3.94715510276810733e-11
1662,5580,8.01144451659309142e-02,8.01144452098004056e-02,4.38694913729165137e-11
1663,5581,8.54432544128105875e-02,8.54432544461245502e-02,3.33139626995659910e-11
1664,5582,9.07144318011834372e-02,9.07144318286465801e-02,2.74631428709426473e-11
1665,5583,9.61305253220098160e-02,9.61305253479250998e-02,2.59152838077980618e-11
1666,5584,1.01047061505253971e-01,1.01047061514340050e-01,9.08607911132008894e-12
1667,5585,1.06647186419640300e-01,1.06647186432938940e-01,1.32986399670187438e-11
1668,5586,1.11951882067791816e-01,1.11951882102420061e-01,3.46282447161172513e-11
1669,5587,1.17051662745430329e-01,1.17051662776942053e-01,3.15117237859041666e-11
1670,5588,1.22584893856669333e-01,1.22584893872482489e-01,1.58131563399166453e-11
1671,5589,1.28330417229967353e-01,1.28330417224282900e-01,-5.68445290838326400e-12
1672,5590,1.33237318281396483e-01,1.33237318261889698e-01,-1.95067850761176942e-11
1673,5591,1.38982161279979782e-01,1.38982161310541169e-01,3.05613867546128404e-11
1674,5592,1.49455054723998892e-01,1.49455054727646447e-01,3.64755448067910493e-12
1675,5593,1.60168251775207077e-01,1.60168251754454871e-01,-2.07522055095665792e-11
1676,5594,1.68378041129267603e-01,1.68378041109425725e-01,-1.98418781405251821e-11
1677,5595,2.13174659162322505e-01,2.13174659165264790e-01,2.94228530428597423e-12
1678,5596,2.02450377268912629e-01,2.02450377268746179e-01,-1.66450186966926594e-13
1679,5597,1.91795050704769238e-01,1.91795050693446378e-01,-1.13228593168201996e-11
1680,5598,1.81453843525321928e-01,1.81453843512161039e-01,-1.31608890452383775e-11
1681,5599,1.43960867839093593e-01,1.43960867818748561e-01,-2.03450312152853030e-11
1682,5600,1.54544241037162494e-01,1.54544241039674901e-01,2.51240694915111362e-12
1683,5601,2.20693019889294005e-03,2.20693020123134947e-03,2.33840941402108093e-12
1684,5602,2.21940842852950737e-01,2.21940842859782494e-01,6.83175738203090077e-12
1685,5603,1.72625780337285983e-01,1.72625780353896863e-01,1.66108793386854359e-11
1686,5604,1.63185650215950190e-01,1.63185650228317769e-01,1.23675791829924719e-11
1687,5605,1.38639207709460033e-02,1.38639207404332911e-02,-3.05127121486004071e-11
1688,5606,1.92108936240736987e-02,1.92108935871873748e-02,-3.68863238564554052e-11
1689,5607,2.46802990751964768e-02,2.46802991112231897e-02,3.60267128629576661e-11
1690,5608,2.99510137920056575e-02,2.99510138494141764e-02,5.74085189108952676e-11
1691,5609,3.52722741675520479e-02,3.52722741959807587e-02,2.84287107743530498e-11
1692,5610,4.05928520957032080e-02,4.05928520711211077e-02,-2.45821002442525582e-11
1693,5611,4.59570144945533471e-02,4.59570144434526748e-02,-5.11006723047380262e-11
1694,5612,5.12309819178657158e-02,5.12309818920950594e-02,-2.57706564421589235e-11
1695,5613,5.65492397130978666e-02,5.65492397286603346e-02,1.55624679809562849e-11
1696,5614,6.16849665112255557e-02,6.16849665154907481e-02,4.26519236595979123e-12
1697,5615,6.71296155102405478e-02,6.71296154759489366e-02,-3.42916112172630960e-11
1698,5616,7.26732045669221671e-02,7.26732045008405408e-02,-6.60816262820773659e-11
1699,5617,7.77936214326219316e-02,7.77936213714807562e-02,-6.11411754558588427e-11
1700,5618,8.31467266025307239e-02,8.31467265562110813e-02,-4.63196425659617717e-11
1701,5619,8.84641509181529895e-02,8.84641508784917152e-02,-3.96612742648017047e-11
1702,5620,9.37272981025170510e-02,9.37272980885858753e-02,-1.39311756575111190e-11
1703,5621,9.89913107523332503e-02,9.89913107418520649e-02,-1.04811853640640606e-11
1704,5622,1.04550298880506057e-01,1.04550298852052956e-01,-2.84531009864252837e-11
1705,5623,1.09735678863190772e-01,1.09735678832545466e-01,-3.06453057374866944e-11
1706,5624,1.15104332998535036e-01,1.15104332957366690e-01,-4.11683465095791234e-11
1707,5625,1.20268783938427312e-01,1.20268783905006824e-01,-3.34204885987787748e-11
1708,5626,1.25781627491696107e-01,1.25781627474528646e-01,-1.71674618965056425e-11
1709,5627,1.31064238103519803e-01,1.31064238112534120e-01,9.01431707056588039e-12
1710,5628,1.81561645744985567e-01,1.81561645753995027e-01,9.00945984483314533e-12
1711,5629,1.92010730297151516e-01,1.92010730318486617e-01,2.13351003530704020e-11
1712,5630,2.02577500435301455e-01,2.02577500431907032e-01,-3.39442363106456924e-12
1713,5631,2.13105528826852519e-01,2.13105528812970069e-01,-1.38824507445178824e-11
1714,5632,1.86701454288286800e-01,1.86701454280296775e-01,-7.99002530804671096e-12
1715,5633,1.97131733728923175e-01,1.97131733717734597e-01,-1.11885778419917870e-11
1716,5634,2.07689594764748076e-01,2.07689594764742913e-01,-5.16253706450697791e-15
1717,5635,1.54921981236632172e-01,1.54921981226571748e-01,-1.00604247155189341e-11
1718,5636,1.49150630016344488e-01,1.49150630012957947e-01,-3.38654104758973062e-12
1719,5637,1.44393824833912221e-01,1.44393824850999219e-01,1.70869984827959343e-11
1720,5638,1.38717287219146473e-01,1.38717287203937695e-01,-1.52087786808863257e-11
1721,5639,2.27414222604382654e-01,2.27414222600734017e-01,-3.64863694812811445e-12
1722,5640,8.59120029072931758e-03,8.59120028371461279e-03,-7.01470478925436680e-12
1723,5641,5.96390122344056094e-03,5.96390123906867260e-03,1.56281116520107233e-11
1724,5642,2.27676016434591288e-01,2.27676016434301798e-01,-2.89490653671009568e-13
1725,5643,2.18599492341009394e-01,2.18599492349366847e-01,8.35745361804640652e-12
1726,5644,1.77465517079731822e-01,1.77465517075603069e-01,-4.12875289512726340e-12
1727,5645,1.58231582230249218e-01,1.58231582239708291e-01,9.45907241423071810e-12
1728,5646,1.68397341645081522e-01,1.68397341663336586e-01,1.82550641270040614e-11
1729,5647,1.80558503981914577e-03,1.80558504911364800e-03,9.29450223383088137e-12
1730,5648,2.23711308502703432e-01,2.23711308492999139e-01,-9.70429292479479955e-12
1731,5649,2.25438144237336519e-01,2.25438144243031630e-01,5.69511104941966551e-12
1732,5650,2.40268005356844604e-03,2.40268004697959765e-03,-6.58884839049855842e-12
1733,5651,2.28149181610536711e-01,2.28149181617267910e-01,6.73119893157547722e-12
1734,5652,1.12441758125769471e-02,1.12441757967600541e-02,-1.58168929342838993e-11
1735,5653,1.25245367175243552e-02,1.25245366950393969e-02,-2.24849583396746766e-11
1736,5654,1.48501125135437981e-02,1.48501124868857613e-02,-2.66580368890600994e-11
1737,5655,1.36759547172491027e-02,1.36759546986128869e-02,-1.86362158344222095e-11
1738,5656,1.58064051038547364e-02,1.58064050885633710e-02,-1.52913653961306295e-11
1739,5657,1.13665878927374144e-02,1.13665878746211074e-02,-1.81163070656076286e-11
1740,5658,1.46647363151413482e-02,1.46647363054454773e-02,-9.69587084231893215e-12
1741,5659,1.67872477663387858e-02,1.67872477630864811e-02,-3.25230467557169334e-12
1742,5660,1.80095486853203701e-02,1.80095486693730190e-02,-1.59473510785712591e-11
1743,5661,1.88743068206975659e-02,1.88743068187075640e-02,-1.99000191325460207e-12
1744,5662,2.02786231816905020e-02,2.02786231717544986e-02,-9.93600340892797362e-12
1745,5663,2.09351762175683485e-02,2.09351762201859873e-02,2.61763874465081869e-12
1746,5664,2.24326467704878928e-02,2.24326467747672648e-02,4.27937199565242565e-12
1747,5665,2.29411895067935349e-02,2.29411895172117047e-02,1.04181697990757272e-11
1748,5666,2.44900329461696549e-02,2.44900329606336162e-02,1.44639612786878757e-11
1749,5667,1.95604886713811009e-02,1.95604886782594217e-02,6.87832082957307023e-12
1750,5668,2.48759206654010738e-02,2.48759206749698952e-02,9.56882142966186677e-12
1751,5669,2.64682219592952683e-02,2.64682219708391939e-02,1.15439255377047800e-11
1752,5670,2.61526736155569088e-02,2.61526736369209305e-02,2.13640216628618873e-11
1753,5671,2.81264169339908200e-02,2.81264169499005762e-02,1.59097561513998897e-11
1754,5672,2.83537300278077740e-02,2.83537300291341367e-02,1.32636263083796280e-12
1755,5673,3.00758583247778509e-02,3.00758583311131547e-02,6.33530380933500226e-12
1756,5674,1.55671392365375801e-02,1.55671392336299026e-02,-2.90767757094023693e-12
1757,5675,1.35424651225300105e-02,1.35424651091153574e-02,-1.34146530689216448e-11
1758,5676,2.99539689284851439e-02,2.99539689559408552e-02,2.74557113155715626e-11
1759,5677,3.19478119752469591e-02,3.19478119892207396e-02,1.39737804660811094e-11
1760,5678,3.18955711226615868e-02,3.18955711165824496e-02,-6.07913719363750715e-12
1761,5679,3.37242562130915455e-02,3.37242562145986177e-02,1.50707224477741875e-12
1762,5680,3.38700554942025014e-02,3.38700555142977394e-02,2.00952379736385467e-11
1763,5681,3.56207589229117425e-02,3.56207589313261574e-02,8.41441499810358096e-12
1764,5682,3.54475184929428783e-02,3.54475184848001279e-02,-8.14275036287170906e-12
1765,5683,3.73414607922330083e-02,3.73414607941010140e-02,1.86800575008305714e-12
1766,5684,3.76279421612807641e-02,3.76279421730734073e-02,1.17926432507964307e-11
1767,5685,3.93241445475525503e-02,3.93241445564516887e-02,8.89913837065492430e-12
1768,5686,3.89300818397536955e-02,3.89300818432676554e-02,3.51395995634717906e-12
1769,5687,4.08625812228775309e-02,4.08625812358155913e-02,1.29380603453022047e-11
1770,5688,4.13785968475235758e-02,4.13785968497022150e-02,2.17863921347927203e-12
1771,5689,4.28632100116604214e-02,4.28632100177137459e-02,6.05332450831497226e-12
1772,5690,4.34002436252735810e-02,4.34002436103449116e-02,-1.49286694117733987e-11
1773,5691,4.48932703263187349e-02,4.48932703194861657e-02,-6.83256923261765792e-12
1774,5692,4.54773622979348993e-02,4.54773622649320419e-02,-3.30028573913843104e-11
1775,5693,4.69639445204047615e-02,4.69639445038826514e-02,-1.65221100689727507e-11
1776,5694,4.78551968388267121e-02,4.78551968052879709e-02,-3.35387412286891617e-11
1777,5695,4.91020475257334318e-02,4.91020475081402064e-02,-1.75932254875554861e-11
1778,5696,4.61909200050172192e-02,4.61909200127017597e-02,7.68454050392719523e-12
1779,5697,5.00888554789544194e-02,5.00888554534414804e-02,-2.55129389836739051e-11
1780,5698,5.12380709013449467e-02,5.12380708890558256e-02,-1.22891211096209929e-11
1781,5699,5.23332668154919828e-02,5.23332668030764697e-02,-1.24155130620806631e-11
1782,5700,5.33737632620513852e-02,5.33737632571308560e-02,-4.92052926182040551e-12
1783,5701,5.02453097628220158e-02,5.02453097571589902e-02,-5.66302560400799848e-12
1784,5702,5.45770145861300959e-02,5.45770145850300037e-02,-1.10009223952545199e-12
1785,5703,5.55023764855889085e-02,5.55023764865752167e-02,9.86308257289181256e-13
1786,5704,5.67965567656320558e-02,5.67965567715197628e-02,5.88770698861651454e-12
1787,5705,5.76047128397473990e-02,5.76047128466975616e-02,6.95016266760717372e-12
1788,5706,5.89688807522413955e-02,5.89688807641848278e-02,1.19434323542222387e-11
1789,5707,5.96694015097021940e-02,5.96694015245368831e-02,1.48346890327388792e-11
1790,5708,6.10943319177326694e-02,6.10943319348485753e-02,1.71159059147996118e-11
1791,5709,6.16882100015589477e-02,6.16882100232299599e-02,2.16710122069585509e-11
1792,5710,6.31994783105883501e-02,6.31994783279933720e-02,1.74050218681998103e-11
1793,5711,5.63384489851680020e-02,5.63384489859785481e-02,8.10546074703211161e-13
1794,5712,6.36625992233020577e-02,6.36625992470231661e-02,2.37211084108679415e-11
1795,5713,6.52212054819584358e-02,6.52212054957801157e-02,1.38216799117074629e-11
1796,5714,6.55699094942630151e-02,6.55699095176087987e-02,2.33457836396055995e-11
1797,5715,6.71596630419551283e-02,6.71596630501849756e-02,8.22984735915355259e-12
1798,5716,6.68929356722962748e-02,6.68929356685826898e-02,-3.71358499506868611e-12
1799,5717,6.88636373653186418e-02,6.88636373543689007e-02,-1.09497411138193002e-11
1800,5718,6.86689546503747028e-02,6.86689546271437024e-02,-2.32310004566471662e-11
1801,5719,7.06687378286987716e-02,7.06687378033286351e-02,-2.53701365471314944e-11
1802,5720,7.07395650107496138e-02,7.07395650016443278e-02,-9.10528596964610415e-12
1803,5721,7.25544482178842876e-02,7.25544481996398261e-02,-1.82444614971188912e-11
1804,5722,7.25217714465359181e-02,7.25217714468271574e-02,2.91239254934794189e-13
1805,5723,7.43395255739587035e-02,7.43395255659056869e-02,-8.05301658690638078e-12
1806,5724,7.45392035033490691e-02,7.45392034785073293e-02,-2.48417397763489589e-11
1807,5725,7.62645481132226549e-02,7.62645481000542580e-02,-1.31683969284424052e-11
1808,5726,7.60179879428368177e-02,7.60179879479245535e-02,5.08773578822285799e-12
1809,5727,7.79064543591836411e-02,7.79064543633145173e-02,4.13087619666185901e-12
1810,5728,7.82540087495550013e-02,7.82540087349977292e-02,-1.45572720544606682e-11
1811,5729,7.98624790938807921e-02,7.98624790957880859e-02,1.90729376736697986e-12
1812,5730,8.03202421304859832e-02,8.03202421117443222e-02,-1.87416610009094597e-11
1813,5731,8.18807298860205618e-02,8.18807298810424328e-02,-4.97812902011673941e-12
1814,5732,8.13794829950163362e-02,8.13794830072629982e-02,1.22466620178229846e-11
1815,5733,8.33269969940092503e-02,8.33269969999240884e-02,5.91483806378079180e-12
1816,5734,8.39612782547383002e-02,8.39612782441055694e-02,-1.06327308069253945e-11
1817,5735,8.53389164471576450e-02,8.53389164513122106e-02,4.15456558044979829e-12
1818,5736,8.61042469265683869e-02,8.61042469157937695e-02,-1.07746173094724895e-11
1819,5737,8.73915176779825470e-02,8.73915176837565671e-02,5.77402015089489851e-12
1820,5738,8.82776954004193121e-02,8.82776953896682454e-02,-1.07510667035626284e-11
1821,5739,8.94699834162923646e-02,8.94699834212825534e-02,4.99018881772173017e-12
1822,5740,9.04593243762909227e-02,9.04593243673653818e-02,-8.92554086195929131e-12
1823,5741,9.15610090712490055e-02,9.15610090771730861e-02,5.92408067046079623e-12
1824,5742,9.26427581775120523e-02,9.26427581764964481e-02,-1.01560426735147757e-12
1825,5743,9.36507715221585185e-02,9.36507715320926554e-02,9.93413684646782258e-12
1826,5744,9.48451892156905729e-02,9.48451892212391900e-02,5.54861712132037610e-12
1827,5745,9.57353948872117361e-02,9.57353948990110476e-02,1.17993115278380856e-11
1828,5746,9.70176968002802870e-02,9.70176968020168423e-02,1.73655534396743860e-12
1829,5747,9.77963755020046788e-02,9.77963755092370740e-02,7.23239523825469632e-12
1830,5748,9.91588743198542205e-02,9.91588743138199363e-02,-6.03428418344265083e-12
1831,5749,9.98242435225186880e-02,9.98242435246062959e-02,2.08760786435391310e-12
1832,5750,1.01255182901169596e-01,1.01255182892642626e-01,-8.52697079611886011e-12
1833,5751,1.01807569963768094e-01,1.01807569963572153e-01,-1.95940486058532315e-13
1834,5752,1.03294110119300772e-01,1.03294110113298671e-01,-6.00210159351632910e-12
1835,5753,1.03735412260581458e-01,1.03735412260503118e-01,-7.83401121751126084e-14
1836,5754,1.05267876420788997e-01,1.05267876417775755e-01,-3.01324243334732955e-12
1837,5755,1.04890908777092465e-01,1.04890908766038154e-01,-1.10543102449511821e-11
1838,5756,1.06907432550290712e-01,1.06907432543136519e-01,-7.15419390395766186e-12
1839,5757,1.06587279682218816e-01,1.06587279662253578e-01,-1.99652377963488448e-11
1840,5758,1.08622532226229071e-01,1.08622532211815753e-01,-1.44133177615302088e-11
1841,5759,1.08831470210287884e-01,1.08831470213126863e-01,2.83897905184460342e-12
1842,5760,1.10566621350726604e-01,1.10566621346750660e-01,-3.97594457357541842e-12
1843,5761,1.10672137054896175e-01,1.10672137069746157e-01,1.48499823549030907e-11
1844,5762,1.12455977823798958e-01,1.12455977830022008e-01,6.22304985320454307e-12
1845,5763,1.12476673564290780e-01,1.12476673553697670e-01,-1.05931097227340842e-11
1846,5764,1.14373324108933680e-01,1.14373324107918659e-01,-1.01502140026354937e-12
1847,5765,1.14218660017002441e-01,1.14218660031777164e-01,1.47747231116213129e-11
1848,5766,1.16085658913517326e-01,1.16085658921310605e-01,7.79327991029532541e-12
1849,5767,1.16361911094377268e-01,1.16361911084092218e-01,-1.02850505889762189e-11
1850,5768,1.18037004506783963e-01,1.18037004506366311e-01,-4.17652024076176076e-13
1851,5769,8.85656659383676215e-02,8.85656659589723894e-02,2.06047678918963584e-11
1852,5770,9.85344718277748610e-02,9.85344718408094483e-02,1.30345872983994582e-11
1853,5771,1.18414891348142162e-01,1.18414891330815258e-01,-1.73269038006296228e-11
1854,5772,1.20065935630099249e-01,1.20065935624873193e-01,-5.22605569930334468e-12
1855,5773,1.19625337291213635e-01,1.19625337298882028e-01,7.66839369781280311e-12
1856,5774,1.21608023169940918e-01,1.21608023172354848e-01,2.41393016686686224e-12
1857,5775,1.22159433455832245e-01,1.22159433449571975e-01,-6.26027008010510144e-12
1858,5776,1.23646911959323841e-01,1.23646911958218642e-01,-1.10519926543872771e-12
1859,5777,1.24290189494303926e-01,1.24290189488603015e-01,-5.70091196472333195e-12
1860,5778,1.25732982613877720e-01,1.25732982611592936e-01,-2.28478347352734090e-12
1861,5779,1.25018874042258615e-01,1.25018874045077971e-01,2.81935585988435378e-12
1862,5780,1.27029479565845094e-01,1.27029479565428011e-01,-4.17083034776055683e-13
1863,5781,1.27862069159664471e-01,1.27862069158619668e-01,-1.04480313289911919e-12
1864,5782,1.29071642763962963e-01,1.29071642761153904e-01,-2.80905854133095545e-12
1865,5783,1.29992341973713427e-01,1.29992341973234837e-01,-4.78589390340289356e-13
1866,5784,1.31127150731086606e-01,1.31127150725712543e-01,-5.37406230627368586e-12
1867,5785,1.32173635474132495e-01,1.32173635473083667e-01,-1.04882769136338538e-12
1868,5786,1.33194890699913165e-01,1.33194890693920043e-01,-5.99312266480467315e-12
1869,5787,1.34366113878006344e-01,1.34366113880555582e-01,2.54923859799305319e-12
1870,5788,1.35251411133717886e-01,1.35251411130450611e-01,-3.26727533916937318e-12
1871,5789,1.36484447374511098e-01,1.36484447381283958e-01,6.77286005057453622e-12
1872,5790,1.35822186802635109e-01,1.35822186818651214e-01,1.60161051088181239e-11
1873,5791,1.37286835351228625e-01,1.37286835349211628e-01,-2.01699767998775314e-12
1874,5792,1.38595827229795771e-01,1.38595827236492719e-01,6.69694855126579114e-12
1875,5793,1.39293661158569948e-01,1.39293661155088094e-01,-3.48185369425380031e-12
1876,5794,1.40679419628054830e-01,1.40679419633676417e-01,5.62158652961386451e-12
1877,5795,1.41261560218237381e-01,1.41261560214192866e-01,-4.04451472313382965e-12
1878,5796,1.42707484035398235e-01,1.42707484039851312e-01,4.45307679619588725e-12
1879,5797,1.42181064285050868e-01,1.42181064298258941e-01,1.32080735237849467e-11
1880,5798,1.44256675358100578e-01,1.44256675367562009e-01,9.46143163815804655e-12
1881,5799,1.44673028482974475e-01,1.44673028484374272e-01,1.39979694502301300e-12
1882,5800,1.46262152961907171e-01,1.46262152968734710e-01,6.82753853453732518e-12
1883,5801,1.46568788848849163e-01,1.46568788850976767e-01,2.12760364881603437e-12
1884,5802,1.48204764199945993e-01,1.48204764202479494e-01,2.53350118661899160e-12
1885,5803,1.47911766424571128e-01,1.47911766429810410e-01,5.23928123108419186e-12
1886,5804,1.49929909260051841e-01,1.49929909259729516e-01,-3.22325499624298573e-13
1887,5805,1.50053085896017846e-01,1.50053085894680971e-01,-1.33687505510238225e-12
1888,5806,1.51800238094350670e-01,1.51800238093056511e-01,-1.29415922422992935e-12
1889,5807,1.51793115899624936e-01,1.51793115896661002e-01,-2.96393465326616479e-12
1890,5808,1.53650386160167157e-01,1.53650386155372853e-01,-4.79430384281442912e-12
1891,5809,1.36077648994423178e-01,1.36077648986650285e-01,-7.77289344000564597e-12
1892,5810,1.51812211411856357e-01,1.51812211411149173e-01,-7.07184311110609087e-13
1893,5811,1.28702943470006548e-01,1.28702943473218062e-01,3.21151438775757470e-12
1894,5812,9.25928012727562921e-02,9.25928012873225709e-02,1.45662787387479398e-11
1895,5813,1.30176066165829996e-01,1.30176066159411047e-01,-6.41894870589965194e-12
1896,5814,1.00659583840175398e-01,1.00659583825283117e-01,-1.48922818521413092e-11
1897,5815,8.29222354941255291e-02,8.29222355181446075e-02,2.40190783928895257e-11
1898,5816,1.09001369360651301e-01,1.09001369377422178e-01,1.67708763543217287e-11
1899,5817,2.16858593593637940e-02,2.16858593527958846e-02,-6.56790941078178037e-12
1900,5818,6.22486516054641462e-02,6.22486516304657650e-02,2.50016188307888854e-11
1901,5819,4.04622003239520217e-02,4.04622003446820852e-02,2.07300634991192112e-11
1902,5820,7.76112392013002805e-02,7.76112392274260487e-02,2.61257682154791837e-11
1903,5821,9.61639774674341863e-02,9.61639774670113856e-02,-4.22800683352875240e-13
1904,5822,1.53749426150800783e-01,1.53749426143940077e-01,-6.86070644739800173e-12
1905,5823,1.55645757754123204e-01,1.55645757744972829e-01,-9.15037490223369332e-12
1906,5824,1.55401446706186108e-01,1.55401446703410717e-01,-2.77539102810919758e-12
1907,5825,1.57340290040381831e-01,1.57340290037185720e-01,-3.19611004329090065e-12
1908,5826,1.57881330173145068e-01,1.57881330163303107e-01,-9.84196057984831896e-12
1909,5827,1.59398734347160759e-01,1.59398734340400500e-01,-6.76025901924504069e-12
1910,5828,1.58954180571065889e-01,1.58954180569641473e-01,-1.42441614059407584e-12
1911,5829,1.60918981371594660e-01,1.60918981371618752e-01,2.40918396343658969e-14
1912,5830,1.61541487831291491e-01,1.61541487825331231e-01,-5.96026006327576852e-12
1913,5831,1.62958962954445868e-01,1.62958962954486558e-01,4.06896738525119872e-14
1914,5832,1.63605361181455133e-01,1.63605361172824065e-01,-8.63106808246527635e-12
1915,5833,1.65026554260459424e-01,1.65026554259304598e-01,-1.15482623463947220e-12
1916,5834,1.60452109885543065e-01,1.60452109889966194e-01,4.42312853010662366e-12
1917,5835,1.65794793483361541e-01,1.65794793471266994e-01,-1.20945475856615303e-11
1918,5836,1.67149342571031589e-01,1.67149342568065434e-01,-2.96615509931541510e-12
1919,5837,1.66350697831564559e-01,1.66350697834918321e-01,3.35376171278767288e-12
1920,5838,1.68377681755610714e-01,1.68377681760193548e-01,4.58283411219895243e-12
1921,5839,1.69290864237099714e-01,1.69290864230906474e-01,-6.19324036499335762e-12
1922,5840,1.70442568029782915e-01,1.70442568029126579e-01,-6.56336096582776918e-13
1923,5841,1.71456251488716488e-01,1.71456251487841993e-01,-8.74494920921620178e-13
1924,5842,1.72514613833809893e-01,1.72514613835241221e-01,1.43132727892236744e-12
1925,5843,1.73622850870146089e-01,1.73622850870087969e-01,-5.81201753391269449e-14
1926,5844,1.74578199606681111e-01,1.74578199601718442e-01,-4.96266916449883411e-12
1927,5845,1.75771314435570286e-01,1.75771314436582948e-01,1.01266217633622091e-12
1928,5846,1.76624957167728802e-01,1.76624957165591401e-01,-2.13740136700835137e-12
1929,5847,1.77907410122373211e-01,1.77907410127018939e-01,4.64572824654396754e-12
1930,5848,1.78651084225379370e-01,1.78651084227035378e-01,1.65600866353088350e-12
1931,5849,1.80007541620695571e-01,1.80007541622118794e-01,1.42322265084260380e-12
1932,5850,1.72941255741397709e-01,1.72941255742746103e-01,1.34839361898286825e-12
1933,5851,1.79120346734590763e-01,1.79120346738160935e-01,3.57017193586273152e-12
1934,5852,1.81380319800358847e-01,1.81380319804342216e-01,3.98336919005259915e-12
1935,5853,1.82044105059030487e-01,1.82044105049594868e-01,-9.43561895283551166e-12
1936,5854,1.83575228514574529e-01,1.83575228512161764e-01,-2.41276443269100582e-12
1937,5855,1.84045706856950458e-01,1.84045706853210284e-01,-3.74017483650845861e-12
1938,5856,1.85626288713892751e-01,1.85626288713576532e-01,-3.16219272988860212e-13
1939,5857,1.85983396077613800e-01,1.85983396071097901e-01,-6.51589893152504374e-12
1940,5858,1.87607366767800487e-01,1.87607366764357048e-01,-3.44343997760176990e-12
1941,5859,1.87237905453341152e-01,1.87237905452718623e-01,-6.22529805482940901e-13
1942,5860,1.89341953239982708e-01,1.89341953237379290e-01,-2.60341748159476083e-12
1943,5861,1.89488647343853123e-01,1.89488647337782368e-01,-6.07075500980158722e-12
1944,5862,1.91239674471283871e-01,1.91239674476743615e-01,5.45974376819913232e-12
1945,5863,1.91454831769150485e-01,1.91454831777026269e-01,7.87578335881278235e-12
1946,5864,1.93090879874274451e-01,1.93090879880697536e-01,6.42308428666638065e-12
1947,5865,1.93036845352645592e-01,1.93036845351881370e-01,-7.64222019000726505e-13
1948,5866,1.94879173596419958e-01,1.94879173599970729e-01,3.55077078850740691e-12
1949,5867,1.95179787359354789e-01,1.95179787362518065e-01,3.16327519733761164e-12
1950,5868,1.96867650845608616e-01,1.96867650853913473e-01,8.30485680225478973e-12
1951,5869,1.96574129771747264e-01,1.96574129769584077e-01,-2.16318629675527063e-12
1952,5870,1.98483030720884523e-01,1.98483030725635778e-01,4.75125494503458867e-12
1953,5871,1.98837454546305636e-01,1.98837454545429670e-01,-8.75965966429248510e-13
1954,5872,2.00460312130109175e-01,2.00460312133810353e-01,3.70117825276849999e-12
1955,5873,2.00029559374559102e-01,2.00029559379289956e-01,4.73085459695710142e-12
1956,5874,2.01963001470495590e-01,2.01963001471884895e-01,1.38930533744030527e-12
1957,5875,2.02510368504536825e-01,2.02510368499720345e-01,-4.81648054773131662e-12
1958,5876,2.03955399929643205e-01,2.03955399927752024e-01,-1.89118165572210728e-12
1959,5877,2.04616604150834408e-01,2.04616604154137266e-01,3.30285798710860945e-12
1960,5878,2.05990289382659425e-01,2.05990289378013641e-01,-4.64578375769519880e-12
1961,5879,2.06770262294806689e-01,2.06770262295370211e-01,5.63521451724113831e-13
1962,5880,2.08071398624824183e-01,2.08071398623928039e-01,-8.96144269901810731e-13
1963,5881,2.08958734121902384e-01,2.08958734116479111e-01,-5.42327294184019593e-12
1964,5882,2.10167125378249497e-01,2.10167125373437763e-01,-4.81173434430104408e-12
1965,5883,2.11172991604027943e-01,2.11172991604110266e-01,8.23230372759553575e-14
1966,5884,2.12275256779157956e-01,2.12275256772469362e-01,-6.68859412300548684e-12
1967,5885,2.13395985829817281e-01,2.13395985821030476e-01,-8.78680461724457018e-12
1968,5886,2.14383372868971495e-01,2.14383372867899658e-01,-1.07183706354874175e-12
1969,5887,2.15614598286098941e-01,2.15614598277423547e-01,-8.67539373672343572e-12
1970,5888,2.16478196332688638e-01,2.16478196332113459e-01,-5.75178793482677975e-13
1971,5889,2.17816145703971509e-01,2.17816145694010199e-01,-9.96130955499552329e-12
1972,5890,2.18541307588525330e-01,2.18541307588052125e-01,-4.73204808670857346e-13
1973,5891,2.19933149415554696e-01,2.19933149411218026e-01,-4.33666991206393959e-12
1974,5892,2.20540382610291075e-01,2.20540382616877612e-01,6.58653687146681932e-12
1975,5893,2.21997065611811706e-01,2.21997065613026512e-01,1.21480603354484629e-12
1976,5894,2.22470366815491871e-01,2.22470366817868331e-01,2.37646013978576320e-12
1977,5895,2.15279595167916366e-01,2.15279595167408716e-01,-5.07649478009852828e-13
1978,5896,2.11261033954603522e-01,2.11261033956675282e-01,2.07175943067738899e-12
1979,5897,2.05298678309646432e-01,2.05298678310032345e-01,3.85913523359704413e-13
1980,5898,2.23973159422338280e-01,2.23973159424855878e-01,2.51759724179123623e-12
1981,5899,2.23728458494733246e-01,2.23728458491943560e-01,-2.78968514955124647e-12
1982,5900,1.84440880298578358e-01,1.84440880292988219e-01,-5.59013946244135695e-12
1983,5901,2.24311016899513688e-01,2.24311016899925081e-01,4.11393141774851756e-13
1984,5902,1.75450745808430120e-01,1.75450745807234548e-01,-1.19557141964321545e-12
1985,5903,2.05380284461171708e-01,2.05380284464244278e-01,3.07256997622573635e-12
1986,5904,1.64653518530647386e-01,1.64653518512889147e-01,-1.77582393234843039e-11
1987,5905,8.46375457759843131e-02,8.46375457533954378e-02,-2.25888752147795913e-11
1988,5906,6.24117996599357905e-02,6.24117996696827090e-02,9.74691855004650165e-12
1989,5907,9.13986977489012198e-02,9.13986977337793438e-02,-1.51218759736337915e-11
1990,5908,1.21094384925641646e-01,1.21094384937150759e-01,1.15091131069888775e-11
1991,5909,6.73792080687937445e-02,6.73792080907859303e-02,2.19921858501948009e-11
1992,5910,1.44524510340401594e-02,1.44524510206911535e-02,-1.33490059284202545e-11
1993,5911,1.83143544433168382e-01,1.83143544441969286e-01,8.80090444965730967e-12
1994,5912,4.17085328313424597e-02,4.17085328178161824e-02,-1.35262773204303244e-11
1995,5913,1.15846882842227467e-01,1.15846882862859032e-01,2.06315659001532481e-11
1996,5914,1.22768179069403710e-01,1.22768179056100143e-01,-1.33035665816905180e-11
1997,5915,2.19209406642977583e-01,2.19209406648875366e-01,5.89778226256498783e-12
1998,5916,1.43837176808426198e-01,1.43837176823730012e-01,1.53038137717942391e-11
1999,5917,1.41652078281973848e-01,1.41652078301919976e-01,1.99461280825374843e-11
2000,5918,1.19254829407653543e-01,1.19254829425727363e-01,1.80738202182340046e-11
2001,5919,7.07084806723050491e-02,7.07084806799400112e-02,7.63496210698377809e-12
2002,5920,7.23485724398630625e-02,7.23485724562284438e-02,1.63653812723651981e-11
2003,5921,4.88542217005773077e-02,4.88542216623808340e-02,-3.81964737616868888e-11
2004,5922,2.09949081394080583e-01,2.09949081387833247e-01,-6.24733598186821837e-12
2005,5923,1.14098394803339637e-01,1.14098394830314864e-01,2.69752276071955066e-11
2006,5924,2.19289957024149801e-01,2.19289957019910886e-01,-4.23891477474569456e-12
2007,5925,1.26178338267893292e-01,1.26178338270053175e-01,2.15988338325701079e-12
2008,5926,1.71199528610422841e-01,1.71199528618113161e-01,7.69032060254914995e-12
2009,5927,2.34198632513776157e-02,2.34198632611649152e-02,9.78729944312028977e-12
2010,5928,7.85625746202300579e-02,7.85625745851402796e-02,-3.50897783052417367e-11
2011,5929,8.08999983389051686e-02,8.08999983033991399e-02,-3.55060286727493235e-11
2012,5930,1.51909746181614819e-01,1.51909746178141181e-01,-3.47363804387157415e-12
2013,5931,5.34588940583532388e-02,5.34588940520871331e-02,-6.26610568987828742e-12
2014,5932,1.67808058403831506e-01,1.67808058412263483e-01,8.43197733857437015e-12
2015,5933,1.65696223360471989e-01,1.65696223371815027e-01,1.13430376202927619e-11
2016,5934,5.82635364196690403e-02,5.82635364310736190e-02,1.14045786703265151e-11
2017,5935,1.24347166457168465e-02,1.24347166328997432e-02,-1.28171032814927699e-11
2018,5936,1.15043207536540595e-02,1.15043207405079017e-02,-1.31461577734803825e-11
2019,5937,6.65178181440860411e-02,6.65178181314138861e-02,-1.26721549920105758e-11
2020,5938,7.03653537636535070e-02,7.03653537240934573e-02,-3.95600496805315061e-11
2021,5939,1.05588505028283319e-01,1.05588505030672894e-01,2.38957464926414787e-12
2022,5940,1.04200600362456375e-01,1.04200600366839313e-01,4.38293845661519299e-12
2023,5941,1.04434868498498215e-01,1.04434868478155168e-01,-2.03430466916287855e-11
2024,5942,2.14566815732462557e-01,2.14566815719201331e-01,-1.32612254510888761e-11
2025,5943,1.24133586942473770e-01,1.24133586950513616e-01,8.03984656627676486e-12
2026,5944,1.04742758967662254e-02,1.04742758979419412e-02,1.17571577473718492e-12
2027,5945,9.47911221709423976e-03,9.47911221585945145e-03,-1.23478831326462313e-12
2028,5946,8.62707456087846367e-03,8.62707457759027789e-03,1.67118142241351464e-11
2029,5947,7.51078584979007584e-03,7.51078586075594294e-03,1.09658671032519806e-11
2030,5948,8.30414144148025786e-03,8.30414143741942806e-03,-4.06082979742539152e-12
2031,5949,6.24863915432557777e-03,6.24863915818103799e-03,3.85546022191318727e-12
2032,5950,6.99210645576027034e-03,6.99210644929750599e-03,-6.46276435145587413e-12
2033,5951,5.60379187286690061e-03,5.60379188921170286e-03,1.63448022477696853e-11
2034,5952,4.39521824800513227e-03,4.39521825668451934e-03,8.67938707016513433e-12
2035,5953,1.16484897052839473e-01,1.16484897022501740e-01,-3.03377323263021026e-11
2036,5954,2.54705447798091351e-02,2.54705447786019931e-02,-1.20714202522798075e-12
2037,5955,1.44863835054642176e-01,1.44863835043300110e-01,-1.13420661751462148e-11
2038,5956,1.46860024801740763e-01,1.46860024797102251e-01,-4.63851179688390403e-12
2039,5957,1.20889503184605993e-01,1.20889503203137558e-01,1.85315651712869567e-11
2040,5958,2.22741860356709703e-01,2.22741860369442463e-01,1.27327592913673016e-11
2041,5959,1.10903693325748037e-01,1.10903693352375127e-01,2.66270894222486731e-11
2042,5960,1.09180801711230943e-01,1.09180801734214170e-01,2.29832264331264469e-11
2043,5961,1.08463065659016561e-01,1.08463065633311914e-01,-2.57046467444510540e-11
2044,5962,9.82620453734344736e-03,9.82620452351830147e-03,-1.38251458892124646e-11
2045,5963,1.35733808853787837e-02,1.35733808699488052e-02,-1.54299784754785563e-11
2046,5964,6.07393565705872246e-03,6.07393565888689983e-03,1.82817736643636763e-12
2047,5965,2.20862320820138985e-01,2.20862320813611096e-01,-6.52788934019099543e-12
2048,5966,2.22549676845066990e-01,2.22549676839473881e-01,-5.59310930903222925e-12
2049,5967,2.24821663108282804e-01,2.24821663106790887e-01,-1.49191770049128536e-12
2050,5968,2.01636535463114497e-01,2.01636535463958905e-01,8.44407876954278436e-13
2051,5969,1.99595335833549159e-01,1.99595335838110982e-01,4.56182314145792134e-12
2052,5970,1.39904968637292820e-01,1.39904968627029502e-01,-1.02633179732691815e-11
2053,5971,1.41754984940985235e-01,1.41754984930915456e-01,-1.00697783445014011e-11
2054,5972,1.65532866011347153e-02,1.65532865630927187e-02,-3.80419966361511541e-11
2055,5973,1.73702343067336035e-01,1.73702343060307574e-01,-7.02846114641886288e-12
2056,5974,1.75037367013648110e-01,1.75037367017951417e-01,4.30330771017395364e-12
2057,5975,1.77814242637762521e-01,1.77814242642788445e-01,5.02592412132685240e-12
2058,5976,1.71004522994264135e-01,1.71004522973999651e-01,-2.02644845348487479e-11
2059,5977,1.69567157515976230e-01,1.69567157499615290e-01,-1.63609403802666975e-11
2060,5978,2.19412026619337924e-02,2.19412026539083302e-02,-8.02546223921396518e-12
2061,5979,2.72644307828903906e-02,2.72644308390531838e-02,5.61627931661146107e-11
2062,5980,2.59678776852482092e-02,2.59678777182386078e-02,3.29903986073798450e-11
2063,5981,2.86958249189179573e-02,2.86958249632137501e-02,4.42957927282439101e-11
2064,5982,3.26814455291901118e-02,3.26814455804288195e-02,5.12387077211684527e-11
2065,5983,3.12508652953842267e-02,3.12508653408257314e-02,4.54415047257406002e-11
2066,5984,3.79983557795316937e-02,3.79983557725556975e-02,-6.97599616961142033e-12
2067,5985,3.94100825396043325e-02,3.94100825354949738e-02,-4.10935868666584270e-12
2068,5986,3.67366335434456057e-02,3.67366335586083101e-02,1.51627044253643817e-11
2069,5987,4.32944421277082769e-02,4.32944420853624487e-02,-4.23458282328148528e-11
2070,5988,4.49123415133791046e-02,4.49123414653602379e-02,-4.80188666607261894e-11
2071,5989,5.92343576710311695e-02,5.92343576865715371e-02,1.55403676038723404e-11
2072,5990,6.43761804346306143e-02,6.43761804216857886e-02,-1.29448257668585143e-11
2073,5991,7.00573778262601893e-02,7.00573777717642537e-02,-5.44959355419649683e-11
2074,5992,7.51486437554644143e-02,7.51486436914056005e-02,-6.40588138089981385e-11
2075,5993,7.39408928811690486e-02,7.39408928304284008e-02,-5.07406477945337997e-11
2076,5994,8.59365748104246041e-02,8.59365747659804474e-02,-4.44441566882503025e-11
2077,5995,8.75814084273582316e-02,8.75814083935331361e-02,-3.38250955023156052e-11
2078,5996,9.10550648753734176e-02,9.10550648494194009e-02,-2.59540167135696720e-11
2079,5997,9.64132190441735204e-02,9.64132190335844352e-02,-1.05890851642698181e-11
2080,5998,1.01875301770732729e-01,1.01875301748802161e-01,-2.19305684723281047e-11
2081,5999,1.07182931418231486e-01,1.07182931386485061e-01,-3.17464249333099247e-11
2082,6000,1.10696132619015730e-01,1.10696132592610783e-01,-2.64049476728089871e-11
2083,6001,1.17690064200406688e-01,1.17690064161428271e-01,-3.89784177157181944e-11
2084,6002,1.14278024923601992e-01,1.14278024891194166e-01,-3.24078264224425538e-11
2085,6003,1.23005145475586455e-01,1.23005145450890294e-01,-2.46961617822449853e-11
2086,6004,1.28404785345845540e-01,1.28404785345376804e-01,-4.68736160996741091e-13
2087,6005,1.41612853326906346e-01,1.41612853354244089e-01,2.73377431803112358e-11
2088,6006,1.46995928673930909e-01,1.46995928687562283e-01,1.36313738074989033e-11
2089,6007,1.48276116677437286e-01,1.48276116682528436e-01,5.09114972402358035e-12
2090,6008,1.57529936272722104e-01,1.57529936260447867e-01,-1.22742371821971119e-11
2091,6009,1.56041041679015224e-01,1.56041041670329006e-01,-8.68621841121353100e-12
2092,6010,1.33717882533112342e-01,1.33717882556537798e-01,2.34254560194102623e-11
2093,6011,1.32342430026976654e-01,1.32342430036888670e-01,9.91201565270216634e-12
2094,6012,1.36373618494358778e-01,1.36373618525085727e-01,3.07269487631600668e-11
2095,6013,1.37306832374580412e-01,1.37306832400516055e-01,2.59356425225121257e-11
2096,6014,3.57757152175995500e-03,3.57757153787210220e-03,1.61121472067038418e-11
2097,6015,1.84174050135709033e-01,1.84174050149263663e-01,1.35546296409216893e-11
2098,6016,1.85402756983448214e-01,1.85402756996387891e-01,1.29396771075818151e-11
2099,6017,1.88031849507599991e-01,1.88031849523380201e-01,1.57802104716608937e-11
2100,6018,1.99991034917374716e-01,1.99991034915343702e-01,-2.03101424567364575e-12
2101,6019,2.01569664035367246e-01,2.01569664033944940e-01,-1.42230671684728804e-12
2102,6020,1.98939366093692616e-01,1.98939366096756776e-01,3.06416003681420079e-12
2103,6021,1.96440726815967470e-01,1.96440726823006839e-01,7.03936908763580504e-12
2104,6022,1.94852340339497748e-01,1.94852340353349446e-01,1.38516975667357656e-11
2105,6023,1.92860473191802551e-01,1.92860473205789917e-01,1.39873668203449597e-11
2106,6024,2.05134377249395650e-01,2.05134377241166566e-01,-8.22908408082412279e-12
2107,6025,2.10391040278052804e-01,2.10391040267954854e-01,-1.00979502537512644e-11
2108,6026,2.15742563663041120e-01,2.15742563651879271e-01,-1.11618492226739363e-11
2109,6027,1.52092910358587186e-01,1.52092910358704814e-01,1.17628129459035335e-13
2110,6028,1.12440140383989043e-01,1.12440140350244966e-01,-3.37440769770935844e-11
2111,6029,2.25857956122224535e-01,2.25857956122274939e-01,5.04041253179821069e-14
2112,6030,2.26196072826565231e-01,2.26196072826805816e-01,2.40585329436271422e-13
2113,6031,7.64877498167985531e-02,7.64877497666801437e-02,-5.01184094225948229e-11
2114,6032,2.17097903382234503e-01,2.17097903372408529e-01,-9.82597336829371670e-12
2115,6033,1.58801626979670818e-01,1.58801626965072329e-01,-1.45984890842498771e-11
2116,6034,1.60989898214313448e-01,1.60989898193473036e-01,-2.08404127288730479e-11
2117,6035,1.58574779693481271e-01,1.58574779697171403e-01,3.69013153367347968e-12
2118,6036,1.60095327722205805e-01,1.60095327729963294e-01,7.75748909553897192e-12
2119,6037,1.56723239939063674e-01,1.56723239943626191e-01,4.56251703084831206e-12
2120,6038,1.62883196129564062e-01,1.62883196110785500e-01,-1.87785620386904384e-11
2121,6039,1.90597557731715411e-01,1.90597557751531504e-01,1.98160932107782628e-11
2122,6040,1.83511459308813053e-02,1.83511459004295635e-02,-3.04517418225902503e-11
2123,6041,1.66793409396722492e-01,1.66793409411284344e-01,1.45618517244372470e-11
2124,6042,1.69524604983416372e-01,1.69524605003142953e-01,1.97265814794178596e-11
2125,6043,1.65716843366916611e-01,1.65716843341508407e-01,-2.54082033190883294e-11
2126,6044,8.04798239995287990e-02,8.04798239424210360e-02,-5.71077629629712646e-11
2127,6045,3.52511236521408765e-03,3.52511237509320731e-03,9.87911965774634915e-12
2128,6046,4.81300323843079393e-03,4.81300323942883065e-03,9.98036722710260449e-13
2129,6047,7.31717480733941762e-03,7.31717479962799757e-03,-7.71142004418745586e-12
2130,6048,6.58013204463131357e-02,6.58013204779647892e-02,3.16516535203703597e-11
2131,6049,1.27358149262235154e-01,1.27358149260896086e-01,-1.33906774557601693e-12
2132,6050,1.61907227994765091e-01,1.61907228003156878e-01,8.39178726508293948e-12
2133,6051,1.78941371076776157e-01,1.78941371083267409e-01,6.49125198037836526e-12
2134,6052,1.25630975677940321e-01,1.25630975681930435e-01,3.99011379492719698e-12
2135,6053,2.36192229979711905e-02,2.36192230031716660e-02,5.20047546692659068e-12
2136,6054,6.07448630389375438e-02,6.07448630480266413e-02,9.08909753016828859e-12
2137,6055,1.45761038600152271e-01,1.45761038612956723e-01,1.28044519431824710e-11
2138,6056,6.76022068029711043e-02,6.76022068370385615e-02,3.40674571885912769e-11
2139,6057,3.39468404255810069e-02,3.39468404606124707e-02,3.50314638408733003e-11
2140,6058,2.26191043704976641e-01,2.26191043699376010e-01,-5.60063107002406468e-12
2141,6059,1.80695368838276693e-01,1.80695368852601151e-01,1.43244582861967729e-11
2142,6060,5.07525383307410542e-03,5.07525383241652205e-03,-6.57583362762004242e-13
2143,6061,2.12229932456447029e-01,2.12229932443619429e-01,-1.28276000932459056e-11
2144,6062,9.14317473076460031e-03,9.14317471826675554e-03,-1.24978447729739983e-11
2145,6063,6.76931947007171006e-03,6.76931949330233235e-03,2.32306222869294032e-11
2146,6064,7.69093921422082157e-03,7.69093924529570122e-03,3.10748796486515211e-11
2147,6065,1.67018037382632850e-01,1.67018037363094562e-01,-1.95382876544414330e-11
2148,6066,1.63354264095701522e-02,1.63354264081214257e-02,-1.44872655538641482e-12
2149,6067,1.89363357637083146e-01,1.89363357660207066e-01,2.31239194459220698e-11
2150,6068,1.25472716895285042e-02,1.25472716735080900e-02,-1.60204141619324503e-11
2151,6069,2.07642714315726923e-01,2.07642714312728432e-01,-2.99849034490762278e-12
2152,6070,2.03150713847080305e-01,2.03150713848414988e-01,1.33468236462874756e-12
2153,6071,5.58264232624550438e-02,5.58264232688571796e-02,6.40213576597048473e-12
2154,6072,1.12431309340937258e-01,1.12431309361866003e-01,2.09287448482697869e-11
2155,6073,1.17697142866477089e-01,1.17697142880677660e-01,1.42005712744364132e-11
2156,6074,1.38013304945136528e-01,1.38013304935581754e-01,-9.55477363895340659e-12
2157,6075,9.05720906223186351e-02,9.05720906396899755e-02,1.73713404771902447e-11
2158,6076,4.82077195319862636e-02,4.82077195311345630e-02,-8.51700654447284933e-13
2159,6077,4.92979191092006511e-02,4.92979191153802565e-02,6.17960543847217991e-12
2160,6078,5.12267648615447671e-02,5.12267648578251869e-02,-3.71958019940166196e-12
2161,6079,5.01401327413819459e-02,5.01401327456913251e-02,4.30937924233987246e-12
2162,6080,4.73492485400677787e-02,4.73492485602758778e-02,2.02080990829855978e-11
2163,6081,4.54608581139403223e-02,4.54608581479239854e-02,3.39836631058076932e-11
2164,6082,1.43179704636850147e-01,1.43179704629776028e-01,-7.07411906830657244e-12
2165,6083,7.41407335676780022e-02,7.41407335786263555e-02,1.09483533350385187e-11
2166,6084,1.00435864863812493e-01,1.00435864872366637e-01,8.55414350464656081e-12
2167,6085,9.91562188337815203e-02,9.91562188488462476e-02,1.50647272434412116e-11
2168,6086,1.28157823929916620e-01,1.28157823926645875e-01,-3.27074478612132680e-12
2169,6087,5.83429959457682917e-02,5.83429959516270288e-02,5.85873710656770186e-12
2170,6088,5.71606207450669618e-02,5.71606207397059446e-02,-5.36101718573434027e-12
2171,6089,5.50669458963865335e-02,5.50669458915350601e-02,-4.85147338968872077e-12
2172,6090,6.03117253342673118e-02,6.03117253498150763e-02,1.55477644647739055e-11
2173,6091,6.09209826580915936e-02,6.09209826742760988e-02,1.61845051249720484e-11
2174,6092,5.42962780790129385e-02,5.42962780762801661e-02,-2.73277234175139938e-12
2175,6093,5.31947518472891956e-02,5.31947518406127515e-02,-6.67644411977974528e-12
2176,6094,5.22829813311398647e-02,5.22829813254056322e-02,-5.73423253324989446e-12
2177,6095,6.89802740306817153e-02,6.89802740352767202e-02,4.59500493210640570e-12
2178,6096,9.65496563602113722e-02,9.65496563776434280e-02,1.74320557988494329e-11
2179,6097,9.45303544003120444e-02,9.45303544168656223e-02,1.65535779528269700e-11
2180,6098,9.34806446896576659e-02,9.34806447092658699e-02,1.96082039494172022e-11
2181,6099,1.64352502417133978e-01,1.64352502418656760e-01,1.52278190057586471e-12
2182,6100,1.48343879907090498e-01,1.48343879906772336e-01,-3.18162163281954236e-13
2183,6101,1.34124404517967144e-01,1.34124404508075640e-01,-9.89150428232221657e-12
2184,6102,1.32148204892794080e-01,1.32148204883323850e-01,-9.47023015562820092e-12
2185,6103,1.31310943198951979e-01,1.31310943184975576e-01,-1.39764033679767863e-11
2186,6104,1.23040604518710572e-01,1.23040604525145703e-01,6.43513020648356360e-12
2187,6105,1.07171933216786197e-01,1.07171933221163584e-01,4.37738734149206721e-12
2188,6106,8.66718718764783319e-02,8.66718718974338331e-02,2.09555012231632531e-11
2189,6107,8.78899015052370114e-02,8.78899015351030793e-02,2.98660679520779127e-11
2190,6108,8.48455891343920660e-02,8.48455891550211477e-02,2.06290817761356493e-11
2191,6109,7.94828038481739385e-02,7.94828038681954091e-02,2.00214705925461089e-11
2192,6110,1.62382099006401714e-01,1.62382099011405434e-01,5.00371966083434927e-12
2193,6111,2.67401629528872253e-02,2.67401629526054473e-02,-2.81778073096816684e-13
2194,6112,2.85926835206429496e-02,2.85926835087169651e-02,-1.19259845055008640e-11
2195,6113,3.01763506476795708e-02,3.01763506363716336e-02,-1.13079372254798471e-11
2196,6114,3.03577217269996279e-02,3.03577216978678233e-02,-2.91318046075073056e-11
2197,6115,3.19825284915042779e-02,3.19825284667725959e-02,-2.47316819801390864e-11
2198,6116,3.37326254303515413e-02,3.37326253984245386e-02,-3.19270027082652064e-11
2199,6117,1.53554303852868640e-01,1.53554303853137175e-01,2.68535194081209738e-13
2200,6118,1.53616971832285010e-01,1.53616971830792232e-01,-1.49277812333536986e-12
2201,6119,1.51841078716952904e-01,1.51841078714843952e-01,-2.10895190200233174e-12
2202,6120,3.70558774868328666e-02,3.70558774748813297e-02,-1.19515369823020023e-11
2203,6121,4.23698172555694447e-02,4.23698172816254631e-02,2.60560184539571082e-11
2204,6122,2.15293662482387710e-02,2.15293662580593945e-02,9.82062348109380423e-12
2205,6123,2.01628139849096694e-02,2.01628139984636398e-02,1.35539704460008181e-11
2206,6124,1.80638936255693577e-01,1.80638936252301624e-01,-3.39195338483477826e-12
2207,6125,1.79313732041308405e-01,1.79313732036569751e-01,-4.73865391370509315e-12
2208,6126,6.47724005622937055e-02,6.47724005672082603e-02,4.91455487416914139e-12
2209,6127,1.02798175578165327e-01,1.02798175563843686e-01,-1.43216410952717865e-11
2210,6128,1.40124383687057319e-01,1.40124383702050687e-01,1.49933676585334297e-11
2211,6129,9.84694214410966884e-02,9.84694214322102551e-02,-8.88643325591687017e-12
2212,6130,8.24690598613119635e-02,8.24690598390010327e-02,-2.23109308805646833e-11
2213,6131,1.20585310531587359e-01,1.20585310515751234e-01,-1.58361240787385782e-11
2214,6132,1.49610399547653317e-01,1.49610399548760986e-01,1.10766951166851868e-12
2215,6133,9.37728627899911821e-02,9.37728627872512488e-02,-2.73993328026023164e-12
2216,6134,2.40364742332669704e-02,2.40364742470150945e-02,1.37481241668790943e-11
2217,6135,4.89979388677248308e-03,4.89979390564638552e-03,1.88739024409301237e-11
2218,6136,1.87844892956275905e-01,1.87844892950578157e-01,-5.69774782910315025e-12
2219,6137,1.89589963539800010e-01,1.89589963536221318e-01,-3.57869289757672959e-12
2220,6138,1.02274356083995141e-01,1.02274356064850871e-01,-1.91442695030019649e-11
2221,6139,1.75753171073946071e-02,1.75753171121072367e-02,4.71262959211848909e-12
2222,6140,1.94735927424463384e-01,1.94735927418515281e-01,-5.94810312115612305e-12
2223,6141,1.92858953757250429e-01,1.92858953741573885e-01,-1.56765433967365198e-11
2224,6142,1.94587573844135359e-01,1.94587573831387112e-01,-1.27482469025608225e-11
2225,6143,1.82832304110733812e-02,1.82832304203625305e-02,9.28914931086488593e-12
2226,6144,1.96415403134682504e-01,1.96415403130873772e-01,-3.80873110827906203e-12
2227,6145,2.17267695847574577e-01,2.17267695852676357e-01,5.10178010948436622e-12
2228,6146,2.16080543390709701e-01,2.16080543390811342e-01,1.01640917904433081e-13
2229,6147,2.14182195497282873e-01,2.14182195498795136e-01,1.51226253741754135e-12
2230,6148,2.13273753299047769e-01,2.13273753300265101e-01,1.21733179092586852e-12
2231,6149,2.12260758563906304e-01,2.12260758569213365e-01,5.30706034673755767e-12
2232,6150,2.10349793168381566e-01,2.10349793172389138e-01,4.00757205198942756e-12
2233,6151,2.07259818766846043e-01,2.07259818769983700e-01,3.13765680104438616e-12
2234,6152,2.03364677116160936e-01,2.03364677118101411e-01,1.94047555801546423e-12
2235,6153,2.04731509008821894e-01,2.04731509010514234e-01,1.69234071201174174e-12
2236,6154,1.77397227291915871e-01,1.77397227292312776e-01,3.96904731303493463e-13
2237,6155,2.09254551376801129e-01,2.09254551376191589e-01,-6.09540196094826570e-13
2238,6156,1.73431680073557387e-01,1.73431680081301887e-01,7.74449948615085759e-12
2239,6157,1.74354561928041440e-01,1.74354561927266699e-01,-7.74741382159049863e-13
2240,6158,1.91283463169024975e-01,1.91283463161192602e-01,-7.83237363854993873e-12
2241,6159,1.98151043299820473e-01,1.98151043301414531e-01,1.59405821875679976e-12
2242,6160,1.82574591662015839e-01,1.82574591655245227e-01,-6.77061184894967028e-12
2243,6161,1.83034791844756961e-01,1.83034791833495747e-01,-1.12612141833778878e-11
2244,6162,1.03908022142499695e-02,1.03908022012490758e-02,-1.30008937643255607e-11
2245,6163,1.02356324019282699e-01,1.02356324023644321e-01,4.36162217454238998e-12
2246,6164,5.55523622334789247e-02,5.55523622235257752e-02,-9.95314941576452838e-12
2247,6165,2.21013404568441651e-01,2.21013404572873662e-01,4.43201031430362491e-12
2248,6166,2.27925207953334569e-01,2.27925207955233883e-01,1.89931403937748655e-12
2249,6167,2.27535185355786790e-01,2.27535185356737141e-01,9.50350909079133999e-13
2250,6168,1.34730955985548240e-01,1.34730955971964023e-01,-1.35842170845279497e-11
2251,6169,1.36602860692661060e-01,1.36602860679183480e-01,-1.34775801630127035e-11
2252,6170,2.00916024804827953e-01,2.00916024808703242e-01,3.87528897860534016e-12
2253,6171,1.81603346057629053e-03,1.81603346872916344e-03,8.15287290803490272e-12
2254,6172,1.93013358592394727e-03,1.93013359097764150e-03,5.05369422525159262e-12
2255,6173,4.85175823750330290e-02,4.85175823318317531e-02,-4.32012758899702476e-11
2256,6174,1.88073744076679067e-01,1.88073744066114185e-01,-1.05648823023329896e-11
2257,6175,1.89791081492746788e-01,1.89791081482132279e-01,-1.06145092715337341e-11
2258,6176,4.42643530102732607e-02,4.42643530284217018e-02,1.81484410832766230e-11
2259,6177,1.57037453361032420e-01,1.57037453361386081e-01,3.53661544494343616e-13
2260,6178,1.50013153324574711e-01,1.50013153324150161e-01,-4.24549284616659861e-13
2261,6179,2.06573135450363432e-01,2.06573135456893653e-01,6.53022080854270826e-12
2262,6180,2.14988661191930192e-01,2.14988661196875541e-01,4.94534968531468166e-12
2263,6181,4.16381773715459452e-03,4.16381773638015932e-03,-7.74435203465539956e-13
2264,6182,1.15609942260634882e-01,1.15609942290614720e-01,2.99798380565263756e-11
2265,6183,5.38932872751725495e-02,5.38932872741314170e-02,-1.04113245802395227e-12
2266,6184,1.63786087011468601e-01,1.63786087019274773e-01,7.80617237516878504e-12
2267,6185,1.55171311246731586e-01,1.55171311247263133e-01,5.31547028614909323e-13
2268,6186,2.23671519241003203e-01,2.23671519245098233e-01,4.09502987075427427e-12
2269,6187,2.11337984758124015e-01,2.11337984769148224e-01,1.10242093231960325e-11
2270,6188,8.90668063571342372e-02,8.90668063341852334e-02,-2.29490038083923764e-11
2271,6189,6.40931082595624368e-02,6.40931082883684083e-02,2.88059714970145819e-11
2272,6190,7.27272308611540685e-02,7.27272308247389476e-02,-3.64151209186758251e-11
2273,6191,2.20317381077343860e-01,2.20317381091010400e-01,1.36665401218039051e-11
2274,6192,5.11943350359308005e-02,5.11943350129844404e-02,-2.29463600898149878e-11
2275,6193,1.70731289889104909e-01,1.70731289905624695e-01,1.65197855395149418e-11
2276,6194,1.07361752648803113e-01,1.07361752664778598e-01,1.59754848239046510e-11
2277,6195,1.79472816222430331e-01,1.79472816210247382e-01,-1.21829490939973084e-11
2278,6196,1.40486636259858216e-01,1.40486636245227586e-01,-1.46306300408127754e-11
2279,6197,1.84678733637876624e-01,1.84678733627736791e-01,-1.01398334173552485e-11
2280,6198,1.65156282763208456e-01,1.65156282779800351e-01,1.65918945249643457e-11
2281,6199,2.87306274102207791e-02,2.87306273874412196e-02,-2.27795594887059139e-11
2282,6200,3.56110151844112738e-02,3.56110151476533507e-02,-3.67579230942105539e-11
2283,6201,3.94348440451337684e-02,3.94348440500278119e-02,4.89404350378919162e-12
2284,6202,4.11677728845564680e-02,4.11677729233355244e-02,3.87790563549650358e-11
2285,6203,4.64661582963660572e-02,4.64661583396353828e-02,4.32693256224858658e-11
2286,6204,6.22575949315535560e-02,6.22575949561507830e-02,2.45972270329630760e-11
2287,6205,7.13195293768745103e-02,7.13195294023124537e-02,2.54379434183604758e-11
2288,6206,7.66211339282046877e-02,7.66211339737052910e-02,4.55006032851201780e-11
2289,6207,7.83650967877101423e-02,7.83650968352426480e-02,4.75325057092135239e-11
2290,6208,8.19168595038050479e-02,8.19168595414601908e-02,3.76551428926674703e-11
2291,6209,8.36771670324507055e-02,8.36771670692767339e-02,3.68260283378774034e-11
2292,6210,1.13923457302021913e-01,1.13923457338250711e-01,3.62287977395681082e-11
2293,6211,1.19102315131481493e-01,1.19102315158905556e-01,2.74240630204758418e-11
2294,6212,2.09490272077934470e-01,2.09490272081779838e-01,3.84536846809169219e-12
2295,6213,1.45749599383550199e-01,1.45749599369982830e-01,-1.35673694501292630e-11
2296,6214,2.54959355193137577e-03,2.54959355611404388e-03,4.18266810076062256e-12
2297,6215,2.00676355224069680e-01,2.00676355219596481e-01,-4.47319958851721822e-12
2298,6216,3.83620215315690141e-02,3.83620215230664682e-02,-8.50254588957710666e-12
2299,6217,8.96419213721057900e-02,8.96419213995903186e-02,2.74845285419544894e-11
2300,6218,4.46733372821222288e-02,4.46733373420923757e-02,5.99701469039537471e-11
2301,6219,2.24857751272678374e-01,2.24857751276194368e-01,3.51599305226102388e-12
2302,6220,2.21381029177253469e-01,2.21381029171778376e-01,-5.47509260151457511e-12
2303,6221,3.95792432163549895e-02,3.95792432225304941e-02,6.17550455217497074e-12
2304,6222,2.25575959548399568e-01,2.25575959544968396e-01,-3.43117201317966192e-12
2305,6223,6.44088702776514921e-02,6.44088702735371721e-02,-4.11431999580713637e-12
2306,6224,1.75617048886411470e-01,1.75617048888896621e-01,2.48515097389656603e-12
2307,6225,1.31014598738314308e-01,1.31014598742702354e-01,4.38804548252846871e-12
2308,6226,2.08435049925778992e-01,2.08435049931790906e-01,6.01191318949645392e-12
2309,6227,1.29977814536945763e-01,1.29977814521817198e-01,-1.51285650673571581e-11
2310,6228,7.30499348543228733e-02,7.30499348800072446e-02,2.56843712964638371e-11
2311,6229,1.86281384375070441e-01,1.86281384367203484e-01,-7.86695708576701236e-12
2312,6230,5.71687802848073259e-02,5.71687802722825530e-02,-1.25247728854915863e-11
2313,6231,1.37808854409657261e-01,1.37808854426570759e-01,1.69134983796226379e-11
2314,6232,8.08370951589992975e-02,8.08370951875178601e-02,2.85185625115147445e-11
2315,6233,7.55077286184145380e-02,7.55077286442925738e-02,2.58780358253218878e-11
2316,6234,1.26523403604652307e-01,1.26523403602869983e-01,-1.78232428815761068e-12
2317,6235,9.25174934909029772e-02,9.25174935135935073e-02,2.26905300104718322e-11
2318,6236,2.31003731474375661e-02,2.31003731548579151e-02,7.42034905742983142e-12
2319,6237,1.84165281796850461e-02,1.84165281908819679e-02,1.11969218619112354e-11
2320,6238,2.27045996781337273e-01,2.27045996780016079e-01,-1.32119315487955191e-12
2321,6239,3.36893034816220091e-03,3.36893035902786128e-03,1.08656603679813113e-11
2322,6240,3.36289489494208116e-02,3.36289489327007418e-02,-1.67200697731573200e-11
2323,6241,2.26590077138948992e-01,2.26590077143513313e-01,4.56432114326332794e-12
2324,6242,2.16825479636915813e-01,2.16825479648097508e-01,1.11816944592391110e-11
2325,6243,9.16486548833011505e-02,9.16486549046894305e-02,2.13882800359499470e-11
2326,6244,1.29820123238581081e-01,1.29820123244921981e-01,6.34090002726850344e-12
2327,6245,1.45884789029886719e-01,1.45884789041097196e-01,1.12104769911525182e-11
2328,6246,1.24910588540234152e-01,1.24910588529650382e-01,-1.05837699715394251e-11
2329,6247,3.53555624754181563e-02,3.53555624522602294e-02,-2.31579269649451192e-11
2330,6248,9.72924655991759396e-02,9.72924656207239252e-02,2.15479856180422757e-11
2331,6249,1.34932125316966994e-01,1.34932125338313086e-01,2.13460915610141910e-11
2332,6250,1.00100154859364257e-01,1.00100154843588321e-01,-1.57759361130160869e-11
2333,6251,2.05287598910328419e-02,2.05287598686609007e-02,-2.23719411052147876e-11
2334,6252,8.30511557686062218e-02,8.30511557352975466e-02,-3.33086752624112137e-11
2335,6253,9.43101363780690788e-02,9.43101364003440940e-02,2.22750151657180595e-11
2336,6254,6.81050852887357949e-02,6.81050852571125354e-02,-3.16232595665155714e-11
2337,6255,1.81125016374521969e-01,1.81125016364261704e-01,-1.02602648599514623e-11
2338,6256,1.33479292753105189e-01,1.33479292761340879e-01,8.23568990782064247e-12
2339,6257,1.98909018929951942e-01,1.98909018929964321e-01,1.23789867245704954e-14
2340,6258,1.19044935216276918e-01,1.19044935187105905e-01,-2.91710128275113334e-11
2341,6259,6.90447579784532056e-02,6.90447579993743593e-02,2.09211536983389124e-11
2342,6260,9.44733701619245025e-03,9.44733704628289254e-03,3.00904422906311808e-11
2343,6261,7.65326968599071428e-02,7.65326968301527077e-02,-2.97544350269518532e-11
2344,6262,1.76756935849982699e-01,1.76756935858233349e-01,8.25065016307746646e-12
2345,6263,2.04015956714083790e-01,2.04015956710739410e-01,-3.34438032822959030e-12
2346,6264,1.85003782944721112e-01,1.85003782948445855e-01,3.72474273646616894e-12
2347,6265,8.89082626158565897e-02,8.89082626483988225e-02,3.25422327973612369e-11
2348,6266,1.14361782748930016e-03,1.14361782455913883e-03,-2.93016132191237233e-12
2349,6267,4.68649265827604383e-02,4.68649265382939037e-02,-4.44665346210904033e-11
2350,6268,1.93556741088427992e-01,1.93556741078911076e-01,-9.51691503381368875e-12
2351,6269,1.89341448646554944e-01,1.89341448664265999e-01,1.77110548449377347e-11
2352,6270,1.53705515542203464e-01,1.53705515536233711e-01,-5.96975247013631360e-12
2353,6271,1.17356462006300205e-01,1.17356462029623729e-01,2.33235236679618652e-11
2354,6272,2.05920709533291252e-01,2.05920709531620616e-01,-1.67063585188031993e-12
2355,6273,1.56298289674607377e-01,1.56298289679125874e-01,4.51849668792192460e-12
2356,6274,5.19735638720292478e-02,5.19735638635583780e-02,-8.47086983890577017e-12
2357,6275,1.03181411650627913e-01,1.03181411658007802e-01,7.37988836707614837e-12
2358,6276,2.52765562152429020e-02,2.52765562108074812e-02,-4.43542078065739531e-12
2359,6277,1.47463543293497923e-01,1.47463543285772963e-01,-7.72495956091745484e-12
2360,6278,9.75419892854812731e-02,9.75419892783987302e-02,-7.08254288550591582e-12
2361,6279,2.18012610501625487e-01,2.18012610502812926e-01,1.18743903598783618e-12
2362,6280,1.68185363336660926e-01,1.68185363324028503e-01,-1.26324228855168030e-11
2363,6281,5.91269069418287121e-02,5.91269069443331741e-02,2.50446191563113985e-12
2364,6282,9.53210937746901549e-02,9.53210937964696775e-02,2.17795226298278521e-11
2365,6283,1.22348098693857363e-01,1.22348098706150307e-01,1.22929444401620458e-11
2366,6284,4.36210071218044726e-02,4.36210071638704205e-02,4.20659479472007547e-11
2367,6285,3.40395871530011357e-02,3.40395871122444876e-02,-4.07566480564724998e-11
2368,6286,1.10341193315227917e-01,1.10341193342424954e-01,2.71970362897278051e-11
2369,6287,1.61447317498120219e-01,1.61447317506815513e-01,8.69529448443984165e-12
2370,6288,3.58190212846769690e-02,3.58190213044259978e-02,1.97490288011969994e-11
2371,6289,1.05003190807144042e-01,1.05003190813118791e-01,5.97474847374712681e-12
2372,6290,1.39760883708768574e-01,1.39760883733119456e-01,2.43508824215865616e-11
2373,6291,1.59716470963516849e-01,1.59716470951349998e-01,-1.21668508601402436e-11
2374,6292,1.05832953868134280e-01,1.05832953841035984e-01,-2.70982958294752052e-11
2375,6293,1.48978227568503600e-02,1.48978227347256655e-02,-2.21246944376307653e-11
2376,6294,1.42230019637921173e-01,1.42230019624384668e-01,-1.35365052500446836e-11
2377,6295,1.74827254781439678e-01,1.74827254788105818e-01,6.66613986233244304e-12
2378,6296,1.99964100668020874e-02,1.99964100872545014e-02,2.04524140678952193e-11
2379,6297,8.71624105704725122e-02,8.71624106032925089e-02,3.28199967203346432e-11
2380,6298,1.95506694529935438e-01,1.95506694519832103e-01,-1.01033348354206964e-11
2381,6299,1.70643881414104831e-01,1.70643881409060866e-01,-5.04396524547701119e-12
2382,6300,4.20370643841296715e-02,4.20370643548783202e-02,-2.92513513411307713e-11
2383,6301,1.91079446680481130e-01,1.91079446670011477e-01,-1.04696529223957668e-11
2384,6302,1.43378877848879954e-01,1.43378877867112065e-01,1.82321102659699363e-11
2385,6303,1.24157474495211376e-01,1.24157474505490917e-01,1.02795411072165166e-11
2386,6304,2.20588563345655603e-01,2.20588563338862786e-01,-6.79281630944217341e-12
2387,6305,1.97270438636220985e-01,1.97270438650425928e-01,1.42049427775958748e-11
2388,6306,6.25663786745689066e-02,6.25663786762640367e-02,1.69513014736111245e-12
2389,6307,7.92825161914260390e-02,7.92825162259973709e-02,3.45713319083174042e-11
2390,6308,2.19715623899669144e-01,2.19715623902420748e-01,2.75160449980660360e-12
2391,6309,8.50841570428916977e-02,8.50841570099954286e-02,-3.28962690421263915e-11
2392,6310,1.53098880603467519e-01,1.53098880603686094e-01,2.18575157973077694e-13
2393,6311,6.59352026519351153e-02,6.59352026868479379e-02,3.49128226329042946e-11
2394,6312,7.92755640000929324e-02,7.92755639495347497e-02,-5.05581826404366552e-11
2395,6313,9.79824250643067801e-02,9.79824250877662783e-02,2.34594982329028312e-11
2396,6314,1.10432679381544233e-01,1.10432679363057479e-01,-1.84867537944555238e-11
2397,6315,1.72334985153029169e-01,1.72334985150364800e-01,-2.66436872564668192e-12
2398,6316,9.50085961771887783e-02,9.50085961719552008e-02,-5.23357746029518012e-12
2399,6317,3.21778854168486353e-02,3.21778854475986906e-02,3.07500552798600779e-11
2400,6318,3.05111790802266650e-02,3.05111790369056932e-02,-4.33209718098126473e-11
2401,6319,2.29286334133181002e-01,2.29286334132606601e-01,-5.74401637365440365e-13
2402,6320,2.78614041751313885e-04,2.78614036939725637e-04,-4.81158824805830165e-12
2403,6321,2.04196229689965869e-01,2.04196229693727610e-01,3.76174091876180228e-12
2404,6322,1.82901772583560329e-01,1.82901772567074544e-01,-1.64857849593857964e-11
2405,6323,1.14495447543035922e-01,1.14495447524498542e-01,-1.85373799643784309e-11
2406,6324,3.67663383071461652e-02,3.67663382828127480e-02,-2.43334172256304271e-11
2407,6325,1.50601713958000732e-01,1.50601713956875272e-01,-1.12546083563813681e-12
2408,6326,9.24201527966102832e-02,9.24201527812570922e-02,-1.53531909408144429e-11
2409,6327,2.25684922414224443e-01,2.25684922413323941e-01,-9.00501895273464470e-13
2410,6328,8.68565097586548596e-02,8.68565097354932480e-02,-2.31616115176080939e-11
2411,6329,1.98044430041488112e-01,1.98044430042859904e-01,1.37179156922684342e-12
2412,6330,1.72472943680489016e-01,1.72472943690048564e-01,9.55954759795929476e-12
2413,6331,1.08204377707215985e-01,1.08204377726205642e-01,1.89896570690351041e-11
2414,6332,2.77692282175534509e-02,2.77692282471133749e-02,2.95599239530375257e-11
2415,6333,8.61876945374225323e-02,8.61876945672147704e-02,2.97922381209403397e-11
2416,6334,6.06530635629382378e-02,6.06530635698817808e-02,6.94354296282284622e-12
2417,6335,1.82835961073809283e-01,1.82835961086682736e-01,1.28734523041629245e-11
2418,6336,1.12667842125114687e-01,1.12667842154888787e-01,2.97740998522755262e-11
2419,6337,1.21227411461615489e-01,1.21227411439147434e-01,-2.24680551941247586e-11
2420,6338,1.50127443755954243e-01,1.50127443755522005e-01,-4.32237579062189070e-13
2421,6339,1.88222873837237348e-01,1.88222873827299519e-01,-9.93782833802470122e-12
2422,6340,1.74121861305054831e-01,1.74121861311864606e-01,6.80977496614332267e-12
2423,6341,3.83023151119186479e-03,3.83023151125750239e-03,6.56375995222724384e-14
2424,6342,4.20584223222473519e-02,4.20584223639496324e-02,4.17022805176969769e-11
2425,6343,3.39577307672598921e-03,3.39577308021888052e-03,3.49289130605057174e-12
2426,6344,1.29502507202680528e-01,1.29502507192957306e-01,-9.72322222736465847e-12
2427,6345,2.06385482629710765e-01,2.06385482628088285e-01,-1.62247992818720377e-12
2428,6346,1.76415692558274939e-01,1.76415692559385523e-01,1.11058384710815972e-12
2429,6347,7.05940413027289632e-02,7.05940413230689845e-02,2.03400213338866820e-11
2430,6348,6.59216148037387734e-02,6.59216147856261925e-02,-1.81125808795812304e-11
2431,6349,6.03481625346592651e-02,6.03481625473874864e-02,1.27282212547541462e-11
2432,6350,8.99047251780739215e-02,8.99047251488872684e-02,-2.91866530943707403e-11
2433,6351,2.27091455810144810e-01,2.27091455819641824e-01,9.49701428609728282e-12
2434,6352,3.78873074385671707e-02,3.78873074496729537e-02,1.11057829599303659e-11
2435,6353,1.31500136439496013e-01,1.31500136420174607e-01,-1.93214055865809087e-11
2436,6354,7.38562616890060392e-02,7.38562617139963684e-02,2.49903292504072283e-11
2437,6355,1.94688279343595838e-01,1.94688279356497657e-01,1.29018185024420973e-11
2438,6356,1.20871479181293706e-01,1.20871479205832494e-01,2.45387876685043693e-11
2439,6357,2.21530515370142837e-02,2.21530515493354001e-02,1.23211163494119091e-11
2440,6358,1.47378442023133494e-01,1.47378442030250995e-01,7.11750103299380044e-12
2441,6359,1.33108515992690968e-01,1.33108515978683839e-01,-1.40071287901832875e-11
2442,6360,1.95729884807566666e-02,1.95729884600926787e-02,-2.06639878819192546e-11
2443,6361,2.28281896100603982e-01,2.28281896104110343e-01,3.50636186752240064e-12
2444,6362,7.19614732912735311e-02,7.19614732402866636e-02,-5.09868675058200438e-11
2445,6363,1.48327638059030986e-01,1.48327638055573557e-01,-3.45742878771204687e-12
2446,6364,1.18913279140923727e-03,1.18913277991083543e-03,-1.14984018400460242e-11
2447,6365,4.35112662941094935e-02,4.35112662609308185e-02,-3.31786750851215118e-11
2448,6366,7.49198463223160888e-02,7.49198462836325602e-02,-3.86835286025899450e-11
2449,6367,1.93470310361558401e-01,1.93470310378512173e-01,1.69537717198409155e-11
2450,6368,1.59843528832190163e-01,1.59843528841455723e-01,9.26556054103855331e-12
2451,6369,1.12463167936197428e-01,1.12463167912507656e-01,-2.36897723659978965e-11
2452,6370,2.72290083497519902e-02,2.72290083415550367e-02,-8.19695353260208037e-12
2453,6371,9.96180479919218514e-02,9.96180480064724344e-02,1.45505829607373016e-11
2454,6372,1.26971235064937987e-01,1.26971235064438165e-01,-4.99822405686245474e-13
2455,6373,1.43182161191869994e-01,1.43182161177189904e-01,-1.46800904765598261e-11
2456,6374,1.34966884423740607e-01,1.34966884404762982e-01,-1.89776250270057290e-11
2457,6375,5.64281491431968974e-03,5.64281491034687461e-03,-3.97281513242475626e-12
2458,6376,1.15551352081678660e-01,1.15551352119487097e-01,3.78084369367925888e-11
2459,6377,2.96530110682665391e-03,2.96530111669477195e-03,9.86811804146170424e-12
2460,6378,8.45682372135755228e-02,8.45682372446013297e-02,3.10258069236013512e-11
2461,6379,2.28536869449179086e-01,2.28536869446478191e-01,-2.70089506315684957e-12
2462,6380,2.08609958299417531e-01,2.08609958294703579e-01,-4.71395145140718341e-12
2463,6381,1.55318272898247706e-01,1.55318272899464344e-01,1.21663790153547779e-12
2464,6382,1.69477728965787583e-01,1.69477728968521674e-01,2.73409073159314175e-12
2465,6383,1.07089947586982916e-03,1.07089947378794306e-03,-2.08188609580883810e-12
2466,6384,1.24356366883353921e-02,1.24356366887697443e-02,4.34352206979404798e-13
2467,6385,2.18960455503800888e-01,2.18960455496927386e-01,-6.87350176775680666e-12
2468,6386,2.21148260595815771e-01,2.21148260607399977e-01,1.15842058168169615e-11
2469,6387,8.16758597619477861e-02,8.16758597172133477e-02,-4.47344383758263575e-11
2470,6388,1.62762775854347341e-01,1.62762775839997709e-01,-1.43496325932801483e-11
2471,6389,2.03295791913185697e-01,2.03295791913983337e-01,7.97639732041943716e-13
2472,6390,1.03738451823773337e-01,1.03738451800417492e-01,-2.33558450357662650e-11
2473,6391,1.52418121704235958e-02,1.52418121569464163e-02,-1.34771794418897528e-11
2474,6392,6.28511566002867700e-02,6.28511566278658895e-02,2.75791195436525527e-11
2475,6393,1.05757000156664296e-01,1.05757000164518014e-01,7.85371767619835737e-12
2476,6394,1.66895224145248877e-01,1.66895224168679079e-01,2.34302022228405349e-11
2477,6395,1.65975907976125131e-02,1.65975907718448855e-02,-2.57676276149698680e-11
2478,6396,1.78195801324123965e-01,1.78195801318293073e-01,-5.83089132533132215e-12
2479,6397,4.72534853541941580e-02,4.72534853063949073e-02,-4.77992506686675256e-11
2480,6398,8.73107965239366870e-04,8.73107958720712764e-04,-6.51865410608576390e-12
2481,6399,2.49008950743643317e-04,2.49008947397697997e-04,-3.34594531985546451e-12
2482,6400,2.28730055197423704e-01,2.28730055194431930e-01,-2.99177349560864059e-12
2483,6401,2.29344779289434891e-01,2.29344779284694239e-01,-4.74065231514941843e-12
