cell_id,node_0,node_1,node_2,region_id,region_name,centroid_y_um,centroid_z_um,heat_flux_y_W_per_m2,heat_flux_z_W_per_m2
0,110,1,994,1,silicon_wafer,-6.28571428571428736e+00,-2.41666666666666652e+00,-0.00000000000000000e+00,-2.18191837286758423e+06
1,16,136,994,1,silicon_wafer,-6.28571428571428736e+00,-2.08333333333333348e+00,-2.78661846386909485e+05,-2.18191837279701233e+06
2,109,110,996,1,silicon_wafer,-6.85714285714286120e+00,-2.41666666666666652e+00,-0.00000000000000000e+00,-1.87911735175800323e+06
3,136,135,996,1,silicon_wafer,-6.85714285714286120e+00,-2.08333333333333348e+00,-2.51239940431356430e+05,-1.87911735182857513e+06
4,131,15,998,1,silicon_wafer,-9.71428571428571352e+00,-2.08333333333333348e+00,-1.77227907278537750e+04,-1.16482046967315674e+06
5,105,106,995,1,silicon_wafer,-9.14285714285714413e+00,-2.41666666666666652e+00,-0.00000000000000000e+00,-1.20791032293224335e+06
6,108,109,997,1,silicon_wafer,-7.42857142857143327e+00,-2.41666666666666652e+00,-0.00000000000000000e+00,-1.62579667917442322e+06
7,135,134,997,1,silicon_wafer,-7.42857142857143327e+00,-2.08333333333333348e+00,-1.92071236669301987e+05,-1.62579667917442322e+06
8,132,131,995,1,silicon_wafer,-9.14285714285714413e+00,-2.08333333333333348e+00,-5.76844522991180420e+04,-1.20791032282638550e+06
9,0,105,998,1,silicon_wafer,-9.71428571428571352e+00,-2.41666666666666652e+00,-0.00000000000000000e+00,-1.16482046974372864e+06
10,106,107,999,1,silicon_wafer,-8.57142857142857295e+00,-2.41666666666666652e+00,-0.00000000000000000e+00,-1.29662110371398926e+06
11,107,108,1000,1,silicon_wafer,-8.00000000000000355e+00,-2.41666666666666652e+00,-0.00000000000000000e+00,-1.43420551345252991e+06
12,133,132,999,1,silicon_wafer,-8.57142857142857295e+00,-2.08333333333333348e+00,-9.75594140424728394e+04,-1.29662110353755951e+06
13,134,133,1000,1,silicon_wafer,-8.00000000000000355e+00,-2.08333333333333348e+00,-1.43213303246974945e+05,-1.43420551348781586e+06
14,107,133,999,1,silicon_wafer,-8.38095238095238315e+00,-2.25000000000000000e+00,-4.87797069506645203e+04,-1.35236934022903442e+06
15,15,0,998,1,silicon_wafer,-9.90476190476190510e+00,-2.25000000000000000e+00,-8.86139537715911865e+03,-1.15469316071605682e+06
16,106,132,995,1,silicon_wafer,-8.95238095238095077e+00,-2.25000000000000000e+00,-2.88422260966300964e+04,-1.24087286704015732e+06
17,133,107,1000,1,silicon_wafer,-8.19047619047619335e+00,-2.25000000000000000e+00,-7.16066516146659851e+04,-1.35236934021139145e+06
18,135,109,996,1,silicon_wafer,-7.04761904761905100e+00,-2.25000000000000000e+00,-1.25619970220088959e+05,-1.73555167154932022e+06
19,1,16,994,1,silicon_wafer,-6.09523809523809579e+00,-2.25000000000000000e+00,-1.39330923193454742e+05,-2.34115371362733841e+06
20,109,135,997,1,silicon_wafer,-7.23809523809524169e+00,-2.25000000000000000e+00,-9.60356183214187622e+04,-1.73555167154932022e+06
21,136,110,994,1,silicon_wafer,-6.47619047619047894e+00,-2.25000000000000000e+00,-1.39330923193454742e+05,-2.02268303205490112e+06
22,134,108,997,1,silicon_wafer,-7.61904761904762307e+00,-2.25000000000000000e+00,-9.60356183567047119e+04,-1.51604168678188324e+06
23,110,136,996,1,silicon_wafer,-6.66666666666667052e+00,-2.25000000000000000e+00,-1.25619970237731934e+05,-2.02268303203725815e+06
24,131,105,995,1,silicon_wafer,-9.33333333333333393e+00,-2.25000000000000000e+00,-2.88422261848449707e+04,-1.17494777870082855e+06
25,105,131,998,1,silicon_wafer,-9.52380952380952372e+00,-2.25000000000000000e+00,-8.86139534187316895e+03,-1.17494777868318558e+06
26,108,134,1000,1,silicon_wafer,-7.80952380952381375e+00,-2.25000000000000000e+00,-7.16066516323089600e+04,-1.51604168678188324e+06
27,132,106,999,1,silicon_wafer,-8.76190476190476097e+00,-2.25000000000000000e+00,-4.87797070918083191e+04,-1.24087286704015732e+06
28,2,16,1,1,silicon_wafer,-5.94999999999999929e+00,-2.33333333333333348e+00,-0.00000000000000000e+00,-2.34115371362733841e+06
29,17,16,2,1,silicon_wafer,-5.89999999999999858e+00,-2.16666666666666652e+00,-3.11653272132873535e+05,-2.43464969526720047e+06
30,2,3,1001,1,silicon_wafer,-5.59999999999999876e+00,-2.41666666666666652e+00,-0.00000000000000000e+00,-2.59946797489643097e+06
31,17,2,1001,1,silicon_wafer,-5.76666666666666572e+00,-2.25000000000000000e+00,-1.64818279682159424e+05,-2.43464969526720047e+06
32,3,18,1001,1,silicon_wafer,-5.43333333333333268e+00,-2.25000000000000000e+00,-1.64818279646873474e+05,-2.76428625459623337e+06
33,18,17,1001,1,silicon_wafer,-5.59999999999999876e+00,-2.08333333333333348e+00,-3.29636559329032898e+05,-2.59946797489643097e+06
34,4,18,3,1,silicon_wafer,-5.31666666666666643e+00,-2.33333333333333348e+00,-0.00000000000000000e+00,-2.76428625459623337e+06
35,19,18,4,1,silicon_wafer,-5.28333333333333321e+00,-2.16666666666666652e+00,-3.82648090450286865e+05,-2.84081587269687653e+06
36,4,5,1002,1,silicon_wafer,-5.00000000000000000e+00,-2.41666666666666652e+00,-0.00000000000000000e+00,-3.04730959127998352e+06
37,19,4,1002,1,silicon_wafer,-5.16666666666666696e+00,-2.25000000000000000e+00,-2.06493718583106995e+05,-2.84081587269687653e+06
38,5,20,1002,1,silicon_wafer,-4.83333333333333304e+00,-2.25000000000000000e+00,-2.06493718583106995e+05,-3.25380330986309052e+06
39,20,19,1002,1,silicon_wafer,-5.00000000000000000e+00,-2.08333333333333348e+00,-4.12987437166213989e+05,-3.04730959127998352e+06
40,6,21,1004,1,silicon_wafer,-4.08392857142857135e+00,-2.25000000000000000e+00,-2.71580049470901489e+05,-4.03502593398094177e+06
41,20,5,1003,1,silicon_wafer,-4.66964285714285676e+00,-2.25000000000000000e+00,-2.49185922830581665e+05,-3.25380330986309052e+06
42,137,20,1003,1,silicon_wafer,-4.54464285714285676e+00,-2.08333333333333348e+00,-4.91097296457290649e+05,-3.48707499160480499e+06
43,21,137,1004,1,silicon_wafer,-4.20892857142857135e+00,-2.08333333333333348e+00,-5.50532869039058685e+05,-3.75408059419727325e+06
44,5,111,1003,1,silicon_wafer,-4.54464285714285676e+00,-2.41666666666666652e+00,-0.00000000000000000e+00,-3.49408973544216156e+06
45,111,6,1004,1,silicon_wafer,-4.20892857142857135e+00,-2.41666666666666652e+00,-0.00000000000000000e+00,-3.76150602703952789e+06
46,137,1003,1004,1,silicon_wafer,-4.37857142857142723e+00,-2.16666666666666652e+00,-2.59988061249732971e+05,-3.61088351041936874e+06
47,1003,111,1004,1,silicon_wafer,-4.37857142857142723e+00,-2.33333333333333348e+00,-2.59988061249732971e+05,-3.63336905399274826e+06
48,116,117,1005,1,silicon_wafer,-8.57142857146430015e-01,-2.41666666666666652e+00,-0.00000000000000000e+00,-1.11086642659730911e+07
49,143,142,1005,1,silicon_wafer,-8.57142857146430015e-01,-2.08333333333333348e+00,-1.52040011513161659e+06,-1.11086642659730911e+07
50,117,7,1006,1,silicon_wafer,-2.85714285715476635e-01,-2.41666666666666652e+00,-0.00000000000000000e+00,-1.31816498576297760e+07
51,22,143,1006,1,silicon_wafer,-2.85714285715476635e-01,-2.08333333333333348e+00,-2.10732467019701004e+06,-1.31816498575944901e+07
52,115,116,1007,1,silicon_wafer,-1.42857142857738206e+00,-2.41666666666666652e+00,-0.00000000000000000e+00,-9.28790987316036224e+06
53,142,141,1007,1,silicon_wafer,-1.42857142857738206e+00,-2.08333333333333348e+00,-1.66592007225537300e+06,-9.28790987323093414e+06
54,6,112,1008,1,silicon_wafer,-3.71428571428492083e+00,-2.41666666666666652e+00,-0.00000000000000000e+00,-4.44129451781749725e+06
55,138,21,1008,1,silicon_wafer,-3.71428571428492083e+00,-2.08333333333333348e+00,-7.10970021749258041e+05,-4.44129451785278320e+06
56,141,140,1009,1,silicon_wafer,-2.00000000000674483e+00,-2.08333333333333348e+00,-1.13781270049500465e+06,-7.68577686019039154e+06
57,114,115,1009,1,silicon_wafer,-2.00000000000674483e+00,-2.41666666666666652e+00,-0.00000000000000000e+00,-7.68577686015510559e+06
58,139,138,1010,1,silicon_wafer,-3.14285714285754025e+00,-2.08333333333333348e+00,-7.88699028052568436e+05,-5.29824826060676575e+06
59,112,113,1010,1,silicon_wafer,-3.14285714285754025e+00,-2.41666666666666652e+00,-0.00000000000000000e+00,-5.29824826057147980e+06
60,113,114,1011,1,silicon_wafer,-2.57142857143293480e+00,-2.41666666666666652e+00,-0.00000000000000000e+00,-6.39226579681587219e+06
61,140,139,1011,1,silicon_wafer,-2.57142857143293480e+00,-2.08333333333333348e+00,-1.12583166037511826e+06,-6.39226579685115814e+06
62,7,22,1006,1,silicon_wafer,-9.52380952384921931e-02,-2.25000000000000000e+00,-1.05366233510732651e+06,-1.43858353834314346e+07
63,142,116,1005,1,silicon_wafer,-1.04761904762341462e+00,-2.25000000000000000e+00,-7.60200057561397552e+05,-1.02398642001886368e+07
64,117,143,1005,1,silicon_wafer,-6.66666666669445518e-01,-2.25000000000000000e+00,-7.60200057543754578e+05,-1.19774643317751884e+07
65,143,117,1006,1,silicon_wafer,-4.76190476192461076e-01,-2.25000000000000000e+00,-1.05366233512496948e+06,-1.19774643317751884e+07
66,116,142,1007,1,silicon_wafer,-1.23809523810039868e+00,-2.25000000000000000e+00,-8.32960036140918732e+05,-1.02398642001886368e+07
67,141,115,1007,1,silicon_wafer,-1.61904761905436523e+00,-2.25000000000000000e+00,-8.32960036105632782e+05,-8.33595554618501663e+06
68,21,6,1008,1,silicon_wafer,-3.90476190476163998e+00,-2.25000000000000000e+00,-3.55485010843753815e+05,-4.03502593398094177e+06
69,112,138,1008,1,silicon_wafer,-3.52380952380820212e+00,-2.25000000000000000e+00,-3.55485010914325714e+05,-4.84756310168933868e+06
70,115,141,1009,1,silicon_wafer,-1.80952380953081970e+00,-2.25000000000000000e+00,-5.68906350243091583e+05,-8.33595554616737366e+06
71,140,114,1009,1,silicon_wafer,-2.19047619048267039e+00,-2.25000000000000000e+00,-5.68906350260734558e+05,-7.03559817417812347e+06
72,113,139,1010,1,silicon_wafer,-2.95238095238267162e+00,-2.25000000000000000e+00,-3.94349514039516449e+05,-5.74893341947126389e+06
73,138,112,1010,1,silicon_wafer,-3.33333333333240844e+00,-2.25000000000000000e+00,-3.94349514004230499e+05,-4.84756310170698166e+06
74,139,113,1011,1,silicon_wafer,-2.76190476190780254e+00,-2.25000000000000000e+00,-5.62915830178737640e+05,-5.74893341947126389e+06
75,114,140,1011,1,silicon_wafer,-2.38095238095806705e+00,-2.25000000000000000e+00,-5.62915830178737640e+05,-7.03559817417812347e+06
76,122,123,1012,1,silicon_wafer,3.14285714285487972e+00,-2.41666666666666652e+00,-0.00000000000000000e+00,-3.18442487680130005e+07
77,149,148,1012,1,silicon_wafer,3.14285714285487972e+00,-2.08333333333333348e+00,-2.57421308156514168e+06,-3.18442487680130005e+07
78,123,8,1013,1,silicon_wafer,3.71428571428495991e+00,-2.41666666666666652e+00,-0.00000000000000000e+00,-3.48371685055179596e+07
79,23,149,1013,1,silicon_wafer,3.71428571428495991e+00,-2.08333333333333348e+00,-2.66339645908617973e+06,-3.48371685055532455e+07
80,148,147,1014,1,silicon_wafer,2.57142857142480175e+00,-2.08333333333333348e+00,-3.38129336036443710e+06,-2.84411022298078537e+07
81,121,122,1014,1,silicon_wafer,2.57142857142480175e+00,-2.41666666666666652e+00,-0.00000000000000000e+00,-2.84411022297019958e+07
82,120,121,1015,1,silicon_wafer,1.99999999999551892e+00,-2.41666666666666652e+00,-0.00000000000000000e+00,-2.48813811993312836e+07
83,147,146,1015,1,silicon_wafer,1.99999999999551892e+00,-2.08333333333333348e+00,-2.84821844298720360e+06,-2.48813811991901398e+07
84,7,118,1016,1,silicon_wafer,2.85714285713733585e-01,-2.41666666666666652e+00,-0.00000000000000000e+00,-1.56657041568679810e+07
85,144,22,1016,1,silicon_wafer,2.85714285713733585e-01,-2.08333333333333348e+00,-2.23977035341691971e+06,-1.56657041567974091e+07
86,118,119,1017,1,silicon_wafer,8.57142857140919534e-01,-2.41666666666666652e+00,-0.00000000000000000e+00,-1.83170823121423721e+07
87,145,144,1017,1,silicon_wafer,8.57142857140919534e-01,-2.08333333333333348e+00,-2.40014141835737228e+06,-1.83170823120718002e+07
88,146,145,1018,1,silicon_wafer,1.42857142856782349e+00,-2.08333333333333348e+00,-3.11958159562683105e+06,-2.14712097486896515e+07
89,119,120,1018,1,silicon_wafer,1.42857142856782349e+00,-2.41666666666666652e+00,-0.00000000000000000e+00,-2.14712097486543655e+07
90,148,122,1012,1,silicon_wafer,2.95238095237818676e+00,-2.25000000000000000e+00,-1.28710654076051712e+06,-3.03732698642816544e+07
91,149,123,1013,1,silicon_wafer,3.52380952380826606e+00,-2.25000000000000000e+00,-1.33169822954750061e+06,-3.33152276717796326e+07
92,8,23,1013,1,silicon_wafer,3.90476190476165330e+00,-2.25000000000000000e+00,-1.33169822954750061e+06,-3.63591093393092155e+07
93,123,149,1012,1,silicon_wafer,3.33333333333157311e+00,-2.25000000000000000e+00,-1.28710654077816010e+06,-3.33152276717796326e+07
94,147,121,1014,1,silicon_wafer,2.38095238094810924e+00,-2.25000000000000000e+00,-1.69064668015575409e+06,-2.65089345952634811e+07
95,122,148,1014,1,silicon_wafer,2.76190476190149425e+00,-2.25000000000000000e+00,-1.69064668022632599e+06,-3.03732698642640114e+07
96,121,147,1015,1,silicon_wafer,2.19047619047168141e+00,-2.25000000000000000e+00,-1.42410922140979767e+06,-2.65089345952634811e+07
97,146,120,1015,1,silicon_wafer,1.80952380951935621e+00,-2.25000000000000000e+00,-1.42410922156858444e+06,-2.32538278032755852e+07
98,22,7,1016,1,silicon_wafer,9.52380952379111995e-02,-2.25000000000000000e+00,-1.11988517675256729e+06,-1.43858353834314346e+07
99,118,144,1016,1,silicon_wafer,4.76190476189555956e-01,-2.25000000000000000e+00,-1.11988517666435242e+06,-1.69455729301810265e+07
100,144,118,1017,1,silicon_wafer,6.66666666665284513e-01,-2.25000000000000000e+00,-1.20007070920515060e+06,-1.69455729301986694e+07
101,119,145,1017,1,silicon_wafer,1.04761904761655433e+00,-2.25000000000000000e+00,-1.20007070915222168e+06,-1.96885916940155029e+07
102,145,119,1018,1,silicon_wafer,1.23809523809218902e+00,-2.25000000000000000e+00,-1.55979079777812958e+06,-1.96885916940155029e+07
103,120,146,1018,1,silicon_wafer,1.61904761904345773e+00,-2.25000000000000000e+00,-1.55979079783105850e+06,-2.32538278032932281e+07
104,9,24,1020,1,silicon_wafer,4.66607142857142776e+00,-2.25000000000000000e+00,-6.60620314869880676e+05,-3.86449038847017288e+07
105,23,8,1019,1,silicon_wafer,4.08035714285714324e+00,-2.25000000000000000e+00,-8.63688044272422791e+05,-3.63591093393092155e+07
106,150,23,1019,1,silicon_wafer,4.20535714285714324e+00,-2.08333333333333348e+00,-1.79334098379325867e+06,-3.72555603881492615e+07
107,24,150,1020,1,silicon_wafer,4.54107142857142865e+00,-2.08333333333333348e+00,-1.25438507671833038e+06,-3.80468979459123611e+07
108,8,124,1019,1,silicon_wafer,4.20535714285714324e+00,-2.41666666666666652e+00,-0.00000000000000000e+00,-3.71919513819866180e+07
109,124,9,1020,1,silicon_wafer,4.54107142857142865e+00,-2.41666666666666652e+00,-0.00000000000000000e+00,-3.79795648533134460e+07
110,150,1019,1020,1,silicon_wafer,4.37142857142857277e+00,-2.16666666666666652e+00,-7.65735319308280945e+05,-3.78060634226708412e+07
111,1019,124,1020,1,silicon_wafer,4.37142857142857277e+00,-2.33333333333333348e+00,-7.65735319308280945e+05,-3.76021667316374779e+07
112,9,10,1021,1,silicon_wafer,5.00000000000000000e+00,-2.41666666666666652e+00,-0.00000000000000000e+00,-3.89300855540895462e+07
113,24,9,1021,1,silicon_wafer,4.83333333333333304e+00,-2.25000000000000000e+00,-2.85181669387817383e+05,-3.86449038847017288e+07
114,10,25,1021,1,silicon_wafer,5.16666666666666696e+00,-2.25000000000000000e+00,-2.85181669458389282e+05,-3.92152672235479355e+07
115,25,24,1021,1,silicon_wafer,5.00000000000000000e+00,-2.08333333333333348e+00,-5.70363338846206665e+05,-3.89300855541601181e+07
116,11,25,10,1,silicon_wafer,5.28333333333333321e+00,-2.33333333333333348e+00,-0.00000000000000000e+00,-3.92152672235479355e+07
117,26,25,11,1,silicon_wafer,5.31666666666666643e+00,-2.16666666666666652e+00,9.61216447257995605e+03,-3.92133447906675339e+07
118,11,12,1022,1,silicon_wafer,5.59999999999999876e+00,-2.41666666666666652e+00,-0.00000000000000000e+00,-3.89584679894237518e+07
119,26,11,1022,1,silicon_wafer,5.43333333333333268e+00,-2.25000000000000000e+00,2.54876801243782043e+05,-3.92133447906675339e+07
120,12,27,1022,1,silicon_wafer,5.76666666666666572e+00,-2.25000000000000000e+00,2.54876801173210144e+05,-3.87035911882505417e+07
121,27,26,1022,1,silicon_wafer,5.59999999999999876e+00,-2.08333333333333348e+00,5.09753602416992188e+05,-3.89584679894590378e+07
122,13,27,12,1,silicon_wafer,5.89999999999999858e+00,-2.33333333333333348e+00,-0.00000000000000000e+00,-3.87035911882505417e+07
123,28,27,13,1,silicon_wafer,5.94999999999999929e+00,-2.16666666666666652e+00,1.09132720117568970e+06,-3.83761930278978348e+07
124,29,156,1023,1,silicon_wafer,9.71428571428571175e+00,-2.08333333333333348e+00,2.75908682241201401e+05,-2.74524927476024628e+07
125,130,14,1023,1,silicon_wafer,9.71428571428571175e+00,-2.41666666666666652e+00,-0.00000000000000000e+00,-2.74524927477083206e+07
126,129,130,1025,1,silicon_wafer,9.14285714285713880e+00,-2.41666666666666652e+00,-0.00000000000000000e+00,-2.81049431637697220e+07
127,156,155,1025,1,silicon_wafer,9.14285714285713880e+00,-2.08333333333333348e+00,8.65879545928001404e+05,-2.81049431637344360e+07
128,155,154,1024,1,silicon_wafer,8.57142857142856585e+00,-2.08333333333333348e+00,1.35353670689988136e+06,-2.93731810225133896e+07
129,13,125,1026,1,silicon_wafer,6.28571428571428470e+00,-2.41666666666666652e+00,-0.00000000000000000e+00,-3.75499033399791718e+07
130,151,28,1026,1,silicon_wafer,6.28571428571428470e+00,-2.08333333333333348e+00,1.44600695373415947e+06,-3.75499033401203156e+07
131,125,126,1027,1,silicon_wafer,6.85714285714285676e+00,-2.41666666666666652e+00,-0.00000000000000000e+00,-3.55618663123531342e+07
132,152,151,1027,1,silicon_wafer,6.85714285714285676e+00,-2.08333333333333348e+00,2.03305784480547905e+06,-3.55618663122825623e+07
133,128,129,1024,1,silicon_wafer,8.57142857142856585e+00,-2.41666666666666652e+00,-0.00000000000000000e+00,-2.93731810225486755e+07
134,126,127,1028,1,silicon_wafer,7.42857142857142616e+00,-2.41666666666666652e+00,-0.00000000000000000e+00,-3.32703547576255798e+07
135,127,128,1029,1,silicon_wafer,7.99999999999999556e+00,-2.41666666666666652e+00,-0.00000000000000000e+00,-3.11436105559921265e+07
136,153,152,1028,1,silicon_wafer,7.42857142857142616e+00,-2.08333333333333348e+00,1.97708737602949142e+06,-3.32703547575197220e+07
137,154,153,1029,1,silicon_wafer,7.99999999999999556e+00,-2.08333333333333348e+00,1.74471497669672966e+06,-3.11436105559568405e+07
138,151,125,1027,1,silicon_wafer,6.66666666666666519e+00,-2.25000000000000000e+00,1.01652892238950729e+06,-3.67236136522016525e+07
139,155,129,1025,1,silicon_wafer,8.95238095238094722e+00,-2.25000000000000000e+00,4.32939772964000702e+05,-2.85997314757184982e+07
140,156,130,1023,1,silicon_wafer,9.52380952380952017e+00,-2.25000000000000000e+00,1.37954341089725494e+05,-2.76101548518033028e+07
141,14,29,1023,1,silicon_wafer,9.90476190476190332e+00,-2.25000000000000000e+00,1.37954341142654419e+05,-2.72948306435251236e+07
142,125,151,1026,1,silicon_wafer,6.47619047619047450e+00,-2.25000000000000000e+00,7.23003476783275604e+05,-3.67236136522016525e+07
143,128,154,1029,1,silicon_wafer,8.19047619047618447e+00,-2.25000000000000000e+00,8.72357488370418549e+05,-3.01466305693082809e+07
144,129,155,1024,1,silicon_wafer,8.76190476190475742e+00,-2.25000000000000000e+00,6.76768353463172913e+05,-2.85997314757184982e+07
145,127,153,1028,1,silicon_wafer,7.61904761904761596e+00,-2.25000000000000000e+00,9.88543688041210175e+05,-3.21405905426936150e+07
146,154,128,1024,1,silicon_wafer,8.38095238095237427e+00,-2.25000000000000000e+00,6.76768353427886963e+05,-3.01466305693082809e+07
147,130,156,1025,1,silicon_wafer,9.33333333333333037e+00,-2.25000000000000000e+00,4.32939772964000702e+05,-2.76101548517856598e+07
148,28,13,1026,1,silicon_wafer,6.09523809523809490e+00,-2.25000000000000000e+00,7.23003476924419403e+05,-3.83761930278978348e+07
149,152,126,1028,1,silicon_wafer,7.23809523809523636e+00,-2.25000000000000000e+00,9.88543687988281250e+05,-3.44001189724340439e+07
150,153,127,1029,1,silicon_wafer,7.80952380952380576e+00,-2.25000000000000000e+00,8.72357488335132599e+05,-3.21405905426936150e+07
151,126,152,1027,1,silicon_wafer,7.04761904761904656e+00,-2.25000000000000000e+00,1.01652892240715027e+06,-3.44001189724340439e+07
152,1041,1032,1051,0,silica,-6.07781418124335016e+00,-1.18646542153832898e-01,-1.74479851170324301e+06,-2.05986732370671979e+06
153,1032,1041,1042,0,silica,-6.12167226610930992e+00,-1.14886924484025557e-01,-1.52066859529841412e+06,-2.01897613129034732e+06
154,1049,1037,1050,0,silica,-9.35583998502296232e+00,-1.00411339177406100e+00,-1.03517750589274758e+05,-1.09320109313234570e+06
155,1040,1033,1059,0,silica,-7.13299658390535729e+00,-7.62810004471709768e-01,-5.93715914525088039e+05,-1.52824608427239396e+06
156,1033,1040,1043,0,silica,-7.03858101227471966e+00,-4.93488601621179301e-01,-6.16804809224914294e+05,-1.57305620414552442e+06
157,676,677,1054,0,silica,-6.13090520018693308e+00,-1.23628468132815472e+00,-4.44608433006062463e+05,-2.28395089224311803e+06
158,1047,1049,1050,0,silica,-9.23196020905531789e+00,-1.28440267619804982e+00,-6.87110252925467503e+04,-1.17461610563966259e+06
159,1031,680,1032,0,silica,-6.07743374488998267e+00,-3.29629857049206498e-01,-1.17220314618287794e+06,-2.14299976405074121e+06
160,1037,1049,1052,0,silica,-9.21956636986641165e+00,-7.21031289083766569e-01,-9.53059290747964260e+04,-1.07554468995172973e+06
161,1033,1046,1059,0,silica,-7.44169087670682217e+00,-8.24085122817625693e-01,-3.67536245861413423e+05,-1.49084558204924222e+06
162,1030,678,1031,0,silica,-6.15312645274853764e+00,-6.58192356483549124e-01,-7.76432711937535903e+05,-2.11595165898636077e+06
163,160,159,1048,0,silica,-7.92055777692778218e+00,-1.62405858840792866e-01,-5.50318255724794813e+05,-1.20413874607685558e+06
164,159,158,1039,0,silica,-8.50957462033239231e+00,-1.62217418901464933e-01,-3.70560205998769961e+05,-1.08985955284689181e+06
165,167,166,1041,0,silica,-6.10551039372999771e+00,-2.04761563248463570e-02,-1.76107496853692993e+06,-1.79270972703603725e+06
166,1048,1039,1053,0,silica,-8.25360634201481780e+00,-6.62376902406358381e-01,-3.53031272930748994e+05,-1.23817806507938146e+06
167,135,136,1044,0,silica,-6.85714285714286031e+00,-1.83504278023153256e+00,-2.34264268780589100e+03,-1.84634035167197208e+06
168,131,132,1047,0,silica,-9.15070970036968312e+00,-1.86071003504185817e+00,-5.37868541707992563e+02,-1.18923527128524543e+06
169,134,135,1038,0,silica,-7.42857142857143327e+00,-1.83504278023153566e+00,-1.79093450407862656e+03,-1.60220181572497124e+06
170,132,133,1035,0,silica,-8.57142857142857473e+00,-1.83504278023153589e+00,-9.09675617423057474e+02,-1.27886487367375358e+06
171,133,134,1045,0,silica,-8.00000000000000355e+00,-1.83224719544525194e+00,-1.33536728703260405e+03,-1.40959008325658785e+06
172,1046,1048,1053,0,silica,-7.98318074214944762e+00,-8.14230092916467640e-01,-2.92402092417433218e+05,-1.27708157695627911e+06
173,1045,1038,1046,0,silica,-7.71428571428571797e+00,-1.31469391842169525e+00,-1.68878810857895471e+05,-1.44427106818308588e+06
174,1040,1036,1055,0,silica,-6.63164346529992965e+00,-4.91876204659427441e-01,-8.72300430603167973e+05,-1.66048060420178156e+06
175,1046,1033,1048,0,silica,-7.67263516298164472e+00,-6.31963256853885214e-01,-5.05219473155010899e+05,-1.38679908724846598e+06
176,1039,158,1052,0,silica,-8.82734590169321542e+00,-3.00300567661309525e-01,-2.16078616361160268e+05,-1.00234144007538550e+06
177,158,157,1052,0,silica,-9.11903582020696213e+00,-1.38083148759844593e-01,-2.15860398056548816e+05,-1.00252789179298631e+06
178,1030,1036,1040,0,silica,-6.51138797507552525e+00,-6.68063336285791176e-01,-6.65499860208835569e+05,-1.89646957336315676e+06
179,159,1039,1048,0,silica,-8.22543875818886150e+00,-3.24623277742257799e-01,-3.52897397997761960e+05,-1.10160684290067665e+06
180,1038,135,1044,0,silica,-7.14285714285714590e+00,-1.67008556046306822e+00,-2.13496962768620229e+05,-1.72443034813267342e+06
181,1035,133,1045,0,silica,-8.28571428571429003e+00,-1.66728997567678783e+00,-1.15283340015989539e+05,-1.34489853960241191e+06
182,132,1035,1047,0,silica,-8.86499541465539842e+00,-1.69575281527339405e+00,-6.87326345558237954e+04,-1.23970727007333748e+06
183,134,1038,1045,0,silica,-7.71428571428571885e+00,-1.66728997567678761e+00,-1.69773305517582892e+05,-1.50521714860124211e+06
184,1049,1039,1052,0,silica,-8.88206916006112124e+00,-6.36161290700695492e-01,-2.29429141089953162e+05,-1.11844374319986813e+06
185,1045,1046,1053,0,silica,-8.00022842467759965e+00,-1.15073809618759348e+00,-2.78664031139731407e+05,-1.38770565336681949e+06
186,672,671,1037,0,silica,-9.84601804776589873e+00,-7.47087417286604771e-01,-4.52491769787096928e+04,-1.05023246760227671e+06
187,682,683,1051,0,silica,-6.01549207573198785e+00,-1.02506062820909974e-01,-1.80499557763475413e+06,-2.28075642256204598e+06
188,671,670,1050,0,silica,-9.85467716594044596e+00,-1.25449858478507759e+00,-2.58414602991771681e+04,-1.10902721391369565e+06
189,157,30,1058,0,silica,-9.67313722747918625e+00,-1.10367446542348410e-01,-7.27146236029064603e+04,-9.67734128235769225e+05
190,161,160,1033,0,silica,-7.36968410558829135e+00,-1.55486788601518128e-01,-7.20921695901417639e+05,-1.34713615831061825e+06
191,1047,1035,1049,0,silica,-8.90109256692439743e+00,-1.36494687164611328e+00,-7.75570546023362840e+04,-1.17152170864501456e+06
192,1043,1040,1055,0,silica,-6.81009357721115283e+00,-4.26750347446605505e-01,-8.61831880743792048e+05,-1.66300982891988871e+06
193,16,676,1057,0,silica,-6.12141913527548187e+00,-1.69381024194883234e+00,-2.06071542692778108e+05,-2.31940834878553357e+06
194,1037,1052,1058,0,silica,-9.43734806955462346e+00,-4.95538012586729026e-01,-1.29552476510567649e+05,-1.03545125156135554e+06
195,31,167,1062,0,silica,-6.03804681448670166e+00,-1.51932577481634166e-02,-2.06489534399888967e+06,-1.90436811878299690e+06
196,1039,1049,1053,0,silica,-8.59246546252625087e+00,-8.35831766604951398e-01,-1.80451935242232081e+05,-1.15979996250143764e+06
197,1049,1035,1053,0,silica,-8.60775414837516628e+00,-1.17532379460168901e+00,-1.81236587932333932e+05,-1.25362530796424020e+06
198,683,31,1062,0,silica,-6.01499420946451213e+00,-3.80377178927315818e-02,-1.96209310779521917e+06,-2.00582353332281089e+06
199,1044,1040,1059,0,silica,-6.96712326220508782e+00,-1.10903266276839108e+00,-4.14978190692143398e+05,-1.80222449370602565e+06
200,1031,1032,1060,0,silica,-6.16485277782521734e+00,-2.94239738695735498e-01,-1.30520360171065805e+06,-2.10734773750659591e+06
201,131,1047,1061,0,silica,-9.40892993077456907e+00,-1.75041842567363726e+00,-3.02334529656672457e+04,-1.17060532465741737e+06
202,1044,136,1057,0,silica,-6.59760961146595992e+00,-1.71393122240495255e+00,-2.36951361972992396e+05,-1.98179175890536304e+06
203,1052,157,1058,0,silica,-9.39154077826308153e+00,-2.48450595302193017e-01,-1.12683288024559006e+05,-9.41400729364027851e+05
204,1032,1042,1060,0,silica,-6.17392116780121114e+00,-1.73515007138375893e-01,-1.36270213848674297e+06,-1.87128647144103516e+06
205,1030,1031,1036,0,silica,-6.29893546707037100e+00,-5.65978632789424951e-01,-9.89462426476628752e+05,-2.01792168353970745e+06
206,15,131,1061,0,silica,-9.68679165897631123e+00,-1.88970839063177887e+00,-1.65253048678636532e+02,-1.15213663653671974e+06
207,1035,1045,1053,0,silica,-8.28594271039188612e+00,-1.33837693367422172e+00,-1.16068689601954102e+05,-1.29138902057375899e+06
208,1040,1044,1054,0,silica,-6.67935376452832674e+00,-1.16564923549067978e+00,-4.19424293599898810e+05,-1.80181402465054416e+06
209,1047,1050,1061,0,silica,-9.45408328719120483e+00,-1.50491701045710902e+00,-3.69033546290945960e+04,-1.13492402456291183e+06
210,1033,160,1048,0,silica,-7.63817978158593558e+00,-3.17892647442310994e-01,-5.10639921758211800e+05,-1.23165990492155310e+06
211,1038,1044,1059,0,silica,-7.18057945976845691e+00,-1.35794661860093502e+00,-2.13496962768613535e+05,-1.62021121974793891e+06
212,1046,1038,1059,0,silica,-7.46629374548274427e+00,-1.17030778111430989e+00,-3.84137806016178103e+05,-1.55352806932593207e+06
213,167,1041,1062,0,silica,-6.07321694573003512e+00,-3.56694140730097753e-02,-1.80517285640539159e+06,-1.76661316359403590e+06
214,681,682,1032,0,silica,-6.02715197426802973e+00,-1.85236563258686565e-01,-1.48124945138494484e+06,-2.35163032265519118e+06
215,677,1030,1054,0,silica,-6.23374988231351779e+00,-1.01963188093938384e+00,-5.73983218950394308e+05,-2.03339258654123778e+06
216,1030,1040,1054,0,silica,-6.49648416094062586e+00,-9.28875454645788246e-01,-6.74432443390649045e+05,-2.01411426317433338e+06
217,1032,682,1051,0,silica,-6.04264405000001759e+00,-1.44086314823588468e-01,-1.65752632761609065e+06,-2.09303605592090590e+06
218,136,16,1057,0,silica,-6.31189532575167433e+00,-1.87888844217341977e+00,-2.59833343252658824e+03,-2.11541839470120892e+06
219,1037,671,1050,0,silica,-9.70069521370634469e+00,-1.00158600206938231e+00,-1.88225711224293700e+04,-1.09741406815763703e+06
220,1034,1056,1060,0,silica,-6.32934031073688441e+00,-1.58275937959080487e-01,-1.18360882935625780e+06,-1.78933264005532255e+06
221,1054,1044,1057,0,silica,-6.53803862117670054e+00,-1.45840885326510783e+00,-2.61130908330960257e+05,-2.07239552745360369e+06
222,1036,1031,1060,0,silica,-6.28350981787902096e+00,-3.80147205715313630e-01,-9.89167236964402371e+05,-1.94344198294658656e+06
223,30,672,1058,0,silica,-9.87292647100482945e+00,-2.77034113209709776e-01,-5.63780790415120064e+04,-9.48924756142387283e+05
224,166,165,1042,0,silica,-6.18618996948471800e+00,-2.99860560119325908e-02,-1.55833539790858258e+06,-1.75216702784008021e+06
225,672,1037,1058,0,silica,-9.71894451877072818e+00,-5.24121530494245813e-01,-2.69864852847898001e+04,-1.01526481437259901e+06
226,670,15,1061,0,silica,-9.87726784945250280e+00,-1.72304172396534372e+00,-1.00333285238528242e+04,-1.14115547367405635e+06
227,1050,670,1061,0,silica,-9.73194501539294698e+00,-1.47754030874881592e+00,-9.29018327495455742e+03,-1.13953759834113112e+06
228,1041,1051,1062,0,silica,-6.06565641643983255e+00,-6.94150877547497075e-02,-1.73297696608471847e+06,-2.04233654058729159e+06
229,676,1054,1057,0,silica,-6.25232433546241495e+00,-1.43828787280898762e+00,-3.33512868836431473e+05,-2.07750389611130464e+06
230,162,161,1043,0,silica,-6.97277737869916958e+00,-8.52063219540029060e-02,-8.98775957223772886e+05,-1.43507348146533966e+06
231,1051,683,1062,0,silica,-6.03048628519649998e+00,-7.17833915744715140e-02,-1.97737812374004349e+06,-2.03577787498992914e+06
232,163,162,1055,0,silica,-6.67484285314989645e+00,-8.87485344269443588e-02,-1.04693421291658399e+06,-1.56022776514490601e+06
233,677,678,1030,0,silica,-6.10284468212658471e+00,-8.51033486273510498e-01,-7.45545564767661039e+05,-2.25782805156734679e+06
234,165,164,1034,0,silica,-6.30075013885599855e+00,-2.67819971115856453e-02,-1.37306569655118929e+06,-1.67656606907564146e+06
235,1056,1036,1060,0,silica,-6.37771546940141310e+00,-2.81826120014319614e-01,-1.18182041194873792e+06,-1.78551216956490232e+06
236,161,1033,1043,0,silica,-7.15697004178848406e+00,-2.40693110555521034e-01,-7.48370005361967022e+05,-1.33469699283696036e+06
237,1041,166,1042,0,silica,-6.14180794930575491e+00,-5.04622123367789444e-02,-1.63824623670095438e+06,-1.72002126172398077e+06
238,679,680,1031,0,silica,-6.05028177062195294e+00,-4.33807043781772261e-01,-1.04822525975306507e+06,-2.31512682370173419e+06
239,164,163,1056,0,silica,-6.45259929039441005e+00,-5.23897018682981663e-02,-1.20206055475105764e+06,-1.62916860460428707e+06
240,165,1034,1042,0,silica,-6.23633616767754617e+00,-5.67680531235182362e-02,-1.40975722510957718e+06,-1.65206800573552586e+06
241,1042,1034,1060,0,silica,-6.24420304919048430e+00,-1.35872292102714898e-01,-1.42519595955419890e+06,-1.83557401264379011e+06
242,162,1043,1055,0,silica,-6.81475424290928711e+00,-1.73954856380947293e-01,-8.54876277604072005e+05,-1.46437083065646165e+06
243,163,1055,1056,0,silica,-6.55193533096900094e+00,-1.41138236295242525e-01,-1.08792461624420644e+06,-1.54232912617803086e+06
244,1034,164,1056,0,silica,-6.36568540957804796e+00,-7.91716989798838117e-02,-1.28962416352402209e+06,-1.59453191026209341e+06
245,1055,1036,1056,0,silica,-6.51339660881716753e+00,-2.91470415462067312e-01,-9.74155104464113596e+05,-1.78831431275636656e+06
246,678,679,1031,0,silica,-6.05028177062195294e+00,-5.61858589310053391e-01,-1.02596954699913017e+06,-2.25257863291053753e+06
247,680,681,1032,0,silica,-6.02715197426802973e+00,-2.53814991596752415e-01,-1.46123721642734506e+06,-2.29973835504332511e+06
248,695,696,1065,0,silica,-5.87499999999999911e+00,-8.79146730330303661e-01,-6.79695292514905916e+05,-2.36752242997665145e+06
249,678,677,1065,0,silica,-5.97499999999999876e+00,-8.79146730330303661e-01,-6.79695292516221991e+05,-2.25782805156734679e+06
250,700,701,1063,0,silica,-5.86988218047384169e+00,-1.03140583708755451e-01,-1.84367213510049810e+06,-3.32654363644237490e+06
251,32,168,1069,0,silica,-5.89203522121659162e+00,-1.63853821755697085e-02,-4.30092303509734105e+06,-3.19424537999422057e+06
252,701,32,1069,0,silica,-5.86703522121659216e+00,-3.92298423201378754e-02,-2.72515034694831818e+06,-4.83251271133077610e+06
253,699,700,1064,0,silica,-5.87600464008392454e+00,-1.78680312695269045e-01,-1.49835074442975991e+06,-2.84711268668263406e+06
254,168,31,1071,0,silica,-5.95874727864742670e+00,-1.64460311524033398e-02,-2.56377901829835866e+06,-2.27036310973903630e+06
255,31,683,1071,0,silica,-5.98374727864742795e+00,-3.92904912969715067e-02,-2.29609300926595647e+06,-2.00582353332281089e+06
256,700,1063,1064,0,silica,-5.89588682055776747e+00,-1.38164585148016356e-01,-1.52803402168850880e+06,-2.78253198498970969e+06
257,1070,1063,1071,0,silica,-5.94000966577483336e+00,-8.57552487565832605e-02,-1.94440517503668298e+06,-2.51465484734773636e+06
258,683,682,1070,0,silica,-5.98638020665356141e+00,-1.03689412173764595e-01,-1.91750338043094613e+06,-2.28075642256204598e+06
259,1063,1069,1071,0,silica,-5.92066468033786197e+00,-6.72116078975584508e-02,-2.48346049621496163e+06,-2.93140442051109532e+06
260,682,681,1064,0,silica,-5.97600464008392596e+00,-1.78680312695269045e-01,-1.58485536950534815e+06,-2.35163032265519118e+06
261,1063,701,1069,0,silica,-5.88691740169043509e+00,-7.36100368897232710e-02,-2.03144100201599114e+06,-3.00291842439737311e+06
262,682,1064,1070,0,silica,-5.96238484673748825e+00,-1.38713413613025499e-01,-1.69001986781447404e+06,-2.56275377858293522e+06
263,1064,1063,1070,0,silica,-5.93226702721133137e+00,-1.27177679188009013e-01,-1.93905796495880117e+06,-2.67539434516506642e+06
264,683,1070,1071,0,silica,-5.97012748530098936e+00,-7.42195143315660388e-02,-2.10476774951419793e+06,-2.49181097465967154e+06
265,1069,168,1071,0,silica,-5.92578249986401939e+00,-3.28314133279730483e-02,-2.48570875925107952e+06,-2.31188694631931279e+06
266,681,680,1066,0,silica,-5.97499999999999876e+00,-2.84085419174258835e-01,-1.27004578791878698e+06,-2.29973835504332511e+06
267,698,699,1066,0,silica,-5.87499999999999734e+00,-2.84085419174258835e-01,-1.24348457152688014e+06,-2.58854681017435994e+06
268,696,697,1067,0,silica,-5.87499999999999911e+00,-6.16721702611141787e-01,-8.94398217881240766e+05,-2.39309713341294741e+06
269,679,678,1067,0,silica,-5.97499999999999876e+00,-6.16721702611141787e-01,-8.94398217880582786e+05,-2.25257863291053753e+06
270,697,698,1068,0,silica,-5.87499999999999734e+00,-4.24644384318720258e-01,-1.06914294760548580e+06,-2.44828601289542159e+06
271,680,679,1068,0,silica,-5.97499999999999876e+00,-4.24644384318720258e-01,-1.07156182660105708e+06,-2.31512682370173419e+06
272,699,1064,1066,0,silica,-5.90100464008392489e+00,-2.27459523425420196e-01,-1.29032157409852976e+06,-2.52940684376412351e+06
273,1064,681,1066,0,silica,-5.95100464008392382e+00,-2.27459523425420196e-01,-1.45550484186696052e+06,-2.53391308055705996e+06
274,679,697,1068,0,silica,-5.92499999999999805e+00,-4.78751925865865013e-01,-9.98303223486556904e+05,-2.38282404392317776e+06
275,696,678,1065,0,silica,-5.92499999999999805e+00,-7.78140715831998731e-01,-7.90493212275595637e+05,-2.31267524077134114e+06
276,1066,680,1068,0,silica,-5.94999999999999840e+00,-3.50737625163660971e-01,-1.17913298568042740e+06,-2.41453178279213887e+06
277,698,1066,1068,0,silica,-5.89999999999999769e+00,-3.50737625163660971e-01,-1.10567011576053128e+06,-2.41453178279213887e+06
278,697,679,1067,0,silica,-5.92499999999999805e+00,-5.42777698630005467e-01,-9.98303223486556904e+05,-2.32283788316190708e+06
279,678,696,1067,0,silica,-5.92499999999999805e+00,-6.90665706592278217e-01,-7.90493212275595637e+05,-2.32283788316190708e+06
280,677,695,1065,0,silica,-5.92499999999999805e+00,-9.80152744828608480e-01,-5.68897372755861259e+05,-2.31267524077265710e+06
281,676,16,17,0,silica,-5.94999999999999929e+00,-1.81492179977541235e+00,-2.90595618610382053e+03,-2.31940834878569841e+06
282,676,17,694,0,silica,-5.89999999999999858e+00,-1.62984359955082492e+00,-3.21734740456967324e+05,-2.40554188149890862e+06
283,677,676,695,0,silica,-5.94999999999999929e+00,-1.16869230116058631e+00,-5.68897372755861259e+05,-2.28395089224311803e+06
284,695,676,694,0,silica,-5.89999999999999858e+00,-1.30672885024341157e+00,-3.21734740456967324e+05,-2.37347885927115427e+06
285,1086,1077,1087,0,silica,-5.53786728105970116e+00,-1.76217700880987399e-01,-6.22605099382066634e+05,-2.50941606499566045e+06
286,697,696,1089,0,silica,-5.79129504538546680e+00,-5.55651485554469082e-01,-9.40791434178056661e+05,-2.39309713341294741e+06
287,1083,1078,1087,0,silica,-5.45397426625718662e+00,-1.00485242219284773e-01,-7.75754350837240112e+05,-2.10965782617021538e+06
288,1075,1084,1088,0,silica,-5.74989039688416526e+00,-9.38888589337897733e-02,-8.44443086808271357e+05,-3.24747444508057553e+06
289,1077,1074,1087,0,silica,-5.48748756818326289e+00,-1.99248812611530851e-01,-8.47647989554781816e+05,-2.41042690116894711e+06
290,170,169,1075,0,silica,-5.74290186941489633e+00,-1.87981460070853791e-02,-6.65647958335304138e+04,-3.43382658892587619e+06
291,172,171,1072,0,silica,-5.59999999999999876e+00,-2.07955741092027656e-02,-6.71588650994968339e+04,-2.66076870389350876e+06
292,174,173,1078,0,silica,-5.45709813058510207e+00,-1.87940572385407005e-02,-6.63831143508624955e+04,-1.91647429978334415e+06
293,171,170,1079,0,silica,-5.67143602585486217e+00,-2.05213099715647884e-02,-6.57287304938507004e+04,-2.97960925387430191e+06
294,173,172,1080,0,silica,-5.52856397414513623e+00,-2.03488005052252889e-02,-6.76826090817546792e+04,-2.33221876957191434e+06
295,170,1075,1079,0,silica,-5.70719503812690032e+00,-3.93194559786501710e-02,-4.39875909575185739e+05,-3.19652250346335396e+06
296,172,1072,1080,0,silica,-5.56427825985942093e+00,-4.11443746144280545e-02,-3.51177999312744127e+05,-2.49817736828155490e+06
297,1078,173,1080,0,silica,-5.49280496187309542e+00,-3.91428577437659894e-02,-4.07645542304992618e+05,-2.13345307098409627e+06
298,1072,171,1079,0,silica,-5.63572174014057392e+00,-4.13168840807675505e-02,-3.42982939467859222e+05,-2.81866864527957886e+06
299,1072,1079,1081,0,silica,-5.63838103564265580e+00,-8.09887864024172455e-02,-3.42746118059175147e+05,-2.79810317724678013e+06
300,718,719,1083,0,silica,-5.37108351669823847e+00,-1.04603009068367989e-01,-9.89440505252151401e+05,-2.05334831085937493e+06
301,701,700,1084,0,silica,-5.82993934186009977e+00,-1.02626573256774031e-01,-1.15866634873071662e+06,-3.32654363644237490e+06
302,1079,1075,1088,0,silica,-5.71043469992654540e+00,-8.05439847877505999e-02,-4.31982462701886834e+05,-3.08728541357614473e+06
303,1080,1072,1086,0,silica,-5.56964102211221768e+00,-8.78500396907561099e-02,-3.49989338522948907e+05,-2.56154348463752726e+06
304,1078,1080,1087,0,silica,-5.49240710465646487e+00,-8.49914227953121326e-02,-3.98700641226781008e+05,-2.27065079057590477e+06
305,169,32,1094,0,silica,-5.80938960358155310e+00,-1.65251768544388174e-02,-8.64036495259380317e+04,-4.03005505723995157e+06
306,33,174,1093,0,silica,-5.39061039641844619e+00,-1.65251768544364512e-02,-6.45151275535583482e+04,-1.38576497368926997e+06
307,694,17,1091,0,silica,-5.76666666666666572e+00,-1.72238269966311885e+00,-1.86554406536149967e+05,-2.40554188149890862e+06
308,18,712,1091,0,silica,-5.43333333333333357e+00,-1.72238269966311885e+00,-1.87298820328760135e+05,-2.73666853502685064e+06
309,32,701,1094,0,silica,-5.83319912739107593e+00,-3.93696369990069808e-02,-8.75693287076396868e+05,-4.83251271133077610e+06
310,719,33,1093,0,silica,-5.36680087260892247e+00,-3.93696369990046147e-02,-7.62647510417976300e+05,-6.75985385126266396e+05
311,1080,1086,1087,0,silica,-5.53352887918130332e+00,-1.12903030633099477e-01,-6.26344287923841388e+05,-2.38041322084685322e+06
312,1072,1081,1086,0,silica,-5.60802205775487739e+00,-1.07173141507180533e-01,-5.75538342445993330e+05,-2.61849201125570294e+06
313,1081,1079,1088,0,silica,-5.67733498315658824e+00,-1.01417741102314926e-01,-6.34621671094550984e+05,-2.93912760796729056e+06
314,1084,1085,1088,0,silica,-5.76143903778916222e+00,-1.35065420130794533e-01,-7.84906075163268950e+05,-3.05070948859392619e+06
315,1074,1083,1087,0,silica,-5.44471632790558591e+00,-1.51427961787615611e-01,-7.07388627570218989e+05,-2.28824375138676167e+06
316,1077,1086,1092,0,silica,-5.59776997020883815e+00,-2.03259963050193976e-01,-8.01370528717231704e+05,-2.57199046968621248e+06
317,717,1074,1090,0,silica,-5.40415253433841425e+00,-2.68775642776621859e-01,-9.48430143495247234e+05,-2.49138429379704921e+06
318,716,717,1090,0,silica,-5.37774091353348282e+00,-3.13533223302418007e-01,-9.05580376595106092e+05,-2.51552162508373242e+06
319,174,1078,1093,0,silica,-5.42627995557497744e+00,-3.53192340929771517e-02,-5.68592300185432425e+05,-1.59955397651238437e+06
320,1075,169,1094,0,silica,-5.77372004442502007e+00,-3.53233228615241965e-02,-6.39666785415744758e+05,-3.79540532394238422e+06
321,1088,1085,1092,0,silica,-5.72195690881394992e+00,-1.74090063233943271e-01,-9.22995713691916433e+05,-2.90151173673096625e+06
322,717,718,1074,0,silica,-5.37641162080493018e+00,-1.90548627918311481e-01,-9.28933880579566932e+05,-2.39157553240207676e+06
323,1081,1088,1092,0,silica,-5.67730855113899580e+00,-1.53787258351502837e-01,-6.45475858917488949e+05,-2.76862140421491582e+06
324,700,699,1085,0,silica,-5.82587908174846358e+00,-1.80786558315530060e-01,-1.11488049068964948e+06,-2.84711268668263406e+06
325,698,697,1089,0,silica,-5.79129504538546680e+00,-4.27599940026188008e-01,-9.18136557842845796e+05,-2.44828601289542159e+06
326,1083,719,1093,0,silica,-5.38788438930716129e+00,-7.52122569282025477e-02,-1.17034425757101038e+06,-1.75991544451772678e+06
327,701,1084,1094,0,silica,-5.81313846925117605e+00,-7.32358211166109496e-02,-1.32693530846025445e+06,-3.63281024999319063e+06
328,1074,718,1083,0,silica,-5.39749513750316989e+00,-1.51495325730671371e-01,-1.07412490062040323e+06,-2.23059342984057404e+06
329,712,713,1082,0,silica,-5.43333333333333357e+00,-1.23771057570199905e+00,-5.02660822349853464e+05,-2.68702988085870259e+06
330,695,694,1082,0,silica,-5.76666666666666572e+00,-1.23771057570199905e+00,-4.98587360891246761e+05,-2.37347885927098989e+06
331,1078,1083,1093,0,silica,-5.42355394846369254e+00,-7.11618540221750778e-02,-5.32300347539806273e+05,-1.90136868806705461e+06
332,1084,1075,1094,0,silica,-5.77746891009464481e+00,-6.91895069791281653e-02,-6.03702792671527830e+05,-3.49685604302444449e+06
333,17,18,1091,0,silica,-5.60000000000000053e+00,-1.90746089988770628e+00,-3.07363818850278813e+03,-2.57077002841599938e+06
334,713,714,1095,0,silica,-5.42868576872955710e+00,-8.84487775755444461e-01,-7.00897930642719264e+05,-2.62652694523470616e+06
335,696,1076,1089,0,silica,-5.68007632442947497e+00,-5.92623487545037242e-01,-8.08939217167621828e+05,-2.47204657469060877e+06
336,1084,700,1085,0,silica,-5.80581842360856371e+00,-1.39756820316295993e-01,-1.27826462589642033e+06,-3.12743401405348768e+06
337,699,698,1073,0,silica,-5.82186226748222158e+00,-2.83882112016785426e-01,-1.02923983075066563e+06,-2.58854681017370196e+06
338,696,695,1095,0,silica,-5.76201910206288925e+00,-8.84487775755444461e-01,-7.00431117388000479e+05,-2.36752242997648707e+06
339,1082,694,1091,0,silica,-5.68333333333333357e+00,-1.46828622489711846e+00,-3.50074352831586555e+05,-2.55279490400253981e+06
340,712,1082,1091,0,silica,-5.51666666666666838e+00,-1.46828622489711846e+00,-3.91484824521228031e+05,-2.55279490400270419e+06
341,1074,1077,1090,0,silica,-5.46800729131432917e+00,-2.77543191412896961e-01,-8.16336078396241646e+05,-2.49461171616080729e+06
342,1073,698,1089,0,silica,-5.76315731286768962e+00,-3.53489873713655200e-01,-1.00631874935332057e+06,-2.62079010270575481e+06
343,1073,1089,1092,0,silica,-5.70361452575257744e+00,-3.11886343601740224e-01,-9.64656343697061413e+05,-2.59532605818281649e+06
344,1089,1077,1092,0,silica,-5.62894034857960168e+00,-3.01057981787573758e-01,-8.07637716063723550e+05,-2.59716309297934035e+06
345,715,716,1090,0,silica,-5.37774091353348282e+00,-4.07239200065392326e-01,-8.90122905142021133e+05,-2.55996382168086991e+06
346,699,1073,1085,0,silica,-5.79774134923068640e+00,-2.29362461888207830e-01,-1.15930205467157345e+06,-2.77530292322204588e+06
347,1077,1089,1090,0,silica,-5.54955738256153186e+00,-3.52310098419733320e-01,-8.75852765327153145e+05,-2.54770964825919596e+06
348,714,715,1076,0,silica,-5.40544794571067566e+00,-6.16721702611141787e-01,-8.23977873729114421e+05,-2.59154111971331108e+06
349,1076,696,1095,0,silica,-5.65080038110689831e+00,-7.46509759266571371e-01,-7.94446956291081849e+05,-2.51564201533814892e+06
350,1082,713,1095,0,silica,-5.51201910206289103e+00,-1.05451206479516202e+00,-6.40264723507347051e+05,-2.52088559748821473e+06
351,1076,715,1090,0,silica,-5.43318885924415795e+00,-4.98318743603105296e-01,-8.58281109587137587e+05,-2.54009559723230824e+06
352,1085,1073,1092,0,silica,-5.73819856211557422e+00,-2.27357366992122473e-01,-8.64464361849918263e+05,-2.74099217925725318e+06
353,695,1082,1095,0,silica,-5.67868576872955710e+00,-1.05451206479516202e+00,-6.21311412753331591e+05,-2.52165706844498636e+06
354,714,1076,1095,0,silica,-5.48413371444023223e+00,-7.46509759266571371e-01,-7.76384616115107434e+05,-2.52016417980475165e+06
355,1089,1076,1090,0,silica,-5.54115057129629207e+00,-4.74220528537000696e-01,-8.79628844731042278e+05,-2.53283199127461435e+06
356,1086,1081,1092,0,silica,-5.63181260397310002e+00,-1.59268394618730436e-01,-6.27256575026321341e+05,-2.77368177325206716e+06
357,34,175,1100,0,silica,-5.28364955495909072e+00,-1.61891485112733644e-02,-5.44271287007720862e+06,-1.98546732807723992e+06
358,175,33,1100,0,silica,-5.31698288829242305e+00,-1.61891485112733644e-02,-3.84242307712749438e+06,-2.01672568855464924e+06
359,737,34,1100,0,silica,-5.26698288829242411e+00,-3.90336086558415243e-02,-2.95196429475231143e+06,-4.59833512589898985e+06
360,33,719,1100,0,silica,-5.33364955495909054e+00,-3.90336086558415243e-02,-2.51490912671527825e+06,-6.75985385126266396e+05
361,719,718,1097,0,silica,-5.33333333333333126e+00,-1.03140583708755049e-01,-1.58103633601312619e+06,-2.05334831085937493e+06
362,736,737,1097,0,silica,-5.26666666666666483e+00,-1.03140583708755049e-01,-1.65520889639207837e+06,-3.02518785808771104e+06
363,717,735,1098,0,silica,-5.29999999999999805e+00,-2.08300850621310513e-01,-1.01739953698059078e+06,-2.54007436973773921e+06
364,733,734,1096,0,silica,-5.26666666666666661e+00,-4.24644384318720147e-01,-8.94575098922195379e+05,-2.59058084713261109e+06
365,716,715,1096,0,silica,-5.33333333333333304e+00,-4.24644384318720147e-01,-8.94575098919563228e+05,-2.55996382168119866e+06
366,718,717,1098,0,silica,-5.33333333333333126e+00,-1.79320857499074310e-01,-1.16340581297853449e+06,-2.39157553240207676e+06
367,735,736,1098,0,silica,-5.26666666666666483e+00,-1.79320857499074310e-01,-1.17040262564500794e+06,-2.69568946655496582e+06
368,1097,737,1100,0,silica,-5.28364955495908983e+00,-7.34138032254265244e-02,-2.08955350406132685e+06,-2.39765288478075014e+06
369,719,1097,1100,0,silica,-5.31698288829242216e+00,-7.34138032254265244e-02,-1.81605401401182171e+06,-2.39289854283039086e+06
370,1097,718,1098,0,silica,-5.31666666666666377e+00,-1.38805129951821232e-01,-1.25919127323623654e+06,-2.51834552577226609e+06
371,736,1097,1098,0,silica,-5.28333333333333055e+00,-1.38805129951821232e-01,-1.30440098393468838e+06,-2.51834552577226609e+06
372,734,735,1099,0,silica,-5.26666666666666661e+00,-2.84085419174258724e-01,-9.68411907775096828e+05,-2.59799564026205055e+06
373,717,716,1099,0,silica,-5.33333333333333304e+00,-2.84085419174258724e-01,-9.68411907776412903e+05,-2.51552162508373242e+06
374,735,717,1099,0,silica,-5.29999999999999982e+00,-2.44486983958429049e-01,-1.01739953698059078e+06,-2.55675863267223351e+06
375,716,734,1099,0,silica,-5.29999999999999982e+00,-3.23683854390088344e-01,-9.19424278570260969e+05,-2.55675863267354947e+06
376,734,716,1096,0,silica,-5.29999999999999982e+00,-3.70536842771575448e-01,-9.19424278570260969e+05,-2.57527233440789208e+06
377,715,733,1096,0,silica,-5.29999999999999982e+00,-4.78751925865864847e-01,-8.69725919270181563e+05,-2.57527233440591814e+06
378,712,18,19,0,silica,-5.31666666666666643e+00,-1.81492179977541235e+00,-3.56793489744186354e+03,-2.73666853502685064e+06
379,712,19,730,0,silica,-5.28333333333333321e+00,-1.62984359955082492e+00,-3.74677058131141646e+05,-2.80350679092498031e+06
380,713,712,730,0,silica,-5.31666666666666643e+00,-1.30672885024341157e+00,-3.74677058131141646e+05,-2.68702988085870259e+06
381,714,713,731,0,silica,-5.31666666666666643e+00,-9.29649737579456237e-01,-6.46282358922614949e+05,-2.62652694523487054e+06
382,713,730,731,0,silica,-5.28333333333333321e+00,-1.16869230116058631e+00,-6.46282358922614949e+05,-2.75261765515867667e+06
383,714,733,715,0,silica,-5.31666666666666643e+00,-5.79749700620573627e-01,-8.69725919270181563e+05,-2.59154111971331108e+06
384,714,731,732,0,silica,-5.28333333333333321e+00,-8.28643723081151307e-01,-7.98837981361112557e+05,-2.67687233743610838e+06
385,733,714,732,0,silica,-5.28333333333333321e+00,-6.53693704601710057e-01,-7.98837981360454462e+05,-2.62349680423720833e+06
386,1115,1106,1116,0,silica,-4.93786728105970685e+00,-1.76217700880979017e-01,-6.34353756079874001e+05,-2.38009679266362172e+06
387,733,732,1118,0,silica,-5.19129504538546627e+00,-5.55651485554469970e-01,-8.97460461805758416e+05,-2.62349680423720833e+06
388,1114,1107,1116,0,silica,-4.85397426625719053e+00,-1.00485242219279250e-01,-7.46921276932468405e+05,-1.95069678465514164e+06
389,1104,1112,1117,0,silica,-5.14989039688417538e+00,-9.38888589337861235e-02,-7.96476645436363178e+05,-3.06905161716010049e+06
390,1106,1103,1116,0,silica,-4.88748756818326680e+00,-1.99248812611523496e-01,-9.30369540661053616e+05,-2.24988892440874083e+06
391,177,176,1104,0,silica,-5.14290186941489935e+00,-1.87981460070833946e-02,-8.00988533684348949e+04,-3.24701169397567725e+06
392,179,178,1101,0,silica,-5.00000000000000089e+00,-2.07955741092015721e-02,-7.57163695063304913e+04,-2.51546713469844777e+06
393,181,180,1107,0,silica,-4.85709813058510420e+00,-1.87940572385395174e-02,-6.14679167354965175e+04,-1.79954973962671263e+06
394,180,179,1108,0,silica,-4.92856397414513836e+00,-2.03488005052225134e-02,-7.09677485765361780e+04,-2.19346711852832790e+06
395,178,177,1109,0,silica,-5.07143602585486430e+00,-2.05213099715637164e-02,-7.76817177123069705e+04,-2.82071647217811551e+06
396,1101,178,1109,0,silica,-5.03572174014057961e+00,-4.13168840807652885e-02,-3.41461743618850654e+05,-2.66759736151823029e+06
397,1107,180,1108,0,silica,-4.89280496187309932e+00,-3.91428577437620343e-02,-3.88774688817415212e+05,-2.00765533636050206e+06
398,179,1101,1108,0,silica,-4.96427825985942572e+00,-4.11443746144240854e-02,-3.51412990418643923e+05,-2.35764015609755507e+06
399,177,1104,1109,0,silica,-5.10719503812690601e+00,-3.93194559786471109e-02,-4.29682724704856868e+05,-3.02479039429776184e+06
400,1101,1109,1110,0,silica,-5.03838103564266504e+00,-8.09887864024129850e-02,-3.41291301882256812e+05,-2.65279627538251877e+06
401,737,736,1112,0,silica,-5.22993934186010456e+00,-1.02626573256773226e-01,-1.09468800442588795e+06,-3.02518785808771104e+06
402,754,755,1114,0,silica,-4.77108351669823971e+00,-1.04603009068366018e-01,-8.95509596640071832e+05,-1.62969634348943690e+06
403,1108,1101,1115,0,silica,-4.96964102211222603e+00,-8.78500396907489489e-02,-3.50261409382868675e+05,-2.41902959412242891e+06
404,1109,1104,1117,0,silica,-5.11043469992655375e+00,-8.05439847877466725e-02,-4.22382518671907135e+05,-2.92376314025796857e+06
405,1107,1108,1116,0,silica,-4.89240710465646966e+00,-8.49914227953058043e-02,-3.82339119532068318e+05,-2.10636469294644333e+06
406,35,181,1123,0,silica,-4.79061039641844122e+00,-1.65251768544375822e-02,-4.21305573575305898e+04,-1.34683874429397564e+06
407,176,34,1122,0,silica,-5.20938960358156056e+00,-1.65251768544314136e-02,-9.80880306972598919e+04,-3.81594253440250363e+06
408,730,19,1120,0,silica,-5.16666666666666696e+00,-1.72238269966311885e+00,-2.23256380579075805e+05,-2.80350679092514515e+06
409,20,748,1120,0,silica,-4.83333333333333304e+00,-1.72238269966311885e+00,-2.24569260151891678e+05,-3.19984734911857359e+06
410,755,35,1123,0,silica,-4.76680087260891749e+00,-3.93696369990057457e-02,-5.98260284552307101e+05,-7.81430895230140653e+05
411,34,737,1122,0,silica,-5.23319912739108428e+00,-3.93696369989995770e-02,-8.67641865489005926e+05,-4.59833512589767389e+06
412,1108,1115,1116,0,silica,-4.93352887918130989e+00,-1.12903030633091150e-01,-6.38705052648839890e+05,-2.22997608410985908e+06
413,1101,1110,1115,0,silica,-5.00802205775488751e+00,-1.07173141507174122e-01,-5.71781865667762700e+05,-2.47496095884581562e+06
414,1110,1109,1117,0,silica,-5.07733498315659748e+00,-1.01417741102310985e-01,-6.13262000510387355e+05,-2.78420335126765212e+06
415,1112,1113,1117,0,silica,-5.16143903778917323e+00,-1.35065420130794533e-01,-7.41822055081443745e+05,-2.88842266391123040e+06
416,1103,1114,1116,0,silica,-4.84471632790559070e+00,-1.51427961787609061e-01,-7.06906161244726158e+05,-2.05522484515213245e+06
417,1106,1115,1121,0,silica,-4.99776997020884384e+00,-2.03259963050187314e-01,-8.08595240123519790e+05,-2.44108765189741366e+06
418,753,1103,1119,0,silica,-4.80415253433841638e+00,-2.68775642776618306e-01,-1.11777708664462925e+06,-2.36934314765712246e+06
419,752,753,1119,0,silica,-4.77774091353348229e+00,-3.13533223302416675e-01,-1.17273765880800248e+06,-2.33838378348890273e+06
420,1104,176,1122,0,silica,-5.17372004442503108e+00,-3.53233228615148082e-02,-6.26583604188365862e+05,-3.59179720946531277e+06
421,181,1107,1123,0,silica,-4.82627995557497425e+00,-3.53192340929771031e-02,-4.82735385947570787e+05,-1.53370788270501117e+06
422,1117,1113,1121,0,silica,-5.12195690881395738e+00,-1.74090063233943410e-01,-8.57464478143987595e+05,-2.76347781124248495e+06
423,753,754,1103,0,silica,-4.77641162080493142e+00,-1.90548627918309260e-01,-1.04989183028964023e+06,-2.02181278334455471e+06
424,1110,1117,1121,0,silica,-5.07730855113900237e+00,-1.53787258351499284e-01,-6.21766131902078399e+05,-2.65061370056013064e+06
425,736,735,1113,0,silica,-5.22587908174846749e+00,-1.80786558315531781e-01,-9.91278379211454303e+05,-2.69568946655496582e+06
426,734,733,1118,0,silica,-5.19129504538546627e+00,-4.27599940026188785e-01,-9.10972367548355949e+05,-2.59058084713261109e+06
427,737,1112,1122,0,silica,-5.21313846925118884e+00,-7.32358211166027478e-02,-1.31115531424595811e+06,-3.41918036881868355e+06
428,1114,755,1123,0,silica,-4.78788438930715632e+00,-7.52122569282017150e-02,-9.09053714399270946e+05,-1.60772726189226145e+06
429,1103,754,1114,0,silica,-4.79749513750317202e+00,-1.51495325730667180e-01,-1.07144029030022607e+06,-1.99792069691722863e+06
430,748,749,1111,0,silica,-4.83333333333333304e+00,-1.23771057570199905e+00,-6.08196768765263492e+05,-3.12357689675341127e+06
431,731,730,1111,0,silica,-5.16666666666666696e+00,-1.23771057570199905e+00,-5.86988456444978714e+05,-2.75261765515867667e+06
432,1112,1104,1122,0,silica,-5.17746891009465937e+00,-6.91895069791179651e-02,-5.89446876670532161e+05,-3.28351266009475663e+06
433,1107,1114,1123,0,silica,-4.82355394846368934e+00,-7.11618540221730655e-02,-4.61914910698356573e+05,-1.70685716989125242e+06
434,19,20,1120,0,silica,-5.00000000000000000e+00,-1.90746089988770628e+00,-3.85082880600929229e+03,-3.00108593270240305e+06
435,749,750,1124,0,silica,-4.82868576872955657e+00,-8.84487775755444461e-01,-8.53485422969155246e+05,-2.94687879574319581e+06
436,732,1105,1118,0,silica,-5.08007632442947443e+00,-5.92623487545038130e-01,-9.16664569485272048e+05,-2.61199791854603263e+06
437,1112,736,1113,0,silica,-5.20581842360857294e+00,-1.39756820316296854e-01,-1.13967386886780732e+06,-2.95029448425533250e+06
438,735,734,1102,0,silica,-5.22186226748222282e+00,-2.83882112016786980e-01,-9.23545252427101019e+05,-2.59799564026205055e+06
439,732,731,1124,0,silica,-5.16201910206288961e+00,-8.84487775755444461e-01,-7.98339207157230354e+05,-2.67687233743594401e+06
440,748,1111,1120,0,silica,-4.91666666666666696e+00,-1.46828622489711846e+00,-4.80491439432048763e+05,-2.96938424490163522e+06
441,1111,730,1120,0,silica,-5.08333333333333304e+00,-1.46828622489711846e+00,-4.07458184417867626e+05,-2.96938424490130646e+06
442,1103,1106,1119,0,silica,-4.86800729131433219e+00,-2.77543191412890577e-01,-8.83813272162830806e+05,-2.37505952898362139e+06
443,1102,734,1118,0,silica,-5.16315731286768909e+00,-3.53489873713657587e-01,-9.18436443157367641e+05,-2.60518224847147427e+06
444,1102,1118,1121,0,silica,-5.10361452575257868e+00,-3.11886343601742000e-01,-8.87468794972171658e+05,-2.58625483514313679e+06
445,1118,1106,1121,0,silica,-5.02894034857960559e+00,-3.01057981787571149e-01,-8.44861385958709638e+05,-2.58675331926664338e+06
446,751,752,1119,0,silica,-4.77774091353348229e+00,-4.07239200065390994e-01,-1.09286576458067889e+06,-2.56802563899710635e+06
447,735,1102,1113,0,silica,-5.19774134923069031e+00,-2.29362461888211078e-01,-9.91421199418573291e+05,-2.69545859028119082e+06
448,1106,1118,1119,0,silica,-4.94955738256153221e+00,-3.52310098419730044e-01,-9.97259120449919603e+05,-2.47627047098593693e+06
449,750,751,1105,0,silica,-4.80544794571067424e+00,-6.16721702611141787e-01,-1.00901582882429112e+06,-2.75870634058480710e+06
450,1105,732,1124,0,silica,-5.05080038110689866e+00,-7.46509759266571371e-01,-8.61840932995816460e+05,-2.77691770649967669e+06
451,1111,749,1124,0,silica,-4.91201910206288961e+00,-1.05451206479516202e+00,-8.12984582221112214e+05,-2.87631410679402342e+06
452,1105,751,1119,0,silica,-4.83318885924415920e+00,-4.98318743603103964e-01,-1.12343918161288975e+06,-2.58710243731129635e+06
453,1113,1102,1121,0,silica,-5.13819856211558079e+00,-2.27357366992125054e-01,-8.25626948976459447e+05,-2.67616484251348581e+06
454,731,1111,1124,0,silica,-5.07868576872955657e+00,-1.05451206479516202e+00,-6.93465430600397522e+05,-2.88117898530726647e+06
455,750,1105,1124,0,silica,-4.88413371444023170e+00,-7.46509759266571371e-01,-9.98367265367252752e+05,-2.74273639206536254e+06
456,1118,1105,1119,0,silica,-4.94115057129629154e+00,-4.74220528537000252e-01,-9.54543341362273670e+05,-2.64456955610516993e+06
457,1115,1110,1121,0,silica,-5.03181260397310837e+00,-1.59268394618724579e-01,-6.29594905449128128e+05,-2.64843927463540062e+06
458,768,769,1134,0,silica,-4.11021203243833355e+00,-5.88944331708533664e-01,-1.70333382299262262e+06,-3.52151772225033725e+06
459,1141,1142,1157,0,silica,-4.24232878584887896e+00,-1.57872924297365685e-01,-2.16525374544904195e+06,-2.89043105019189790e+06
460,1141,1140,1158,0,silica,-4.36044406848951116e+00,-1.58616556568620920e-01,-2.11825479942084756e+06,-2.57142044848729111e+06
461,1133,1145,1146,0,silica,-4.54280910625429168e+00,-1.85906745372329291e-01,-1.79467889549938194e+06,-2.36560168558520079e+06
462,1133,1135,1158,0,silica,-4.40167153968572666e+00,-2.48720499387041549e-01,-1.81206143250444345e+06,-2.59788686322644213e+06
463,769,1128,1134,0,silica,-4.15438985976511432e+00,-4.52653746264053858e-01,-1.73458702637517196e+06,-3.14689920498157712e+06
464,1147,1131,1156,0,silica,-4.10895310969347083e+00,-9.58720672919281675e-02,-2.35403325154154748e+06,-2.98190516487313248e+06
465,21,766,1152,0,silica,-4.07215996519561241e+00,-1.71489061173536061e+00,-3.26740556378331152e+05,-4.02067185810491303e+06
466,748,20,1151,0,silica,-4.67311737582564746e+00,-1.71558432358052326e+00,-2.95112308798098529e+05,-3.19984734911840875e+06
467,1146,1132,1148,0,silica,-4.64584906572735967e+00,-1.06838477471785195e-01,-1.62793115754215233e+06,-1.82144534737298009e+06
468,749,748,1150,0,silica,-4.60905028309135378e+00,-1.24010476463397912e+00,-7.62536097301762085e+05,-3.12357689675341127e+06
469,1127,184,1136,0,silica,-4.52503851768531185e+00,-4.29054391918117228e-02,-2.16812287341519352e+06,-2.08688789767101267e+06
470,184,183,1136,0,silica,-4.56253851768531060e+00,-2.12548040972018355e-02,-2.38493572877151472e+06,-1.95898684486364340e+06
471,1125,186,1137,0,silica,-4.37500000000000266e+00,-4.33012701892233967e-02,-2.28643535370944021e+06,-2.51585961594858160e+06
472,186,185,1137,0,silica,-4.41250000000000231e+00,-2.16506350946122257e-02,-2.41781802766971570e+06,-2.44000579377164831e+06
473,183,1132,1136,0,silica,-4.60026962379717386e+00,-4.05304532073611848e-02,-2.01607442957096081e+06,-1.74272709786377894e+06
474,185,184,1127,0,silica,-4.48750000000000071e+00,-2.16506350946098873e-02,-2.40936706785524357e+06,-2.22617029827203741e+06
475,190,189,1131,0,silica,-4.11235113920711015e+00,-1.91797242346456003e-02,-2.50186143272177689e+06,-2.97095556570241926e+06
476,187,186,1125,0,silica,-4.33750000000000036e+00,-2.16506350946111710e-02,-2.42643174593387591e+06,-2.59668657068487164e+06
477,187,1125,1138,0,silica,-4.29999999999999805e+00,-4.32059806437016802e-02,-2.30568048589699715e+06,-2.66640234317218745e+06
478,183,182,1132,0,silica,-4.63773110611186290e+00,-1.92756491101593527e-02,-2.28991747850149125e+06,-1.56186030090156547e+06
479,185,1127,1137,0,silica,-4.45000000000000373e+00,-4.33012701892221130e-02,-2.22840557642961480e+06,-2.33064846405984880e+06
480,188,187,1138,0,silica,-4.26249999999999751e+00,-2.15553455490905127e-02,-2.44281913516416540e+06,-2.74592939653942082e+06
481,188,1138,1139,0,silica,-4.22505743518681953e+00,-4.25870661550901142e-02,-2.35676244558051089e+06,-2.79583389087121002e+06
482,189,188,1139,0,silica,-4.18755743518682166e+00,-2.10317206059995980e-02,-2.47069215403864859e+06,-2.86323578386018751e+06
483,1131,189,1139,0,silica,-4.14990857439393146e+00,-4.02114448406451983e-02,-2.40132519896598812e+06,-2.90465279670164082e+06
484,1146,1129,1149,0,silica,-4.65186294645794884e+00,-1.98856128919922798e-01,-1.56101303469512681e+06,-2.23781430146821961e+06
485,771,772,1143,0,silica,-4.02993836344320755e+00,-1.81217776667159963e-01,-2.27806945379276248e+06,-3.22889379294121731e+06
486,1133,1144,1145,0,silica,-4.49061813029353640e+00,-1.82502602036932110e-01,-2.00047344527400960e+06,-2.39927481241649110e+06
487,1134,1128,1135,0,silica,-4.25789546584928047e+00,-3.76442887277894933e-01,-1.97194219785098056e+06,-2.92781485459786886e+06
488,1136,1132,1146,0,silica,-4.60348565056227255e+00,-9.22992312064900428e-02,-2.03154384493437037e+06,-1.93963669665756216e+06
489,1125,1137,1140,0,silica,-4.37750000000000483e+00,-8.39906028616830141e-02,-2.28643535371041577e+06,-2.53759175159471482e+06
490,1138,1125,1141,0,silica,-4.30092843971399663e+00,-9.41568271833455733e-02,-2.30551624153982149e+06,-2.70949320810144395e+06
491,1137,1127,1144,0,silica,-4.45102505080434607e+00,-9.16659048529537834e-02,-2.22840557642975776e+06,-2.39032515079221688e+06
492,1127,1136,1145,0,silica,-4.52348129234845420e+00,-8.76903244281415778e-02,-2.16984414703718899e+06,-2.19576805179124838e+06
493,772,773,1147,0,silica,-4.02151036708564558e+00,-1.03273010763005949e-01,-2.39914724785743700e+06,-3.17401291754047386e+06
494,755,754,1148,0,silica,-4.72990193285039684e+00,-1.04554439501667026e-01,-1.39962522968622204e+06,-1.62969634348943690e+06
495,1131,1139,1156,0,silica,-4.15000017779464692e+00,-8.23911662740918621e-02,-2.39741479741035076e+06,-2.95787468230527872e+06
496,1139,1138,1157,0,silica,-4.22411716324136943e+00,-8.35994133698539504e-02,-2.35572097739623627e+06,-2.84544361253437027e+06
497,36,190,1155,0,silica,-4.04197711645279334e+00,-1.63217948075244541e-02,-2.54548029154952988e+06,-3.05436941020311322e+06
498,182,35,1154,0,silica,-4.70802288354720222e+00,-1.63217948075207488e-02,-1.96903602397298790e+06,-1.17876201137105934e+06
499,35,755,1154,0,silica,-4.73302288354720258e+00,-3.91662549520889122e-02,-1.58704200477258675e+06,-7.81430895230140653e+05
500,773,36,1155,0,silica,-4.01697711645279387e+00,-3.91662549520926176e-02,-2.48089548533391953e+06,-3.12154730265523866e+06
501,1143,772,1147,0,silica,-4.05144873052885313e+00,-1.40834476174157786e-01,-2.34973942092627520e+06,-3.08081359740943881e+06
502,1129,1146,1148,0,silica,-4.66355954029371667e+00,-1.46200519480628482e-01,-1.65475585571209411e+06,-1.86625621316019050e+06
503,1138,1141,1157,0,silica,-4.26248816776854778e+00,-1.13518539303498242e-01,-2.21726973308200808e+06,-2.74980593892279593e+06
504,1145,1136,1146,0,silica,-4.56419731911355075e+00,-1.17808467332660580e-01,-1.87583114980047219e+06,-2.01963896708128438e+06
505,1125,1140,1141,0,silica,-4.34092843971400200e+00,-1.13290814306714671e-01,-2.14747202277159691e+06,-2.64707665493823029e+06
506,1140,1137,1144,0,silica,-4.41602505080434771e+00,-1.10704602430803489e-01,-2.11518935757187847e+06,-2.44764547483898140e+06
507,1144,1127,1145,0,silica,-4.48696782546748629e+00,-1.14800154994671430e-01,-1.98215341983810416e+06,-2.28454799155755015e+06
508,1156,1139,1157,0,silica,-4.18670876664208702e+00,-1.04223789254210095e-01,-2.28031785535978293e+06,-2.88885109968830086e+06
509,1133,1146,1149,0,silica,-4.58757167060577942e+00,-2.29571519937790708e-01,-1.63460868722521281e+06,-2.20774010036433209e+06
510,1143,1147,1156,0,silica,-4.10154033392956840e+00,-1.37098268613002561e-01,-2.32537287489469489e+06,-3.08874465023088409e+06
511,190,1131,1155,0,silica,-4.07932825565990331e+00,-3.55015190421700544e-02,-2.44728410844875313e+06,-3.00610164608336426e+06
512,1132,182,1154,0,silica,-4.67075398965906619e+00,-3.55974439176801050e-02,-1.81047959861755348e+06,-1.25669950239300728e+06
513,1135,1128,1142,0,silica,-4.21502405149127668e+00,-2.64556087853080435e-01,-1.98573883396986709e+06,-2.98685318342133518e+06
514,766,767,1150,0,silica,-4.10905028309135467e+00,-1.24010476463397912e+00,-8.66064434107975918e+05,-3.85594017508182721e+06
515,1141,1135,1142,0,silica,-4.27177466387849503e+00,-2.09251616976255411e-01,-2.12406382019290887e+06,-2.79794555045111571e+06
516,754,753,1129,0,silica,-4.73044158067822007e+00,-1.79449542230442627e-01,-1.37134291881397227e+06,-2.02181278334455471e+06
517,1150,748,1151,0,silica,-4.53216765891700213e+00,-1.46388203774650294e+00,-5.98075045348606072e+05,-3.47151020800677501e+06
518,1131,1147,1155,0,silica,-4.07583862274554853e+00,-7.00141406660059612e-02,-2.43844527765037538e+06,-3.06911318798589660e+06
519,1148,1132,1154,0,silica,-4.67565592250946427e+00,-7.13914942801770619e-02,-1.85789179189813603e+06,-1.58240198301212303e+06
520,1135,1141,1158,0,silica,-4.33644967457367514e+00,-2.10318263789814885e-01,-1.99742041438133223e+06,-2.80582150613729376e+06
521,755,1148,1154,0,silica,-4.71292481639760030e+00,-7.49603053145858761e-02,-1.31286816146289813e+06,-1.49504734274642938e+06
522,1147,773,1155,0,silica,-4.03848748353843856e+00,-7.36788765759285175e-02,-2.45880113927716250e+06,-3.06404039918037411e+06
523,1133,1134,1135,0,silica,-4.37986794334855123e+00,-3.59540651998296656e-01,-1.82860713398534758e+06,-2.93907017376922816e+06
524,768,1134,1159,0,silica,-4.18778048825008131e+00,-7.12625549831360061e-01,-1.57691221868622769e+06,-3.30633136086703045e+06
525,754,1129,1148,0,silica,-4.71034351352861869e+00,-1.40347670476101527e-01,-1.27598145888487808e+06,-1.87520420803802484e+06
526,1130,749,1150,0,silica,-4.52763024662040525e+00,-1.04107315218447294e+00,-8.32235130845349981e+05,-3.26114474652281962e+06
527,1140,1144,1158,0,silica,-4.41054067957985563e+00,-1.56030344692708683e-01,-2.07222676737539284e+06,-2.57932721429065662e+06
528,1144,1133,1158,0,silica,-4.44919098440590499e+00,-2.04694094157119671e-01,-1.92368441017842270e+06,-2.42761093474941701e+06
529,766,1150,1152,0,silica,-4.18121024828696708e+00,-1.46318832590134029e+00,-7.48222464604951092e+05,-3.66305647518918477e+06
530,1150,1151,1152,0,silica,-4.35432762411261542e+00,-1.54892904993103886e+00,-3.64499527400894149e+05,-3.56972517250033002e+06
531,20,137,1151,0,silica,-4.54811737582564746e+00,-1.90066252380511092e+00,-4.57915046696662830e+03,-3.42470661148125166e+06
532,137,21,1152,0,silica,-4.19715996519561241e+00,-1.89996881195994827e+00,-5.13334702212095181e+03,-3.78867256379985763e+06
533,767,768,1159,0,silica,-4.07756845581174776e+00,-8.78380937222841163e-01,-1.30876935802734364e+06,-3.72451778319001431e+06
534,770,771,1128,0,silica,-4.04417782732678077e+00,-2.95645596865974691e-01,-2.07193579297983157e+06,-3.30549588982615434e+06
535,753,752,1149,0,silica,-4.71820533901462991e+00,-2.77839939251297074e-01,-1.37675700941516855e+06,-2.33838378348890273e+06
536,750,749,1130,0,silica,-4.66857996352905058e+00,-8.68654674212775313e-01,-1.06766454616646282e+06,-2.94687879574319581e+06
537,1133,1126,1134,0,silica,-4.48578645908279938e+00,-4.08697740210883176e-01,-1.45614115285414690e+06,-2.70349474089454627e+06
538,1142,1143,1156,0,silica,-4.14737058492425259e+00,-1.68495377532124624e-01,-2.21710924808926089e+06,-2.96903443327875109e+06
539,1142,1156,1157,0,silica,-4.19149194953559512e+00,-1.49101799191168477e-01,-2.28192840205658879e+06,-2.92191828877421375e+06
540,752,751,1126,0,silica,-4.70942412181841430e+00,-4.24644384318720203e-01,-1.30925247767066001e+06,-2.56802563899710635e+06
541,1142,1128,1143,0,silica,-4.14145680885031808e+00,-2.32570973515146884e-01,-2.19666766684647556e+06,-3.10794946181081748e+06
542,1128,771,1143,0,silica,-4.07411619076998832e+00,-2.41557165089026998e-01,-2.21654521072328556e+06,-3.10177608509588195e+06
543,1150,767,1159,0,silica,-4.18661873890310243e+00,-1.05079941519453879e+00,-1.12962294534329651e+06,-3.45347359063102445e+06
544,751,750,1153,0,silica,-4.69604217168799298e+00,-6.16721702611141787e-01,-1.22137724975143420e+06,-2.75870634058513632e+06
545,1151,137,1152,0,silica,-4.37027734102125986e+00,-1.80063133576505918e+00,-3.64298723367633764e+05,-3.59894862511152495e+06
546,1129,753,1149,0,silica,-4.69864691969285087e+00,-2.21983273037632017e-01,-1.28571684375084401e+06,-2.12481972679407103e+06
547,1126,1133,1149,0,silica,-4.59377976565909574e+00,-3.19350870044901924e-01,-1.64055902927899337e+06,-2.55059775064759236e+06
548,1134,1130,1159,0,silica,-4.35636045177913278e+00,-7.52636500962984178e-01,-1.18731669254563795e+06,-3.19524593382841581e+06
549,1130,1134,1153,0,silica,-4.47483416765537800e+00,-6.65927284830726052e-01,-1.39337855391955376e+06,-3.08043715830149874e+06
550,1130,1150,1159,0,silica,-4.35519870243215390e+00,-9.89804351827857865e-01,-1.21263652648358326e+06,-3.43217107758427225e+06
551,752,1126,1149,0,silica,-4.67762946083304509e+00,-3.44492145240699044e-01,-1.25513413866797439e+06,-2.48685768835613225e+06
552,750,1130,1153,0,silica,-4.61462213521704356e+00,-7.30676657723902334e-01,-1.07801250056295632e+06,-2.96793630126392841e+06
553,1134,1126,1153,0,silica,-4.51567832594474172e+00,-5.24918558944393321e-01,-1.48754880137877702e+06,-2.78945765988249751e+06
554,1126,751,1153,0,silica,-4.65546629350640817e+00,-5.15723927856433062e-01,-1.20147915711070760e+06,-2.72966658594230143e+06
555,769,770,1128,0,silica,-4.04417782732678077e+00,-3.89351573628949010e-01,-2.08922272058581328e+06,-3.39818859559461568e+06
556,1235,1234,1298,0,silica,-1.71570121546504351e+00,-2.45877091531024744e-01,-4.51926628122110292e+06,-7.28117896547579486e+06
557,1297,1198,1302,0,silica,-3.79533646942121017e+00,-1.68511181448554842e-01,-2.48646794942261698e+06,-3.51079288563514687e+06
558,1316,1214,1322,0,silica,-1.13461673684061282e+00,-3.26939845297035625e-01,-5.04319672038449720e+06,-8.61827689514413103e+06
559,1217,1219,1277,0,silica,-1.24755433267198601e+00,-1.49191127596845607e-01,-5.54167711822591722e+06,-8.07776171010807715e+06
560,1231,1233,1281,0,silica,-1.54390819082939146e+00,-1.49204795126446549e-01,-4.99741663680181466e+06,-7.26903663514473382e+06
561,1194,1186,1195,0,silica,-2.56349353326144858e+00,-1.00010340125856567e+00,-2.38153795022508502e+06,-5.86824632382880896e+06
562,1204,1205,1207,0,silica,-3.64232702796135621e+00,-1.50720779653655351e-01,-2.61272572123200400e+06,-3.70083207819291065e+06
563,1223,1222,1271,0,silica,-6.64896244344792442e-01,-1.54694611608714339e-01,-6.53338791279786173e+06,-9.78078409960527346e+06
564,1187,1196,1197,0,silica,-1.06821333906117055e+00,-1.08277903404841425e+00,-2.77417675384506211e+06,-9.37849543650297262e+06
565,1193,1186,1194,0,silica,-2.92338703656946786e+00,-1.07775126516662167e+00,-1.41191434436027869e+06,-5.61312476320357528e+06
566,1202,1189,1280,0,silica,-1.50973455944236584e-01,-2.10641573122736986e-01,-7.23643481915381644e+06,-1.17330321242222209e+07
567,1279,1278,1332,0,silica,-2.90661125946059584e-01,-1.56985457025098113e-01,-7.31302701259350218e+06,-1.11037804567010291e+07
568,1291,1251,1324,0,silica,-2.39696328210424348e+00,-2.42932528120080066e-01,-3.67665436242969939e+06,-5.62168022680595331e+06
569,1279,1202,1280,0,silica,-2.04674308254654297e-01,-1.82693484516022991e-01,-7.47210041133152880e+06,-1.15940005558470786e+07
570,1254,1283,1284,0,silica,-2.56945631224782822e+00,-1.51797392828250027e-01,-3.65108807202527020e+06,-5.23333153561609238e+06
571,1274,1187,1300,0,silica,-1.64339302845998581e+00,-1.20033685838178661e+00,-1.62806987411698932e+06,-8.15110833558614645e+06
572,1187,1197,1300,0,silica,-1.34950182628768833e+00,-9.61746000575441795e-01,-3.58808394979721541e+06,-9.09730634396327287e+06
573,1219,1214,1277,0,silica,-1.20031997961133730e+00,-1.81809518618675031e-01,-5.36898893063535262e+06,-8.32640044544474501e+06
574,1271,1192,1272,0,silica,-6.28982001948856229e-01,-3.49368354664829017e-01,-6.27010564062058832e+06,-1.04765195496958774e+07
575,1195,1274,1300,0,silica,-1.93824036642783848e+00,-1.04511642430532681e+00,-2.80306098165155016e+06,-7.54861540378401987e+06
576,1213,1271,1303,0,silica,-8.06044680089580190e-01,-1.77133651740107839e-01,-5.96337175563463196e+06,-9.40982519982038438e+06
577,1233,1220,1281,0,silica,-1.49769601439994315e+00,-1.82232163459264851e-01,-4.78356210554539505e+06,-7.57721297280469816e+06
578,784,1172,1321,0,silica,-2.33873582612530689e-01,-1.28931188175097611e+00,-2.24886331852596765e+06,-1.26428610530741699e+07
579,1192,1271,1316,0,silica,-7.66665110184234777e-01,-3.76054183286363308e-01,-5.37061029263474420e+06,-1.02179935106659718e+07
580,1196,1187,1317,0,silica,-9.85263220565039899e-01,-1.36106472566204140e+00,-2.05052501512677292e+06,-1.09004451635279544e+07
581,1186,1193,1318,0,silica,-3.03158221160381780e+00,-1.39035329238474836e+00,-1.20271943991023535e+06,-5.09449312549338304e+06
582,1199,1280,1293,0,silica,-1.08493138515023069e-01,-1.04281728216817401e-01,-7.79788706115886662e+06,-1.16885213077592310e+07
583,1215,1294,1297,0,silica,-3.89629508022715987e+00,-1.02983545795075668e-01,-2.48526128507477744e+06,-3.30964614455909701e+06
584,1214,1219,1322,0,silica,-1.24356658729473168e+00,-2.74290761379030135e-01,-5.36616076113838796e+06,-8.29646372723436262e+06
585,1286,1290,1292,0,silica,-2.75066502253849032e+00,-2.64936652106501802e-01,-3.23336075624408480e+06,-5.14760274467602652e+06
586,1299,1241,1307,0,silica,-1.95225822011871308e+00,-1.74066840827820313e-01,-4.36893471323252656e+06,-6.54784969338581990e+06
587,1194,1195,1200,0,silica,-2.47506207680081092e+00,-7.00239082073044972e-01,-2.50514113262123102e+06,-6.21869277846624609e+06
588,1220,1233,1235,0,silica,-1.56157713686224286e+00,-2.52190258813984325e-01,-4.75686457324466947e+06,-7.31837371510146558e+06
589,1175,788,1189,0,silica,-7.51489414534032840e-02,-3.49599724834330050e-01,-7.03529994311894383e+06,-1.23063387233810648e+07
590,1191,1194,1328,0,silica,-3.09736548618871987e+00,-5.66837286545195274e-01,-2.26059631900812685e+06,-4.74611384151909780e+06
591,1197,1192,1316,0,silica,-8.96161723518258846e-01,-5.55757778830116678e-01,-4.89240108493940160e+06,-9.38105941814495064e+06
592,1297,1190,1301,0,silica,-3.90037717250425642e+00,-1.92558976905769730e-01,-2.42186183511726372e+06,-3.40061045662774052e+06
593,1223,1271,1272,0,silica,-6.23418338953409479e-01,-2.07930306995159825e-01,-6.18531463927021902e+06,-1.02548438314625639e+07
594,1172,1196,1321,0,silica,-4.93020533767818014e-01,-1.18040998624113214e+00,-3.41372437845680211e+06,-1.23913733291322030e+07
595,196,195,1203,0,silica,-3.59238670600407195e+00,-2.15999991572135251e-02,-2.85435741570173251e+06,-3.63161021727750730e+06
596,219,218,1177,0,silica,-1.88913595280094593e+00,-2.15690483209627117e-02,-4.78531140799218137e+06,-6.42346737030664366e+06
597,192,191,1215,0,silica,-3.88907311546206280e+00,-1.91591574743274935e-02,-2.63788172377235396e+06,-3.25777362796863541e+06
598,230,229,1209,0,silica,-1.07403289676118652e+00,-2.14591635967883755e-02,-6.16814221391472779e+06,-8.43752348612714745e+06
599,231,230,1178,0,silica,-9.99752936099981948e-01,-2.15690483209925975e-02,-6.30598319406022970e+06,-8.64649641359332949e+06
600,227,226,1179,0,silica,-1.29654336020588534e+00,-2.15690483209924483e-02,-5.76342401201828942e+06,-7.84202575217090547e+06
601,229,228,1161,0,silica,-1.14814814815293365e+00,-2.13836183055718075e-02,-6.03021117842425313e+06,-8.23415561220411211e+06
602,236,235,1169,0,silica,-6.29382565728067722e-01,-2.15690483209925628e-02,-7.02382435969210602e+06,-9.78955536661039293e+06
603,241,240,1180,0,silica,-2.59259259260339769e-01,-2.13836183055716167e-02,-7.86113412831230089e+06,-1.10472701618924327e+07
604,243,242,1199,0,silica,-1.10926884537937864e-01,-1.91510989903792388e-02,-8.21566979716850258e+06,-1.16069800956733692e+07
605,235,234,1221,0,silica,-7.03909590293458010e-01,-2.15999991572565463e-02,-6.87103876519861165e+06,-9.54299394560909271e+06
606,242,241,1225,0,silica,-1.85154480757017542e-01,-2.10113484288726345e-02,-8.03654477502124757e+06,-1.13300254220187366e+07
607,193,192,1188,0,silica,-3.81481481481404394e+00,-2.11644024158946092e-02,-2.68698351432723971e+06,-3.35629992402934982e+06
608,223,222,1181,0,silica,-1.59283965650341641e+00,-2.15690483209923269e-02,-5.24320842806310579e+06,-7.08673927334781550e+06
609,237,236,1228,0,silica,-5.55569498706963483e-01,-2.13933046431623620e-02,-7.18433211744821537e+06,-1.00373727296828255e+07
610,225,224,1162,0,silica,-1.44444444445046449e+00,-2.11201287755744434e-02,-5.49571870698838215e+06,-7.46966473333820328e+06
611,233,232,1160,0,silica,-8.51851851855402131e-01,-2.13833433034085335e-02,-6.57915974558538385e+06,-9.06386177642332017e+06
612,239,238,1170,0,silica,-4.07144214342479938e-01,-2.11422373744406429e-02,-7.52062371264601685e+06,-1.05348013425232302e+07
613,240,239,1237,0,silica,-3.33289467823618402e-01,-2.13880284390294446e-02,-7.69034431028566323e+06,-1.07944883419490997e+07
614,228,227,1216,0,silica,-1.22226339954468055e+00,-2.14588886158418417e-02,-5.89608889035807550e+06,-8.03035618784717470e+06
615,232,231,1226,0,silica,-9.25348243649456226e-01,-2.17113971023668029e-02,-6.45094016375595983e+06,-8.85977047306577675e+06
616,221,220,1163,0,silica,-1.74074074074799490e+00,-2.11201287755770108e-02,-5.01210567122488935e+06,-6.75627894385236688e+06
617,220,219,1239,0,silica,-1.81483582365776797e+00,-2.13996215542808614e-02,-4.89611379909172934e+06,-6.58849811440538336e+06
618,234,233,1227,0,silica,-7.77777777781019530e-01,-2.13833433034083080e-02,-6.72453631241995748e+06,-9.29915513351400383e+06
619,222,221,1242,0,silica,-1.66677171085056242e+00,-2.13340534399319576e-02,-5.13520341930350289e+06,-6.91749834067022242e+06
620,195,194,1174,0,silica,-3.66691373056945435e+00,-2.15690483209862449e-02,-2.79414736904190993e+06,-3.53659141237850161e+06
621,226,225,1236,0,silica,-1.37047541455303112e+00,-2.13340534399316904e-02,-5.62926279337820970e+06,-7.65491174134551920e+06
622,194,193,1243,0,silica,-3.74074074073966045e+00,-2.13833433034082594e-02,-2.73984502083243337e+06,-3.44377843065141654e+06
623,224,223,1230,0,silica,-1.51853952736023756e+00,-2.13996215542823047e-02,-5.36825753095244337e+06,-7.26990611430210061e+06
624,218,217,1244,0,silica,-1.96303146189698841e+00,-2.11224426319592505e-02,-4.67974885032051057e+06,-6.26757891964405030e+06
625,197,196,1245,0,silica,-3.51844527342727131e+00,-2.13499234371945061e-02,-2.91068662523789378e+06,-3.72406451841562241e+06
626,217,216,1164,0,silica,-2.03703703704506900e+00,-2.13833433031835468e-02,-4.57779056543157529e+06,-6.11464435425018240e+06
627,198,197,1171,0,silica,-3.44444444444278375e+00,-2.11303717066781416e-02,-2.97548216224176390e+06,-3.81589860600328399e+06
628,202,201,1267,0,silica,-3.14858201538521554e+00,-2.14392203567406910e-02,-3.24403750511398306e+06,-4.22255011620941106e+06
629,203,202,1182,0,silica,-3.07432113797916218e+00,-2.15690483208088764e-02,-3.31648819429209689e+06,-4.33227474127378408e+06
630,209,208,1166,0,silica,-2.62962962963359104e+00,-2.14281669266311349e-02,-3.79786207742314320e+06,-5.03371298374780640e+06
631,215,214,1184,0,silica,-2.18493812128801990e+00,-2.15690483208089562e-02,-4.37303075508879591e+06,-5.83910012883939687e+06
632,205,204,1167,0,silica,-2.92592592592783030e+00,-2.13836183053334739e-02,-3.46984277363817208e+06,-4.55593600229953695e+06
633,199,198,1246,0,silica,-3.37037037036919296e+00,-2.13517147680956088e-02,-3.03803276382943150e+06,-3.91721877114898665e+06
634,211,210,1185,0,silica,-2.48123441758225916e+00,-2.15690483208091123e-02,-3.97964512908193562e+06,-5.29601115998971928e+06
635,213,212,1165,0,silica,-2.33333333333935178e+00,-2.11201287753102797e-02,-4.17227156228035875e+06,-5.55930897920516878e+06
636,201,200,1168,0,silica,-3.22222222222207044e+00,-2.11303717066061159e-02,-3.17310281281331042e+06,-4.12012334255527472e+06
637,207,206,1183,0,silica,-2.77777777778071089e+00,-2.14281669266310204e-02,-3.62973958371688798e+06,-4.78875535541067086e+06
638,212,211,1259,0,silica,-2.40740740741291193e+00,-2.13833433031705052e-02,-4.07523160806146590e+06,-5.42314073007974587e+06
639,216,215,1256,0,silica,-2.11053342883831219e+00,-2.17113971021429646e-02,-4.47560592431450821e+06,-5.98143139484081231e+06
640,214,213,1247,0,silica,-2.25923825043039983e+00,-2.13996215540669665e-02,-4.27096221684170701e+06,-5.69745947208784055e+06
641,210,209,1253,0,silica,-2.55551437824266259e+00,-2.14665883668148823e-02,-3.88658431213468499e+06,-5.16179993081851956e+06
642,208,207,1257,0,silica,-2.70370370370715207e+00,-2.14431081344518548e-02,-3.71266463866724959e+06,-4.90722078062707838e+06
643,200,199,1270,0,silica,-3.29629629629563015e+00,-2.13464433455731635e-02,-3.10509751178815821e+06,-4.01539702696168888e+06
644,206,205,1268,0,silica,-2.85185185185427104e+00,-2.14356833642357046e-02,-3.54866595964759821e+06,-4.66926739346929546e+06
645,204,203,1260,0,silica,-3.00004117731875874e+00,-2.14588886156531107e-02,-3.39205646759013133e+06,-4.44411410521442350e+06
646,766,21,1320,0,silica,-3.86111012119627306e+00,-1.67745776830461324e+00,-5.14508930867271381e+05,-4.02067185810491303e+06
647,22,784,1321,0,silica,-1.38458715708611291e-01,-1.65180382062096975e+00,-1.99220346871413221e+06,-1.42610958178992514e+07
648,1240,1241,1299,0,silica,-1.90280236419479709e+00,-1.69940287257335981e-01,-4.49201559484145977e+06,-6.54419108541186247e+06
649,1188,192,1215,0,silica,-3.85203607842487061e+00,-4.03235598902220993e-02,-2.58140119976949692e+06,-3.29471135000246996e+06
650,193,1188,1243,0,silica,-3.77777777777685086e+00,-4.25477457193028652e-02,-2.63790948832920985e+06,-3.38492592352151824e+06
651,1162,224,1230,0,silica,-1.48150249032304604e+00,-4.25197503298567481e-02,-5.26050839014769532e+06,-7.33217357014517765e+06
652,229,1161,1209,0,silica,-1.11106993379837782e+00,-4.28427819023601830e-02,-5.92302856679760851e+06,-8.29603672605102509e+06
653,1178,230,1209,0,silica,-1.03674879581980917e+00,-4.30282119177809730e-02,-6.05710362380129751e+06,-8.50119206827508844e+06
654,225,1162,1236,0,silica,-1.40751245159022265e+00,-4.24541822155061407e-02,-5.40193977572141588e+06,-7.52448279793581925e+06
655,1221,234,1227,0,silica,-7.40946627330649643e-01,-4.29833424606648543e-02,-6.58279191133266408e+06,-9.38099130163759179e+06
656,1161,228,1216,0,silica,-1.18522636250748925e+00,-4.28425069214136492e-02,-5.78664221732706018e+06,-8.09353281543854624e+06
657,1160,232,1226,0,silica,-8.88311206612264925e-01,-4.30947404057753433e-02,-6.33474646479938459e+06,-8.92274970296785235e+06
658,1163,220,1239,0,silica,-1.77779878662057667e+00,-4.25197503298578652e-02,-4.81010641834261827e+06,-6.63820116301554628e+06
659,227,1179,1216,0,silica,-1.25954750048605790e+00,-4.30279369368342865e-02,-5.66641626234137453e+06,-7.89866217091409583e+06
660,241,1180,1225,0,silica,-2.22191517794208954e-01,-4.23949667344442546e-02,-7.70729648669568915e+06,-1.11360872234529015e+07
661,236,1169,1228,0,silica,-5.92359471839968954e-01,-4.29623529641549248e-02,-6.88728300648994371e+06,-9.86614480413039215e+06
662,1199,242,1225,0,silica,-1.47933217146189927e-01,-4.01624474192518732e-02,-7.90774568556549959e+06,-1.14055159369843472e+07
663,1169,235,1221,0,silica,-6.66625489352080769e-01,-4.31690474782491021e-02,-6.73595710381221678e+06,-9.62148868636344746e+06
664,1180,240,1237,0,silica,-2.96252430786426990e-01,-4.27716467446010648e-02,-7.55656952528171521e+06,-1.08714319677262399e+07
665,239,1170,1237,0,silica,-3.70063311794184335e-01,-4.25302658134700876e-02,-7.38039283351283986e+06,-1.06149412821292579e+07
666,231,1178,1226,0,silica,-9.62138216782461697e-01,-4.32804454233594038e-02,-6.19614469886524137e+06,-8.70810755459790118e+06
667,221,1163,1242,0,silica,-1.70380874788775327e+00,-4.24541822155089718e-02,-4.93389595543095563e+06,-6.80199609156080149e+06
668,233,1160,1227,0,silica,-8.14814814818210942e-01,-4.27666866068168380e-02,-6.44807800441926904e+06,-9.13954185497082584e+06
669,1181,222,1242,0,silica,-1.62998173771755717e+00,-4.29031017609242879e-02,-5.04026665544042550e+06,-6.97290419079042412e+06
670,1179,226,1236,0,silica,-1.33368544142002610e+00,-4.29031017609241352e-02,-5.53152889678376168e+06,-7.71195002036435995e+06
671,223,1181,1230,0,silica,-1.55582362830161514e+00,-4.29686698752746246e-02,-5.14737215622359235e+06,-7.14269174354464468e+06
672,1174,194,1243,0,silica,-3.70395076760664343e+00,-4.29523916243945078e-02,-2.68506613250922179e+06,-3.47540503657247499e+06
673,219,1177,1239,0,silica,-1.85211992459914576e+00,-4.29686698752435800e-02,-4.69803808796504978e+06,-6.47442049842859246e+06
674,195,1174,1203,0,silica,-3.62967080694543709e+00,-4.31690474781997735e-02,-2.74261504880115483e+06,-3.56667773102305364e+06
675,1177,218,1244,0,silica,-1.92624148876401335e+00,-4.26914909529219622e-02,-4.59558409978929441e+06,-6.31704460916690808e+06
676,196,1203,1245,0,silica,-3.55527642387755627e+00,-4.29499225944080312e-02,-2.80216905663537001e+06,-3.66094150759400334e+06
677,217,1164,1244,0,silica,-2.00006849893402849e+00,-4.25057859351427939e-02,-4.49694008639076166e+06,-6.16132340008847229e+06
678,1171,197,1245,0,silica,-3.48140823639030694e+00,-4.24802951438726442e-02,-2.86411845113390917e+06,-3.75083299097210867e+06
679,1164,216,1256,0,silica,-2.07349639180151746e+00,-4.30947404053265148e-02,-4.40930375749431551e+06,-6.01736845033249818e+06
680,198,1171,1246,0,silica,-3.40740740740599479e+00,-4.24820864747737503e-02,-2.91943496315772040e+06,-3.84864486996130925e+06
681,1182,202,1267,0,silica,-3.11179204225264705e+00,-4.30082686775495673e-02,-3.18432722967032390e+06,-4.25814237254530843e+06
682,201,1168,1267,0,silica,-3.18561905242199517e+00,-4.25695920633468103e-02,-3.11782035034724232e+06,-4.15242279975980707e+06
683,1165,212,1259,0,silica,-2.37037037037613230e+00,-4.25034720784807848e-02,-4.00685717988922074e+06,-5.46261672459245659e+06
684,203,1182,1260,0,silica,-3.03732527825975041e+00,-4.30279369364619871e-02,-3.25728782895372342e+06,-4.36683792506315187e+06
685,207,1183,1257,0,silica,-2.74074074074393081e+00,-4.28712750610828752e-02,-3.56834270589383086e+06,-4.82412870995790418e+06
686,211,1185,1259,0,silica,-2.44419738054547908e+00,-4.29523916239796244e-02,-3.91644187552820193e+06,-5.33146343525710981e+06
687,205,1167,1268,0,silica,-2.88888888889105067e+00,-4.28193016695691750e-02,-3.41093797708977666e+06,-4.58994426507688500e+06
688,213,1165,1247,0,silica,-2.29627528746717990e+00,-4.25197503293772497e-02,-4.10248905420561740e+06,-5.60010003945662454e+06
689,209,1166,1253,0,silica,-2.59255141527944177e+00,-4.28947552934460172e-02,-3.73118374607322644e+06,-5.07212920846498478e+06
690,1184,214,1247,0,silica,-2.22195414948940728e+00,-4.29686698748759296e-02,-4.20021538699776586e+06,-5.73820464796377160e+06
691,1185,210,1253,0,silica,-2.51823027730167004e+00,-4.30356366876240015e-02,-3.81754603108832333e+06,-5.20137220153312664e+06
692,199,1246,1270,0,silica,-3.33333333333241333e+00,-4.26981581136687757e-02,-2.98668065746250143e+06,-3.94691084172328934e+06
693,215,1184,1256,0,silica,-2.14732340197087934e+00,-4.32804454229519173e-02,-4.30273328551082592e+06,-5.87853172613762785e+06
694,1168,200,1270,0,silica,-3.25925925925885052e+00,-4.24768150521792828e-02,-3.04919454149233783e+06,-4.04772841425287211e+06
695,1166,208,1257,0,silica,-2.66666666667037111e+00,-4.28712750610829932e-02,-3.64546485643009143e+06,-4.94591045825946797e+06
696,1183,206,1268,0,silica,-2.81481481481749052e+00,-4.28638502908667215e-02,-3.48549517247400247e+06,-4.70565001062881388e+06
697,1167,204,1260,0,silica,-2.96300414028197823e+00,-4.28425069209865880e-02,-3.33410244017758360e+06,-4.47756729210325237e+06
698,1198,1205,1302,0,silica,-3.74302640265220221e+00,-1.62946507524229317e-01,-2.58979854905699706e+06,-3.53785289769078232e+06
699,1170,238,1296,0,silica,-4.43666561212428923e-01,-4.23170695460822477e-02,-7.23143347943830397e+06,-1.03623331882576551e+07
700,237,1228,1296,0,silica,-5.18017771502529700e-01,-4.25681368148039599e-02,-7.05213620540061872e+06,-1.01137466958119478e+07
701,1195,1186,1274,0,silica,-2.28070035445107200e+00,-1.26037141108610951e+00,-1.21091363289588317e+06,-6.92691532039758284e+06
702,1235,1300,1322,0,silica,-1.53645205742009328e+00,-4.99627898800948655e-01,-4.43016383566580061e+06,-7.81136876786709204e+06
703,1172,786,1175,0,silica,-1.43647472908011276e-01,-7.07196102528406700e-01,-5.14838187686758488e+06,-1.23838002554189861e+07
704,238,237,1296,0,silica,-4.80966791316245645e-01,-2.11748321716416048e-02,-7.35123037832413614e+06,-1.02953992091393843e+07
705,1266,1208,1329,0,silica,-3.37859279860584394e+00,-2.51074296833005584e-01,-2.70435511498844484e+06,-4.17114812798028905e+06
706,1273,1272,1331,0,silica,-4.57039519010690565e-01,-3.02365238840697048e-01,-6.34681005297474097e+06,-1.10285490326569173e+07
707,1228,1229,1296,0,silica,-5.15522782414978620e-01,-8.66695498245606127e-02,-7.05014424694024026e+06,-1.03436940879765414e+07
708,1200,1201,1319,0,silica,-2.17160891463859818e+00,-4.55268326707548410e-01,-3.36241266766533721e+06,-6.34664540483543836e+06
709,1241,1177,1244,0,silica,-1.92640541841528834e+00,-8.52880056302094958e-02,-4.59748644471748360e+06,-6.42145838772806153e+06
710,1203,1206,1245,0,silica,-3.55379404045241687e+00,-8.65635475154699768e-02,-2.80145222384462319e+06,-3.73133815903853392e+06
711,1205,1174,1243,0,silica,-3.70398285308248409e+00,-8.68930848150266666e-02,-2.68549398961944552e+06,-3.53172373575267754e+06
712,1224,1221,1227,0,silica,-7.39057697670352010e-01,-8.13476677436885537e-02,-6.58449387059852574e+06,-9.57333909299546108e+06
713,1169,1223,1228,0,silica,-5.95834897915822559e-01,-8.64624198638162950e-02,-6.88608526312308293e+06,-1.00326446246874034e+07
714,1178,1211,1226,0,silica,-9.59658807229092470e-01,-8.82277536006464413e-02,-6.19718214987753797e+06,-8.89047002018208429e+06
715,1232,1181,1242,0,silica,-1.63146412114267148e+00,-8.65167266820429243e-02,-5.04134139028083719e+06,-7.08517910100588761e+06
716,1218,1179,1236,0,silica,-1.33516782484514107e+00,-8.65167266820426328e-02,-5.53296112404819485e+06,-7.86157128642545640e+06
717,1185,1255,1259,0,silica,-2.44358703518145637e+00,-8.64929806138080154e-02,-3.91553362424755050e+06,-5.45101627078757249e+06
718,1262,1182,1267,0,silica,-3.11414818176866248e+00,-8.77584213007222003e-02,-3.18473274291827157e+06,-4.33584846676520351e+06
719,1184,1249,1256,0,silica,-2.14484399241744494e+00,-8.82277535998143847e-02,-4.30348779160826653e+06,-6.01115831826613378e+06
720,141,142,1187,0,silica,-1.39278293607919745e+00,-1.79220246149411477e+00,-1.55335790521931631e+04,-9.41415616043774411e+06
721,140,141,1274,0,silica,-1.99588893972173431e+00,-1.82314752609507558e+00,-1.06093346398329722e+04,-7.60703179361923411e+06
722,139,140,1186,0,silica,-2.59718114069366202e+00,-1.80024185757337851e+00,-1.04976195359301564e+04,-6.20500197584788036e+06
723,1170,1296,1315,0,silica,-4.42733529183016783e-01,-8.21287624725243748e-02,-7.23118890982075501e+06,-1.05457136028343383e+07
724,1203,1174,1204,0,silica,-3.62717086597555527e+00,-8.28438527755762100e-02,-2.74271637242707890e+06,-3.64899255000921199e+06
725,1239,1177,1240,0,silica,-1.85211992459915731e+00,-8.60026482732567515e-02,-4.69715319576216489e+06,-6.60456064694045950e+06
726,1188,1215,1297,0,silica,-3.85499551462013157e+00,-8.98289270051798039e-02,-2.58514441411854373e+06,-3.34114689672826743e+06
727,1216,1179,1217,0,silica,-1.26240980184871732e+00,-8.25051324758296206e-02,-5.66593293774028867e+06,-8.00789858185695577e+06
728,1178,1209,1210,0,silica,-1.03674879581980850e+00,-8.60621903158006046e-02,-6.05788651509815734e+06,-8.67857647038099170e+06
729,1237,1170,1238,0,silica,-3.70063311794184335e-01,-8.55642442114896012e-02,-7.38226743471081369e+06,-1.08015847540298644e+07
730,1169,1221,1222,0,silica,-6.69125430321933945e-01,-8.28438527756578252e-02,-6.73579996190063097e+06,-9.74915000991084985e+06
731,1230,1181,1231,0,silica,-1.55868189596787943e+00,-8.24343419790933979e-02,-5.14678902734490391e+06,-7.22845188315507863e+06
732,1260,1182,1261,0,silica,-3.03732527825974552e+00,-8.60619153342419008e-02,-3.25693323110844567e+06,-4.44698074380317610e+06
733,1185,1253,1254,0,silica,-2.51823027730167093e+00,-8.60696150854052267e-02,-3.81801947063342761e+06,-5.31641558868999407e+06
734,1166,1257,1258,0,silica,-2.66666666667037200e+00,-8.59052534588637950e-02,-3.64541217643225193e+06,-5.03296772403505258e+06
735,1184,1247,1248,0,silica,-2.22195414948940773e+00,-8.60026482726572589e-02,-4.20110111102431547e+06,-5.86846713172079064e+06
736,1183,1268,1269,0,silica,-2.81281810578686331e+00,-8.89568481732226218e-02,-3.48546603803543374e+06,-4.80135610060652718e+06
737,790,791,1293,0,silica,-2.17626751272316787e-02,-1.06481586631931427e-01,-7.94625682727519888e+06,-1.22235236101384144e+07
738,773,772,1294,0,silica,-3.97957117054504295e+00,-1.03079410344960529e-01,-2.46501268326547602e+06,-3.17401291754178982e+06
739,1168,1270,1312,0,silica,-3.25922446511582464e+00,-8.67198551518204713e-02,-3.04853013842025260e+06,-4.12365237256324757e+06
740,1246,1171,1310,0,silica,-3.40658667869559162e+00,-8.66744850440199360e-02,-2.92006860029271618e+06,-3.91932863693841919e+06
741,1163,1239,1275,0,silica,-1.77579313450807064e+00,-8.53902902724942292e-02,-4.80845253106367774e+06,-6.78443560024423525e+06
742,1209,1161,1276,0,silica,-1.11206383120522490e+00,-8.29905886086945849e-02,-5.92343823761544842e+06,-8.43015756634614803e+06
743,1162,1230,1281,0,silica,-1.48150249032304715e+00,-8.52880868860010216e-02,-5.25869999915406853e+06,-7.49206901316547301e+06
744,1180,1237,1278,0,silica,-2.98660559037895845e-01,-8.19215225543721559e-02,-7.55654121324715670e+06,-1.10296631535816751e+07
745,1268,1167,1288,0,silica,-2.89052054108071887e+00,-8.94998880880154973e-02,-3.41112751835460681e+06,-4.67983240340766869e+06
746,1257,1183,1287,0,silica,-2.73869419206931397e+00,-8.28947654584583499e-02,-3.56840407525483798e+06,-4.92554573487487715e+06
747,1247,1165,1282,0,silica,-2.29718961609760930e+00,-8.39172155631523475e-02,-4.10355381000542874e+06,-5.69424428200767469e+06
748,1253,1166,1283,0,silica,-2.59496008116958476e+00,-8.21227111582641806e-02,-3.73130743613159703e+06,-5.15175060535423271e+06
749,1270,1246,1313,0,silica,-3.33256331329582167e+00,-8.21447779040210407e-02,-2.98666372541903518e+06,-4.02622058444234822e+06
750,1225,1180,1279,0,silica,-2.28734631479555306e-01,-8.90767737586079661e-02,-7.70507417044251226e+06,-1.12836689769846424e+07
751,1161,1216,1277,0,silica,-1.18522636250748925e+00,-8.56091935918809749e-02,-5.78616828521773219e+06,-8.24925879328548349e+06
752,1167,1260,1289,0,silica,-2.96300414028198178e+00,-8.56091935909830265e-02,-3.33381017857940122e+06,-4.57359944954858720e+06
753,1199,1225,1280,0,silica,-1.48428154020837644e-01,-8.75718791529286750e-02,-7.88972522989325132e+06,-1.16461912208949272e+07
754,1228,1223,1229,0,silica,-5.56549935695266007e-01,-1.08994784552580382e-01,-6.73728980193592049e+06,-1.01390389452805128e+07
755,1254,1284,1285,0,silica,-2.53087088294642060e+00,-1.77902511727499907e-01,-3.52193118290948821e+06,-5.34950663876483869e+06
756,1191,1193,1194,0,silica,-3.16367873487433426e+00,-8.19467101664648201e-01,-2.26368151242718939e+06,-4.77233840597525425e+06
757,1196,1192,1197,0,silica,-8.34381308636549246e-01,-8.08848020456963135e-01,-4.32254713270270545e+06,-1.07745851991096996e+07
758,1160,1226,1304,0,silica,-8.87532470462350176e-01,-8.36075606518556363e-02,-6.33288537742372882e+06,-9.05954939149131626e+06
759,1164,1256,1308,0,silica,-2.07275677157701876e+00,-8.54634232173293595e-02,-4.40768979425192066e+06,-6.13600321818443295e+06
760,1184,1248,1249,0,silica,-2.18245871173458594e+00,-1.09550334895452739e-01,-4.13595214823407121e+06,-5.90668780780839361e+06
761,1261,1182,1262,0,silica,-3.07667727749517317e+00,-1.09353179341761406e-01,-3.12790463788324315e+06,-4.37128406566234585e+06
762,1185,1254,1255,0,silica,-2.48062407221823777e+00,-1.08143615708418739e-01,-3.75090409223602246e+06,-5.35578989379335381e+06
763,1203,1204,1206,0,silica,-3.58840438160905117e+00,-1.04888429375651918e-01,-2.70356518031315785e+06,-3.67076501516881911e+06
764,1240,1177,1241,0,silica,-1.88929988245223246e+00,-1.07199541396263420e-01,-4.49094894826300628e+06,-6.48358764270850178e+06
765,1178,1210,1211,0,silica,-9.97273526546611944e-01,-1.09550334896299270e-01,-5.95457399478813168e+06,-8.73918640498798341e+06
766,1169,1222,1223,0,silica,-6.35357932773774614e-01,-1.04743920518062653e-01,-6.55287972801040579e+06,-9.90162953728597611e+06
767,1217,1179,1218,0,silica,-1.30088804499365973e+00,-1.04659868781106294e-01,-5.46907010581924394e+06,-7.90093261509089451e+06
768,1231,1181,1232,0,silica,-1.59718030759479546e+00,-1.04648345345929747e-01,-4.96727499724986032e+06,-7.13080917108624429e+06
769,1222,1221,1224,0,silica,-7.04520601603013663e-01,-9.96391297376889723e-02,-6.50598309012897406e+06,-9.62134598752567172e+06
770,1204,1174,1205,0,silica,-3.66444587507541319e+00,-1.05184546808994847e-01,-2.63492844407901727e+06,-3.55914217084819777e+06
771,1198,1297,1301,0,silica,-3.83597056889233912e+00,-2.11404610877662685e-01,-2.40793880261727329e+06,-3.40564062277147267e+06
772,1243,1188,1302,0,silica,-3.77742640302899835e+00,-8.41236933202472309e-02,-2.63843119978134381e+06,-3.44376264609729731e+06
773,1242,1163,1305,0,silica,-1.70287277592083819e+00,-8.09522480972087316e-02,-4.93510685383487213e+06,-6.94116437440463994e+06
774,1236,1162,1306,0,silica,-1.40903569856791666e+00,-8.27200190413873299e-02,-5.40315446564122103e+06,-7.66408683880760148e+06
775,1227,1160,1303,0,silica,-8.14814814818210720e-01,-8.39524360973048084e-02,-6.44807800441933889e+06,-9.27142814754003473e+06
776,1244,1164,1307,0,silica,-2.00014163880839613e+00,-8.96663179036402830e-02,-4.49572556254498567e+06,-6.27594575580147654e+06
777,1171,1245,1309,0,silica,-3.48082733248244836e+00,-8.29352513979665362e-02,-2.86347538349717855e+06,-3.82293951302679023e+06
778,1267,1168,1311,0,silica,-3.18654835562601191e+00,-8.32803725218674157e-02,-3.11872825234057754e+06,-4.22373094450504240e+06
779,1165,1259,1314,0,silica,-2.36859222889550169e+00,-8.81339819977041694e-02,-4.00562393379770452e+06,-5.57830380699059460e+06
780,1198,1176,1330,0,silica,-3.72049258195050392e+00,-3.30890652008977160e-01,-2.30911195497671096e+06,-3.61158185712445015e+06
781,37,243,1326,0,silica,-4.16206099510814664e-02,-1.63763694624644816e-02,-8.42112302782665193e+06,-1.18267414096637517e+07
782,191,36,1327,0,silica,-3.95837939004891837e+00,-1.63763694624640653e-02,-2.59014709518015850e+06,-3.18500949081155751e+06
783,1200,1251,1291,0,silica,-2.38683827966155526e+00,-3.43737282875738070e-01,-3.57175038758717524e+06,-5.96056711554805003e+06
784,1220,1235,1322,0,silica,-1.47118122879578439e+00,-3.20467401778323280e-01,-4.45427178576515429e+06,-7.93917945002300199e+06
785,791,37,1326,0,silica,-1.69292519262872719e-02,-3.92208296070326520e-02,-8.22793773993593175e+06,-1.20264488243413921e+07
786,36,773,1327,0,silica,-3.98307074807371242e+00,-3.92208296070322357e-02,-2.52875748123481730e+06,-3.12154730265523866e+06
787,1188,1297,1302,0,silica,-3.81742287626145194e+00,-1.12245717131796693e-01,-2.52536530076336861e+06,-3.37342971513702348e+06
788,1311,1168,1312,0,silica,-3.22311673128306131e+00,-1.06084192264767910e-01,-2.99551443160062749e+06,-4.15189100999862654e+06
789,1171,1309,1310,0,silica,-3.44304281182452199e+00,-1.05777726530018226e-01,-2.80915757393540349e+06,-3.85600810563022597e+06
790,1282,1165,1314,0,silica,-2.33246952048915146e+00,-1.08148103928308759e-01,-3.94457983472808823e+06,-5.60462268813042622e+06
791,1162,1281,1306,0,silica,-1.44596769142815962e+00,-1.04154302157599910e-01,-5.17912422726287786e+06,-7.53744999559633154e+06
792,1163,1275,1305,0,silica,-1.73779911666857401e+00,-1.02488734599913131e-01,-4.76011000967210717e+06,-6.80741737138297968e+06
793,1225,1279,1280,0,silica,-1.92192531317011639e-01,-1.15102587186713165e-01,-7.46887529474707507e+06,-1.14577509449184593e+07
794,1288,1167,1289,0,silica,-2.92755757811750250e+00,-1.10830891393776235e-01,-3.26038862483476615e+06,-4.61598994840763509e+06
795,1180,1278,1279,0,silica,-2.68210501197154949e-01,-1.07215301139506433e-01,-7.34901534510423616e+06,-1.12020008932620604e+07
796,1276,1161,1277,0,silica,-1.14914204555978050e+00,-1.04298111682373532e-01,-5.70340405084196012e+06,-8.29704336067703180e+06
797,1312,1270,1313,0,silica,-3.29549148211601306e+00,-1.05036103235566627e-01,-2.93245478027761448e+06,-4.06088899026134470e+06
798,1246,1310,1313,0,silica,-3.36877962162219902e+00,-1.04990733127694080e-01,-2.87238556330306968e+06,-3.94338853971213289e+06
799,1260,1261,1289,0,silica,-3.00004117731875786e+00,-1.07259553683429446e-01,-3.18579309132093424e+06,-4.48755271728961915e+06
800,1216,1217,1277,0,silica,-1.22512570090734019e+00,-1.03702770825304505e-01,-5.54544457600141503e+06,-8.10931894621347357e+06
801,1166,1258,1283,0,silica,-2.63203829552373492e+00,-1.03690101189230097e-01,-3.58271208013286581e+06,-5.06879490247658733e+06
802,1183,1269,1287,0,silica,-2.77373452007546639e+00,-1.07544655206362375e-01,-3.43519764520385722e+06,-4.82244791710415762e+06
803,1258,1257,1287,0,silica,-2.70165715503253567e+00,-1.04500576929608111e-01,-3.51211372529588686e+06,-4.95674754992809240e+06
804,1269,1268,1288,0,silica,-2.85148679501331204e+00,-1.14209267665037917e-01,-3.34217598318632087e+06,-4.71800876090284809e+06
805,1248,1247,1282,0,silica,-2.26015257906083056e+00,-1.05831065185623394e-01,-4.00738604991891840e+06,-5.75811144822855946e+06
806,1254,1253,1283,0,silica,-2.55792304413280647e+00,-1.03728522629414274e-01,-3.64923264112804364e+06,-5.22012031018215138e+06
807,1239,1240,1275,0,silica,-1.81283017154527326e+00,-1.07304139894930387e-01,-4.61211121506256983e+06,-6.65300740091208369e+06
808,1210,1209,1276,0,silica,-1.07502679416803271e+00,-1.04640948701142419e-01,-5.78992310085628461e+06,-8.52575215577630885e+06
809,1237,1238,1278,0,silica,-3.35697596075087201e-01,-1.03571882646820046e-01,-7.26627167589048296e+06,-1.08679775259413905e+07
810,1230,1231,1281,0,silica,-1.52139779502650296e+00,-1.03633630214245334e-01,-5.00666835156907048e+06,-7.34621107490635850e+06
811,141,1187,1274,0,silica,-1.67438616150913266e+00,-1.61534998758919079e+00,-1.59046320190367452e+06,-8.42108542489674874e+06
812,1186,140,1274,0,silica,-2.30735579469582097e+00,-1.62338938366845409e+00,-1.21148626344749797e+06,-6.93242370853128377e+06
813,21,138,1320,0,silica,-3.67063393071955391e+00,-1.86253596852920045e+00,-6.62931506766199982e+03,-4.53381946137630660e+06
814,143,22,1321,0,silica,-3.28934906185595732e-01,-1.83688202084555741e+00,-1.96493786816489664e+04,-1.25867414187865444e+07
815,1201,1235,1299,0,silica,-1.86308010527865076e+00,-3.71594484273146508e-01,-4.13204409812760819e+06,-6.75143965865478478e+06
816,1280,1189,1293,0,silica,-9.85566635007793512e-02,-1.59760524857315872e-01,-7.65955758307794482e+06,-1.20899494842644110e+07
817,1205,1198,1207,0,silica,-3.68446895715298117e+00,-1.88475841088931700e-01,-2.52270895115140919e+06,-3.56773954644430149e+06
818,1296,1229,1315,0,silica,-4.77538770199282370e-01,-1.05087938107840381e-01,-6.98151970964704454e+06,-1.03747200581245702e+07
819,1294,1190,1297,0,silica,-3.91373969240040509e+00,-1.42408621081508008e-01,-2.46442046888514515e+06,-3.27397294404345052e+06
820,1213,1303,1304,0,silica,-8.62394449359613513e-01,-1.46126732574543894e-01,-6.21941745859205164e+06,-9.14910197781629488e+06
821,1252,1307,1308,0,silica,-2.04825839996694059e+00,-1.60711628985017091e-01,-4.31698910262030549e+06,-6.21135981303391419e+06
822,1303,1160,1304,0,silica,-8.51073115705487049e-01,-1.03081913039976783e-01,-6.21883797530645318e+06,-9.12850996934268810e+06
823,1307,1164,1308,0,silica,-2.03637055669493838e+00,-1.10912558083683874e-01,-4.31243833543510363e+06,-6.18868256750733312e+06
824,1226,1211,1304,0,silica,-9.22090097946172249e-01,-1.07171525525734126e-01,-6.12687373160591070e+06,-8.92207186806867458e+06
825,1256,1249,1308,0,silica,-2.10731439906037865e+00,-1.09027388091008259e-01,-4.24495226023710240e+06,-6.03746855257103872e+06
826,1299,1252,1319,0,silica,-2.04943166188543202e+00,-2.69158071859328274e-01,-4.09836560179902054e+06,-6.27974041689225193e+06
827,1172,1175,1331,0,silica,-2.70686873793959892e-01,-6.04498934145948574e-01,-6.08826050346423592e+06,-1.20752001983863898e+07
828,1251,1282,1314,0,silica,-2.32471649346443288e+00,-1.67275823104862997e-01,-3.90592892167493794e+06,-5.80548924333681073e+06
829,1241,1244,1307,0,silica,-1.96326853142263213e+00,-1.10879489277744270e-01,-4.41201315905868541e+06,-6.31565200898895226e+06
830,1245,1206,1309,0,silica,-3.51638198609427377e+00,-1.05418504612350361e-01,-2.75860523341066344e+06,-3.75238577567567816e+06
831,1205,1243,1302,0,silica,-3.74042145146764859e+00,-1.06899984094984801e-01,-2.58380195052091591e+06,-3.47621214234217629e+06
832,1232,1242,1305,0,silica,-1.66731812230876209e+00,-1.03445744242750340e-01,-4.85541920845979638e+06,-6.99364872028710321e+06
833,1224,1227,1303,0,silica,-7.75888848120721675e-01,-1.00933418076919981e-01,-6.31976404799145646e+06,-9.35142463402416185e+06
834,1218,1236,1306,0,silica,-1.37348104495584056e+00,-1.05213515186931394e-01,-5.29360248274406418e+06,-7.74373388073062804e+06
835,1262,1267,1311,0,silica,-3.15186745810524727e+00,-1.06900153438433912e-01,-3.04454238982212031e+06,-4.27316281122516561e+06
836,1259,1255,1314,0,silica,-2.40501892056825906e+00,-1.10554442212222284e-01,-3.84826599458353035e+06,-5.48664380721540842e+06
837,1191,1173,1193,0,silica,-3.45822597444908419e+00,-8.82624433450176160e-01,-1.59290115564077836e+06,-4.66339460561610106e+06
838,1172,1192,1196,0,silica,-5.61131771328861273e-01,-8.61799413298238726e-01,-4.05941778933814960e+06,-1.08482718285379130e+07
839,1266,1265,1312,0,silica,-3.25808639705365799e+00,-1.83746905731490523e-01,-2.84447538631399861e+06,-4.18277970041693654e+06
840,1208,1266,1310,0,silica,-3.40224321034097343e+00,-1.83642967800557694e-01,-2.73613815751334652e+06,-3.94749462615580531e+06
841,1238,1170,1315,0,silica,-4.06211182313067798e-01,-1.03987908698902273e-01,-7.08467968823535834e+06,-1.06373401761049163e+07
842,1252,1299,1307,0,silica,-2.00101917077647906e+00,-2.02652740355049515e-01,-4.13111772475444758e+06,-6.39830284789466765e+06
843,1187,142,1317,0,silica,-1.10706865036372171e+00,-1.65504482139647302e+00,-1.57561589296505926e+06,-9.86048615294456109e+06
844,139,1186,1318,0,silica,-2.88882033901541524e+00,-1.67572340105903694e+00,-8.40366397537414916e+05,-5.91633354996764101e+06
845,1194,1295,1328,0,silica,-2.93692388260509007e+00,-4.82805704834580018e-01,-2.77109525350715127e+06,-5.16856716676307376e+06
846,142,143,1317,0,silica,-8.57142857146430015e-01,-1.86284235990235802e+00,-1.41767037762272339e+04,-1.09447020530083664e+07
847,138,139,1318,0,silica,-3.14878205546699119e+00,-1.87548154348565821e+00,-7.35408553184151606e+03,-5.23956615808887687e+06
848,1281,1220,1306,0,silica,-1.43965081970216713e+00,-1.55527213818662552e-01,-5.14997997236002889e+06,-7.80726714116111677e+06
849,1275,1234,1305,0,silica,-1.72119180233204472e+00,-1.44920588153570978e-01,-4.71934188868509233e+06,-7.02766142732482869e+06
850,1309,1208,1310,0,silica,-3.45403959981169573e+00,-1.57998421885446522e-01,-2.81328818314092606e+06,-3.88356196857524104e+06
851,1265,1311,1312,0,silica,-3.21262756153816431e+00,-1.58358184020806009e-01,-2.97564821647430398e+06,-4.28533840992214531e+06
852,1175,1189,1202,0,silica,-1.49328409024092196e-01,-3.23707613259844873e-01,-7.06945610892648622e+06,-1.22978574235478342e+07
853,1215,191,1327,0,silica,-3.92152657958536333e+00,-3.55355269367915588e-02,-2.55184768494283641e+06,-3.20316272596298205e+06
854,243,1199,1326,0,silica,-7.84734204146366049e-02,-3.55274684528437204e-02,-8.10531882694673445e+06,-1.16770558692165464e+07
855,1265,1262,1311,0,silica,-3.16563577914816507e+00,-1.58865296544337425e-01,-3.04630847109878529e+06,-4.28333445041421894e+06
856,1206,1208,1309,0,silica,-3.50276066114620610e+00,-1.57419648237262289e-01,-2.74141129094118113e+06,-3.88188394263662305e+06
857,1220,1218,1306,0,silica,-1.39175048707769289e+00,-1.56372502183636797e-01,-5.29937522536497097e+06,-7.78638077042956278e+06
858,1234,1232,1305,0,silica,-1.67529712182007717e+00,-1.45663673132053278e-01,-4.86775580700107571e+06,-7.04736192927566450e+06
859,1251,1200,1319,0,silica,-2.27964101835220267e+00,-3.60957916479165364e-01,-3.63405861022363137e+06,-5.94302301161155663e+06
860,1261,1264,1289,0,silica,-2.98672983931700875e+00,-1.57337872502636505e-01,-3.18412864878951060e+06,-4.64130736867086403e+06
861,1214,1210,1276,0,silica,-1.09242431484939351e+00,-1.55277371665178771e-01,-5.78918876869912073e+06,-8.51921702513640374e+06
862,1251,1248,1282,0,silica,-2.27711191889602382e+00,-1.64679291583420928e-01,-4.00978561215136480e+06,-5.79565617442912050e+06
863,1329,1208,1330,0,silica,-3.46121879807040544e+00,-3.06529063817687797e-01,-2.51469776652088156e+06,-3.93421132032646146e+06
864,1197,1316,1322,0,silica,-1.12790010632870685e+00,-5.06067593691608475e-01,-4.94398150267794356e+06,-9.36235279818912782e+06
865,1273,1331,1332,0,silica,-3.82665639044756534e-01,-2.80608512348006156e-01,-6.82301396472370066e+06,-1.11622148939195815e+07
866,1249,1252,1308,0,silica,-2.09508856658820664e+00,-1.58498405193382014e-01,-4.22531472522734571e+06,-6.21225634450884815e+06
867,1211,1213,1304,0,silica,-9.09297755855832945e-01,-1.49888291261342954e-01,-6.08335325057956669e+06,-9.14770460613767616e+06
868,1292,1290,1295,0,silica,-2.80806633109257930e+00,-3.21410230488300752e-01,-3.06705188705204474e+06,-4.92894239178857766e+06
869,1191,1328,1329,0,silica,-3.26334802968423032e+00,-4.48914831212690935e-01,-2.63692549451360432e+06,-4.30200983555022161e+06
870,1286,1258,1287,0,silica,-2.70576679970233824e+00,-1.51176669440813954e-01,-3.52207172959550843e+06,-5.03165138905680645e+06
871,1269,1286,1287,0,silica,-2.75315280672074891e+00,-1.54235688925389053e-01,-3.39096158897246327e+06,-5.00276782181121781e+06
872,1214,1276,1277,0,silica,-1.14180703089898272e+00,-1.55010079937626499e-01,-5.67729623402807210e+06,-8.53328517749946937e+06
873,1264,1288,1289,0,silica,-2.93897877545764175e+00,-1.60984480523302942e-01,-3.26512748296892131e+06,-4.64391010006670933e+06
874,1272,1192,1331,0,silica,-5.16853611957221681e-01,-4.17697349731675438e-01,-5.95293251679628342e+06,-1.05569115471043456e+07
875,1200,1195,1201,0,silica,-2.19170593864799068e+00,-6.45251157319094215e-01,-3.37658157485753763e+06,-6.59644053516487870e+06
876,767,766,1323,0,silica,-3.90099978799302782e+00,-1.23591403947782008e+00,-1.01568528890886775e+06,-3.85594017508182721e+06
877,1264,1263,1328,0,silica,-3.04313424602535676e+00,-2.71751042072714444e-01,-3.03403483462957246e+06,-4.56050800160397962e+06
878,772,771,1190,0,silica,-3.98059180170968974e+00,-1.79396083872199769e-01,-2.37589059520626068e+06,-3.22889379294121731e+06
879,789,790,1189,0,silica,-2.69163354493114106e-02,-1.95441746742317651e-01,-7.54438601036064047e+06,-1.23770827530147731e+07
880,1298,1240,1299,0,silica,-1.85501645915959412e+00,-1.96942449870974617e-01,-4.34242915672140568e+06,-6.63876200144369528e+06
881,1269,1288,1290,0,silica,-2.85185221984180970e+00,-1.69640909154698732e-01,-3.33975504426862206e+06,-4.83468957790966984e+06
882,1201,1195,1300,0,silica,-1.93767740708539460e+00,-7.29860489723832107e-01,-3.00018429333160399e+06,-6.81003973008385021e+06
883,1266,1312,1313,0,silica,-3.30484258379874385e+00,-1.49789162059198538e-01,-2.93820110943943961e+06,-4.08958952353277197e+06
884,1310,1266,1313,0,silica,-3.35343936528040620e+00,-1.49738520528803570e-01,-2.84571405712943990e+06,-4.08187018031784985e+06
885,1229,1273,1315,0,silica,-4.64315493528485446e-01,-1.53519109614550953e-01,-6.92692997128186189e+06,-1.06690581321205031e+07
886,1212,1214,1316,0,silica,-1.02657977685448842e+00,-2.62185093941834035e-01,-5.55301522846329678e+06,-9.20272013803089969e+06
887,1250,1251,1319,0,silica,-2.21051015289764896e+00,-2.64406889499653130e-01,-3.80108171584687801e+06,-6.21727530898647290e+06
888,1300,1197,1322,0,silica,-1.34740817867351481e+00,-6.38124801845482592e-01,-3.58945730738570215e+06,-8.54895283339073882e+06
889,1273,1238,1315,0,silica,-4.17427766566448033e-01,-1.52451675002813786e-01,-7.08932101303267386e+06,-1.06715612619219869e+07
890,1192,1172,1331,0,silica,-4.29024221059522592e-01,-6.28961576844494386e-01,-5.19014013743757177e+06,-1.19023569527021088e+07
891,1199,1293,1326,0,silica,-7.55447375170740787e-02,-7.32486659456050987e-02,-8.07262936564086843e+06,-1.19117779887445718e+07
892,1294,1215,1327,0,silica,-3.92578910815520032e+00,-6.98545481425820319e-02,-2.55601423275495507e+06,-3.23299340614774683e+06
893,1202,1279,1332,0,silica,-2.63667033166102571e-01,-2.06437826973509458e-01,-6.95693995790388063e+06,-1.15148873845205233e+07
894,1293,791,1326,0,silica,-3.86919270535189472e-02,-7.69420270997940164e-02,-8.17524770698388014e+06,-1.18885406091234963e+07
895,773,1294,1327,0,silica,-3.96264191861875537e+00,-7.35398508128227019e-02,-2.49102095737323724e+06,-3.22031696292858105e+06
896,1196,1317,1321,0,silica,-6.83319952579375278e-01,-1.40574428501348359e+00,-1.83643850522610405e+06,-1.09367136169855651e+07
897,1318,1193,1320,0,silica,-3.34313023972838641e+00,-1.45264740334057052e+00,-6.69631837122917175e+05,-4.95662796348893829e+06
898,1189,790,1293,0,silica,-4.86790105765430928e-02,-1.58267022118240980e-01,-7.88415070805182401e+06,-1.20585889450099748e+07
899,772,1190,1294,0,silica,-3.96016297225473224e+00,-1.38819182961152199e-01,-2.40689445165959327e+06,-3.27639257454339974e+06
900,1194,1200,1292,0,silica,-2.63415085632506463e+00,-5.16540514595670630e-01,-2.89092881835870957e+06,-5.28737019215961453e+06
901,1331,1202,1332,0,silica,-3.10089246292322096e-01,-2.99604754427836462e-01,-6.78465880624560267e+06,-1.11723593900450412e+07
902,1325,1191,1330,0,silica,-3.56311402967545510e+00,-5.24175050329660608e-01,-2.05687250951261749e+06,-4.00538643300148472e+06
903,1320,1193,1323,0,silica,-3.52391940082611654e+00,-1.32127284886473251e+00,-1.22830321128455386e+06,-4.58154926341117825e+06
904,1235,1201,1300,0,silica,-1.76013636838145149e+00,-5.38938227550373794e-01,-3.56721025188857270e+06,-7.70407751559219323e+06
905,1284,1286,1292,0,silica,-2.66302625640956458e+00,-2.57604785818255910e-01,-3.42739692746800510e+06,-5.18880563028473780e+06
906,1212,1210,1214,0,silica,-1.05133142316461092e+00,-1.85622743034465215e-01,-5.56931229530342016e+06,-8.74393879195303842e+06
907,1261,1263,1264,0,silica,-3.02665034875354166e+00,-1.86118277597569381e-01,-3.03404792132546380e+06,-4.50642988334252313e+06
908,1250,1248,1251,0,silica,-2.23609859598791738e+00,-1.93775004424658226e-01,-3.86891076478308626e+06,-5.90651216683755349e+06
909,1193,1173,1323,0,silica,-3.56937197106554072e+00,-1.08477372838859165e+00,-1.30915345427495241e+06,-4.19977594899224956e+06
910,1176,1325,1330,0,silica,-3.72015842223911264e+00,-4.47457205714025807e-01,-2.28483004853473650e+06,-3.82148441686376790e+06
911,1207,1198,1330,0,silica,-3.64061150368881892e+00,-2.66089417052186805e-01,-2.46882821507667657e+06,-3.82433221970578143e+06
912,1249,1250,1252,0,silica,-2.12980326660858887e+00,-1.86622900456391599e-01,-4.08500985925277695e+06,-6.09101875423274469e+06
913,1263,1262,1265,0,silica,-3.13055291130712554e+00,-1.89701607850746162e-01,-2.93549860068603512e+06,-4.37688727009938192e+06
914,1206,1207,1208,0,silica,-3.54319817690608652e+00,-1.84069973148815125e-01,-2.62693553783128737e+06,-3.78734722529339744e+06
915,1211,1212,1213,0,silica,-9.44051571802194789e-01,-1.79868649090883487e-01,-5.94402515193491895e+06,-8.98151740874629468e+06
916,1219,1218,1220,0,silica,-1.35096865412002387e+00,-1.83053910745138548e-01,-5.16492192745388020e+06,-7.92250250724436250e+06
917,1233,1232,1234,0,silica,-1.63703610336328520e+00,-1.74136393716836979e-01,-4.75302781463107094e+06,-7.15638746991230920e+06
918,1284,1258,1286,0,silica,-2.65757704411330797e+00,-1.80688637609089153e-01,-3.42426119081228226e+06,-5.09581283276687562e+06
919,1251,1314,1324,0,silica,-2.36295903845356881e+00,-1.92117808169954524e-01,-3.70888584557933779e+06,-5.70120796114856191e+06
920,1286,1269,1290,0,silica,-2.79260181726064394e+00,-1.91079523381910116e-01,-3.28866008066263655e+06,-4.85910912619291246e+06
921,1285,1284,1291,0,silica,-2.51371426906742323e+00,-2.31313763199067601e-01,-3.49456490512209525e+06,-5.57953413516354561e+06
922,1317,143,1321,0,silica,-6.14649191901072367e-01,-1.69972438074791543e+00,-1.63644290039821365e+06,-1.20711543776919171e+07
923,138,1318,1320,0,silica,-3.39084455761485160e+00,-1.73801751201485888e+00,-6.53073902795183589e+05,-4.77641158984122612e+06
924,1201,1299,1319,0,silica,-2.02052411997320114e+00,-3.72533915835059071e-01,-3.88455760691996058e+06,-6.80248299625445995e+06
925,1229,1223,1272,0,silica,-5.54595065161834988e-01,-1.80511980593272225e-01,-6.74349628575335350e+06,-1.04554986278512571e+07
926,1249,1248,1250,0,silica,-2.17964381839790233e+00,-1.58474464649656199e-01,-4.14692485076850047e+06,-6.06250869843609724e+06
927,1261,1262,1263,0,silica,-3.07931368599071797e+00,-1.59331222785881826e-01,-3.12232111908239871e+06,-4.45928224720221478e+06
928,1255,1254,1285,0,silica,-2.48173140974796524e+00,-1.51907642151677652e-01,-3.75316296942950413e+06,-5.46860522297944967e+06
929,1206,1204,1207,0,silica,-3.59142984301078849e+00,-1.50393711384085166e-01,-2.71283402022430627e+06,-3.72647425999385817e+06
930,1217,1218,1219,0,silica,-1.29841943214668976e+00,-1.50038065847496765e-01,-5.43257549783065077e+06,-8.10660320414688997e+06
931,1211,1210,1212,0,silica,-9.94458633210053566e-01,-1.58474464650927488e-01,-5.97077135977242980e+06,-8.96920155665473826e+06
932,1231,1232,1233,0,silica,-1.59477329030409365e+00,-1.50050083491420905e-01,-4.93996044355635811e+06,-7.28434316450571921e+06
933,1222,1224,1271,0,silica,-7.08914604658229752e-01,-1.49558869992076682e-01,-6.51676129677997064e+06,-9.78832633234405518e+06
934,1234,1275,1298,0,silica,-1.74857987298941420e+00,-1.76021199562797381e-01,-4.59983326123990025e+06,-6.87194502687998675e+06
935,1288,1264,1290,0,silica,-2.90230716324935623e+00,-1.95085118707202992e-01,-3.14799349928481085e+06,-4.74821981232270226e+06
936,771,770,1301,0,silica,-3.96620865064889339e+00,-2.73859656479557956e-01,-2.28562037331052776e+06,-3.30549588982615434e+06
937,1238,1273,1332,0,silica,-3.79083028282779233e-01,-1.83793756267534913e-01,-6.81287175618747622e+06,-1.09139594447417147e+07
938,1175,1202,1331,0,silica,-2.49451474460729378e-01,-3.88926452107457798e-01,-6.05023218832769338e+06,-1.19299086976661533e+07
939,785,786,1172,0,silica,-9.54148669039194125e-02,-8.90272548016875720e-01,-4.28488283374124020e+06,-1.37206851685668025e+07
940,768,767,1173,0,silica,-3.90656269143569768e+00,-8.78801334939928847e-01,-1.50421414985662932e+06,-3.72451778319001431e+06
941,1229,1272,1273,0,silica,-5.00344635210750677e-01,-2.06617917371963028e-01,-6.70657505657031946e+06,-1.04652565296281353e+07
942,1283,1258,1284,0,silica,-2.61883902829686788e+00,-1.51797392828249583e-01,-3.55634998941246979e+06,-5.22313407058753911e+06
943,1275,1240,1298,0,silica,-1.80222422436314567e+00,-1.55503195631575691e-01,-4.61078032796063181e+06,-6.87040242207824625e+06
944,1278,1238,1332,0,silica,-3.33500728310301753e-01,-1.53337628398953846e-01,-7.22132567324701231e+06,-1.11258342847593203e+07
945,1173,1191,1325,0,silica,-3.61226752119865013e+00,-6.95324295895499600e-01,-2.05827000474410527e+06,-4.01742370880530309e+06
946,1265,1266,1329,0,silica,-3.28303276680019129e+00,-2.51127593233543389e-01,-2.84098467063589441e+06,-4.16149972659235913e+06
947,1291,1284,1292,0,silica,-2.58003160279946764e+00,-2.85930815041947117e-01,-3.29251403206023201e+06,-5.27172954918457009e+06
948,1314,1255,1324,0,silica,-2.40713875715104431e+00,-1.55410549207918441e-01,-3.85622156046097027e+06,-5.58508016498411167e+06
949,1194,1292,1295,0,silica,-2.80243240750693845e+00,-4.74089088568602601e-01,-3.04767768997512804e+06,-5.21441257464496139e+06
950,1263,1265,1328,0,silica,-3.11998931103840116e+00,-2.73618198100498478e-01,-2.92590558750024578e+06,-4.56288327390588261e+06
951,766,1320,1323,0,silica,-3.76210990918930088e+00,-1.42156475731443344e+00,-6.38708341172000160e+05,-4.38295983868331835e+06
952,1290,1264,1295,0,silica,-2.90045806922227944e+00,-2.72997311316213354e-01,-3.17111599905468430e+06,-4.90329388529076520e+06
953,770,769,1176,0,silica,-3.94689818394022884e+00,-4.15002772334917225e-01,-2.11692003368647071e+06,-3.39818859559461568e+06
954,787,788,1175,0,silica,-4.82326060040918700e-02,-4.43571728083264782e-01,-6.46878845836120564e+06,-1.29005897656974494e+07
955,1200,1291,1292,0,silica,-2.51115163009287246e+00,-3.83439561530821094e-01,-3.12519330032413919e+06,-5.78418343043495528e+06
956,1295,1264,1328,0,silica,-2.97830493672689167e+00,-3.24796729335241841e-01,-2.79785128310083831e+06,-4.73455572174445819e+06
957,1252,1250,1319,0,silica,-2.13138559109627534e+00,-2.55341455752305324e-01,-4.08889567029545689e+06,-6.28514642351820879e+06
958,1208,1207,1330,0,silica,-3.55023790839249243e+00,-2.62010617381640498e-01,-2.63704072960317833e+06,-3.85401449752080906e+06
959,1219,1220,1322,0,silica,-1.34335016232871429e+00,-2.74688215254842438e-01,-5.11533590083211940e+06,-8.32742585335036647e+06
960,1213,1212,1316,0,silica,-9.46470693070235569e-01,-2.54517670218984915e-01,-5.89443458756505046e+06,-9.26769001970243454e+06
961,1233,1234,1235,0,silica,-1.65005212635088228e+00,-2.43249200706582069e-01,-4.76817811592132039e+06,-7.31120217533367593e+06
962,1176,1198,1301,0,silica,-3.82929203268689511e+00,-2.93805759885142070e-01,-2.38497684472663840e+06,-3.56881055398963438e+06
963,1191,1329,1330,0,silica,-3.42526098664553125e+00,-4.41802357493653319e-01,-2.46609270273555256e+06,-4.32288968620070629e+06
964,1173,767,1323,0,silica,-3.80756247942872550e+00,-1.04702908775546732e+00,-1.24716886151247728e+06,-4.19685552981043328e+06
965,769,768,1325,0,silica,-3.91585103838638160e+00,-6.05144222178462532e-01,-1.90375773365107994e+06,-3.52151772225033725e+06
966,1190,771,1301,0,silica,-3.94680045235858401e+00,-2.17949531907650096e-01,-2.29214739716176968e+06,-3.32853427515246347e+06
967,1255,1285,1324,0,silica,-2.44681420929396909e+00,-1.75113114052763086e-01,-3.68431104611821147e+06,-5.51225690642306302e+06
968,1328,1265,1329,0,silica,-3.20374580930345187e+00,-3.13694833937263273e-01,-2.65571272686314071e+06,-4.39295498621721193e+06
969,1285,1291,1324,0,silica,-2.45495929880351715e+00,-2.28017754932283601e-01,-3.68827929815317132e+06,-5.61484492308957316e+06
970,770,1176,1301,0,silica,-3.91310683458912223e+00,-3.30870250485157003e-01,-2.14019341760021215e+06,-3.46916537489991169e+06
971,768,1173,1325,0,silica,-3.82241372982207928e+00,-7.29245838018376502e-01,-1.64033625288467621e+06,-3.97809610304494807e+06
972,1176,769,1325,0,silica,-3.86274922232661000e+00,-4.94504835439950885e-01,-1.94264594950632309e+06,-3.65038027930935845e+06
973,784,785,1172,0,silica,-9.54148669039194125e-02,-1.12931511159800579e+00,-4.29398878413836006e+06,-1.37427497967144791e+07
974,786,787,1175,0,silica,-4.82326060040918700e-02,-5.71623273611545857e-01,-6.51726092855812982e+06,-1.31882873669258300e+07
975,788,789,1189,0,silica,-2.69163354493114106e-02,-2.64020175080383501e-01,-7.54710221157660428e+06,-1.26519057009210475e+07
976,1271,1213,1316,0,silica,-8.55367107853840403e-01,-2.55544231555008328e-01,-5.94257603126058448e+06,-9.24530231315892190e+06
977,1271,1224,1303,0,silica,-7.55797379737964792e-01,-1.51069814185155943e-01,-6.27786757888712827e+06,-9.74612607552167401e+06
978,1235,1298,1299,0,silica,-1.79544079149791247e+00,-2.66634903383825117e-01,-4.22475084943798464e+06,-7.03093331954127736e+06
979,1468,1371,1481,0,silica,2.04663530577635311e-01,-1.68511181447891595e-01,-8.30858379266392626e+06,-1.32939279310362041e+07
980,1394,1393,1487,0,silica,3.23389354251851202e+00,-1.63378181518585019e-01,-1.23468935413978957e+07,-3.44914436073135808e+07
981,1428,1426,1457,0,silica,7.24577157599582633e-01,-1.52455104899351129e-01,-9.59835114484382607e+06,-1.57220232221702319e+07
982,1472,1478,1504,0,silica,2.33049406021942040e+00,-5.25611493580910971e-01,-1.07397612764904629e+07,-2.65016004348598234e+07
983,1367,1359,1368,0,silica,1.43556731277546024e+00,-1.01568450238158237e+00,-6.60488547018560115e+06,-2.03711842467807345e+07
984,1414,1415,1417,0,silica,3.57672972036427783e-01,-1.50720779653044618e-01,-8.69489236867598444e+06,-1.39686810263014697e+07
985,1383,1384,1395,0,silica,3.39825988887506414e+00,-1.65140150342368508e-01,-1.19502237231380362e+07,-3.59494274093988091e+07
986,1360,1369,1370,0,silica,2.91164528410086021e+00,-1.07264812006518251e+00,-5.12060194456804264e+06,-2.99273060648587942e+07
987,1366,1359,1367,0,silica,1.08684745873942590e+00,-1.08489040515721524e+00,-4.41694144792358205e+06,-1.98719670694310814e+07
988,1375,1362,1455,0,silica,3.84982047715051445e+00,-2.11594355930179057e-01,-9.52531307825693488e+06,-3.87732988660853803e+07
989,1454,1453,1506,0,silica,3.70953518250694048e+00,-1.57943015740854814e-01,-1.07150178065235466e+07,-3.78806750434696451e+07
990,1438,1437,1469,0,silica,1.05624632007556007e+00,-1.59532297935206818e-01,-1.04369138268387858e+07,-1.73748585869922042e+07
991,1454,1375,1455,0,silica,3.79616922933966050e+00,-1.83707654415584565e-01,-1.04081848456509002e+07,-3.82700131732208803e+07
992,1360,1370,1472,0,silica,2.59988735650952529e+00,-9.72482196868152737e-01,-7.74892355383404437e+06,-2.93465240011551045e+07
993,1460,1444,1461,0,silica,1.68880203942588758e+00,-1.46885163207734926e-01,-1.17595332091848981e+07,-2.17420464796538241e+07
994,1400,1449,1504,0,silica,2.15347056295460648e+00,-2.83729243611907100e-01,-1.14032993267552648e+07,-2.53653765929851197e+07
995,1364,1470,1490,0,silica,7.68884286819921381e-01,-4.75776879975331302e-01,-8.22182493613267317e+06,-1.59265570684138425e+07
996,1381,1389,1473,0,silica,2.90511906043513202e+00,-1.79329388293788083e-01,-1.21455455018909704e+07,-3.12654358375544325e+07
997,1394,1365,1395,0,silica,3.35264608116605745e+00,-3.47328838296468601e-01,-1.11344345876707640e+07,-3.47135889042087719e+07
998,802,1345,1494,0,silica,3.76649359272907702e+00,-1.29015463188218860e+00,-2.61602828961943369e+06,-3.55242850813491121e+07
999,1365,1394,1488,0,silica,3.21619416361885202e+00,-3.82460175175847350e-01,-1.03979552091739494e+07,-3.44346758366219252e+07
1000,1390,1394,1487,0,silica,3.18194289231469929e+00,-1.90060809060271646e-01,-1.16553989609478079e+07,-3.40637434324595556e+07
1001,1389,1381,1488,0,silica,2.95107512150950280e+00,-2.55240253828175445e-01,-1.20587756488421541e+07,-3.21807413483995609e+07
1002,1369,1360,1491,0,silica,3.01382175207367276e+00,-1.37273136891738834e+00,-3.88315388908931799e+06,-3.23033294510593526e+07
1003,1359,1366,1492,0,silica,9.68868568673760477e-01,-1.39069576896319513e+00,-3.60240357568744151e+06,-1.78494134276090078e+07
1004,1372,1455,1464,0,silica,3.89166457903995600e+00,-1.04471304691543490e-01,-1.01627426545076165e+07,-3.94518364308423549e+07
1005,1478,1370,1497,0,silica,2.68483918844949221e+00,-4.71534876255297386e-01,-1.06111502509736251e+07,-3.04183995667114556e+07
1006,1420,1465,1468,0,silica,1.03704919772297233e-01,-1.02983545794887152e-01,-8.29990929959529825e+06,-1.26360274027303215e+07
1007,1404,1395,1505,0,silica,3.53815998759965611e+00,-2.95561525222695909e-01,-1.07513323855434321e+07,-3.67743671259693280e+07
1008,1367,1368,1373,0,silica,1.52471256089838536e+00,-7.22488949123925139e-01,-7.33524970627812203e+06,-2.21923104376357198e+07
1009,1472,1370,1478,0,silica,2.53141765040895406e+00,-6.29550297964088235e-01,-8.18238262541488372e+06,-2.75730396856337562e+07
1010,1412,1486,1501,0,silica,1.86391106162123954e+00,-1.48319394592465154e-01,-1.22067171053833291e+07,-2.26106619556419440e+07
1011,1348,806,1362,0,silica,3.92540600431580211e+00,-3.50265485158894052e-01,-8.65911015533008426e+06,-3.85654593116087243e+07
1012,1370,1365,1488,0,silica,3.07787841260429795e+00,-5.31695975395616416e-01,-8.86710881976420060e+06,-3.18577160903711244e+07
1013,1364,1367,1470,0,silica,9.24949924101583498e-01,-5.88504843280650558e-01,-7.05085790140081011e+06,-1.76465261628927886e+07
1014,1468,1363,1471,0,silica,9.96228274952788428e-02,-1.92558976905549017e-01,-8.09821084847229440e+06,-1.29361627052235026e+07
1015,1384,1394,1395,0,silica,3.34371580942996127e+00,-2.05655322542064423e-01,-1.11516280814036168e+07,-3.53102968706928641e+07
1016,1345,1369,1494,0,silica,3.50680807882445222e+00,-1.18302016197571880e+00,-5.31646440544949938e+06,-3.49353513499440700e+07
1017,1374,1472,1504,0,silica,2.18057841919099049e+00,-5.73132424477991620e-01,-9.56181611754807457e+06,-2.63640882097082436e+07
1018,272,271,1350,0,silica,2.11111111110611782e+00,-2.13836183055296121e-02,-1.36074101822619420e+07,-2.45033809731774293e+07
1019,288,287,1392,0,silica,3.29631023944352330e+00,-2.13933046431274733e-02,-1.33527083378973752e+07,-3.51728980332152322e+07
1020,278,277,1335,0,silica,2.55555555555174196e+00,-2.11198692588077247e-02,-1.40775718375471681e+07,-2.83069277443945296e+07
1021,281,280,1376,0,silica,2.77775676893916090e+00,-2.13996215542532446e-02,-1.41219880960597787e+07,-3.03564687580946125e+07
1022,286,285,1333,0,silica,3.14788594291731494e+00,-2.10963947791237456e-02,-1.37105093094800934e+07,-3.37727645450409502e+07
1023,296,295,1372,0,silica,3.88907311546222445e+00,-1.91510989903598203e-02,-1.09113708636285774e+07,-3.97332562951016799e+07
1024,292,291,1343,0,silica,3.59259259259151698e+00,-2.11644024158539751e-02,-1.23512222288867552e+07,-3.76969509670307338e+07
1025,282,281,1334,0,silica,2.85185185184882073e+00,-2.11201287755388538e-02,-1.40916891589974966e+07,-3.10309981908478513e+07
1026,289,288,1342,0,silica,3.37012330646451863e+00,-2.15690483209675342e-02,-1.31279979004056919e+07,-3.58549631305202246e+07
1027,280,279,1352,0,silica,2.70345663979609219e+00,-2.15690483209671803e-02,-1.41227087729958910e+07,-2.96719784994391240e+07
1028,284,283,1353,0,silica,2.99975293609317051e+00,-2.15690483209665246e-02,-1.39572841742892247e+07,-3.24164234520914257e+07
1029,294,293,1351,0,silica,3.74074074074005658e+00,-2.13836183055372275e-02,-1.16659272792266458e+07,-3.87513258811473027e+07
1030,290,289,1382,0,silica,3.44465033102980334e+00,-2.15999991572320416e-02,-1.29139534447637554e+07,-3.64992684934208617e+07
1031,274,273,1336,0,silica,2.25950632315885391e+00,-2.15690483209670658e-02,-1.38187638904078100e+07,-2.56910758233709112e+07
1032,276,275,1354,0,silica,2.40740740740320414e+00,-2.11303717068324348e-02,-1.39765160216749758e+07,-2.69697440556669012e+07
1033,275,274,1407,0,silica,2.33376720056562759e+00,-2.14392203569590267e-02,-1.39019869445849974e+07,-2.63394517053846344e+07
1034,283,282,1406,0,silica,2.92592592592308831e+00,-2.13833433033748209e-02,-1.40340757304002177e+07,-3.17351236921478435e+07
1035,279,278,1391,0,silica,2.62919576238931851e+00,-2.14374699489543463e-02,-1.41063130941859242e+07,-2.89749949040284529e+07
1036,273,272,1396,0,silica,2.18522636249775815e+00,-2.14591635967607136e-02,-1.37257934222767632e+07,-2.50793267346040532e+07
1037,277,276,1405,0,silica,2.48148148147747305e+00,-2.13078024275313339e-02,-1.40318965899929218e+07,-2.76309451039531492e+07
1038,285,284,1386,0,silica,3.07403076887326554e+00,-2.13976033572772818e-02,-1.38512800996227823e+07,-3.31063020128863305e+07
1039,291,290,1408,0,silica,3.51859176360661818e+00,-2.13513998494435503e-02,-1.26416296142579261e+07,-3.71205603718437180e+07
1040,293,292,1402,0,silica,3.66666666666578678e+00,-2.13917226125744826e-02,-1.20255022446825597e+07,-3.82567945360412970e+07
1041,295,294,1409,0,silica,3.81484551924326398e+00,-2.10113484288397094e-02,-1.12867241498328205e+07,-3.92663781292193383e+07
1042,271,270,1410,0,silica,2.03699585971451214e+00,-2.14588886157889118e-02,-1.34713888687528595e+07,-2.39047379555293433e+07
1043,249,248,1413,0,silica,4.07613293993485559e-01,-2.15999991571613793e-02,-9.54253109786842205e+06,-1.37761167112398129e+07
1044,248,247,1347,0,silica,3.33086269428493120e-01,-2.15690483208948632e-02,-9.34894213080041856e+06,-1.34275092698941603e+07
1045,247,246,1419,0,silica,2.59259259258741326e-01,-2.13833433032751506e-02,-9.16758272686466202e+06,-1.30937444284756277e+07
1046,250,249,1421,0,silica,4.81554726569971281e-01,-2.13494671207319527e-02,-9.71759834693406895e+06,-1.41213272100502383e+07
1047,245,244,1420,0,silica,1.10926884537283721e-01,-1.91591574742871820e-02,-8.80158576032220758e+06,-1.24575028374882881e+07
1048,270,269,1337,0,silica,1.96271589905362132e+00,-2.15690483208897804e-02,-1.33326745470819846e+07,-2.33144321921989620e+07
1049,246,245,1361,0,silica,1.85185185184816192e-01,-2.11644024157634086e-02,-8.98287077337106690e+06,-1.27885569120376967e+07
1050,267,266,1423,0,silica,1.74074074073622120e+00,-2.13991473826932073e-02,-1.28770441889497936e+07,-2.16791707613614649e+07
1051,251,250,1344,0,silica,5.55555555554492320e-01,-2.11198537944699664e-02,-9.91216042653562501e+06,-1.44653419789692294e+07
1052,266,265,1338,0,silica,1.66666666666236352e+00,-2.14281669267041702e-02,-1.27019976557427961e+07,-2.11561622251677699e+07
1053,258,257,1340,0,silica,1.07432113797570494e+00,-2.15690483208756112e-02,-1.12322480602134690e+07,-1.72822157595141195e+07
1054,269,268,1440,0,silica,1.88888888888393680e+00,-2.13833433032570713e-02,-1.31940680448691733e+07,-2.27453076603290141e+07
1055,256,255,1358,0,silica,9.25925925923785864e-01,-2.11201287754063695e-02,-1.08442653411540985e+07,-1.64176415895840432e+07
1056,254,253,1341,0,silica,7.78024841680273638e-01,-2.15690483208756667e-02,-1.04651846069563851e+07,-1.56041064374634344e+07
1057,252,251,1422,0,silica,6.29629629628354115e-01,-2.13397033872891988e-02,-1.00930455417003240e+07,-1.48406164597700480e+07
1058,262,261,1339,0,silica,1.37061743427113636e+00,-2.15690483208754898e-02,-1.19870640836394876e+07,-1.91220184753993005e+07
1059,268,267,1355,0,silica,1.81481481481007934e+00,-2.11644024157436328e-02,-1.30442953810308259e+07,-2.22162460171349123e+07
1060,260,259,1356,0,silica,1.22222222221921695e+00,-2.11201287754063556e-02,-1.16157157013304513e+07,-1.81765464806953780e+07
1061,264,263,1357,0,silica,1.51851851851464836e+00,-2.11201287754056617e-02,-1.23487155239045899e+07,-2.00890855428573973e+07
1062,255,254,1441,0,silica,8.51956896026885069e-01,-2.13340534397787156e-02,-1.06528400454790294e+07,-1.60123723203841764e+07
1063,253,252,1425,0,silica,7.03744881019579549e-01,-2.14518444436460204e-02,-1.02798547629321665e+07,-1.52247189368618187e+07
1064,261,260,1431,0,silica,1.29631730512846666e+00,-2.13996215541456571e-02,-1.18032477056258582e+07,-1.86378470091439821e+07
1065,257,256,1436,0,silica,1.00002100883303524e+00,-2.13996215541456224e-02,-1.10373302101142108e+07,-1.68529480007563569e+07
1066,259,258,1442,0,silica,1.14778824115151146e+00,-2.13624135485790123e-02,-1.14248175039527304e+07,-1.77105228972654529e+07
1067,265,264,1443,0,silica,1.59259259258850627e+00,-2.13833433032563185e-02,-1.25208320379256438e+07,-2.06277736774092838e+07
1068,263,262,1445,0,silica,1.44487831167749037e+00,-2.14375132016153824e-02,-1.21716523732857499e+07,-1.96167983929842561e+07
1069,784,22,1493,0,silica,1.38889878803458405e-01,-1.67745776830463900e+00,-1.70891716417580354e+06,-1.42610958178992514e+07
1070,23,802,1494,0,silica,3.86151680037610268e+00,-1.65217670286876905e+00,-2.46174493092597462e+06,-3.64809659714353085e+07
1071,1411,1412,1450,0,silica,1.94738485961492214e+00,-1.73190974649783586e-01,-1.23109086943394691e+07,-2.33493563698285930e+07
1072,289,1342,1382,0,silica,3.40736623008847905e+00,-4.31690474781995723e-02,-1.24681402397775073e+07,-3.62402104422320351e+07
1073,1353,283,1406,0,silica,2.96271589905603383e+00,-4.29523916243413420e-02,-1.33976970183900818e+07,-3.21025371128333174e+07
1074,1354,275,1407,0,silica,2.37080423760276249e+00,-4.25695920637914615e-02,-1.33872374950404726e+07,-2.66254508439979069e+07
1075,1334,281,1376,0,silica,2.81479380597629536e+00,-4.25197503297920984e-02,-1.35264808349463828e+07,-3.07006081341367401e+07
1076,276,1354,1405,0,silica,2.44444444444033904e+00,-4.24381741343637722e-02,-1.34358821216186136e+07,-2.72856160472214296e+07
1077,1342,288,1392,0,silica,3.33310021257646882e+00,-4.29623529640950075e-02,-1.26421904276126288e+07,-3.55824616486497074e+07
1078,1352,279,1391,0,silica,2.66598573552226314e+00,-4.30065182699215232e-02,-1.35118848373932261e+07,-2.93293521774163023e+07
1079,280,1352,1376,0,silica,2.74047266799783662e+00,-4.29686698752204319e-02,-1.35321526570142545e+07,-3.00167652158339284e+07
1080,1336,273,1396,0,silica,2.22251046343908110e+00,-4.30282119177277864e-02,-1.32440638044925109e+07,-2.53555463958147801e+07
1081,284,1353,1386,0,silica,3.03674666793194126e+00,-4.29666516782438099e-02,-1.33093375828464888e+07,-3.27947166771002188e+07
1082,292,1343,1402,0,silica,3.62962962962865143e+00,-4.25561250284284612e-02,-1.17067942932218164e+07,-3.80728604911466762e+07
1083,274,1336,1407,0,silica,2.29697722743268207e+00,-4.30082686779260925e-02,-1.33012494452463333e+07,-2.59813625338337794e+07
1084,278,1335,1391,0,silica,2.59215872535218317e+00,-4.25573392077620780e-02,-1.35056606074382383e+07,-2.86412400634728521e+07
1085,1343,291,1408,0,silica,3.55562880064375264e+00,-4.25158022652975254e-02,-1.19976543698934168e+07,-3.74907067645974234e+07
1086,294,1351,1409,0,silica,3.77780848220612997e+00,-4.23949667343769335e-02,-1.10328420365482513e+07,-3.91168331157927662e+07
1087,1333,285,1386,0,silica,3.11080560068181677e+00,-4.24939981364010344e-02,-1.32026293059980962e+07,-3.34818639067273512e+07
1088,282,1334,1406,0,silica,2.88888888888595297e+00,-4.25034720789136747e-02,-1.34570465637563877e+07,-3.14019757474562339e+07
1089,1335,277,1405,0,silica,2.51851851851460795e+00,-4.24276716863390621e-02,-1.34740692849476617e+07,-2.79541486288517453e+07
1090,290,1382,1408,0,silica,3.48176061315630880e+00,-4.29513990066755849e-02,-1.22322128976464067e+07,-3.68824253940220028e+07
1091,1351,293,1402,0,silica,3.70370370370292212e+00,-4.27753409181117136e-02,-1.14173173400607482e+07,-3.86077927117655426e+07
1092,1372,295,1409,0,silica,3.85206678285402804e+00,-4.01624474191995262e-02,-1.07123347906883229e+07,-3.96030338361489773e+07
1093,272,1350,1396,0,silica,2.14818932546061481e+00,-4.28427819022903292e-02,-1.31677568161597811e+07,-2.47572116980359331e+07
1094,1350,271,1410,0,silica,2.07403289675162350e+00,-4.28425069213185239e-02,-1.30209113556625545e+07,-2.41647700724934749e+07
1095,270,1337,1410,0,silica,1.99971175877325891e+00,-4.30279369366786887e-02,-1.28913051565283760e+07,-2.35721186317563318e+07
1096,248,1347,1413,0,silica,3.70329193052306438e-01,-4.31690474780562425e-02,-9.14625557688998245e+06,-1.35458445635081846e+07
1097,1347,247,1419,0,silica,2.96049232391516148e-01,-4.29523916241700068e-02,-8.96373407675210945e+06,-1.32114365014925189e+07
1098,249,1413,1421,0,silica,4.44723576119833985e-01,-4.29494662778933320e-02,-9.32974002861362323e+06,-1.38957111330699343e+07
1099,246,1361,1419,0,silica,2.22222222221776483e-01,-4.25477457190385558e-02,-8.81181139298778400e+06,-1.28883397530910764e+07
1100,1361,245,1420,0,silica,1.47963921574244650e-01,-4.03235598900505907e-02,-8.61949251266189478e+06,-1.25765900783598218e+07
1101,1344,250,1421,0,silica,5.18591763606923051e-01,-4.24693209152019191e-02,-9.51897398177135363e+06,-1.42355035678561870e+07
1102,1337,269,1440,0,silica,1.92567886201667804e+00,-4.29523916241468517e-02,-1.27623826865641009e+07,-2.29945413181531876e+07
1103,1355,267,1423,0,silica,1.77777777777315027e+00,-4.25635497984368436e-02,-1.24982335290404316e+07,-2.18977156748601124e+07
1104,251,1344,1422,0,silica,5.92592592591422385e-01,-4.24595571817591652e-02,-9.67948007339859009e+06,-1.46013560338135511e+07
1105,266,1338,1423,0,silica,1.70370370369929236e+00,-4.28273143093973810e-02,-1.23359996538015734e+07,-2.13670292520379238e+07
1106,264,1357,1443,0,silica,1.55555555555157787e+00,-4.25034720786619802e-02,-1.19706122716341577e+07,-2.03101041472279355e+07
1107,260,1356,1431,0,silica,1.25928026809153781e+00,-4.25197503295520196e-02,-1.13121064009138290e+07,-1.83540199709357359e+07
1108,252,1422,1425,0,silica,6.66707843982650261e-01,-4.27915478309352157e-02,-9.85407997926738672e+06,-1.49788654351771530e+07
1109,268,1355,1440,0,silica,1.85185185184700818e+00,-4.25477457190006972e-02,-1.26629732348365393e+07,-2.24386799287910238e+07
1110,256,1358,1436,0,silica,9.62983971796106175e-01,-4.25197503295519919e-02,-1.05657683551292606e+07,-1.65804357861494906e+07
1111,254,1341,1441,0,silica,8.15166922894159818e-01,-4.29031017606543788e-02,-1.02041622244952191e+07,-1.57505203771508485e+07
1112,1358,255,1441,0,silica,8.88993933063814246e-01,-4.24541822151850781e-02,-1.03995628948363494e+07,-1.61576927172734346e+07
1113,262,1339,1445,0,silica,1.40808833854476556e+00,-4.30065615224908757e-02,-1.16545463421351798e+07,-1.93085359383503981e+07
1114,258,1340,1442,0,silica,1.11099826801878598e+00,-4.29314618694546235e-02,-1.09468073232378382e+07,-1.74423265609491915e+07
1115,1340,257,1436,0,silica,1.03730510977416746e+00,-4.29686698750212370e-02,-1.07653194518037979e+07,-1.70096069805549979e+07
1116,1341,253,1425,0,silica,7.41028981960711874e-01,-4.30208927645216802e-02,-1.00455531350471862e+07,-1.53591113330505453e+07
1117,1356,259,1442,0,silica,1.18482527818844030e+00,-4.24825423239853714e-02,-1.11242730272764191e+07,-1.78892758124456406e+07
1118,1339,261,1431,0,silica,1.33360140606959932e+00,-4.29686698750211468e-02,-1.14783079373844899e+07,-1.88249893593397811e+07
1119,1338,265,1443,0,silica,1.62962962962543512e+00,-4.28115102299604922e-02,-1.21532429965545833e+07,-2.08400013093970008e+07
1120,1357,263,1445,0,silica,1.48191534871441988e+00,-4.25576419770210476e-02,-1.18482124477361292e+07,-1.97965186561345756e+07
1121,1371,1415,1481,0,silica,2.56973597346185467e-01,-1.62946507523472006e-01,-8.63568499766438454e+06,-1.33795885444637761e+07
1122,1438,1469,1489,0,silica,1.09634493261859922e+00,-1.89590021204346565e-01,-9.99891410825803690e+06,-1.77149589469179995e+07
1123,1392,287,1466,0,silica,3.25934027477633181e+00,-4.19510984342493787e-02,-1.28756865872269813e+07,-3.48973067349336371e+07
1124,286,1333,1466,0,silica,3.18499005232439325e+00,-4.16541885702456580e-02,-1.30190767867505830e+07,-3.41859868656455278e+07
1125,1368,1359,1446,0,silica,1.71336971632208512e+00,-1.26300696273467383e+00,-3.30347109641826851e+06,-2.32947918077571094e+07
1126,1345,804,1348,0,silica,3.85724774825056338e+00,-7.08270086261895693e-01,-6.15700370036261529e+06,-3.69894555872386098e+07
1127,1462,1444,1463,0,silica,1.60377048588316207e+00,-1.74602897148456754e-01,-1.14765370229584686e+07,-2.12448054985458516e+07
1128,287,286,1466,0,silica,3.22228929459011226e+00,-2.05577937911219054e-02,-1.35400094678582363e+07,-3.45005248906521574e+07
1129,1393,1392,1466,0,silica,3.26156420244699063e+00,-8.09497105642580789e-02,-1.28700696388683692e+07,-3.47316695579836145e+07
1130,1388,1353,1406,0,silica,2.96509658144681909e+00,-8.19823613601819434e-02,-1.33980018393824380e+07,-3.21426606061246470e+07
1131,1378,1352,1391,0,silica,2.66362959600628990e+00,-8.77566708934758438e-02,-1.35118301439869497e+07,-2.93190110294496603e+07
1132,1336,1398,1407,0,silica,2.29933336694865309e+00,-8.77584213014813569e-02,-1.33006092828800008e+07,-2.61040330449155308e+07
1133,1382,1385,1408,0,silica,3.48324299658144776e+00,-8.65650239277405281e-02,-1.22346592393613420e+07,-3.66407553215681016e+07
1134,1384,1342,1392,0,silica,3.33657563865230999e+00,-8.64624198636920333e-02,-1.26411716047848128e+07,-3.54408337986501604e+07
1135,1413,1416,1421,0,silica,4.46205959545034336e-01,-8.65630911988078400e-02,-9.32750096763101593e+06,-1.41151978892314900e+07
1136,1415,1347,1419,0,silica,2.96017146915584173e-01,-8.68930848145896412e-02,-8.96508154850349389e+06,-1.33888037917101569e+07
1137,1412,1337,1440,0,silica,1.92301636948068011e+00,-8.72994491429201491e-02,-1.27630128116472233e+07,-2.30774844884982482e+07
1138,1339,1433,1445,0,silica,1.41044447806076545e+00,-8.77567141458223121e-02,-1.16532366941357795e+07,-1.95562388667663857e+07
1139,1340,1438,1442,0,silica,1.10859176215149602e+00,-8.72310165745658200e-02,-1.09451252820207588e+07,-1.76383774549512416e+07
1140,1341,1427,1441,0,silica,8.16649306319381041e-01,-8.65167266815266567e-02,-1.02020356232985873e+07,-1.59726811830619518e+07
1141,147,148,1360,0,silica,2.60684059930987155e+00,-1.80210167914608088e+00,-3.15282759278047051e+04,-2.89852115662444271e+07
1142,146,147,1446,0,silica,2.00897913009338636e+00,-1.81705571946251543e+00,-2.65577125089347355e+04,-2.49592573867067285e+07
1143,145,146,1359,0,silica,1.40281885930695438e+00,-1.80024185757324307e+00,-2.90879905537354934e+04,-2.11262887106802054e+07
1144,1466,1333,1487,0,silica,3.18475318836543186e+00,-8.58437804617651762e-02,-1.30231699840787258e+07,-3.39958379406053349e+07
1145,1374,1449,1450,0,silica,2.00474591668385260e+00,-3.50230663201132331e-01,-1.14139782498821337e+07,-2.43701792120665088e+07
1146,1402,1343,1403,0,silica,3.62962962962865632e+00,-8.55901034264130028e-02,-1.17037020532470997e+07,-3.77369835852638632e+07
1147,1386,1353,1387,0,silica,3.03674666793194348e+00,-8.60006300762294201e-02,-1.33102838593541235e+07,-3.26573101086688004e+07
1148,1382,1342,1383,0,silica,3.40986617105833645e+00,-8.28438527755604587e-02,-1.24679603085200563e+07,-3.60940351654682904e+07
1149,1336,1396,1397,0,silica,2.22251046343907932e+00,-8.60621903157136742e-02,-1.32444901122232415e+07,-2.54521375087180100e+07
1150,1376,1352,1377,0,silica,2.74047266799783662e+00,-8.60026482732072495e-02,-1.35323500358785987e+07,-2.99877369174013697e+07
1151,1410,1337,1411,0,silica,1.99971175877325424e+00,-8.60619153345716370e-02,-1.28906867084126174e+07,-2.37118943692670614e+07
1152,1413,1347,1414,0,silica,3.72829134022169828e-01,-8.28438527752827919e-02,-9.14658039339368418e+06,-1.38097239084007069e+07
1153,1361,1420,1468,0,silica,1.45004485379046227e-01,-8.98289270048898275e-02,-8.63274543025774136e+06,-1.27409959651432782e+07
1154,1355,1423,1424,0,silica,1.77802736393657956e+00,-8.57801701931039523e-02,-1.24964380581337418e+07,-2.20865700538796410e+07
1155,1340,1436,1437,0,silica,1.03511459254780180e+00,-8.40623973231232474e-02,-1.07664769340072796e+07,-1.71798366482211687e+07
1156,1341,1425,1426,0,silica,7.43891283323408259e-01,-8.24970094460050485e-02,-1.00466466229302902e+07,-1.55913974655574020e+07
1157,1339,1431,1432,0,silica,1.33360140606959932e+00,-8.60026482728890179e-02,-1.14798860354689434e+07,-1.90570785539956838e+07
1158,1338,1443,1444,0,silica,1.62962962962543489e+00,-8.58454886278281065e-02,-1.21535870644579474e+07,-2.10295331480783261e+07
1159,808,809,1464,0,silica,3.97826719650455551e+00,-1.06517475338963011e-01,-1.00215482660965342e+07,-3.99307311269329265e+07
1160,791,790,1465,0,silica,2.04288294548566930e-02,-1.03079410344930789e-01,-8.22885556068540551e+06,-1.22235236101384144e+07
1161,1405,1354,1475,0,silica,2.44444444444034303e+00,-8.52679682782101073e-02,-1.34364376638301462e+07,-2.73629256114527881e+07
1162,1396,1350,1447,0,silica,2.14894379869282792e+00,-8.20072560196312000e-02,-1.31681727585779484e+07,-2.48933857788193673e+07
1163,1334,1376,1451,0,silica,2.81604991547489547e+00,-8.21845360952612597e-02,-1.35263728986713458e+07,-3.07101517111483924e+07
1164,1333,1386,1452,0,silica,3.11036105102539961e+00,-8.11075316165117410e-02,-1.32047292520854119e+07,-3.33112484391288161e+07
1165,1351,1402,1453,0,silica,3.70128680234924667e+00,-8.19259555625455743e-02,-1.14174459429093488e+07,-3.82159789587081522e+07
1166,1431,1356,1456,0,silica,1.25932567134615603e+00,-8.22045732903755738e-02,-1.13141380454728268e+07,-1.85336551869100556e+07
1167,1443,1357,1463,0,silica,1.55538724924540905e+00,-8.94350694871920426e-02,-1.19725539411290009e+07,-2.04922462846753970e+07
1168,1425,1422,1457,0,silica,6.69695327515825056e-01,-8.77059159395511267e-02,-9.85521404517410696e+06,-1.52289819044841379e+07
1169,1436,1358,1459,0,silica,9.61374012312473880e-01,-8.73902631810117847e-02,-1.05678044352628067e+07,-1.67604631895269770e+07
1170,1423,1338,1460,0,silica,1.70617052228562027e+00,-8.20783103768506078e-02,-1.23356904713038150e+07,-2.16300980216059089e+07
1171,1335,1405,1476,0,silica,2.51851851851460529e+00,-8.51944511420405920e-02,-1.34739985774061084e+07,-2.79634384484362788e+07
1172,1350,1410,1448,0,silica,2.07548297752249189e+00,-8.58468841502109531e-02,-1.30202981296828017e+07,-2.43662656313046440e+07
1173,1409,1351,1454,0,silica,3.77136635688775890e+00,-8.91998053251483042e-02,-1.10406463883900661e+07,-3.85985540776696578e+07
1174,1422,1344,1458,0,silica,5.90311115941943187e-01,-8.74689011193532789e-02,-9.68122329379968718e+06,-1.47971375155281816e+07
1175,1372,1409,1455,0,silica,3.85169969190244776e+00,-8.77255669205902339e-02,-1.07433904662031159e+07,-3.91882644397515655e+07
1176,1384,1392,1393,0,silica,3.30200959319002285e+00,-1.03891983672733210e-01,-1.21938494863655660e+07,-3.51209817514452785e+07
1177,1488,1381,1497,0,silica,2.86880361517988680e+00,-3.04953717263743040e-01,-1.11600027899331935e+07,-3.09100411788077801e+07
1178,1364,1366,1367,0,silica,8.49185312055071528e-01,-8.28604021697170068e-01,-6.97060676444294862e+06,-1.70703754981912002e+07
1179,1369,1365,1370,0,silica,3.14260720799665139e+00,-7.89053356906436298e-01,-8.58563215279547311e+06,-3.29903998015126772e+07
1180,1373,1374,1502,0,silica,1.80976988492949364e+00,-4.58927545752142507e-01,-9.34997401485872641e+06,-2.26775890134504028e+07
1181,1411,1337,1412,0,silica,1.96005340651761872e+00,-1.08950084237556033e-01,-1.23098627763224300e+07,-2.33711447637329847e+07
1182,1341,1426,1427,0,silica,7.82369526468191023e-01,-1.04658789923231299e-01,-9.80036439715816453e+06,-1.57252236595148258e+07
1183,1339,1432,1433,0,silica,1.37297357378713625e+00,-1.09353179342074780e-01,-1.11567505421159640e+07,-1.92466511349621937e+07
1184,1340,1437,1438,0,silica,1.06972411488204888e+00,-1.06962330474088804e-01,-1.04434093627545536e+07,-1.74244497308974452e+07
1185,1413,1414,1416,0,silica,4.11595618388549411e-01,-1.04888429375302447e-01,-8.98187189456929080e+06,-1.39013203543400560e+07
1186,1414,1347,1415,0,silica,3.35554124922424535e-01,-1.05184546808541057e-01,-8.76910723994816653e+06,-1.34950680236468967e+07
1187,1382,1383,1385,0,silica,3.44863265542479924e+00,-1.04888429375657857e-01,-1.18797594297065735e+07,-3.64211409941352084e+07
1188,1383,1342,1384,0,silica,3.37609867351021720e+00,-1.04743920517925471e-01,-1.19910247643244825e+07,-3.56964689431811124e+07
1189,1377,1352,1378,0,silica,2.70110050028011850e+00,-1.09353179342508336e-01,-1.29692133987080380e+07,-2.96573638449841663e+07
1190,1387,1353,1388,0,silica,3.00213361848395843e+00,-1.03632996454792722e-01,-1.29028118853558525e+07,-3.24182601888295524e+07
1191,1336,1397,1398,0,silica,2.26186246267482360e+00,-1.09353179342508211e-01,-1.27347479278483186e+07,-2.57511858754511252e+07
1192,1371,1468,1471,0,silica,1.64029431106813700e-01,-2.11404610877247129e-01,-8.05347113147493731e+06,-1.29523264403679073e+07
1193,1354,1407,1474,0,silica,2.37163201715829741e+00,-8.32697132424556480e-02,-1.33860906536556520e+07,-2.67155256890727989e+07
1194,1343,1408,1480,0,silica,3.55616050411073958e+00,-8.29911668398287811e-02,-1.19998519872742984e+07,-3.72013916023366302e+07
1195,1406,1334,1473,0,silica,2.88888888888595252e+00,-8.36892215693156721e-02,-1.34557993705877978e+07,-3.12849803318250254e+07
1196,1391,1335,1479,0,silica,2.59167611121814900e+00,-8.33029140538345675e-02,-1.35058935334777180e+07,-2.86590303309190162e+07
1197,1419,1361,1481,0,silica,2.22573596969628223e-01,-8.41236933196604225e-02,-8.81354073994692229e+06,-1.30833692216407005e+07
1198,1344,1421,1482,0,silica,5.17580910392890448e-01,-8.17096091669833879e-02,-9.51731893034642003e+06,-1.44129507725233249e+07
1199,1356,1442,1484,0,silica,1.18700035851658070e+00,-8.65234159637002370e-02,-1.11220002823503390e+07,-1.81242684400151819e+07
1200,1358,1441,1483,0,silica,8.89259204892545063e-01,-8.33120596250345735e-02,-1.03976010443093162e+07,-1.63831677598484214e+07
1201,1357,1445,1485,0,silica,1.48243761711862088e+00,-8.34513330072999687e-02,-1.18455748800773881e+07,-1.99981062826678827e+07
1202,1440,1355,1486,0,silica,1.84925187261496737e+00,-8.16910343031510972e-02,-1.26637506013945732e+07,-2.25263485053603724e+07
1203,1371,1349,1503,0,silica,2.85344822166652745e-01,-3.27656575341509659e-01,-7.71680554233402666e+06,-1.36157011410705894e+07
1204,38,296,1500,0,silica,3.95837939004896278e+00,-1.63763694624713581e-02,-1.05049695269749258e+07,-4.00490061089091673e+07
1205,244,37,1499,0,silica,4.16206099509092917e-02,-1.63763694624906829e-02,-8.61118234086788073e+06,-1.22234234527023118e+07
1206,1368,1446,1472,0,silica,2.02482170123105432e+00,-1.07038651183334377e+00,-6.94605871825443488e+06,-2.51731994099463373e+07
1207,1446,1360,1472,0,silica,2.33009057362708472e+00,-1.22677880528050909e+00,-3.59270476876486652e+06,-2.65540952764553986e+07
1208,1380,1478,1497,0,silica,2.60300584748139707e+00,-3.14882352193167458e-01,-1.07993134873468056e+07,-2.86235653904558346e+07
1209,1467,1418,1503,0,silica,5.26813589169493168e-01,-2.59816581331779373e-01,-8.72672015788293257e+06,-1.45506479812358506e+07
1210,1428,1457,1467,0,silica,6.84675572717444836e-01,-1.89366225577727643e-01,-9.23937799111012369e+06,-1.53439524008981884e+07
1211,809,38,1500,0,silica,3.98307074807371952e+00,-3.92208296070395215e-02,-1.02835531331007946e+07,-4.02778977396909148e+07
1212,37,791,1499,0,silica,1.69292519262645332e-02,-3.92208296070588533e-02,-8.42064059083768725e+06,-1.20264488243413921e+07
1213,1355,1424,1486,0,silica,1.81246442174146760e+00,-1.03524311394561128e-01,-1.21763486466142256e+07,-2.22621456465666667e+07
1214,1361,1468,1481,0,silica,1.82577123737469510e-01,-1.12245717131224512e-01,-8.43490400579687022e+06,-1.28478372751104627e+07
1215,1403,1343,1480,0,silica,3.59312429605850747e+00,-1.04673745388369807e-01,-1.14024031933686435e+07,-3.75668961993029565e+07
1216,1354,1474,1475,0,silica,2.40823518695874261e+00,-1.04660287029342977e-01,-1.28515271892355718e+07,-2.70301463869693838e+07
1217,1463,1357,1485,0,silica,1.51887248061268010e+00,-1.08945417214214649e-01,-1.14396435187363233e+07,-2.02408290203288831e+07
1218,1456,1356,1484,0,silica,1.22444270580197556e+00,-1.04845825375944779e-01,-1.08689874436883349e+07,-1.82365375682306103e+07
1219,1459,1358,1483,0,silica,9.24581238268884498e-01,-1.06848519036715661e-01,-1.01153264640483279e+07,-1.65559327458796389e+07
1220,1334,1451,1473,0,silica,2.85310796134741951e+00,-1.01970664031410016e-01,-1.30167944840233028e+07,-3.10148758834554255e+07
1221,1335,1476,1479,0,silica,2.55507294141770558e+00,-1.04632223560581758e-01,-1.28983087683167253e+07,-2.82917662111096568e+07
1222,1458,1344,1482,0,silica,5.52263225690980519e-01,-1.05369485983845546e-01,-9.24526915320104547e+06,-1.46134780625380892e+07
1223,1409,1454,1455,0,silica,3.80803630297331219e+00,-1.15379306521001770e-01,-1.04273109574920833e+07,-3.90460335814712867e+07
1224,1447,1350,1448,0,silica,2.11331566510919933e+00,-1.03552469651762902e-01,-1.26832517363218684e+07,-2.45361173050497137e+07
1225,1457,1422,1458,0,silica,6.30335636512049713e-01,-1.11263415433499199e-01,-9.42997413969743624e+06,-1.49524022513444982e+07
1226,1351,1453,1454,0,silica,3.73188171406800961e+00,-1.07339071540742459e-01,-1.09752801289507467e+07,-3.85833741131351218e+07
1227,1405,1475,1476,0,silica,2.48148148147747483e+00,-1.06904376027079195e-01,-1.29325816528178770e+07,-2.76519529776205122e+07
1228,1410,1411,1448,0,silica,2.03844594048537608e+00,-1.07497244242574300e-01,-1.24196615529837795e+07,-2.39805249929122925e+07
1229,1424,1423,1460,0,silica,1.74345714548597885e+00,-1.03866763844813539e-01,-1.20140508112859912e+07,-2.18080870559587926e+07
1230,1432,1431,1456,0,silica,1.29636270838308509e+00,-1.04118422912837086e-01,-1.09691495335374065e+07,-1.87661219529231265e+07
1231,1426,1425,1457,0,silica,7.09594665915450507e-01,-1.05842329233745300e-01,-9.69312140149406344e+06,-1.52939181921254806e+07
1232,1437,1436,1459,0,silica,9.96220532123036961e-01,-1.07363861853707429e-01,-1.02821089745262619e+07,-1.69305915688993968e+07
1233,1444,1443,1463,0,silica,1.59242428628233745e+00,-1.11348919109654013e-01,-1.15630810378738102e+07,-2.06928133323709741e+07
1234,1338,1444,1460,0,silica,1.66913348524869143e+00,-1.03713141392025032e-01,-1.18332886345834341e+07,-2.12125534252233095e+07
1235,1397,1396,1447,0,silica,2.18598083572996948e+00,-1.03657616112087472e-01,-1.27483738223001473e+07,-2.51691935397199914e+07
1236,1376,1377,1451,0,silica,2.77901287843776146e+00,-1.04098385717709241e-01,-1.29798116426786613e+07,-3.03025072387719117e+07
1237,1402,1403,1453,0,silica,3.66424976531211533e+00,-1.03576315654992909e-01,-1.11379471765936073e+07,-3.80597146432489306e+07
1238,1386,1387,1452,0,silica,3.07358621921685016e+00,-1.03045115235373588e-01,-1.27342593447440527e+07,-3.29848358097820431e+07
1239,147,1360,1446,0,silica,2.33010544369296468e+00,-1.61915739860859609e+00,-3.58692140789160086e+06,-2.66379832095869556e+07
1240,1359,146,1446,0,silica,1.69751227511853675e+00,-1.61729757703575849e+00,-3.28898496221644850e+06,-2.31007619211693928e+07
1241,22,144,1493,0,silica,3.29366069279280804e-01,-1.86253596852922665e+00,-2.08843451872658698e+04,-1.59666377777640354e+07
1242,149,23,1494,0,silica,3.67104060989940884e+00,-1.83725490309335648e+00,-2.48343723887765373e+04,-3.44073479162194803e+07
1243,1455,1362,1464,0,silica,3.90165243792167438e+00,-1.60011745806549505e-01,-1.02007944258002471e+07,-3.93431179942481741e+07
1244,1415,1371,1417,0,silica,3.15531042845111742e-01,-1.88475841088248552e-01,-8.37500333288861252e+06,-1.34957153598659616e+07
1245,1462,1435,1496,0,silica,1.50297680117059262e+00,-2.74022091784497546e-01,-1.05418502576952539e+07,-2.01001785790126845e+07
1246,1393,1466,1487,0,silica,3.22427635830180925e+00,-1.03745997812650148e-01,-1.23753490306143649e+07,-3.43426031692393646e+07
1247,1465,1363,1468,0,silica,8.62603075991817542e-02,-1.42408621081332371e-01,-8.23589828690337110e+06,-1.25264598277277034e+07
1248,1439,1456,1484,0,silica,1.23699439225198549e+00,-1.55410333187155469e-01,-1.07828118768276777e+07,-1.86828743509284556e+07
1249,1451,1381,1473,0,silica,2.84706383866343238e+00,-1.52434985865036093e-01,-1.29995270587306004e+07,-3.07488166760541834e+07
1250,1388,1406,1473,0,silica,2.92830660831387268e+00,-1.01599062529617409e-01,-1.28344417163432688e+07,-3.16723616469407231e+07
1251,1407,1398,1474,0,silica,2.33695111963713353e+00,-1.06889494159178478e-01,-1.28000059900035653e+07,-2.63278761616947241e+07
1252,1378,1391,1479,0,silica,2.62635700873931066e+00,-1.06933197418581163e-01,-1.29023112262737453e+07,-2.90464871127691530e+07
1253,1408,1385,1480,0,silica,3.52060585049874453e+00,-1.05440389345039756e-01,-1.16162481652066596e+07,-3.69445559455227703e+07
1254,1421,1416,1482,0,silica,4.82026256781138918e-01,-1.04203380293427919e-01,-9.16842789339157008e+06,-1.41933373438007925e+07
1255,1415,1419,1481,0,silica,2.59578548530661146e-01,-1.06899984094316655e-01,-8.61815818986093439e+06,-1.31994254627854433e+07
1256,1442,1438,1484,0,silica,1.14755681561236167e+00,-1.09702841893405068e-01,-1.06570091790782828e+07,-1.78191605346106328e+07
1257,1445,1433,1485,0,silica,1.44775671959769103e+00,-1.07081356855225740e-01,-1.13595991980121993e+07,-1.96875282930196077e+07
1258,1441,1427,1483,0,silica,8.53704551280837443e-01,-1.05805555770500478e-01,-9.95026553427234665e+06,-1.60966288039226234e+07
1259,1412,1440,1486,0,silica,1.88362641711589784e+00,-1.04873689406180762e-01,-1.22605876699229032e+07,-2.28656251920415163e+07
1260,1364,1346,1366,0,silica,5.44779227402958033e-01,-8.84907610640805586e-01,-5.29942090279284213e+06,-1.68182662569008283e+07
1261,1345,1365,1369,0,silica,3.43547475403747837e+00,-8.64272174869696763e-01,-5.83364539582895208e+06,-3.37154552673990875e+07
1262,1333,1452,1487,0,silica,3.14720452930193639e+00,-1.03899520150753988e-01,-1.25796918706872351e+07,-3.37582668191757426e+07
1263,1360,148,1491,0,silica,2.89255488502491076e+00,-1.66494403904844557e+00,-2.92618140355148073e+06,-2.98602857570225187e+07
1264,145,1359,1492,0,silica,1.11125479103061231e+00,-1.67578048048864670e+00,-2.54169769665917847e+06,-2.02522817496495172e+07
1265,148,149,1491,0,silica,3.14285714285488060e+00,-1.86284235990236513e+00,-2.40027976524317237e+04,-3.18754703451399393e+07
1266,144,145,1492,0,silica,8.51293074578029496e-01,-1.87553862291540363e+00,-2.23796970090079303e+04,-1.82060846397085041e+07
1267,1418,1458,1482,0,silica,5.35589128743450327e-01,-1.49358783674572421e-01,-9.21382605664252117e+06,-1.44858279826420769e+07
1268,1476,1380,1479,0,silica,2.56683032824451063e+00,-1.56285607956469869e-01,-1.28699328654645532e+07,-2.86316352978446670e+07
1269,1435,1463,1485,0,silica,1.50651644317484057e+00,-1.58054351581321112e-01,-1.14016932508962248e+07,-2.00899760428086072e+07
1270,1429,1459,1483,0,silica,9.13584450281683225e-01,-1.59079457323039658e-01,-1.01199907563805953e+07,-1.65824542393981628e+07
1271,1474,1401,1475,0,silica,2.39723839897136859e+00,-1.56880982384638518e-01,-1.28313257345122714e+07,-2.68037834627636857e+07
1272,1348,1362,1375,0,silica,3.85184124004919815e+00,-3.25110824149648925e-01,-9.66684684505256638e+06,-3.83220748144337013e+07
1273,1404,1403,1480,0,silica,3.58188150586655363e+00,-1.56722760260825017e-01,-1.13383559548561461e+07,-3.69621315632055178e+07
1274,1429,1428,1490,0,silica,7.89014513491050562e-01,-2.65087649641753631e-01,-9.34306492172054760e+06,-1.59369580611590184e+07
1275,296,1372,1500,0,silica,3.92152657958545703e+00,-3.55274684528311749e-02,-1.04529642809890937e+07,-4.00243565528560579e+07
1276,1420,244,1499,0,silica,7.84734204142614328e-02,-3.55355269367778684e-02,-8.50906740466255136e+06,-1.22718241052935105e+07
1277,1433,1435,1485,0,silica,1.45965817294777089e+00,-1.55872906796122479e-01,-1.12913611752296444e+07,-2.00919792839287072e+07
1278,1427,1429,1483,0,silica,8.67294077141298358e-01,-1.57822569392452122e-01,-9.89411659638550691e+06,-1.65749215355182160e+07
1279,1416,1418,1482,0,silica,4.89970272768865678e-01,-1.47963064657892801e-01,-9.10813273424245790e+06,-1.44993826732554529e+07
1280,1380,1378,1479,0,silica,2.61385690477805310e+00,-1.58268981124322666e-01,-1.28295272556096260e+07,-2.86317686195928641e+07
1281,1398,1401,1474,0,silica,2.35021182243782301e+00,-1.58801340864347412e-01,-1.27171127075246125e+07,-2.68019606145516001e+07
1282,1345,1348,1505,0,silica,3.73041538692810848e+00,-6.06107013189922994e-01,-8.33019116946109664e+06,-3.62735493574569523e+07
1283,1387,1390,1452,0,silica,3.08563119694395249e+00,-1.47328751549791609e-01,-1.27033336491972823e+07,-3.31544679231833257e+07
1284,1400,1397,1447,0,silica,2.17732516824399935e+00,-1.49377376131333783e-01,-1.27161354279122539e+07,-2.49697657380232140e+07
1285,1377,1381,1451,0,silica,2.79768112261392021e+00,-1.54283214772620941e-01,-1.29234218615722265e+07,-3.07367869530728497e+07
1286,1439,1432,1456,0,silica,1.28420202797308369e+00,-1.54403437945308447e-01,-1.09579564132988546e+07,-1.86837533855851628e+07
1287,1401,1399,1504,0,silica,2.28705573348777369e+00,-2.72171618337903543e-01,-1.19700753736279514e+07,-2.56863136759916469e+07
1288,1385,1404,1480,0,silica,3.53398117324217509e+00,-1.57302406783905391e-01,-1.16132907706278991e+07,-3.69669283891294897e+07
1289,1490,1467,1503,0,silica,6.00080256866947104e-01,-3.18379392317353904e-01,-8.18377769662536588e+06,-1.53462440132223405e+07
1290,1374,1368,1472,0,silica,2.02334544236568359e+00,-7.60021503509925256e-01,-7.14456173895087652e+06,-2.42632168292674646e+07
1291,1404,1505,1506,0,silica,3.61735609470171271e+00,-2.85583809582934889e-01,-1.06753735099255070e+07,-3.67515092662921473e+07
1292,1435,1462,1463,0,silica,1.55437741140839436e+00,-2.01797981893101247e-01,-1.07447736723138560e+07,-2.07817455956425071e+07
1293,1452,1390,1487,0,silica,3.13477704903450194e+00,-1.48484365043325545e-01,-1.24442575940572917e+07,-3.31535055834706128e+07
1294,1400,1447,1448,0,silica,2.12939253296535647e+00,-1.49347774962240359e-01,-1.26155674690616224e+07,-2.49590797449558526e+07
1295,1469,1430,1489,0,silica,1.11636287888834573e+00,-2.66883639372007542e-01,-9.94976415263262764e+06,-1.83531647842779607e+07
1296,1373,1368,1374,0,silica,1.80103870557963952e+00,-6.59446401153597983e-01,-9.34942541085595451e+06,-2.28852269357883148e+07
1297,785,784,1495,0,silica,9.90197689744414661e-02,-1.23592889772172154e+00,-3.45835193450437533e+06,-1.37427497967143152e+07
1298,1374,1450,1502,0,silica,1.91159210672387725e+00,-3.71024513503007414e-01,-1.03763271889217515e+07,-2.39818438496947624e+07
1299,807,808,1362,0,silica,3.97313504841821308e+00,-1.95503391216805794e-01,-9.58038182643075846e+06,-3.96203524089123309e+07
1300,790,789,1363,0,silica,1.94081982902366522e-02,-1.79396083872172346e-01,-7.94997003590246104e+06,-1.23770827530147731e+07
1301,1449,1411,1450,0,silica,1.99724304545110076e+00,-2.19907263793261837e-01,-1.13632554631953891e+07,-2.39089917989914343e+07
1302,1457,1458,1467,0,silica,6.30333390029537477e-01,-1.66310949406069858e-01,-9.42902584113754518e+06,-1.52515449585312065e+07
1303,1395,1365,1505,0,silica,3.47538872251690067e+00,-4.07521690588387886e-01,-9.17790368609082699e+06,-3.51278800417509377e+07
1304,1461,1444,1462,0,silica,1.66064438340345588e+00,-1.92271488482340741e-01,-1.14253972130586002e+07,-2.12460340822001807e+07
1305,1434,1439,1496,0,silica,1.34673612251864139e+00,-2.61294090851038996e-01,-1.04116509879706576e+07,-1.98734495013899803e+07
1306,1437,1459,1469,0,silica,1.00766015040997936e+00,-1.60103256081555428e-01,-1.02138977801933121e+07,-1.73660482623426244e+07
1307,1379,1380,1497,0,silica,2.68247307512402289e+00,-2.59208418540875452e-01,-1.19944868500604928e+07,-3.00441156645577773e+07
1308,1372,1464,1500,0,silica,3.92448513411476929e+00,-7.32845546526241370e-02,-1.04950853525002655e+07,-3.97219120711638108e+07
1309,1465,1420,1499,0,silica,7.42108918444733673e-02,-6.98545481425385945e-02,-8.52576098197585903e+06,-1.23913428984453958e+07
1310,1367,1373,1496,0,silica,1.40437615024096729e+00,-5.29268604058269476e-01,-8.44175620339985751e+06,-1.96904188098381460e+07
1311,1370,1488,1497,0,silica,2.86967303355974801e+00,-4.62795044371403896e-01,-1.11569545373087451e+07,-3.05637398791185282e+07
1312,1375,1454,1506,0,silica,3.73715275169303807e+00,-2.08132097419843481e-01,-1.03730693324319646e+07,-3.82642742751711756e+07
1313,1464,809,1500,0,silica,3.96133794457827504e+00,-7.69779158068324837e-02,-1.01046445200683773e+07,-3.98096314257735983e+07
1314,791,1465,1499,0,silica,3.73580813811212262e-02,-7.35398508128195794e-02,-8.29818568598547857e+06,-1.23469560707172193e+07
1315,1449,1374,1504,0,silica,2.10785952929408582e+00,-3.89907697801663511e-01,-1.08484540129660740e+07,-2.44732692100597806e+07
1316,1430,1367,1496,0,silica,1.25277480596157020e+00,-4.77148805948789112e-01,-9.44565948908819631e+06,-1.90986970948222019e+07
1317,1365,1345,1505,0,silica,3.56832790661964738e+00,-6.30201008123063566e-01,-8.53782555670221709e+06,-3.63137575830060393e+07
1318,1505,1375,1506,0,silica,3.69083658976322360e+00,-3.01710088618048211e-01,-9.74810663222222216e+06,-3.69964395834898278e+07
1319,1369,1491,1494,0,silica,3.31611700075643823e+00,-1.40788459286466416e+00,-2.71451056025033677e+06,-3.24995072243796587e+07
1320,1492,1366,1493,0,silica,6.57320540548813614e-01,-1.45298987991917872e+00,-2.13788434044218296e+06,-1.74728665192982927e+07
1321,1362,808,1464,0,silica,3.95140224492276815e+00,-1.58364555299760706e-01,-9.82077275745603442e+06,-3.93959230927874818e+07
1322,790,1363,1465,0,silica,3.98370277450933452e-02,-1.38819182961095022e-01,-8.05250780629720632e+06,-1.25341735061909854e+07
1323,1450,1412,1501,0,silica,1.89063246708332522e+00,-1.94986044741432080e-01,-1.17130881829236299e+07,-2.33191853904861473e+07
1324,1498,1364,1503,0,silica,4.45791184666204654e-01,-5.23271717044490159e-01,-6.78226682294545509e+06,-1.49278126507531051e+07
1325,1493,1366,1495,0,silica,4.76475806372505251e-01,-1.32157310425749741e+00,-4.02968663208982907e+06,-1.61954857724955138e+07
1326,1428,1467,1490,0,silica,7.01243622897262053e-01,-2.68123819939883157e-01,-9.10820011429014057e+06,-1.59699607171598189e+07
1327,1399,1400,1504,0,silica,2.21536395723226898e+00,-2.65999474891782606e-01,-1.21164453444194123e+07,-2.56679438078473061e+07
1328,1439,1430,1496,0,silica,1.27489050660157033e+00,-3.12433516759315522e-01,-9.45109448021412827e+06,-1.89226169691515341e+07
1329,1399,1397,1400,0,silica,2.21158570851549774e+00,-1.83546479956119973e-01,-1.20866038045521062e+07,-2.55162606342119388e+07
1330,1387,1389,1390,0,silica,3.04662164577164418e+00,-1.75274406263902033e-01,-1.21823342196672242e+07,-3.25943579783114828e+07
1331,1377,1379,1381,0,silica,2.76170581474681631e+00,-1.84780942263542691e-01,-1.23447969699853417e+07,-3.01086617306631915e+07
1332,1434,1432,1439,0,silica,1.32423096498875426e+00,-1.85172361948980485e-01,-1.04345718258154094e+07,-1.91310469532197639e+07
1333,1366,1346,1495,0,silica,4.31023236133348586e-01,-1.08507398378133035e+00,-4.25595431366645265e+06,-1.51143985314235911e+07
1334,1349,1498,1503,0,silica,2.86117240481780000e-01,-4.44556092386982238e-01,-7.63145184075967968e+06,-1.42145724990747664e+07
1335,1478,1401,1504,0,silica,2.36007651619574021e+00,-3.24674487304459414e-01,-1.07410419435626920e+07,-2.67931755530052111e+07
1336,1417,1371,1503,0,silica,3.65225900427728234e-01,-2.62855340384551550e-01,-8.19209995456049219e+06,-1.43667440467774048e+07
1337,1433,1434,1435,0,silica,1.42513617074000165e+00,-1.85432962730339157e-01,-1.08420951926238425e+07,-1.96983282212493159e+07
1338,1427,1428,1429,0,silica,8.20324079252518268e-01,-1.85029312091854498e-01,-9.36519574855553545e+06,-1.61381264996352606e+07
1339,1416,1417,1418,0,silica,4.51124514131078957e-01,-1.75828057571509794e-01,-8.77855045286049694e+06,-1.42098946758079417e+07
1340,1379,1378,1380,0,silica,2.65369439461785239e+00,-1.87685919534641116e-01,-1.20448451692195125e+07,-2.92736557604569942e+07
1341,1398,1399,1401,0,silica,2.31032498231173067e+00,-1.91434797627810266e-01,-1.19702905736662094e+07,-2.61835252404454835e+07
1342,1380,1477,1478,0,silica,2.51316186796849683e+00,-2.68628097296277346e-01,-1.21061938537125960e+07,-2.76501370209869929e+07
1343,1385,1395,1404,0,silica,3.49363522617395494e+00,-1.98792320354784696e-01,-1.08451013026873954e+07,-3.63359740502074510e+07
1344,1439,1484,1489,0,silica,1.20078301024018241e+00,-1.86876960943573645e-01,-1.02916470917218197e+07,-1.82791526753921695e+07
1345,1491,149,1494,0,silica,3.38532632418436918e+00,-1.70009726299572161e+00,-2.52156823425358767e+06,-3.36097038500742391e+07
1346,144,1492,1493,0,silica,6.09230572430030537e-01,-1.73807459144463028e+00,-2.06988027326311800e+06,-1.67355672310195807e+07
1347,1384,1393,1394,0,silica,3.28698854860282763e+00,-1.62688656526662506e-01,-1.20899042465204950e+07,-3.45219228756095394e+07
1348,1367,1430,1470,0,silica,1.10015597462946579e+00,-4.99475875373558253e-01,-8.62081013857013173e+06,-1.90278448176805153e+07
1349,1403,1404,1506,0,silica,3.62073166590038964e+00,-1.88234958191943358e-01,-1.06514345944709014e+07,-3.74990343006665036e+07
1350,1380,1476,1477,0,silica,2.52858286188059767e+00,-1.85558429843295986e-01,-1.21344115256348122e+07,-2.80408188239571154e+07
1351,1475,1401,1477,0,silica,2.43175461299215590e+00,-1.86199257938872903e-01,-1.21516325154046714e+07,-2.73236083265375197e+07
1352,1373,1462,1496,0,silica,1.54874315415487929e+00,-3.77505999624237865e-01,-9.86235184781819209e+06,-2.15816960143219754e+07
1353,1427,1426,1428,0,silica,7.72454773540867445e-01,-1.51154361711607538e-01,-9.79956611162983254e+06,-1.57207259801857546e+07
1354,1433,1432,1434,0,silica,1.37576381311629281e+00,-1.58237877985694914e-01,-1.11758007961896863e+07,-1.95468897078201473e+07
1355,1416,1414,1417,0,silica,4.08570156986867217e-01,-1.50393711383539491e-01,-9.00635279855113477e+06,-1.40484598762842733e+07
1356,1385,1383,1395,0,silica,3.44564956227387542e+00,-1.65253708363836432e-01,-1.17970157118160576e+07,-3.59238198534207866e+07
1357,1387,1388,1389,0,silica,2.99996361859655636e+00,-1.48623136328047356e-01,-1.28582893386238925e+07,-3.21701767848341540e+07
1358,1377,1378,1379,0,silica,2.70366540285293899e+00,-1.57946644277932063e-01,-1.29548873815357536e+07,-2.98831468153091222e+07
1359,1398,1397,1399,0,silica,2.25959337523721215e+00,-1.61117708963668199e-01,-1.27338341514083836e+07,-2.57367844436692707e+07
1360,1400,1448,1449,0,silica,2.10175967895919191e+00,-2.01246647507151016e-01,-1.21369849051068146e+07,-2.44251068722309656e+07
1361,1486,1424,1501,0,silica,1.81744042427142838e+00,-1.47188957468358944e-01,-1.21079319601501171e+07,-2.26290057865167595e+07
1362,1462,1373,1502,0,silica,1.67781074416215148e+00,-3.70207489288438107e-01,-1.05741632817302514e+07,-2.15607014893417209e+07
1363,1458,1418,1467,0,silica,5.73634772511900759e-01,-1.86505732782650813e-01,-8.84340343024582230e+06,-1.49785924547615424e+07
1364,789,788,1471,0,silica,3.37913493509537990e-02,-2.73859656479483127e-01,-7.66265714943652134e+06,-1.26519057009210475e+07
1365,1459,1429,1469,0,silica,9.61816842612215006e-01,-1.92360595695183795e-01,-9.68966938258458115e+06,-1.69108173190345131e+07
1366,1430,1469,1470,0,silica,1.04710654186793217e+00,-3.37214965379461329e-01,-9.02924719252874702e+06,-1.75154057527303509e+07
1367,1476,1475,1477,0,silica,2.47978843801666171e+00,-1.55614970332446451e-01,-1.29326386727069486e+07,-2.76296105909069516e+07
1368,786,785,1346,0,silica,9.34373085643016438e-02,-8.78801334939928736e-01,-5.15618023853768315e+06,-1.37206851685668025e+07
1369,803,804,1345,0,silica,3.90497679235297435e+00,-8.90742415900288798e-01,-5.54798361505486909e+06,-3.79213760416026413e+07
1370,1448,1411,1449,0,silica,2.04864577406591941e+00,-1.77101702289036961e-01,-1.24191823154009823e+07,-2.44037501680316702e+07
1371,1424,1460,1461,0,silica,1.73843434163855548e+00,-1.47067805204534413e-01,-1.20108943884619530e+07,-2.17901988655669205e+07
1372,1453,1403,1506,0,silica,3.66659459177580294e+00,-1.54172155548068041e-01,-1.11882147599537726e+07,-3.77713864879188240e+07
1373,1346,1364,1498,0,silica,3.90800289025251324e-01,-6.97655039277493727e-01,-6.75378902776645590e+06,-1.47037543783118166e+07
1374,1430,1439,1489,0,silica,1.19152801228987948e+00,-2.64429260176630931e-01,-1.02931706444189344e+07,-1.83830838574796394e+07
1375,1484,1438,1489,0,silica,1.14878778088595368e+00,-1.59491879062067826e-01,-1.06545589605205599e+07,-1.80964329012488909e+07
1376,1348,1375,1505,0,silica,3.75187383030852928e+00,-3.90802113833259135e-01,-8.78287959953690507e+06,-3.80037312827584147e+07
1377,1470,1429,1490,0,silica,8.53753713896597932e-01,-3.38505806257197284e-01,-8.46397110786470771e+06,-1.69129485106176324e+07
1378,1461,1462,1502,0,silica,1.71345169884213822e+00,-2.61094707048599717e-01,-1.08743112572504990e+07,-2.21540179602819011e+07
1379,784,1493,1495,0,silica,2.37909647777899830e-01,-1.42157961555836132e+00,-2.15576125146558136e+06,-1.55645339068556558e+07
1380,805,806,1348,0,silica,3.95227095589758948e+00,-4.44175843933340697e-01,-8.27228779419762548e+06,-3.89617793765833229e+07
1381,788,787,1349,0,silica,5.31018160596261959e-02,-4.15002772334836623e-01,-7.13211787240944337e+06,-1.29005897656974494e+07
1382,1381,1379,1497,0,silica,2.76343699771225637e+00,-2.58019615495344579e-01,-1.23456639558945820e+07,-3.01336729705822244e+07
1383,1390,1389,1488,0,silica,3.04319499079649836e+00,-2.49337042890705823e-01,-1.21909535769195948e+07,-3.22103902778302841e+07
1384,1435,1434,1496,0,silica,1.42059383072926959e+00,-2.59838517406934033e-01,-1.08405229750448037e+07,-1.99361677461054586e+07
1385,1418,1417,1503,0,silica,4.49922186763255905e-01,-2.50534625137317890e-01,-8.76011354795009829e+06,-1.45380446649405379e+07
1386,1477,1401,1478,0,silica,2.44102497710480471e+00,-2.69205910703709472e-01,-1.21196543327029739e+07,-2.76498036873145141e+07
1387,1349,1371,1471,0,silica,1.70707967312351494e-01,-2.93805759884764373e-01,-7.98108567608290631e+06,-1.34667046059112642e+07
1388,1469,1429,1470,0,silica,9.56769918416726317e-01,-2.88972859568419560e-01,-9.69474228932948411e+06,-1.72143666784316525e+07
1389,1346,785,1495,0,silica,1.92457077538743082e-01,-1.04704394599936901e+00,-4.39416830036292970e+06,-1.51209325883660875e+07
1390,1364,1490,1503,0,silica,6.02981720384059172e-01,-4.52614295737358396e-01,-8.21713693966898881e+06,-1.59281207368949838e+07
1391,1450,1501,1502,0,silica,1.84733684295952849e+00,-2.62496184186785442e-01,-1.11992285404744428e+07,-2.25479117890208364e+07
1392,787,786,1498,0,silica,8.45872202168987952e-02,-6.05477185518664363e-01,-6.43580579805044085e+06,-1.31882873669261597e+07
1393,1501,1461,1502,0,silica,1.78115557584513184e+00,-2.41286434196082172e-01,-1.15403955373347625e+07,-2.24470950242331773e+07
1394,1363,789,1471,0,silica,5.31995476411904478e-02,-2.17949531907547872e-01,-7.67686018970827013e+06,-1.27020380617035180e+07
1395,1424,1461,1501,0,silica,1.77798056261911719e+00,-1.72645857626622629e-01,-1.15386288373700809e+07,-2.21793017010282613e+07
1396,788,1349,1471,0,silica,8.68931654105800089e-02,-3.30870250485001571e-01,-7.21556580512926262e+06,-1.31550807123604771e+07
1397,786,1346,1498,0,silica,1.78024528781200425e-01,-7.29578801358578222e-01,-5.62960665924815647e+06,-1.46026189153125137e+07
1398,1349,787,1498,0,silica,1.37689036276524984e-01,-4.94837798780072058e-01,-6.58785382275893912e+06,-1.36881931991719995e+07
1399,802,803,1345,0,silica,3.90497679235297435e+00,-1.12978497948141898e+00,-5.11625575222113077e+06,-3.68669686810720339e+07
1400,804,805,1348,0,silica,3.95227095589758948e+00,-5.72227389461621772e-01,-8.14500580694815610e+06,-3.81541755093038753e+07
1401,806,807,1362,0,silica,3.97313504841821308e+00,-2.64081819554871589e-01,-9.57707005483348854e+06,-3.91850372704596221e+07
1402,1389,1388,1473,0,silica,2.95058090254703975e+00,-1.46774907420463757e-01,-1.27961566428929605e+07,-3.21531413061619215e+07
1403,1394,1390,1488,0,silica,3.12937038524900446e+00,-2.62967832193541473e-01,-1.12420785703360103e+07,-3.27229618662891015e+07
1404,1522,1523,1539,0,silica,4.35517235760062960e+00,-1.53450038016536255e-01,-8.98043290467498638e+06,-4.09828620389286801e+07
1405,1524,1523,1540,0,silica,4.23504349881727205e+00,-1.53991490904702960e-01,-8.94728195761341974e+06,-4.04735163059315234e+07
1406,1515,1511,1528,0,silica,4.58772960089592718e+00,-2.05859485930866365e-01,-9.24080305557944998e+06,-4.34735503068173453e+07
1407,1527,1515,1528,0,silica,4.53710797847639480e+00,-1.77046782058212976e-01,-1.08559279016939718e+07,-4.21194757287432402e+07
1408,24,833,1533,0,silica,4.67832138458688807e+00,-1.71686108588980324e+00,-9.08268270630426356e+05,-3.91426124038979039e+07
1409,802,23,1532,0,silica,4.07800867456651517e+00,-1.71291313204188200e+00,-1.12486702746869088e+06,-3.64809659714353085e+07
1410,1513,1529,1538,0,silica,4.10538243758079080e+00,-9.45643736149486130e-02,-9.47960672255704738e+06,-4.04604545171869174e+07
1411,1514,1528,1530,0,silica,4.63966669545964461e+00,-1.02914093435766782e-01,-1.34461175350626167e+07,-4.31341550305064917e+07
1412,835,1508,1516,0,silica,4.58698909950194800e+00,-5.66728019625836965e-01,-5.80953545872824639e+06,-4.31666874112012312e+07
1413,833,834,1531,0,silica,4.60856072196560351e+00,-1.24044187689475627e+00,-2.53329789471922861e+06,-3.99873592647660524e+07
1414,1508,837,1511,0,silica,4.68323321733346454e+00,-3.28800186969728514e-01,-6.64129584836816229e+06,-4.46424292359322160e+07
1415,303,1509,1518,0,silica,4.52503851768531185e+00,-4.29054391918099257e-02,-1.11973580617080685e+07,-3.90182484206790701e+07
1416,304,303,1518,0,silica,4.56253851768531060e+00,-2.12548040971998475e-02,-1.19447515638761315e+07,-3.94591467042846084e+07
1417,301,1507,1520,0,silica,4.37500000000000355e+00,-4.33012701892253882e-02,-9.19681332794134133e+06,-4.03931320766165257e+07
1418,302,301,1520,0,silica,4.41250000000000231e+00,-2.16506350946134296e-02,-9.01144828933456354e+06,-4.02861115216758698e+07
1419,1514,304,1518,0,silica,4.60026962379717297e+00,-4.05304532073580831e-02,-1.43762232509908099e+07,-3.80335988004267886e+07
1420,305,304,1514,0,silica,4.63773110611186201e+00,-1.92756491101582356e-02,-1.78636588204016276e+07,-4.03369667461062223e+07
1421,1507,300,1519,0,silica,4.29999999999999805e+00,-4.32063014751262187e-02,-9.05437832642909884e+06,-4.06938450814570412e+07
1422,298,297,1513,0,silica,4.11226889388813888e+00,-1.92291209145209092e-02,-9.67283506242164597e+06,-4.06041738430722430e+07
1423,303,302,1509,0,silica,4.48750000000000071e+00,-2.16506350946100747e-02,-9.78231790547447093e+06,-3.98352222357928231e+07
1424,301,300,1507,0,silica,4.33750000000000036e+00,-2.16506350946119586e-02,-8.86517072574440017e+06,-4.05846060222696289e+07
1425,300,299,1519,0,silica,4.26249999999999840e+00,-2.15556663805142601e-02,-9.01553002337316424e+06,-4.07163729764251858e+07
1426,1509,302,1520,0,silica,4.45000000000000373e+00,-4.33012701892235077e-02,-9.78736467327249423e+06,-3.98381359885408059e+07
1427,1519,299,1521,0,silica,4.22496148231468727e+00,-4.26453907496950890e-02,-9.15754105662483163e+06,-4.07987243119999394e+07
1428,299,298,1521,0,silica,4.18746148231468940e+00,-2.10897243691808324e-02,-9.31354246124078706e+06,-4.07059764725087881e+07
1429,298,1513,1521,0,silica,4.14973037620282792e+00,-4.03188452837017416e-02,-9.42214644752912410e+06,-4.07701483237265348e+07
1430,1526,1515,1527,0,silica,4.48908632088777804e+00,-1.77463276567970313e-01,-9.96582012135990150e+06,-4.22887049454182312e+07
1431,1517,1515,1539,0,silica,4.38879184653332821e+00,-2.44833240618372056e-01,-8.36444944275552314e+06,-4.11413830714480281e+07
1432,1507,1519,1523,0,silica,4.29984280093266680e+00,-9.35034589245058029e-02,-9.05435561073298939e+06,-4.06878652970206216e+07
1433,1520,1507,1522,0,silica,4.37750000000000572e+00,-8.28702008915119387e-02,-9.19681332794179395e+06,-4.07445988636808395e+07
1434,1514,1518,1528,0,silica,4.59913397392754231e+00,-8.69183291167833633e-02,-1.39976805922209322e+07,-4.28520538818757385e+07
1435,1509,1520,1526,0,silica,4.45084269254175613e+00,-9.01056406084061318e-02,-9.78736467327407934e+06,-4.08695153734572008e+07
1436,1518,1509,1527,0,silica,4.52322599078082721e+00,-8.68504368499772861e-02,-1.11633686773652155e+07,-4.11682665004789904e+07
1437,809,808,1529,0,silica,4.01987516899993214e+00,-1.03149643903836699e-01,-9.72601907156467438e+06,-3.99307311269329265e+07
1438,839,840,1530,0,silica,4.72807123921741290e+00,-1.06010957555353322e-01,-1.39904669887694530e+07,-5.28577854278964028e+07
1439,1521,1513,1538,0,silica,4.14796875089554806e+00,-8.12648432194628123e-02,-9.39616098966479301e+06,-4.04183049777186587e+07
1440,1519,1521,1540,0,silica,4.22216870828546664e+00,-8.22425373480549643e-02,-9.15323198021507822e+06,-4.05671656988905892e+07
1441,39,305,1537,0,silica,4.70802288354719778e+00,-1.63217948075251966e-02,-4.11549179322788417e+07,-4.92878589227394611e+07
1442,297,38,1536,0,silica,4.04197711645279245e+00,-1.63217948075242598e-02,-1.01026604885990508e+07,-4.04424641862564459e+07
1443,840,39,1537,0,silica,4.73302288354719813e+00,-3.91662549520933601e-02,-2.43039914616796300e+07,-6.68153517262291089e+07
1444,38,809,1536,0,silica,4.01697711645279298e+00,-3.91662549520924233e-02,-9.94444635485463962e+06,-4.02778977396909148e+07
1445,1529,1525,1538,0,silica,4.09571687399491946e+00,-1.34491848113866302e-01,-9.37820843466030061e+06,-4.00218250907438993e+07
1446,1528,1511,1530,0,silica,4.65074468486283177e+00,-1.56396145856429331e-01,-1.24038608453778066e+07,-4.64656698731882572e+07
1447,1521,1538,1540,0,silica,4.18290708297818981e+00,-1.01632868903301768e-01,-9.17346713840526529e+06,-4.05778212435756624e+07
1448,1523,1519,1540,0,silica,4.25955002690344653e+00,-1.11449970428253720e-01,-9.02547150541110896e+06,-4.06754612515505180e+07
1449,1518,1527,1528,0,silica,4.55959034091119619e+00,-1.11587677664792495e-01,-1.07880168084217068e+07,-4.14056682394112423e+07
1450,1522,1507,1523,0,silica,4.33984280093267127e+00,-1.11516723246278107e-01,-9.10324051604484580e+06,-4.06662659569583386e+07
1451,1520,1522,1526,0,silica,4.41584269254175776e+00,-1.08023936216082597e-01,-9.36983397429491021e+06,-4.06480379796877652e+07
1452,1509,1526,1527,0,silica,4.48653016563726936e+00,-1.12400003171960083e-01,-1.01701278983947560e+07,-4.06921266659205705e+07
1453,1513,297,1536,0,silica,4.07924601034093204e+00,-3.55509157220451691e-02,-9.71671728214273416e+06,-4.06321723303538114e+07
1454,305,1514,1537,0,silica,4.67075398965906086e+00,-3.55974439176834356e-02,-2.00779316662109159e+07,-3.89275886012056693e+07
1455,1508,1511,1515,0,silica,4.59828937258397374e+00,-3.01019738127681180e-01,-9.08450814602467045e+06,-4.41315217392543331e+07
1456,1510,1517,1524,0,silica,4.19238986955242066e+00,-2.51260808047079232e-01,-8.55574614552326500e+06,-4.03098640984873548e+07
1457,1512,835,1516,0,silica,4.53679452664929084e+00,-7.18097149200194629e-01,-4.51743120571590122e+06,-4.05261639834472835e+07
1458,803,802,1531,0,silica,4.10856072196560529e+00,-1.24044187689475627e+00,-3.17516681518695829e+06,-3.68669686810720339e+07
1459,1523,1517,1539,0,silica,4.32357849221548740e+00,-2.08416489577131325e-01,-8.82847540299868584e+06,-4.06627849767946377e+07
1460,1525,1524,1538,0,silica,4.13883517690880964e+00,-1.64199780206163187e-01,-9.10365674754923955e+06,-4.03329289003780112e+07
1461,1517,1523,1524,0,silica,4.25874240746135158e+00,-2.08929726569224705e-01,-8.87805329371413216e+06,-4.06583731448704526e+07
1462,808,807,1525,0,silica,4.02760333030226647e+00,-1.79968446524878534e-01,-9.39802556834867410e+06,-3.96203524089123309e+07
1463,838,839,1511,0,silica,4.72380909551504935e+00,-1.93569552642260723e-01,-9.25204250252895243e+06,-4.87736878523289263e+07
1464,833,1531,1533,0,silica,4.53688210655249335e+00,-1.46549591231656007e+00,-1.79505600959424721e+06,-3.84121417827787623e+07
1465,1529,1513,1536,0,silica,4.07412117934086382e+00,-6.99401704867118057e-02,-9.66211288242713921e+06,-4.02510591406971365e+07
1466,1514,1530,1537,0,silica,4.67382522887647411e+00,-7.28480123338666880e-02,-1.88004144229967855e+07,-4.77036123698793948e+07
1467,1530,840,1537,0,silica,4.71109412276461104e+00,-7.64168233682766262e-02,-1.71144518515035436e+07,-4.81025027761428952e+07
1468,809,1529,1536,0,silica,4.03685228545272512e+00,-7.35555097167590599e-02,-9.93776994472944178e+06,-4.02952750212609097e+07
1469,1516,1515,1517,0,silica,4.38852726754890288e+00,-3.63883279412149985e-01,-8.35694499077886995e+06,-4.12077302873498872e+07
1470,1515,1526,1539,0,silica,4.44372840446022010e+00,-1.97102228774673066e-01,-8.82483491270504892e+06,-4.18823521912107542e+07
1471,808,1525,1529,0,silica,4.04747849930219861e+00,-1.39461779172707107e-01,-9.62798793736461550e+06,-4.00997638696497902e+07
1472,1511,839,1530,0,silica,4.70188033473246314e+00,-1.55924198941605918e-01,-1.15070976943226047e+07,-4.65733139740068614e+07
1473,834,1512,1531,0,silica,4.51779027093136154e+00,-1.05177066813327502e+00,-2.75297839184270380e+06,-3.95543051234218031e+07
1474,1531,802,1532,0,silica,4.18656939653212046e+00,-1.46154795846863905e+00,-2.57776801135256374e+06,-3.78453516448634192e+07
1475,1531,1532,1533,0,silica,4.36489078111900941e+00,-1.54856544480761738e+00,-1.17850425612397655e+06,-3.81315820459647775e+07
1476,23,150,1532,0,silica,4.20300867456651517e+00,-1.89799133226646966e+00,-1.67216929569911954e+04,-3.73283934566971585e+07
1477,150,24,1533,0,silica,4.55332138458688984e+00,-1.90193928611439067e+00,-1.16962932829141610e+04,-3.84872527251030356e+07
1478,807,806,1510,0,silica,4.03349026302373659e+00,-2.82018518376739913e-01,-8.90594231211167201e+06,-3.91850372704589590e+07
1479,834,835,1512,0,silica,4.65922954896575714e+00,-8.79015077900800357e-01,-3.90786495568157639e+06,-4.16246177306021079e+07
1480,1526,1522,1539,0,silica,4.40617224920971307e+00,-1.49957250986339302e-01,-9.47572482524708658e+06,-4.09896589002558514e+07
1481,804,803,1541,0,silica,4.07410814381974440e+00,-8.79146730330303661e-01,-5.01435136250877846e+06,-3.79213760416026413e+07
1482,1508,1515,1516,0,silica,4.50204525475245720e+00,-4.10896025255508446e-01,-6.41100924307652190e+06,-4.19683157927334607e+07
1483,1517,1510,1534,0,silica,4.17520794408229712e+00,-3.29492276362187864e-01,-8.53901266160230897e+06,-3.97622204242153019e+07
1484,1538,1524,1540,0,silica,4.18343907257732273e+00,-1.44640331391084426e-01,-9.18435418594596721e+06,-4.03843603215933591e+07
1485,1510,1524,1525,0,silica,4.12408706523982627e+00,-2.15882021197636303e-01,-9.03172440143588930e+06,-3.98176675304560885e+07
1486,1516,1517,1534,0,silica,4.26928265874209334e+00,-4.19498026093601706e-01,-7.46552906209792569e+06,-4.08873938126927614e+07
1487,836,837,1508,0,silica,4.70942412181841430e+00,-4.24644384318720203e-01,-6.59694214180174749e+06,-4.47089519624527320e+07
1488,806,805,1534,0,silica,4.04581154644370056e+00,-4.25424911384552240e-01,-8.04542750779477973e+06,-3.89617793765836507e+07
1489,803,1531,1541,0,silica,4.18266886578534969e+00,-1.05190232056277844e+00,-4.43444868794458825e+06,-3.87723255820142105e+07
1490,805,804,1535,0,silica,4.05088128859077301e+00,-6.16905967086810336e-01,-6.80993055999266542e+06,-3.81541755093038753e+07
1491,807,1510,1525,0,silica,4.06109359332600306e+00,-2.26680756457510846e-01,-9.26238528053156286e+06,-3.98582357528130859e+07
1492,1532,150,1533,0,silica,4.38133005915340501e+00,-1.79993061838086033e+00,-1.16776189799553389e+06,-3.78586317792217433e+07
1493,1512,1516,1541,0,silica,4.36090267046903524e+00,-7.68600156449346983e-01,-4.55511773806242924e+06,-4.05369845539695993e+07
1494,1516,1535,1541,0,silica,4.25255441009405111e+00,-6.81441064114798323e-01,-6.67854373353769816e+06,-3.95089384423565716e+07
1495,1531,1512,1541,0,silica,4.34189841475110594e+00,-1.00126766088412267e+00,-4.55779327378526609e+06,-3.88070859026457965e+07
1496,1510,806,1534,0,silica,4.07930180946743715e+00,-3.49451251431973919e-01,-8.53047564929570630e+06,-3.97601040043517277e+07
1497,1535,804,1541,0,silica,4.12498943241051741e+00,-7.41352978317099010e-01,-5.96726079541841894e+06,-3.93196759280412570e+07
1498,1534,805,1535,0,silica,4.09669283503447357e+00,-5.16688719397933593e-01,-7.76137470957669429e+06,-3.94570702551197112e+07
1499,1516,1534,1535,0,silica,4.22425781271800727e+00,-5.30720809176769226e-01,-6.71930105927558802e+06,-3.93737802424617708e+07
1500,835,836,1508,0,silica,4.70942412181841430e+00,-5.52695929847001222e-01,-5.48051039849956427e+06,-4.30345015210171938e+07
1501,837,838,1511,0,silica,4.72380909551504935e+00,-2.62147980980326545e-01,-9.03752932487068139e+06,-4.61461319380531833e+07
1502,1556,1547,1557,0,silica,5.06213271894028605e+00,-1.76217700880980072e-01,-1.14544855541178701e+06,-4.87441696252441928e+07
1503,836,835,1559,0,silica,4.80870495461453284e+00,-5.55651485554469193e-01,-4.57923254205094744e+06,-4.30345015210171938e+07
1504,1555,1548,1557,0,silica,5.14602573374280770e+00,-1.00485242219282303e-01,2.22016024581842416e+05,-4.98270107131013200e+07
1505,1545,1553,1558,0,silica,4.85010960311582551e+00,-9.38888589337808083e-02,-5.77174275120921060e+06,-5.40069856961755306e+07
1506,1547,1544,1557,0,silica,5.11251243181672876e+00,-1.99248812611525744e-01,-7.34814421424903790e+05,-4.89247944365006983e+07
1507,307,306,1545,0,silica,4.85709813058510154e+00,-1.87981460070824093e-02,-2.80611013014850614e+05,-5.57667400855797380e+07
1508,309,308,1542,0,silica,4.99999999999999734e+00,-2.07955741092025227e-02,-5.94011683010101260e+04,-5.13574520464490876e+07
1509,311,310,1548,0,silica,5.14290186941489580e+00,-1.87940572385404507e-02,9.08113895769309893e+04,-5.03395186890841424e+07
1510,310,309,1549,0,silica,5.07143602585486075e+00,-2.03488005052248032e-02,2.90002758567810042e+03,-5.05298269314831719e+07
1511,308,307,1550,0,silica,4.92856397414513570e+00,-2.05213099715623182e-02,-1.35699890344562533e+05,-5.28405672896855697e+07
1512,1542,308,1550,0,silica,4.96427825985941951e+00,-4.13168840807648374e-02,-1.38418529877479537e+06,-5.21158460953770131e+07
1513,1548,310,1549,0,silica,5.10719503812690068e+00,-3.91428577437652539e-02,-1.07231271795673369e+05,-5.04654366038340554e+07
1514,309,1542,1549,0,silica,5.03572174014057250e+00,-4.11443746144273259e-02,-7.42686504296436207e+05,-5.09662943320560828e+07
1515,307,1545,1550,0,silica,4.89280496187309399e+00,-3.93194559786447309e-02,-2.61901444562009769e+06,-5.42802783447207287e+07
1516,1542,1550,1551,0,silica,4.96161896435733230e+00,-8.09887864024102649e-02,-1.37546206158705335e+06,-5.13583239780226648e+07
1517,840,839,1553,0,silica,4.77006065813989633e+00,-1.02626573256771894e-01,-8.88159287153606303e+06,-5.28577854278964028e+07
1518,870,871,1555,0,silica,5.22891648330175940e+00,-1.04603009068367267e-01,9.93875932585601695e+05,-4.82674161276547611e+07
1519,1549,1542,1556,0,silica,5.03035897788776953e+00,-8.78500396907518216e-02,-7.54236776149110403e+05,-5.03505628498912230e+07
1520,1550,1545,1558,0,silica,4.88956530007344448e+00,-8.05439847877412879e-02,-2.50766384574054834e+06,-5.27393019269510061e+07
1521,1548,1549,1557,0,silica,5.10759289534352856e+00,-8.49914227953099122e-02,-1.59474621129577135e+05,-4.96641232825310826e+07
1522,40,311,1564,0,silica,5.20938960358155878e+00,-1.65251768544375822e-02,3.51309872273883782e+05,-5.08093804927738905e+07
1523,306,39,1563,0,silica,4.79061039641844033e+00,-1.65251768544340989e-02,-7.59325723898849450e+05,-6.03049828604895920e+07
1524,833,24,1561,0,silica,4.83333333333333304e+00,-1.72238269966311885e+00,-3.42287437726035074e+05,-3.91426124038979039e+07
1525,25,864,1561,0,silica,5.16666666666666696e+00,-1.72238269966311885e+00,-3.22740697353029216e+05,-3.97319053160979301e+07
1526,871,40,1564,0,silica,5.23319912739108251e+00,-3.93696369990057457e-02,1.30773127238937374e+06,-5.17817582316241190e+07
1527,39,840,1563,0,silica,4.76680087260891749e+00,-3.93696369990022624e-02,-7.16286198051040620e+06,-6.68153517262291089e+07
1528,1549,1556,1557,0,silica,5.06647112081868389e+00,-1.12903030633093968e-01,-1.10556110281236633e+06,-5.01202956949055344e+07
1529,1542,1551,1556,0,silica,4.99197794224510716e+00,-1.07173141507172442e-01,-2.20639541646297416e+06,-5.07172161870637015e+07
1530,1551,1550,1558,0,silica,4.92266501684339897e+00,-1.01417741102304323e-01,-3.19442270677774400e+06,-5.22371844609412402e+07
1531,1553,1554,1558,0,silica,4.83856096221082677e+00,-1.35065420130787234e-01,-4.96350391847402509e+06,-5.13358224254566506e+07
1532,1544,1555,1557,0,silica,5.15528367209440663e+00,-1.51427961787612003e-01,-2.76280027854995686e+05,-4.85253546009212658e+07
1533,1547,1556,1562,0,silica,5.00223002979114817e+00,-2.03259963050185871e-01,-2.94548237551334361e+06,-4.93742469569400251e+07
1534,869,1544,1560,0,silica,5.19584746566158362e+00,-2.68775642776618973e-01,5.94337992883443803e+04,-4.71972730165435076e+07
1535,868,869,1560,0,silica,5.22225908646651593e+00,-3.13533223302416453e-01,-1.91733678469591134e+05,-4.70557900387455896e+07
1536,311,1548,1564,0,silica,5.17372004442502664e+00,-3.53192340929780399e-02,6.40811111995697021e+05,-5.06865973462331146e+07
1537,1545,306,1563,0,silica,4.82627995557497158e+00,-3.53233228615165082e-02,-4.77456256981264055e+06,-5.86020422633207664e+07
1538,1558,1554,1562,0,silica,4.87804309118603818e+00,-1.74090063233935860e-01,-5.30753317183788214e+06,-5.09641190035023838e+07
1539,869,870,1544,0,silica,5.22358837919506769e+00,-1.90548627918310093e-01,-5.05807751812934803e+04,-4.77604793325740695e+07
1540,1551,1558,1562,0,silica,4.92269144886099141e+00,-1.53787258351492456e-01,-3.33557530484670075e+06,-5.00198473337693289e+07
1541,839,838,1554,0,silica,4.77412091825153073e+00,-1.80786558315528811e-01,-7.48903908256044332e+06,-4.87736878523289263e+07
1542,837,836,1559,0,silica,4.80870495461453284e+00,-4.27599940026188119e-01,-3.89187545064056385e+06,-4.47089519624527320e+07
1543,840,1553,1563,0,silica,4.78686153074881471e+00,-7.32358211166041079e-02,-1.09777117592433915e+07,-5.66729349026771709e+07
1544,1555,871,1564,0,silica,5.21211561069284190e+00,-7.52122569282029502e-02,2.00977823119382840e+06,-4.99152488540871590e+07
1545,1544,870,1555,0,silica,5.20250486249682709e+00,-1.51495325730669261e-01,7.90514652093801415e+05,-4.86930529194179773e+07
1546,834,833,1552,0,silica,4.83333333333333304e+00,-1.23771057570199905e+00,-1.14598167133252136e+06,-3.99873592647660524e+07
1547,864,865,1552,0,silica,5.16666666666666696e+00,-1.23771057570199905e+00,-8.32979331401052419e+05,-4.07836957452925071e+07
1548,1548,1555,1564,0,silica,5.17644605153631066e+00,-7.11618540221752305e-02,5.08025534902381885e+05,-4.95823128499013856e+07
1549,1553,1545,1563,0,silica,4.82253108990534596e+00,-6.91895069791183398e-02,-4.39307023987489659e+06,-5.54351452618687749e+07
1550,24,25,1561,0,silica,5.00000000000000000e+00,-1.90746089988770628e+00,-5.31825275410652102e+03,-3.94460599777368680e+07
1551,865,866,1565,0,silica,5.17131423127044343e+00,-8.84487775755444350e-01,-1.11169481092603668e+06,-4.25220552385843992e+07
1552,835,1546,1559,0,silica,4.91992367557052379e+00,-5.92623487545037464e-01,-2.16690352182072029e+06,-4.44789370613812730e+07
1553,1553,839,1554,0,silica,4.79418157639142883e+00,-1.39756820316292579e-01,-9.38295250121935830e+06,-5.20231118112441376e+07
1554,838,837,1543,0,silica,4.77813773251777452e+00,-2.83882112016784871e-01,-5.83397573515500035e+06,-4.61461319380531833e+07
1555,835,834,1565,0,silica,4.83798089793710862e+00,-8.84487775755444350e-01,-1.96554784588545794e+06,-4.16246177306024358e+07
1556,1552,833,1561,0,silica,4.91666666666666696e+00,-1.46828622489711846e+00,-1.20338582348011481e+06,-3.99180489353291243e+07
1557,864,1552,1561,0,silica,5.08333333333333304e+00,-1.46828622489711846e+00,-1.16033941169224971e+05,-3.99180489353289604e+07
1558,1544,1547,1560,0,silica,5.13199270868566515e+00,-2.77543191412891799e-01,-1.39052973124262085e+06,-4.71618464080823064e+07
1559,1543,837,1559,0,silica,4.83684268713230825e+00,-3.53489873713654756e-01,-5.13161182738964073e+06,-4.71341536002507806e+07
1560,1543,1559,1562,0,silica,4.89638547424741777e+00,-3.11886343601737559e-01,-5.10843664588359836e+06,-4.71199889392240047e+07
1561,1559,1547,1562,0,silica,4.97105965142039086e+00,-3.01057981787569429e-01,-2.39215537866980536e+06,-4.71517679916821569e+07
1562,867,868,1560,0,silica,5.22225908646651593e+00,-4.07239200065390827e-01,-6.43539136734924279e+05,-4.57567918771603853e+07
1563,838,1543,1554,0,silica,4.80225865076930614e+00,-2.29362461888205971e-01,-7.57128561476800870e+06,-4.86407320647825003e+07
1564,1547,1559,1560,0,silica,5.05044261743846423e+00,-3.52310098419729656e-01,-1.83333286309241271e+06,-4.75568941138666198e+07
1565,866,867,1546,0,silica,5.19455205428932487e+00,-6.16721702611141787e-01,-1.14080378308276157e+06,-4.43094491251835153e+07
1566,1546,835,1565,0,silica,4.94919961889310045e+00,-7.46509759266571371e-01,-2.72041036153071979e+06,-4.28138846044252664e+07
1567,1552,865,1565,0,silica,5.08798089793711039e+00,-1.05451206479516180e+00,-4.08275764409000869e+05,-4.12964869466252476e+07
1568,1546,867,1560,0,silica,5.16681114075584080e+00,-4.98318743603103742e-01,-3.13180440073914477e+05,-4.55506590062115490e+07
1569,1554,1543,1562,0,silica,4.86180143788441566e+00,-2.27357366992118365e-01,-4.32248287509962078e+06,-4.82626635826719925e+07
1570,834,1552,1565,0,silica,4.92131423127044343e+00,-1.05451206479516180e+00,-2.17080860900678858e+06,-4.12247452378821746e+07
1571,866,1546,1565,0,silica,5.11586628555976830e+00,-7.46509759266571371e-01,-5.12215493917894317e+05,-4.33667376825925782e+07
1572,1559,1546,1560,0,silica,5.05884942870370669e+00,-4.74220528536999308e-01,-2.53435066515340796e+06,-4.47949017714770436e+07
1573,1556,1551,1562,0,silica,4.96818739602688542e+00,-1.59268394618720360e-01,-2.08934490439434513e+06,-5.03659852922108993e+07
1574,41,312,1570,0,silica,5.31635044504090626e+00,-1.61891485112733331e-02,-1.14003589561920539e+07,-3.81265810972657576e+07
1575,312,40,1570,0,silica,5.28301711170757216e+00,-1.61891485112733331e-02,1.92950337899101637e+07,-3.87261522847670689e+07
1576,902,41,1570,0,silica,5.33301711170757287e+00,-3.90336086558414966e-02,-1.70190759466255177e+06,-4.83005390400030836e+07
1577,40,871,1570,0,silica,5.26635044504090644e+00,-3.90336086558414966e-02,6.36822090808599442e+06,-5.17817582316241190e+07
1578,901,902,1567,0,silica,5.33333333333333126e+00,-1.03140583708755049e-01,6.81697770208797418e+05,-4.73856857416784987e+07
1579,871,870,1567,0,silica,5.26666666666666483e+00,-1.03140583708755049e-01,1.83109822483400325e+06,-4.82674161276560724e+07
1580,869,900,1568,0,silica,5.29999999999999805e+00,-2.08300850621310651e-01,6.41684584121990134e+05,-4.75464463551237434e+07
1581,868,867,1566,0,silica,5.26666666666666661e+00,-4.24644384318720147e-01,3.90190799093570677e+05,-4.57567918771603853e+07
1582,898,899,1566,0,silica,5.33333333333333304e+00,-4.24644384318720147e-01,3.90190799094886752e+05,-4.57422809851621464e+07
1583,900,901,1568,0,silica,5.33333333333333126e+00,-1.79320857499074476e-01,7.81342033005123027e+05,-4.74044047295652255e+07
1584,870,869,1568,0,silica,5.26666666666666483e+00,-1.79320857499074476e-01,8.52125006006584154e+05,-4.77604793325740695e+07
1585,1567,902,1570,0,silica,5.31635044504090448e+00,-7.34138032254264966e-02,-6.11307985391349765e+05,-4.55175692323444709e+07
1586,871,1567,1570,0,silica,5.28301711170757127e+00,-7.34138032254264966e-02,3.78731172134015989e+06,-4.54411064126520529e+07
1587,901,1567,1568,0,silica,5.31666666666666377e+00,-1.38805129951821399e-01,7.22574663470535190e+05,-4.73266273818712756e+07
1588,1567,870,1568,0,silica,5.28333333333333055e+00,-1.38805129951821399e-01,1.17993687754726410e+06,-4.73266273818712756e+07
1589,869,868,1569,0,silica,5.26666666666666572e+00,-2.84085419174258724e-01,5.21826306797504367e+05,-4.70557900387455896e+07
1590,899,900,1569,0,silica,5.33333333333333215e+00,-2.84085419174258724e-01,5.21826306794872216e+05,-4.68540004534192309e+07
1591,900,869,1569,0,silica,5.29999999999999982e+00,-2.44486983958429049e-01,6.41684584122648230e+05,-4.69548952460827380e+07
1592,868,899,1569,0,silica,5.29999999999999982e+00,-3.23683854390088344e-01,4.01968029469728412e+05,-4.69548952460814267e+07
1593,899,868,1566,0,silica,5.29999999999999982e+00,-3.70536842771575448e-01,4.01968029469728412e+05,-4.57495364311606064e+07
1594,867,898,1566,0,silica,5.29999999999999982e+00,-4.78751925865864847e-01,3.78413568718729017e+05,-4.57495364311619252e+07
1595,26,864,25,0,silica,5.28333333333333321e+00,-1.81492179977541235e+00,8.96269390010833717e+01,-3.97319053160979301e+07
1596,864,26,895,0,silica,5.31666666666666643e+00,-1.62984359955082492e+00,5.13929328523349686e+04,-3.97226653829504177e+07
1597,865,864,896,0,silica,5.28333333333333321e+00,-1.16869230116058631e+00,1.29363307648172369e+05,-4.07836957452926710e+07
1598,896,864,895,0,silica,5.31666666666666643e+00,-1.30672885024341157e+00,5.13929328523349686e+04,-4.07648673081109673e+07
1599,865,897,866,0,silica,5.28333333333333321e+00,-8.28643723081151307e-01,2.19432711404342641e+05,-4.25220552385843992e+07
1600,865,896,897,0,silica,5.31666666666666643e+00,-9.29649737579456237e-01,1.29363307648172369e+05,-4.24923311328125075e+07
1601,897,867,866,0,silica,5.28333333333333321e+00,-6.53693704601710057e-01,2.19432711404342641e+05,-4.43094491251835153e+07
1602,867,897,898,0,silica,5.31666666666666643e+00,-5.79749700620573627e-01,3.78413568719386996e+05,-4.42377818955886289e+07
1603,1585,1576,1586,0,silica,5.66213271894029901e+00,-1.76217700880983624e-01,3.61349977417668328e+06,-4.88686321876781806e+07
1604,898,897,1588,0,silica,5.40870495461453160e+00,-5.55651485554469970e-01,1.31848442883856758e+06,-4.42377818955889568e+07
1605,1582,1577,1586,0,silica,5.74602573374281178e+00,-1.00485242219278861e-01,6.60684139782643225e+06,-5.35686047847133204e+07
1606,1574,1583,1587,0,silica,5.45010960311582959e+00,-9.38888589337910778e-02,8.01467063204555423e+05,-4.86705042668401599e+07
1607,1576,1573,1586,0,silica,5.71251243181673374e+00,-1.99248812611527798e-01,5.96207194879497495e+06,-4.99016939101499394e+07
1608,314,313,1574,0,silica,5.45709813058510207e+00,-1.87981460070854416e-02,2.89959640056037897e+04,-4.88409509011882767e+07
1609,316,315,1571,0,silica,5.59999999999999876e+00,-2.07955741092041499e-02,1.71070843244647956e+05,-5.06261223156635836e+07
1610,318,317,1577,0,silica,5.74290186941489633e+00,-1.87940572385385356e-02,3.68900558701286267e+05,-5.58063429696010724e+07
1611,315,314,1578,0,silica,5.52856397414513356e+00,-2.05213099715651874e-02,1.13492355616550441e+05,-4.95630681703723520e+07
1612,317,316,1579,0,silica,5.67143602585486395e+00,-2.03488005052249420e-02,2.38431622400665277e+05,-5.24817125809957683e+07
1613,316,1571,1579,0,silica,5.63572174014057925e+00,-4.11443746144290953e-02,1.80772037594409939e+06,-5.15630487455857024e+07
1614,1571,315,1578,0,silica,5.56427825985942093e+00,-4.13168840807693408e-02,1.06411403246578202e+06,-5.01148853340581656e+07
1615,314,1574,1578,0,silica,5.49280496187309453e+00,-3.93194559786506290e-02,6.63426502802295610e+05,-4.92442417576800436e+07
1616,1577,317,1579,0,silica,5.70719503812690476e+00,-3.91428577437634775e-02,3.03043301360687241e+06,-5.41141085063944235e+07
1617,1571,1578,1580,0,silica,5.56161896435733993e+00,-8.09887864024224496e-02,1.07071889800314722e+06,-4.95413216880739331e+07
1618,932,933,1582,0,silica,5.82891648330175993e+00,-1.04603009068365727e-01,9.32764221203052439e+06,-5.27546952840297818e+07
1619,902,901,1583,0,silica,5.37006065813989775e+00,-1.02626573256774767e-01,4.24073208736267057e+05,-4.73856857416784987e+07
1620,1579,1571,1585,0,silica,5.63035897788778339e+00,-8.78500396907548192e-02,1.78488290884739743e+06,-5.03456100876877755e+07
1621,1578,1574,1587,0,silica,5.48956530007344856e+00,-8.05439847877515575e-02,7.02095906660091830e+05,-4.87090974522172734e+07
1622,1577,1579,1586,0,silica,5.70759289534353531e+00,-8.49914227953081358e-02,2.89143972883974155e+06,-5.19822166564532071e+07
1623,42,318,1592,0,silica,5.80938960358155754e+00,-1.65251768544431334e-02,8.25275651499881642e+05,-6.07541788635993525e+07
1624,313,41,1593,0,silica,5.39061039641844619e+00,-1.65251768544394176e-02,-2.16020161211986531e+05,-4.84812344955699891e+07
1625,27,926,1590,0,silica,5.76666666666666572e+00,-1.72238269966311885e+00,3.82038389746026951e+05,-3.90598326271005124e+07
1626,895,26,1590,0,silica,5.43333333333333357e+00,-1.72238269966311885e+00,3.63523187098030990e+05,-3.97226653829504177e+07
1627,41,902,1593,0,silica,5.36680087260892247e+00,-3.93696369990075845e-02,-3.82898474626922543e+04,-4.83005390400030836e+07
1628,933,42,1592,0,silica,5.83319912739108215e+00,-3.93696369990112968e-02,7.60605359507623594e+06,-6.76480830815608352e+07
1629,1579,1585,1586,0,silica,5.66647112081869775e+00,-1.12903030633095328e-01,3.69255184020852996e+06,-5.15959462134216726e+07
1630,1571,1580,1585,0,silica,5.59197794224512013e+00,-1.07173141507182976e-01,2.03221132176652900e+06,-5.02831625110545680e+07
1631,1580,1578,1587,0,silica,5.52266501684340749e+00,-1.01417741102319214e-01,1.53411804597307183e+06,-4.93174228368029520e+07
1632,1583,1584,1587,0,silica,5.43856096221083352e+00,-1.35065420130796338e-01,1.04513264140079485e+06,-4.78652094499350563e+07
1633,1573,1582,1586,0,silica,5.75528367209440983e+00,-1.51427961787610199e-01,5.39289513318077009e+06,-5.03975168992908671e+07
1634,1576,1585,1591,0,silica,5.60223002979116114e+00,-2.03259963050192116e-01,2.84463197349778144e+06,-4.91377638933548927e+07
1635,931,1573,1589,0,silica,5.79584746566157794e+00,-2.68775642776622914e-01,7.94871361097458284e+06,-4.67682508349210024e+07
1636,930,931,1589,0,silica,5.82225908646651202e+00,-3.13533223302420783e-01,6.61431491732382681e+06,-4.60165822573130876e+07
1637,318,1577,1592,0,silica,5.77372004442502629e+00,-3.53192340929816689e-02,5.24146489824766107e+06,-5.88811864993454292e+07
1638,1574,313,1593,0,silica,5.42627995557497744e+00,-3.53233228615248626e-02,2.71452686231975560e+05,-4.86879812788333446e+07
1639,1587,1584,1591,0,silica,5.47804309118604760e+00,-1.74090063233944797e-01,1.57677413819337822e+06,-4.84396168925547674e+07
1640,931,932,1573,0,silica,5.82358837919506556e+00,-1.90548627918309815e-01,7.63021302249366697e+06,-4.83987760990221947e+07
1641,1580,1587,1591,0,silica,5.52269144886100083e+00,-1.53787258351507194e-01,1.48115295259196335e+06,-4.84854050800705701e+07
1642,901,900,1584,0,silica,5.37412091825153482e+00,-1.80786558315530671e-01,1.03674277611631388e+06,-4.74044047295645699e+07
1643,899,898,1588,0,silica,5.40870495461453160e+00,-4.27599940026188896e-01,1.93607697899605730e+06,-4.57422809851621464e+07
1644,1582,933,1592,0,silica,5.81211561069284244e+00,-7.52122569282069608e-02,1.17375849212692436e+07,-5.66637153448627815e+07
1645,902,1583,1593,0,silica,5.38686153074882057e+00,-7.32358211166122958e-02,-5.46571861487960778e+04,-4.82570237298640236e+07
1646,1573,932,1582,0,silica,5.80250486249682762e+00,-1.51495325730667429e-01,1.01003014912619293e+07,-5.11375132130768076e+07
1647,896,895,1581,0,silica,5.43333333333333357e+00,-1.23771057570199905e+00,9.86295575683636591e+05,-4.07648673081109673e+07
1648,926,927,1581,0,silica,5.76666666666666572e+00,-1.23771057570199905e+00,1.26265337364593963e+06,-3.98383832035171539e+07
1649,1577,1582,1592,0,silica,5.77644605153631119e+00,-7.11618540221773260e-02,4.78960195812589582e+06,-5.51233594056915641e+07
1650,1583,1574,1593,0,silica,5.42253108990535182e+00,-6.91895069791295669e-02,3.32125487738285039e+05,-4.81843158101439849e+07
1651,26,27,1590,0,silica,5.60000000000000053e+00,-1.90746089988770628e+00,4.75310791426420201e+03,-3.93995856624605879e+07
1652,927,928,1594,0,silica,5.77131423127044219e+00,-8.84487775755444461e-01,2.24734096168853762e+06,-4.12038174290869012e+07
1653,897,1575,1588,0,silica,5.51992367557052344e+00,-5.92623487545038130e-01,2.37015582176831597e+06,-4.48674934830182642e+07
1654,1583,901,1584,0,silica,5.39418157639143203e+00,-1.39756820316297298e-01,7.40557612285537645e+05,-4.79125753556064591e+07
1655,900,899,1572,0,silica,5.37813773251777771e+00,-2.83882112016785648e-01,1.39431203907774924e+06,-4.68540004534192309e+07
1656,897,896,1594,0,silica,5.43798089793710915e+00,-8.84487775755444461e-01,1.50845019060363271e+06,-4.24923311328121796e+07
1657,1581,895,1590,0,silica,5.51666666666666838e+00,-1.46828622489711846e+00,2.25823871363042563e+05,-3.98466664048319682e+07
1658,926,1581,1590,0,silica,5.68333333333333357e+00,-1.46828622489711846e+00,1.25579306649703858e+06,-3.98466664048319682e+07
1659,1573,1576,1589,0,silica,5.73199270868566391e+00,-2.77543191412898071e-01,4.76770358766934555e+06,-4.66905299859241620e+07
1660,1572,899,1588,0,silica,5.43684268713230967e+00,-3.53489873713656311e-01,1.37887727521725651e+06,-4.68322882314837873e+07
1661,1572,1588,1591,0,silica,5.49638547424742185e+00,-3.11886343601741778e-01,1.60577335744817718e+06,-4.66936094430450946e+07
1662,1588,1576,1591,0,silica,5.57105965142039583e+00,-3.01057981787575146e-01,3.44778375299783703e+06,-4.67151599892634228e+07
1663,929,930,1589,0,silica,5.82225908646651202e+00,-4.07239200065395046e-01,5.91170919181626290e+06,-4.39965014259378538e+07
1664,900,1572,1584,0,silica,5.40225865076931200e+00,-2.29362461888208635e-01,1.02463079576946248e+06,-4.73848250847793818e+07
1665,1576,1588,1589,0,silica,5.65044261743846210e+00,-3.52310098419736928e-01,4.16074388234464591e+06,-4.72320303093085885e+07
1666,928,929,1575,0,silica,5.79455205428932363e+00,-6.16721702611141787e-01,3.64612395884356461e+06,-4.25881632553434521e+07
1667,1575,897,1594,0,silica,5.54919961889310098e+00,-7.46509759266571371e-01,1.55579440833335975e+06,-4.24177415106681138e+07
1668,1581,927,1594,0,silica,5.68798089793710915e+00,-1.05451206479516202e+00,2.30718169221254811e+06,-4.10995568147898242e+07
1669,1575,929,1589,0,silica,5.76681114075583690e+00,-4.98318743603108016e-01,4.97493457936168648e+06,-4.45810177176220864e+07
1670,1584,1572,1591,0,silica,5.46180143788442507e+00,-2.27357366992123722e-01,2.00290148191886884e+06,-4.72709821269131899e+07
1671,896,1581,1594,0,silica,5.52131423127044396e+00,-1.05451206479516202e+00,7.61216292892885162e+05,-4.10366302147296071e+07
1672,928,1575,1594,0,silica,5.71586628555976617e+00,-7.46509759266571371e-01,3.44446483325792989e+06,-4.28905970875811204e+07
1673,1588,1575,1589,0,silica,5.65884942870370100e+00,-4.74220528537004304e-01,3.34733611606893502e+06,-4.40272243613151535e+07
1674,1585,1580,1591,0,silica,5.56818739602689750e+00,-1.59268394618731990e-01,2.53388563563031191e+06,-4.87777994411458075e+07
1675,928,927,1597,0,silica,5.87499999999999911e+00,-8.79146730330303661e-01,3.41137551690090168e+06,-4.12038174290865734e+07
1676,958,959,1597,0,silica,5.97499999999999876e+00,-8.79146730330303661e-01,3.41137551690484956e+06,-4.03169310413511321e+07
1677,933,932,1595,0,silica,5.86988218047384169e+00,-1.03140583708755104e-01,1.60981643150566854e+07,-5.27546952840297818e+07
1678,319,42,1601,0,silica,5.89203522121659162e+00,-1.63853821755693789e-02,4.40814146063105389e+07,-4.90808922934193164e+07
1679,42,933,1601,0,silica,5.86703522121659038e+00,-3.92298423201375424e-02,2.62225025838414542e+07,-6.76480830815608352e+07
1680,932,931,1596,0,silica,5.87600464008392454e+00,-1.78680312695268878e-01,1.19395130744728073e+07,-4.83987760990221947e+07
1681,43,319,1603,0,silica,5.95874727864743026e+00,-1.64460311523992007e-02,2.04506747771261781e+07,-3.94180486578066424e+07
1682,964,43,1603,0,silica,5.98374727864743061e+00,-3.92904912969673711e-02,1.88558093066748045e+07,-3.78419295415387899e+07
1683,1595,932,1596,0,silica,5.89588682055776747e+00,-1.38164585148015856e-01,1.26605962358454596e+07,-4.68299447285930961e+07
1684,1595,1602,1603,0,silica,5.94000966577483691e+00,-8.57552487565775706e-02,1.63747828965281770e+07,-4.30384781723055840e+07
1685,963,964,1602,0,silica,5.98638020665356319e+00,-1.03689412173763387e-01,1.55345086221954338e+07,-4.15061062004413605e+07
1686,1601,1595,1603,0,silica,5.92066468033786553e+00,-6.72116078975536213e-02,2.22093499543547630e+07,-4.75492458716550320e+07
1687,962,963,1596,0,silica,5.97600464008392596e+00,-1.78680312695268878e-01,1.23724487516296003e+07,-4.29178310589140505e+07
1688,933,1595,1601,0,silica,5.88691740169043509e+00,-7.36100368897225771e-02,1.88059810204377621e+07,-4.80876928684954792e+07
1689,1596,963,1602,0,silica,5.96238484673748914e+00,-1.38713413613024139e-01,1.31448348445797153e+07,-4.44684381922694147e+07
1690,1595,1596,1602,0,silica,5.93226702721133226e+00,-1.27177679188007292e-01,1.62800397386841755e+07,-4.58864993631403074e+07
1691,1602,964,1603,0,silica,5.97012748530099291e+00,-7.42195143315606959e-02,1.68358718320617490e+07,-4.29727954095017612e+07
1692,319,1601,1603,0,silica,5.92578249986402117e+00,-3.28314133279685796e-02,2.22423167689299174e+07,-3.84651140808544308e+07
1693,961,962,1598,0,silica,5.97499999999999876e+00,-2.84085419174258336e-01,9.14152982394624688e+06,-4.28612938359035328e+07
1694,931,930,1598,0,silica,5.87499999999999734e+00,-2.84085419174258336e-01,8.92108152374427766e+06,-4.60165822573130876e+07
1695,929,928,1599,0,silica,5.87499999999999911e+00,-6.16721702611141787e-01,5.12310556891330704e+06,-4.25881632553431243e+07
1696,959,960,1599,0,silica,5.97499999999999876e+00,-6.16721702611141787e-01,5.12310556891199108e+06,-4.14847317197207287e+07
1697,930,929,1600,0,silica,5.87499999999999734e+00,-4.24644384318720036e-01,6.83856121836473420e+06,-4.39965014259378538e+07
1698,960,961,1600,0,silica,5.97499999999999876e+00,-4.24644384318720036e-01,6.88232664159862511e+06,-4.22935652434905320e+07
1699,1596,931,1598,0,silica,5.90100464008392489e+00,-2.27459523425419557e-01,9.71953784133931063e+06,-4.50083905027108639e+07
1700,962,1596,1598,0,silica,5.95100464008392382e+00,-2.27459523425419557e-01,1.08667487788337506e+07,-4.50396866757760271e+07
1701,929,960,1600,0,silica,5.92499999999999805e+00,-4.78751925865864791e-01,5.93902702754247654e+06,-4.31652548334097192e+07
1702,959,928,1597,0,silica,5.92499999999999982e+00,-7.78140715831998731e-01,4.30718411028282158e+06,-4.07603742352183610e+07
1703,961,1598,1600,0,silica,5.94999999999999840e+00,-3.50737625163660249e-01,8.44645248816728964e+06,-4.37389514150346816e+07
1704,1598,930,1600,0,silica,5.89999999999999769e+00,-3.50737625163660249e-01,7.11726917667447496e+06,-4.37389514150340259e+07
1705,960,929,1599,0,silica,5.92499999999999982e+00,-5.42777698630005356e-01,5.93902702754247654e+06,-4.20364474875319228e+07
1706,928,959,1599,0,silica,5.92499999999999982e+00,-6.90665706592278217e-01,4.30718411028282158e+06,-4.20364474875312671e+07
1707,927,958,1597,0,silica,5.92499999999999982e+00,-9.80152744828608480e-01,2.51556692352293013e+06,-4.07603742352196723e+07
1708,926,27,28,0,silica,5.89999999999999858e+00,-1.81492179977541235e+00,1.01758887677192688e+04,-3.90598326271005124e+07
1709,926,28,957,0,silica,5.94999999999999929e+00,-1.62984359955082492e+00,1.32828668874312402e+06,-3.87037369879664332e+07
1710,927,926,958,0,silica,5.89999999999999858e+00,-1.16869230116058631e+00,2.51556692352293013e+06,-3.98383832035171539e+07
1711,958,926,957,0,silica,5.94999999999999929e+00,-1.30672885024341157e+00,1.32828668874312402e+06,-3.94083231061483920e+07
1712,322,321,1633,0,silica,6.18228816064733167e+00,-4.22805612764703340e-02,1.05952321168169398e+07,-3.86719093362736404e+07
1713,321,1615,1633,0,silica,6.13592808866639405e+00,-6.08961766491349157e-02,1.20697593108057957e+07,-3.83873065472351611e+07
1714,1615,1625,1633,0,silica,6.10708203486676382e+00,-9.52763712187199435e-02,1.17932473543575369e+07,-3.86473589228978008e+07
1715,1611,1622,1624,0,silica,9.35583998502295877e+00,-1.00411339177406078e+00,1.69127218338976963e+06,-2.63186141462115161e+07
1716,958,957,1628,0,silica,6.12753899006428515e+00,-1.24376445200605290e+00,2.62719701175664179e+06,-3.94083231061483920e+07
1717,1607,1616,1636,0,silica,7.20375045688716398e+00,-6.06481984259511719e-01,7.29112523406315595e+06,-3.40947757207910493e+07
1718,1622,1617,1624,0,silica,9.23196020905531611e+00,-1.28440267619804938e+00,1.11904573648766754e+06,-2.76570860344530270e+07
1719,1616,1614,1636,0,silica,6.96538105908342686e+00,-7.56440616890127537e-01,4.70054413399726804e+06,-3.50694729046175033e+07
1720,1622,1611,1626,0,silica,9.21956636986640810e+00,-7.21031289083766236e-01,1.62244515129537811e+06,-2.61706277553430758e+07
1721,1619,1607,1636,0,silica,7.45091990208267685e+00,-7.98217048667776319e-01,4.38282941000251938e+06,-3.27949325568474717e+07
1722,328,327,1621,0,silica,7.92495785041684542e+00,-1.62576214984817724e-01,8.76088294906611368e+06,-2.94321472063423395e+07
1723,329,328,1613,0,silica,8.50957462033238876e+00,-1.62217418901464766e-01,6.56021037090294529e+06,-2.69875539156183079e+07
1724,321,320,1615,0,silica,6.10353234192802407e+00,-1.86156153726645852e-02,1.16551897818014715e+07,-3.80733981952881366e+07
1725,1613,1621,1627,0,silica,8.25813204718218508e+00,-6.63956566962465744e-01,5.38493722737022396e+06,-2.90471926048900932e+07
1726,155,156,1617,0,silica,9.15070970036968134e+00,-1.86071003504185817e+00,8.07374171203136393e+03,-2.78444011992943138e+07
1727,152,153,1612,0,silica,7.42857142857142616e+00,-1.83504278023153589e+00,1.84350039116263360e+04,-3.32064497792696543e+07
1728,153,154,1618,0,silica,7.99999999999999556e+00,-1.83224719544525194e+00,1.62682882962262611e+04,-3.09668195465090163e+07
1729,154,155,1609,0,silica,8.57142857142856585e+00,-1.83504278023153566e+00,1.26208152400124072e+04,-2.91925533823992983e+07
1730,151,152,1620,0,silica,6.84975199517277655e+00,-1.83352982476789195e+00,1.89568907150781124e+04,-3.56789672436216325e+07
1731,1621,1619,1627,0,silica,7.98770644731681312e+00,-8.15809757472575559e-01,3.87285683003825042e+06,-2.99740302630911060e+07
1732,1612,1618,1619,0,silica,7.71428571428570908e+00,-1.31469391842169570e+00,1.96929416108864616e+06,-3.18093616109850630e+07
1733,964,963,1625,0,silica,6.01844160366484715e+00,-1.03140583708755104e-01,1.36385803913240414e+07,-4.15061062004413605e+07
1734,326,325,1616,0,silica,6.97277737869917136e+00,-1.22335545003309898e-01,1.02408097987506650e+07,-3.49166092645581216e+07
1735,1625,1606,1633,0,silica,6.09590608500830644e+00,-1.36036832623217724e-01,1.13420001806304920e+07,-4.07610823874623775e+07
1736,320,43,1632,0,silica,6.03929733373412869e+00,-1.62627268144267152e-02,1.44260740474243350e+07,-3.78473060055603758e+07
1737,1607,1619,1621,0,silica,7.70343567740509716e+00,-6.33155749862060691e-01,6.61692797394974437e+06,-3.14700207305792831e+07
1738,43,964,1632,0,silica,6.01624472871193916e+00,-3.91071869589948787e-02,1.44314564682194702e+07,-3.78419295415387899e+07
1739,329,1613,1626,0,silica,8.82734590169321542e+00,-3.00300567661309303e-01,3.69473308341312641e+06,-2.53641814155087061e+07
1740,330,329,1626,0,silica,9.11903582020696213e+00,-1.38083148759844537e-01,4.18277034374372708e+06,-2.49471889654492997e+07
1741,1610,1604,1614,0,silica,6.50156896906202331e+00,-7.35490379612759870e-01,4.84086973797304556e+06,-3.77901930104819015e+07
1742,1613,328,1621,0,silica,8.22983883167792385e+00,-3.24793633886282462e-01,5.38249917052207887e+06,-2.77708333958378211e+07
1743,1609,155,1617,0,silica,8.86499541465539487e+00,-1.69575281527339361e+00,1.03335844917368167e+06,-2.86032302346756905e+07
1744,154,1609,1618,0,silica,8.28571428571427937e+00,-1.66728997567678761e+00,1.56389968918135623e+06,-3.00881846578574814e+07
1745,1612,153,1618,0,silica,7.71428571428571086e+00,-1.66728997567678783e+00,1.97323465340971458e+06,-3.20778456754201688e+07
1746,152,1612,1620,0,silica,7.13546628088706214e+00,-1.66857260499942783e+00,2.08974838371356600e+06,-3.44023231166743189e+07
1747,1606,1623,1633,0,silica,6.11496834134802913e+00,-1.89668706577207691e-01,1.12631858294829931e+07,-4.06069519724830911e+07
1748,1613,1622,1626,0,silica,8.88206916006111946e+00,-6.36161290700694937e-01,3.87013379540262558e+06,-2.68895466760883890e+07
1749,1619,1618,1627,0,silica,8.00035405635589747e+00,-1.15214740459967646e+00,3.75232666586744040e+06,-3.08906771741879247e+07
1750,989,990,1611,0,silica,9.84601804776589695e+00,-7.47087417286604771e-01,7.89332004401199752e+05,-2.55529434834352024e+07
1751,988,989,1624,0,silica,9.85467716594044596e+00,-1.25449858478507759e+00,4.25157329535090888e+05,-2.65568314014510550e+07
1752,44,330,1635,0,silica,9.67313722747918625e+00,-1.10367446542348410e-01,1.38311567828080407e+06,-2.41100911983305365e+07
1753,327,326,1607,0,silica,7.39608454652268321e+00,-1.56508925465668497e-01,9.75636105212846398e+06,-3.21397027347846851e+07
1754,1609,1617,1622,0,silica,8.90109256692439210e+00,-1.36494687164611261e+00,1.15754938018821087e+06,-2.76436172163902856e+07
1755,957,28,1630,0,silica,6.11926772085693660e+00,-1.69500360499168412e+00,1.17529447553237900e+06,-3.87037369879662618e+07
1756,1626,1611,1635,0,silica,9.43734806955462169e+00,-4.95538012586728971e-01,2.33683674547930947e+06,-2.53342685450674929e+07
1757,1609,1622,1627,0,silica,8.60787978005346588e+00,-1.17673310301377132e+00,2.74479344447406288e+06,-2.89005523750508279e+07
1758,1622,1613,1627,0,silica,8.59259109420455225e+00,-8.37241075017033709e-01,2.72949749406871991e+06,-2.78526968641162813e+07
1759,1610,1614,1616,0,silica,6.72075308814675854e+00,-5.82219296435404265e-01,7.49629618253962696e+06,-3.63546040413439646e+07
1760,1614,1620,1636,0,silica,6.91944535659457483e+00,-1.13430156332137622e+00,4.60151875393903907e+06,-3.58267105397410765e+07
1761,1617,156,1637,0,silica,9.40892993077456374e+00,-1.75041842567363726e+00,4.78349475392088876e+05,-2.75493670388702489e+07
1762,151,1620,1630,0,silica,6.58806733507733355e+00,-1.71361162998416372e+00,1.68278764860863681e+06,-3.65569799477198422e+07
1763,330,1626,1635,0,silica,9.39154077826307976e+00,-2.48450595302192934e-01,2.03967644987105345e+06,-2.36775154059699886e+07
1764,156,29,1637,0,silica,9.68679165897630945e+00,-1.88970839063177887e+00,2.57266203711390472e+03,-2.72571322657474056e+07
1765,1618,1609,1627,0,silica,8.28606834207018217e+00,-1.33978624208630426e+00,1.57127640097614611e+06,-2.95855749828323610e+07
1766,1620,1614,1628,0,silica,6.64548106435370034e+00,-1.22528811773556323e+00,2.80142103134593228e+06,-3.61863489937831163e+07
1767,1624,1617,1637,0,silica,9.45408328719120306e+00,-1.50491701045710902e+00,5.83206463710207841e+05,-2.69884241860451661e+07
1768,327,1607,1621,0,silica,7.66898029600939068e+00,-3.19085140450486249e-01,6.63440019778246153e+06,-3.09630969739479087e+07
1769,1620,1612,1636,0,silica,7.15601718223984040e+00,-1.32954345212329472e+00,2.09255166994777950e+06,-3.40357042718567029e+07
1770,1612,1619,1636,0,silica,7.44912232992420353e+00,-1.14341757010031064e+00,4.40275419656584691e+06,-3.30444902321233861e+07
1771,963,962,1606,0,silica,6.02201612958290067e+00,-1.80187927888602301e-01,1.15567549729250893e+07,-4.29178310589140505e+07
1772,1604,958,1628,0,silica,6.23261399721260734e+00,-1.03778261374463976e+00,3.23032609094797960e+06,-3.83836758465168998e+07
1773,1614,1604,1628,0,silica,6.47223264775781626e+00,-1.00069825448167027e+00,4.75984565939875413e+06,-3.81434317095114365e+07
1774,28,151,1630,0,silica,6.30974391133312640e+00,-1.88008180521627177e+00,1.34830378118455392e+04,-3.75482275801378340e+07
1775,1615,320,1632,0,silica,6.07248941317548674e+00,-3.48783421870913005e-02,1.30940392604148090e+07,-3.72896917644556314e+07
1776,989,1611,1624,0,silica,9.70069521370634291e+00,-1.00158600206938231e+00,3.22336653506083472e+05,-2.63867088268665969e+07
1777,324,323,1629,0,silica,6.48843109434733645e+00,-5.90874676154136622e-02,9.90645247412020527e+06,-3.76553027616992816e+07
1778,1620,1628,1630,0,silica,6.52513013466542713e+00,-1.46556903152221740e+00,2.00511742292714212e+06,-3.76582948288895786e+07
1779,1604,1610,1631,0,silica,6.31590814682881785e+00,-6.34596722386856271e-01,6.50480043209847435e+06,-3.84955846908241138e+07
1780,964,1625,1632,0,silica,6.03468633237678631e+00,-7.34873815285799203e-02,1.50207755857680123e+07,-3.92964596340179965e+07
1781,963,1606,1625,0,silica,6.04045773324774782e+00,-1.39672200341349306e-01,1.30222439288010113e+07,-4.05207998170535043e+07
1782,990,44,1635,0,silica,9.87292647100482945e+00,-2.77034113209709776e-01,1.04042308423371066e+06,-2.37155259650993645e+07
1783,1611,990,1635,0,silica,9.71894451877072818e+00,-5.24121530494245813e-01,4.84745727353374939e+05,-2.49697508471612819e+07
1784,29,988,1637,0,silica,9.87726784945250103e+00,-1.72304172396534372e+00,1.61190362932004908e+05,-2.70806229949400835e+07
1785,988,1624,1637,0,silica,9.73194501539294698e+00,-1.47754030874881592e+00,1.51937989060657012e+05,-2.70604799778449461e+07
1786,1633,1623,1634,0,silica,6.18926998314346832e+00,-2.22803562728224075e-01,9.21597958596605249e+06,-3.98036529392568246e+07
1787,1628,957,1630,0,silica,6.24680671092122086e+00,-1.44696100652973780e+00,1.75526710267361975e+06,-3.76421653547141925e+07
1788,1625,1615,1632,0,silica,6.06787841181814525e+00,-6.92585367566763282e-02,1.27776670405701827e+07,-3.95684528863974363e+07
1789,323,1608,1629,0,silica,6.41541510430016348e+00,-9.85395943545318564e-02,9.35745217959812097e+06,-3.81807739773713872e+07
1790,1616,325,1629,0,silica,6.77197329665556946e+00,-1.81423012618723539e-01,8.59671716217244044e+06,-3.56808187406932339e+07
1791,1607,326,1616,0,silica,7.18337048272287770e+00,-2.78844470468978367e-01,7.40178563226190489e+06,-3.35969700162962601e+07
1792,1605,1610,1634,0,silica,6.30146484269216511e+00,-3.84774848606155961e-01,7.52438166069867555e+06,-3.92028560340728462e+07
1793,962,961,1623,0,silica,6.03750386000456984e+00,-2.77402347973080776e-01,9.69082747381619364e+06,-4.28612938359035328e+07
1794,959,958,1604,0,silica,6.10507500714832219e+00,-8.61704448400868017e-01,4.48043862326117232e+06,-4.03169310413511321e+07
1795,1610,1616,1629,0,silica,6.66145366369881753e+00,-3.34839205954533592e-01,7.73523207695222273e+06,-3.76413854844784886e+07
1796,1629,1608,1634,0,silica,6.38796874390210245e+00,-1.91050527282710575e-01,9.17919192092557624e+06,-3.88070796803759858e+07
1797,323,322,1608,0,silica,6.31464802962519212e+00,-3.94521267391182012e-02,1.00531631923099123e+07,-3.84000105082538798e+07
1798,1608,322,1633,0,silica,6.24633224960934985e+00,-8.17326880155885283e-02,1.00801549064539857e+07,-3.83782680620312914e+07
1799,325,324,1629,0,silica,6.63206190689617703e+00,-5.90874676154136622e-02,9.93801425373629108e+06,-3.76574546047518104e+07
1800,1608,1633,1634,0,silica,6.26309786956539227e+00,-1.74243620943767247e-01,1.01152647831010483e+07,-3.90719588890388757e+07
1801,961,960,1605,0,silica,6.04827175994533395e+00,-4.21943978554647270e-01,7.75825543679200113e+06,-4.22935652434905320e+07
1802,1610,1605,1631,0,silica,6.25910489962582961e+00,-4.97837816548357903e-01,7.38600886997558083e+06,-4.02343833988457099e+07
1803,960,959,1631,0,silica,6.05395782831200435e+00,-6.16721702611141787e-01,5.72678449746266752e+06,-4.14847317197207287e+07
1804,1606,962,1623,0,silica,6.05951998958747051e+00,-2.22284067417575448e-01,1.02963585689109843e+07,-4.11298589529249221e+07
1805,1610,1629,1634,0,silica,6.43351230884409819e+00,-3.05014593879402385e-01,8.82293462461154908e+06,-3.79117167709750310e+07
1806,1623,1605,1634,0,silica,6.18209339132824365e+00,-3.19370723793920952e-01,9.13425007141599618e+06,-4.08721075520382673e+07
1807,961,1605,1623,0,silica,6.08577561994990379e+00,-3.41354148198409924e-01,8.39655618249888904e+06,-4.10283643007193059e+07
1808,959,1604,1631,0,silica,6.15903283546032654e+00,-7.23726431911995038e-01,4.62084251396216080e+06,-3.98706934081360102e+07
1809,1605,960,1631,0,silica,6.10222958825733830e+00,-5.13023522092360240e-01,6.53376329440255836e+06,-4.03070074680607915e+07
1810,684,685,1638,0,silica,-6.02022249114047980e+00,1.09495549791761196e-01,-1.95079287337160087e+06,-1.14675201970496168e+06
1811,685,46,1649,0,silica,-6.01689898263816314e+00,1.78266567624536520e-01,-1.80852607111055357e+06,-9.56428013097610441e+05
1812,46,341,1649,0,silica,-6.03995158766035178e+00,2.02711012069044377e-01,-1.67090927072044369e+06,-1.09094045129367826e+06
1813,166,167,1643,0,silica,-6.10362729857806929e+00,1.76626566454108833e-02,-1.76107496853627195e+06,-1.56650840152564994e+06
1814,341,340,1642,0,silica,-6.10551039372999771e+00,2.00995989978751094e-01,-1.58699766621800419e+06,-1.21009554693969712e+06
1815,31,684,1650,0,silica,-6.01531242645081488e+00,4.00983079540521217e-02,-2.05015242892009718e+06,-1.57073595586672775e+06
1816,167,31,1650,0,silica,-6.03836503147300352e+00,1.56538635096693211e-02,-2.06489534399888967e+06,-1.58515730320077878e+06
1817,336,335,1645,0,silica,-6.97277737869916958e+00,1.83333333333333320e-01,-9.67876883995735552e+05,-1.30967804230573634e+06
1818,161,162,1645,0,silica,-6.97277737869916958e+00,3.66666666666666599e-02,-8.98775957223772886e+05,-1.30967804230442038e+06
1819,684,1638,1650,0,silica,-6.03553491759129468e+00,7.62605244126050436e-02,-2.12296981787292473e+06,-1.44389440569454175e+06
1820,1638,685,1649,0,silica,-6.03712147377864294e+00,1.41095450749756102e-01,-1.91392163903737999e+06,-1.20533985668821330e+06
1821,1638,1643,1650,0,silica,-6.06882195368269794e+00,6.94787366136331436e-02,-1.88816066927455878e+06,-1.38767691654630657e+06
1822,165,166,1639,0,silica,-6.19025971333015690e+00,2.44650212423950242e-02,-1.55833539790858258e+06,-1.52204288595863339e+06
1823,341,1642,1649,0,silica,-6.07512171890368524e+00,1.83707002047795470e-01,-1.73698552648389805e+06,-1.11445879303441988e+06
1824,340,339,1648,0,silica,-6.18733631739153100e+00,1.98212386876638003e-01,-1.48570024078162177e+06,-1.31294879369070032e+06
1825,1642,1638,1649,0,silica,-6.07229160502197640e+00,1.46535885173015051e-01,-1.72549851199327456e+06,-1.23683677870119084e+06
1826,1639,166,1643,0,silica,-6.14399459799926451e+00,4.21276778878059074e-02,-1.69963085495169624e+06,-1.61521317947444902e+06
1827,164,165,1644,0,silica,-6.30111698512306262e+00,3.70491535408142281e-02,-1.37306569655118929e+06,-1.48446413301967620e+06
1828,1643,167,1650,0,silica,-6.07165206756440856e+00,3.33165201550802079e-02,-1.91832965035749413e+06,-1.65762788789325696e+06
1829,1643,1638,1647,0,silica,-6.09602874151655527e+00,9.06578606776467510e-02,-1.77620107886020653e+06,-1.46674372226569173e+06
1830,1638,1642,1647,0,silica,-6.09791183666848458e+00,1.27324527344320287e-01,-1.77039592042522412e+06,-1.27377773513371451e+06
1831,339,338,1644,0,silica,-6.30111698512306262e+00,1.83715820207480895e-01,-1.36716532731948840e+06,-1.39347461163399694e+06
1832,1642,340,1648,0,silica,-6.14295429721256880e+00,1.79208376855389123e-01,-1.62031358137882221e+06,-1.23133877271703701e+06
1833,1639,1643,1647,0,silica,-6.13922615481946110e+00,7.89606654614888326e-02,-1.65268648895622231e+06,-1.40726072702053050e+06
1834,161,335,1640,0,silica,-7.22129486536861265e+00,1.09999999999999987e-01,-7.52960596412844607e+05,-1.25609575589704514e+06
1835,165,1639,1644,0,silica,-6.24077275779004825e+00,6.15141747832092523e-02,-1.51173981827836973e+06,-1.55276803396771429e+06
1836,1647,1642,1648,0,silica,-6.13818585403276540e+00,1.42708031095738735e-01,-1.60815936795272818e+06,-1.34192285502101877e+06
1837,339,1644,1648,0,silica,-6.23784936185142325e+00,1.61928207084118925e-01,-1.50087985339756962e+06,-1.32622501977573382e+06
1838,163,164,1641,0,silica,-6.46216780237509614e+00,3.66666666666666599e-02,-1.20206055475105764e+06,-1.44200446433718666e+06
1839,338,337,1641,0,silica,-6.46216780237509614e+00,1.83333333333333320e-01,-1.23100100929681771e+06,-1.41715257826043107e+06
1840,162,163,1646,0,silica,-6.67761402119836234e+00,3.66666666666666599e-02,-1.04693421291625488e+06,-1.39153164708827017e+06
1841,337,336,1646,0,silica,-6.67761402119836234e+00,1.83333333333333320e-01,-1.09493914525600430e+06,-1.38935276843819604e+06
1842,334,160,1640,0,silica,-7.53299462915259443e+00,1.09999999999999987e-01,-7.52960596413173596e+05,-1.11991596878763195e+06
1843,162,336,1645,0,silica,-6.85904901488353858e+00,1.09999999999999987e-01,-9.33326420610494562e+05,-1.36326032871409878e+06
1844,335,161,1645,0,silica,-7.08650574251480148e+00,1.09999999999999987e-01,-9.33326420609178487e+05,-1.25609575589704514e+06
1845,1644,1639,1648,0,silica,-6.22171711487251144e+00,1.13059894993180629e-01,-1.46377176908313273e+06,-1.42171570983178122e+06
1846,1639,1647,1648,0,silica,-6.16643562723281757e+00,1.12843729026049333e-01,-1.65644045536803221e+06,-1.40091687980089174e+06
1847,336,162,1646,0,silica,-6.76066122904993705e+00,1.09999999999999987e-01,-1.07189868875773414e+06,-1.36326032871409878e+06
1848,1641,164,1644,0,silica,-6.37562076782579723e+00,7.37158202074808949e-02,-1.30835090512860776e+06,-1.52981518120594020e+06
1849,338,1641,1644,0,silica,-6.37562076782579723e+00,1.47049153540814215e-01,-1.30955817178962706e+06,-1.35225335900645237e+06
1850,163,1641,1646,0,silica,-6.56427501099815203e+00,7.33333333333333198e-02,-1.13813646033804398e+06,-1.49481471978973388e+06
1851,1641,337,1646,0,silica,-6.56427501099815203e+00,1.46666666666666640e-01,-1.13813646033804398e+06,-1.34043345383565896e+06
1852,160,161,1640,0,silica,-7.37714474726060399e+00,3.66666666666666599e-02,-7.20921695901417639e+05,-1.18800586234233854e+06
1853,335,334,1640,0,silica,-7.37714474726060399e+00,1.83333333333333320e-01,-7.84999496924436069e+05,-1.18800586234233854e+06
1854,45,30,331,0,silica,-9.80021075647435680e+00,1.46666666666666640e-01,-8.07286932014894410e+04,-8.73024583805251052e+05
1855,331,30,157,0,silica,-9.60042151294871360e+00,7.33333333333333198e-02,-7.27146236029064603e+04,-8.94858105205421336e+05
1856,332,157,158,0,silica,-9.00105378237178044e+00,7.33333333333333198e-02,-2.15860398056548816e+05,-9.34827964090490248e+05
1857,331,157,332,0,silica,-9.20084302589742542e+00,1.46666666666666640e-01,-2.30531473101307143e+05,-8.94858105205421336e+05
1858,333,158,159,0,silica,-8.40168605179485084e+00,7.33333333333333198e-02,-3.70560205998769961e+05,-1.02118694057922356e+06
1859,332,158,333,0,silica,-8.60147529532049404e+00,1.46666666666666640e-01,-4.02258567218989076e+05,-9.34827964090490248e+05
1860,160,333,159,0,silica,-8.00490439554566713e+00,7.33333333333333198e-02,-5.50318255724794813e+05,-1.02118694057922356e+06
1861,160,334,333,0,silica,-7.80791198282212928e+00,1.46666666666666640e-01,-5.87071593760442687e+05,-1.11991596878763195e+06
1862,702,703,1651,0,silica,-5.87773808673799891e+00,1.09999999999820755e-01,-2.56660330375064816e+06,-4.01532396326351154e+04
1863,702,1651,1653,0,silica,-5.89637830845136079e+00,7.79655263994313147e-02,-2.97381268317478150e+06,-9.64306710385780316e+05
1864,1651,703,1652,0,silica,-5.89637830845137501e+00,1.42034473600277295e-01,-2.32078427647104254e+06,-5.98034562403678894e+05
1865,685,684,1651,0,silica,-5.97773808673800033e+00,1.09999999999820755e-01,-2.26859849289092980e+06,-1.14675201970496168e+06
1866,703,47,1652,0,silica,-5.86864022171337396e+00,1.78701140266998126e-01,-2.08095318536888110e+06,-9.03752167900085442e+03
1867,32,702,1653,0,silica,-5.86864022171335975e+00,4.12988597328188198e-02,-3.33316058768033935e+06,-8.17903886941623641e+04
1868,168,32,1653,0,silica,-5.89364022171335922e+00,1.68544152884360192e-02,-4.30092303509668354e+06,-1.15209192553104390e+06
1869,47,342,1652,0,silica,-5.89364022171337343e+00,2.03145584711505983e-01,-1.69822104068140965e+06,-4.32321979295310914e+05
1870,685,1651,1655,0,silica,-5.96293498794533949e+00,1.44258893053881204e-01,-2.05162118474804866e+06,-7.51543200402545859e+05
1871,1651,684,1654,0,silica,-5.96293498794533861e+00,7.57411069458258784e-02,-2.26365501962797157e+06,-1.15575620658479678e+06
1872,1651,1652,1655,0,silica,-5.93157520965871488e+00,1.51848922209895071e-01,-2.01412746652914025e+06,-7.38852595269241254e+05
1873,1653,1651,1654,0,silica,-5.93157520965869889e+00,6.81510777898790970e-02,-2.91248511282726284e+06,-9.36144844949140446e+05
1874,31,168,1654,0,silica,-5.96019690120733703e+00,1.46299958348305795e-02,-2.56377901829835866e+06,-1.54544765208166116e+06
1875,342,46,1655,0,silica,-5.96019690120733969e+00,2.05370004165109865e-01,-1.70227805935452459e+06,-7.40397238495159079e+05
1876,46,685,1655,0,silica,-5.98519690120734094e+00,1.80925559720602008e-01,-1.91578263545024861e+06,-9.56428013098268420e+05
1877,684,31,1654,0,silica,-5.98519690120733827e+00,3.90744402792133835e-02,-2.53878642828620877e+06,-1.57073595586672775e+06
1878,1652,342,1655,0,silica,-5.92883712292071419e+00,1.88515588876615903e-01,-1.98761561167711252e+06,-5.41520980114002130e+05
1879,168,1653,1654,0,silica,-5.92883712292069820e+00,3.14844111232666021e-02,-2.80777599746120442e+06,-1.71551011276448239e+06
1880,1666,1659,1670,3,silicon_buses,-5.45420853361991842e+00,1.28092082617502462e-01,-6.78035072755432129e+06,-2.88934566322135925e+06
1881,1658,1667,1668,3,silicon_buses,-5.74579146638010219e+00,1.28092082617503406e-01,-5.56697077207756042e+06,-2.27576976539039612e+06
1882,1663,1666,1670,3,silicon_buses,-5.45420853361992197e+00,9.19079173823876272e-02,-6.78035072748374939e+06,-2.33629531589508057e+06
1883,1667,1661,1668,3,silicon_buses,-5.74579146638009775e+00,9.19079173823886125e-02,-5.56697077193641663e+06,-3.44221536568069458e+06
1884,169,170,1661,3,silicon_buses,-5.74269476866340778e+00,1.85745840490979149e-02,-7.13883317634963989e+06,-3.60285705497741699e+06
1885,170,171,1657,3,silicon_buses,-5.67142857142856815e+00,2.06196524710579900e-02,-7.04916819789123535e+06,-2.89152838029861450e+06
1886,344,343,1658,3,silicon_buses,-5.74269476866341133e+00,2.01425415950879344e-01,-5.56972764808464050e+06,-1.60661613000106812e+06
1887,346,345,1660,3,silicon_buses,-5.60000000000000053e+00,1.99380347528941959e-01,-7.15119783445549011e+06,-1.98406710366058350e+06
1888,348,347,1659,3,silicon_buses,-5.45730523133659062e+00,2.01425415950879344e-01,-8.04087164846229553e+06,-2.88452649402618408e+06
1889,172,173,1656,3,silicon_buses,-5.52857142857142758e+00,2.06196524710579900e-02,-7.25871459724426270e+06,-2.35196760136795044e+06
1890,173,174,1663,3,silicon_buses,-5.45730523133659418e+00,1.85745840490978247e-02,-7.11934849559974670e+06,-2.05718087120437622e+06
1891,345,344,1662,3,silicon_buses,-5.67142152687275125e+00,1.99865837297653642e-01,-6.52608927844619751e+06,-1.80286843658065796e+06
1892,347,346,1664,3,silicon_buses,-5.52857847312724360e+00,1.99865837297654086e-01,-7.56950636291503906e+06,-2.27613015752029419e+06
1893,171,172,1665,3,silicon_buses,-5.60000000000000142e+00,2.06196524710442544e-02,-7.20254495269966125e+06,-2.57211925190353394e+06
1894,170,1657,1661,3,silicon_buses,-5.70698048294911953e+00,3.91942365201559048e-02,-6.50792715708160400e+06,-3.20401404085731506e+06
1895,344,1658,1662,3,silicon_buses,-5.70697343839330529e+00,1.81291253248533041e-01,-5.87169933197975159e+06,-1.41571718004608154e+06
1896,346,1660,1664,3,silicon_buses,-5.56429275884152919e+00,1.79246184826596072e-01,-7.11278607374191284e+06,-2.00624414408111572e+06
1897,1656,173,1663,3,silicon_buses,-5.49301951705087887e+00,3.91942365201558146e-02,-6.94215197130966187e+06,-2.16920008412551880e+06
1898,1659,347,1664,3,silicon_buses,-5.49302656160669045e+00,1.81291253248533457e-01,-7.31586047599983215e+06,-2.42619255451965332e+06
1899,1660,345,1662,3,silicon_buses,-5.63570724115846655e+00,1.79246184826595628e-01,-6.67991296205902100e+06,-1.71197065574836731e+06
1900,172,1656,1665,3,silicon_buses,-5.56428571428571406e+00,4.12393049421022409e-02,-7.03997285293388367e+06,-2.47825820648574829e+06
1901,1657,171,1665,3,silicon_buses,-5.63571428571428257e+00,4.12393049421022409e-02,-6.84924015590667725e+06,-2.77609987145042419e+06
1902,720,721,1666,3,silicon_buses,-5.37071282609285117e+00,1.09999999999832399e-01,-5.80073484271240234e+06,-3.32886999314880371e+06
1903,703,702,1667,3,silicon_buses,-5.82928717390715168e+00,1.09999999999832440e-01,-4.07984820087051392e+06,-4.30628946784782410e+06
1904,721,48,1672,3,silicon_buses,-5.36668609622062576e+00,1.78855618421446261e-01,-7.28464432043457031e+06,-7.33169365093612671e+06
1905,47,703,1673,3,silicon_buses,-5.83331390377937620e+00,1.78855618421446066e-01,-3.68156549467468262e+06,-9.69241455429077148e+05
1906,33,720,1674,3,silicon_buses,-5.36668609622063553e+00,4.11443815783979830e-02,-5.96358653775787354e+06,-4.95437463190078735e+05
1907,702,32,1675,3,silicon_buses,-5.83331390377936554e+00,4.11443815783978373e-02,-6.02902902833175659e+06,-8.77172284546089172e+06
1908,48,348,1672,3,silicon_buses,-5.39049562003014859e+00,2.03300062865954118e-01,-1.00794807877769470e+07,-4.53917354486465454e+06
1909,343,47,1673,3,silicon_buses,-5.80950437996985158e+00,2.03300062865953923e-01,-4.04887516161727905e+06,-1.33624669608688354e+06
1910,174,33,1674,3,silicon_buses,-5.39049562003016103e+00,1.66999371340151893e-02,-6.91901367965698242e+06,-1.45007274681091309e+06
1911,32,169,1675,3,silicon_buses,-5.80950437996984093e+00,1.66999371340150402e-02,-9.26647835495567322e+06,-5.53695671792221069e+06
1912,1662,1668,1671,3,silicon_buses,-5.67142152687274503e+00,1.26532503964312232e-01,-6.45744285285568237e+06,-2.15130568467140198e+06
1913,1668,1657,1671,3,silicon_buses,-5.67142857142856283e+00,9.39529858043832156e-02,-6.45744285285568237e+06,-2.74657565536689758e+06
1914,1662,1658,1668,3,silicon_buses,-5.70697343839331950e+00,1.44624586581866249e-01,-5.94456277491831779e+06,-2.52084004189300537e+06
1915,1661,1657,1668,3,silicon_buses,-5.70698048294913374e+00,7.58609031868224398e-02,-6.54205879728651047e+06,-2.80934949348831177e+06
1916,1665,1656,1669,3,silicon_buses,-5.56428571428571228e+00,7.79059716087682763e-02,-7.03997285291590262e+06,-2.37890683963012695e+06
1917,1664,1660,1669,3,silicon_buses,-5.56429275884152741e+00,1.42579518159928809e-01,-7.10618153561544418e+06,-2.33004989743423462e+06
1918,1664,1669,1670,3,silicon_buses,-5.52857847312724271e+00,1.26532503964319143e-01,-7.05649280063819885e+06,-2.36580869876861572e+06
1919,1660,1662,1671,3,silicon_buses,-5.63570724115844524e+00,1.42579518159921009e-01,-6.69232158230990171e+06,-2.32033759560012817e+06
1920,1659,1664,1670,3,silicon_buses,-5.49302656160669134e+00,1.44624586581865805e-01,-7.30789872541832924e+06,-2.54694875616836548e+06
1921,1669,1656,1670,3,silicon_buses,-5.52857142857142581e+00,9.39529858043896965e-02,-7.05649280077934265e+06,-2.39116245568275452e+06
1922,1656,1663,1670,3,silicon_buses,-5.49301951705087887e+00,7.58609031868214823e-02,-6.96708420663523674e+06,-2.45749180588531494e+06
1923,1657,1665,1671,3,silicon_buses,-5.63571428571426214e+00,7.79059716087609488e-02,-6.84924015584818739e+06,-2.45591388187026978e+06
1924,1665,1669,1671,3,silicon_buses,-5.59999999999997922e+00,9.39529858043689908e-02,-6.89270571423339844e+06,-2.48815957678985596e+06
1925,1669,1660,1671,3,silicon_buses,-5.59999999999997922e+00,1.26047014195600049e-01,-6.89270571423339844e+06,-2.17167907565689087e+06
1926,348,1659,1672,3,silicon_buses,-5.42637227993816840e+00,1.84725478816833460e-01,-7.31139698762512207e+06,-3.35843589562988281e+06
1927,1658,343,1673,3,silicon_buses,-5.77362772006183533e+00,1.84725478816833294e-01,-4.71571855255508423e+06,-1.05180187622833252e+06
1928,1663,174,1674,3,silicon_buses,-5.42637227993818261e+00,3.52745211831130140e-02,-6.47583089745330811e+06,-1.63911420428848267e+06
1929,169,1661,1675,3,silicon_buses,-5.77362772006182112e+00,3.52745211831129515e-02,-6.18498471527862549e+06,-4.22253279943656921e+06
1930,1666,721,1672,3,silicon_buses,-5.38739892231347639e+00,1.42188951754737086e-01,-5.59143881333351135e+06,-3.68356099628829956e+06
1931,703,1667,1673,3,silicon_buses,-5.81260107768652734e+00,1.42188951754736892e-01,-2.98998172742652893e+06,-2.45930826277923584e+06
1932,720,1666,1674,3,silicon_buses,-5.38739892231348705e+00,7.78110482450221214e-02,-5.15579048612403870e+06,-2.23589196873855591e+06
1933,1667,702,1675,3,silicon_buses,-5.81260107768651668e+00,7.78110482450220103e-02,-4.01080019696617126e+06,-4.42330413743972778e+06
1934,1659,1666,1672,3,silicon_buses,-5.42327558222149531e+00,1.48058812150124258e-01,-7.31356358304595947e+06,-3.33625668491172791e+06
1935,1667,1658,1673,3,silicon_buses,-5.77672441777851109e+00,1.48058812150124147e-01,-4.89065628326034546e+06,-2.84262106310462952e+06
1936,1666,1663,1674,3,silicon_buses,-5.42327558222150952e+00,7.19411878497371454e-02,-6.56182728450012207e+06,-2.51945019326019287e+06
1937,1661,1667,1675,3,silicon_buses,-5.77672441777849688e+00,7.19411878497371177e-02,-6.20867135976409912e+06,-3.98005510890007019e+06
1938,48,721,1678,0,silica,-5.34086221565439967e+00,1.82650646184881499e-01,-4.91515306393238064e+06,-6.83630894485759636e+04
1939,739,49,1677,0,silica,-5.25954810495627267e+00,1.82442500809752994e-01,-4.43004115221256204e+06,-4.94125131998062102e+02
1940,34,738,1679,0,silica,-5.25954810495627090e+00,3.75574991900597122e-02,-4.96122461949748918e+06,-7.53303896835708583e+04
1941,720,33,1680,0,silica,-5.34086221565438724e+00,3.73493538149346008e-02,-4.36612408183525037e+06,-4.61961958920478810e+03
1942,1676,1677,1678,0,silica,-5.30041032061066986e+00,1.57315369216921019e-01,-4.68062514461007994e+06,-1.31746133209333406e+05
1943,1679,1676,1680,0,silica,-5.30041032061065565e+00,6.26846307828328592e-02,-4.66853620803091023e+06,-1.50592142775349610e+05
1944,721,1676,1678,0,silica,-5.32419554898773040e+00,1.45983979518152285e-01,-4.79096177378471382e+06,-1.66706152638702391e+05
1945,1676,739,1677,0,silica,-5.27621477162293662e+00,1.45775834143023780e-01,-4.61083783550731651e+06,-1.52837814101028431e+05
1946,1676,720,1680,0,silica,-5.32419554898771796e+00,7.40160204815387412e-02,-4.58420638666863367e+06,-1.77311938506946550e+05
1947,738,1676,1679,0,silica,-5.27621477162293484e+00,7.42241658566638457e-02,-4.81821893871419877e+06,-1.95830459468593588e+05
1948,721,720,1676,0,silica,-5.33333333333333126e+00,1.09999999999812401e-01,-4.69147286837842874e+06,-3.10394634496307335e+04
1949,738,739,1676,0,silica,-5.26666666666666483e+00,1.09999999999812401e-01,-4.69876441714124661e+06,-3.29379300527858722e+04
1950,49,349,1677,0,silica,-5.27621477162293839e+00,2.06886945254260851e-01,-3.98992427057579020e+06,-3.20959665799770330e+05
1951,349,48,1678,0,silica,-5.32419554898773217e+00,2.07095090629389356e-01,-5.30216407612289395e+06,-3.42400129710617068e+05
1952,33,175,1680,0,silica,-5.32419554898772063e+00,1.29049093705518036e-02,-3.84242307712749438e+06,-3.75444916009826644e+05
1953,175,34,1679,0,silica,-5.27621477162293662e+00,1.31130547456769150e-02,-5.44271287007720862e+06,-4.25919969374484965e+05
1954,1677,349,1678,0,silica,-5.30041032061067163e+00,1.93982035883650233e-01,-4.68870449627586361e+06,-7.00299968659830047e+05
1955,175,1679,1680,0,silica,-5.30041032061065831e+00,2.60179641162287152e-02,-4.65857466956594400e+06,-8.51597759796724305e+05
1956,1692,1683,1694,2,silicon_ring,-4.85420853361992943e+00,1.28092082617510566e-01,-6.92116020598220825e+06,-4.48841599019622803e+06
1957,1685,1691,1696,2,silicon_ring,-5.14579146638007856e+00,1.28092082617505126e-01,-7.38770383735656738e+06,-2.44963974996185303e+06
1958,1686,1692,1694,2,silicon_ring,-4.85420853361993476e+00,9.19079173823976331e-02,-6.92116020598220825e+06,-3.29686399187469482e+06
1959,1691,1689,1696,2,silicon_ring,-5.14579146638007501e+00,9.19079173823904028e-02,-7.38770383735656738e+06,-3.33205268665885925e+06
1960,177,178,1682,2,silicon_ring,-5.07142857142857295e+00,2.06196524710579900e-02,-8.33108276914596558e+06,-2.89503200340270996e+06
1961,351,350,1685,2,silicon_ring,-5.14269476866340991e+00,2.01425415950879622e-01,-7.95465062957763672e+06,-2.02269848165512085e+06
1962,353,352,1684,2,silicon_ring,-5.00000000000000000e+00,1.99380347528941959e-01,-8.62821926000213623e+06,-2.87012209017181396e+06
1963,355,354,1683,2,silicon_ring,-4.85730523133659275e+00,2.01425415950879788e-01,-9.27614055088233948e+06,-4.52316985389328003e+06
1964,179,180,1681,2,silicon_ring,-4.92857142857142971e+00,2.06196524710579900e-02,-7.61103390530967712e+06,-2.61035288540267944e+06
1965,180,181,1686,2,silicon_ring,-4.85730523133659720e+00,1.85745840491002047e-02,-6.59221136003875732e+06,-2.53102251658630371e+06
1966,176,177,1689,2,silicon_ring,-5.14269476866340636e+00,1.85745840490982687e-02,-8.59031181052780151e+06,-3.45311443732070923e+06
1967,178,179,1687,2,silicon_ring,-5.00000000000000000e+00,2.06196524710557695e-02,-8.12030629488182068e+06,-2.68874799969863892e+06
1968,354,353,1688,2,silicon_ring,-4.92857847312724573e+00,1.99865837297653393e-01,-8.79812639346504211e+06,-3.43081143523406982e+06
1969,352,351,1690,2,silicon_ring,-5.07142152687275782e+00,1.99865837297654808e-01,-8.37971807132911682e+06,-2.47803941059112549e+06
1970,1682,178,1687,2,silicon_ring,-5.03571428571428736e+00,4.12393049421137595e-02,-8.04704734428596497e+06,-2.73104407466506958e+06
1971,1684,352,1690,2,silicon_ring,-5.03570724115847224e+00,1.79246184826596794e-01,-8.16691624198532104e+06,-2.60378866847801208e+06
1972,1681,180,1686,2,silicon_ring,-4.89301951705088278e+00,3.91942365201581946e-02,-7.01294428229141235e+06,-2.26504568058586121e+06
1973,1683,354,1688,2,silicon_ring,-4.89302656160669525e+00,1.81291253248533207e-01,-8.15245554666709900e+06,-3.81280428380584717e+06
1974,179,1681,1687,2,silicon_ring,-4.96428571428571530e+00,4.12393049421137595e-02,-7.79777793955612183e+06,-2.50253616698837280e+06
1975,353,1684,1688,2,silicon_ring,-4.96429275884153132e+00,1.79246184826595378e-01,-8.23422929721069336e+06,-3.09759230094718933e+06
1976,177,1682,1689,2,silicon_ring,-5.10698048294912166e+00,3.91942365201562518e-02,-8.00516621056365967e+06,-3.08320001647567749e+06
1977,351,1685,1690,2,silicon_ring,-5.10697343839331008e+00,1.81291253248534429e-01,-7.78806917139816284e+06,-2.12800711513137817e+06
1978,756,757,1692,2,silicon_ring,-4.77071282609285152e+00,1.09999999999833495e-01,-5.27822260799789429e+06,-6.09210016765785217e+06
1979,739,738,1691,2,silicon_ring,-5.22928717390715025e+00,1.09999999999832607e-01,-6.07670039028167725e+06,-3.53247365783500671e+06
1980,49,739,1698,2,silicon_ring,-5.23331390377937566e+00,1.78855618421445817e-01,-6.35345094098663330e+06,-5.29931300983428955e+04
1981,757,50,1697,2,silicon_ring,-4.76668609622062345e+00,1.78855618421445262e-01,-8.06099779743194580e+06,-1.17701143504867554e+07
1982,35,756,1699,2,silicon_ring,-4.76668609622063677e+00,4.11443815784021394e-02,-4.47083691424560547e+06,-2.42796229803848267e+06
1983,738,34,1700,2,silicon_ring,-5.23331390377936412e+00,4.11443815783983161e-02,-7.58981441173171997e+06,-8.07891135736846924e+06
1984,181,35,1699,2,silicon_ring,-4.79049562003016138e+00,1.66999371340193388e-02,-4.51834962957763672e+06,-2.47543563481521606e+06
1985,50,355,1697,2,silicon_ring,-4.79049562003014717e+00,2.03300062865953118e-01,-1.25703436527900696e+07,-7.26450584248352051e+06
1986,350,49,1698,2,silicon_ring,-5.20950437996985105e+00,2.03300062865953673e-01,-7.53150308124732971e+06,-1.23006890036773682e+06
1987,34,176,1700,2,silicon_ring,-5.20950437996984039e+00,1.66999371340155155e-02,-1.05195859008655548e+07,-5.15156806401824951e+06
1988,1693,1687,1695,2,silicon_ring,-5.00000000000001155e+00,9.39529858043899463e-02,-8.02544934580612183e+06,-2.79847527035522461e+06
1989,1684,1690,1693,2,silicon_ring,-5.03570724115847934e+00,1.42579518159932112e-01,-8.17074504080057144e+06,-2.79150612196350098e+06
1990,1682,1687,1693,2,silicon_ring,-5.03571428571429447e+00,7.79059716087824178e-02,-8.04704734432295244e+06,-2.81449812837219238e+06
1991,1684,1693,1695,2,silicon_ring,-5.00000000000001155e+00,1.26047014195609514e-01,-8.02544934587669373e+06,-2.89929630851936340e+06
1992,1681,1686,1694,2,silicon_ring,-4.89301951705089255e+00,7.58609031868303779e-02,-7.11294351878499985e+06,-3.42133799881362915e+06
1993,1687,1681,1695,2,silicon_ring,-4.96428571428571885e+00,7.79059716087792814e-02,-7.79777793951802514e+06,-2.96737733851623535e+06
1994,1688,1684,1695,2,silicon_ring,-4.96429275884153487e+00,1.42579518159927615e-01,-8.23510149357771873e+06,-3.05483047014617920e+06
1995,1683,1688,1694,2,silicon_ring,-4.89302656160670413e+00,1.44624586581872078e-01,-8.16096508786153793e+06,-3.68373971694183350e+06
1996,1689,1682,1696,2,silicon_ring,-5.10698048294911722e+00,7.58609031868240496e-02,-8.01908430653786659e+06,-2.92226491250991821e+06
1997,1690,1685,1696,2,silicon_ring,-5.10697343839330475e+00,1.44624586581868914e-01,-7.82812174872732162e+06,-2.73548621525192261e+06
1998,1681,1694,1695,2,silicon_ring,-4.92857142857144215e+00,9.39529858043957056e-02,-7.76131868205642700e+06,-2.94032939207649231e+06
1999,1694,1688,1695,2,silicon_ring,-4.92857847312725905e+00,1.26532503964324500e-01,-7.76131868191528320e+06,-3.39579116120529175e+06
2000,1693,1690,1696,2,silicon_ring,-5.07142152687276049e+00,1.26532503964324583e-01,-7.96043375050926208e+06,-2.64015431877517700e+06
2001,1682,1693,1696,2,silicon_ring,-5.07142857142857650e+00,9.39529858043944427e-02,-7.96043375050926208e+06,-2.87875395817375183e+06
2002,355,1683,1697,2,silicon_ring,-4.82637227993816875e+00,1.84725478816832905e-01,-8.03458296611022949e+06,-5.32975827106857300e+06
2003,1685,350,1698,2,silicon_ring,-5.17362772006183302e+00,1.84725478816833322e-01,-7.05043812440109253e+06,-1.43526915688896179e+06
2004,1686,181,1699,2,silicon_ring,-4.82637227993818652e+00,3.52745211831195435e-02,-5.71859104777908325e+06,-1.96346766975212097e+06
2005,176,1689,1700,2,silicon_ring,-5.17362772006181793e+00,3.52745211831137842e-02,-7.77679809241104126e+06,-3.98162052524566650e+06
2006,1692,757,1697,2,silicon_ring,-4.78739892231347586e+00,1.42188951754737142e-01,-5.36075137327766418e+06,-5.95223984352111816e+06
2007,739,1691,1698,2,silicon_ring,-5.21260107768652592e+00,1.42188951754736836e-01,-5.32767238865852356e+06,-2.26310656105041504e+06
2008,1691,738,1700,2,silicon_ring,-5.21260107768651526e+00,7.78110482450226487e-02,-5.74252553343582153e+06,-4.09879503292083740e+06
2009,756,1692,1699,2,silicon_ring,-4.78739892231348918e+00,7.78110482450273672e-02,-3.87439127653884888e+06,-3.71304718498611450e+06
2010,1691,1685,1698,2,silicon_ring,-5.17672441777850612e+00,1.48058812150124341e-01,-7.16755270933532715e+06,-2.63415886760520935e+06
2011,1683,1692,1697,2,silicon_ring,-4.82327558222149655e+00,1.48058812150124841e-01,-8.02628771851730347e+06,-5.41467585188293457e+06
2012,1689,1691,1700,2,silicon_ring,-5.17672441777849190e+00,7.19411878497381169e-02,-7.80600334947967529e+06,-3.68264937672042847e+06
2013,1692,1686,1699,2,silicon_ring,-4.82327558222151520e+00,7.19411878497447782e-02,-5.92999670602416992e+06,-4.12760520125579834e+06
2014,1702,1716,1724,0,silica,-4.11151068257347152e+00,1.27869836817043808e-01,-2.64552182455103844e+06,-2.88998539410916297e+06
2015,1715,1701,1725,0,silica,-4.63848931742652582e+00,1.27869836817043836e-01,-3.22473072962396592e+06,-1.78375612985509867e+06
2016,1718,1702,1724,0,silica,-4.11151068257346708e+00,9.21301631828600337e-02,-2.64552182455103844e+06,-2.91894932815283770e+06
2017,1701,1717,1725,0,silica,-4.63848931742653114e+00,9.21301631828580075e-02,-3.22473072962396592e+06,-1.43272401018184656e+06
2018,1706,361,1711,0,silica,-4.30000000000000071e+00,1.76698729810779026e-01,-2.67921618236958468e+06,-2.68066350682817446e+06
2019,1705,186,1710,0,silica,-4.37500000000000000e+00,4.33012701892220297e-02,-2.55939949079858745e+06,-2.51088648339119880e+06
2020,359,1707,1708,0,silica,-4.45000000000000195e+00,1.76698729810778082e-01,-2.80051009003005968e+06,-2.52499890545104956e+06
2021,187,1709,1710,0,silica,-4.29999999999999805e+00,4.33012701892219187e-02,-2.54704222893027263e+06,-2.65728994150840724e+06
2022,187,188,1709,0,silica,-4.26249999999999840e+00,2.16506350946108900e-02,-2.44281913516416540e+06,-2.71746317274936661e+06
2023,359,358,1707,0,silica,-4.48750000000000160e+00,1.98349364905389097e-01,-2.95599933696135506e+06,-2.43522714688030211e+06
2024,185,186,1705,0,silica,-4.41250000000000053e+00,2.16506350946110114e-02,-2.41781802766971570e+06,-2.42914438754156092e+06
2025,183,184,1703,0,silica,-4.56249999999999734e+00,2.16506350946107616e-02,-2.38493572877217270e+06,-1.90934658789133048e+06
2026,188,189,1704,0,silica,-4.18749999999999911e+00,2.16506350946107616e-02,-2.47069215403864859e+06,-2.82927692338142358e+06
2027,362,361,1706,0,silica,-4.26249999999999929e+00,1.98349364905389097e-01,-2.74298910189571371e+06,-2.71748281908353791e+06
2028,186,187,1710,0,silica,-4.33749999999999947e+00,2.16506350946110253e-02,-2.42643174593387591e+06,-2.58765544668279635e+06
2029,360,359,1708,0,silica,-4.41250000000000053e+00,1.98349364905388986e-01,-2.82563240223280899e+06,-2.53950327916568751e+06
2030,188,1704,1709,0,silica,-4.22499999999999787e+00,4.33012701892216481e-02,-2.55358919314164156e+06,-2.78141629554047575e+06
2031,361,360,1711,0,silica,-4.33750000000000124e+00,1.98349364905389902e-01,-2.76437842309020972e+06,-2.63149506422344176e+06
2032,1703,184,1713,0,silica,-4.52499999999999591e+00,4.33012701892197330e-02,-2.66403311411624867e+06,-2.07048353845052700e+06
2033,360,1708,1711,0,silica,-4.37500000000000178e+00,1.76698729810778915e-01,-2.71533818986218423e+06,-2.60318167236760119e+06
2034,362,1706,1712,0,silica,-4.22499999999999787e+00,1.76698729810782967e-01,-2.67318092283823015e+06,-2.75778659005442588e+06
2035,184,185,1713,0,silica,-4.48749999999999716e+00,2.16506350946089783e-02,-2.40936706785524357e+06,-2.21751504881275166e+06
2036,185,1705,1713,0,silica,-4.44999999999999840e+00,4.33012701892199967e-02,-2.59686893128626794e+06,-2.32576930013980856e+06
2037,363,362,1712,0,silica,-4.18749999999999911e+00,1.98349364905393871e-01,-2.74496327215627627e+06,-2.79923014875560720e+06
2038,358,357,1714,0,silica,-4.56249999999999645e+00,1.98349364905395426e-01,-3.21812435855292296e+06,-2.30711621069658268e+06
2039,1707,358,1714,0,silica,-4.52499999999999769e+00,1.76698729810784522e-01,-2.97611452252003644e+06,-2.44684065467651328e+06
2040,757,756,1701,0,silica,-4.72661089406798585e+00,1.09999999999843667e-01,-3.54683668063384993e+06,-5.68047177795124007e+04
2041,774,775,1702,0,silica,-4.02338910593201238e+00,1.09999999999844542e-01,-2.67696155975744221e+06,-3.03583471203045826e+06
2042,357,356,1715,0,silica,-4.63683245576040548e+00,2.01203170150415556e-01,-3.80322048976758914e+06,-2.13084773407585127e+06
2043,364,363,1716,0,silica,-4.11316754423959452e+00,2.01203170150415334e-01,-2.76463446314234706e+06,-2.87518536162940972e+06
2044,182,183,1717,0,silica,-4.63683245576041081e+00,1.87968298495631223e-02,-2.28991747850149125e+06,-1.43005330897247302e+06
2045,189,190,1718,0,silica,-4.11316754423958919e+00,1.87968298495649021e-02,-2.50186143272177689e+06,-2.93019930308887456e+06
2046,1714,357,1715,0,silica,-4.59933245576040139e+00,1.79552535055811008e-01,-3.37725443018875085e+06,-2.39899000039200764e+06
2047,363,1712,1716,0,silica,-4.15066754423959239e+00,1.79552535055809231e-01,-2.69228667105783429e+06,-2.82964299857997894e+06
2048,183,1703,1717,0,silica,-4.59933245576040939e+00,4.04474649441738873e-02,-2.73252051275722496e+06,-1.70866841929244017e+06
2049,1704,189,1718,0,silica,-4.15066754423958795e+00,4.04474649441756637e-02,-2.57057528539993288e+06,-2.88694447616077401e+06
2050,190,36,1728,0,silica,-4.04295090425954751e+00,1.77970106694729686e-02,-2.54548029154952988e+06,-3.01198395683910325e+06
2051,51,364,1726,0,silica,-4.04295090425957948e+00,2.02202989330459298e-01,-2.79712951889007539e+06,-2.93928179451713525e+06
2052,356,50,1727,0,silica,-4.70704909574041697e+00,2.02202989330464350e-01,-5.96345378147060331e+06,-1.47026180058792094e+06
2053,35,182,1729,0,silica,-4.70704909574045072e+00,1.77970106694675979e-02,-1.96903602397298790e+06,-7.93516842539291363e+05
2054,775,51,1726,0,silica,-4.01795090425958001e+00,1.77758544885951442e-01,-2.74207369671609858e+06,-2.99481369316700893e+06
2055,50,757,1727,0,silica,-4.73204909574041732e+00,1.77758544885956521e-01,-4.61460406309112534e+06,-1.09748363538322446e+05
2056,36,774,1728,0,silica,-4.01795090425954715e+00,4.22414551138557692e-02,-2.61186320395660400e+06,-3.07894089287953358e+06
2057,756,35,1729,0,silica,-4.73204909574045107e+00,4.22414551138503916e-02,-2.73330500283027627e+06,-2.26391079141426053e+04
2058,1718,190,1728,0,silica,-4.08111844849913652e+00,3.65938405190378777e-02,-2.59219621103754034e+06,-2.99348056909641251e+06
2059,182,1717,1729,0,silica,-4.66888155150086259e+00,3.65938405190307167e-02,-2.75448026466705324e+06,-1.10461805803482048e+06
2060,1715,356,1727,0,silica,-4.66888155150082351e+00,1.83406159480879988e-01,-3.98108441754461266e+06,-2.25544486861324310e+06
2061,364,1716,1726,0,silica,-4.08111844849917382e+00,1.83406159480874659e-01,-2.71792137686141953e+06,-2.90790878547706595e+06
2062,1720,1706,1721,0,silica,-4.26249999999999574e+00,1.25016031572053793e-01,-2.61439409085084917e+06,-2.71518408012479777e+06
2063,1709,1720,1721,0,silica,-4.26249999999999485e+00,9.49839684279422530e-02,-2.61439409085150715e+06,-2.71496953323597880e+06
2064,1713,1722,1723,0,silica,-4.48749999999999893e+00,9.49839684279458335e-02,-2.76362867390610697e+06,-2.24309686888758652e+06
2065,1703,1713,1723,0,silica,-4.52499999999999680e+00,7.99679368558898346e-02,-2.66403311411687965e+06,-2.16018917843667977e+06
2066,1706,1711,1721,0,silica,-4.29999999999999982e+00,1.40032063144111651e-01,-2.67921618237016210e+06,-2.66122334222162236e+06
2067,1712,1706,1720,0,silica,-4.22499999999999520e+00,1.40032063144115038e-01,-2.67318092283804808e+06,-2.76412080460555991e+06
2068,1722,1707,1723,0,silica,-4.48750000000000249e+00,1.25016031572059289e-01,-2.76362867390544852e+06,-2.36834207794301026e+06
2069,1708,1707,1722,0,silica,-4.45000000000000195e+00,1.40032063144111540e-01,-2.80051009003067017e+06,-2.39904377827972407e+06
2070,1711,1708,1719,0,silica,-4.37500000000000266e+00,1.40032063144111402e-01,-2.71533818986218283e+06,-2.54418059954360919e+06
2071,1705,1710,1719,0,silica,-4.37500000000000000e+00,7.99679368558878639e-02,-2.55939949079890735e+06,-2.53610810117048258e+06
2072,1710,1709,1721,0,silica,-4.29999999999999805e+00,7.99679368558878917e-02,-2.54704222893072385e+06,-2.65890290404947242e+06
2073,1719,1708,1722,0,silica,-4.41250000000000053e+00,1.25016031572054959e-01,-2.67074897633068077e+06,-2.50706259226807579e+06
2074,1705,1719,1722,0,silica,-4.41250000000000053e+00,9.49839684279436131e-02,-2.67074897633068077e+06,-2.44341592997408845e+06
2075,1711,1719,1721,0,silica,-4.33750000000000036e+00,1.25016031572055070e-01,-2.62697648534122435e+06,-2.61773673860704387e+06
2076,1709,1704,1720,0,silica,-4.22499999999999432e+00,7.99679368558870451e-02,-2.55358919314079080e+06,-2.76558618369455310e+06
2077,1713,1705,1722,0,silica,-4.44999999999999840e+00,7.99679368558867537e-02,-2.59686893128616130e+06,-2.38191495625797240e+06
2078,1719,1710,1721,0,silica,-4.33749999999999947e+00,9.49839684279428220e-02,-2.62697648534254031e+06,-2.59236214057634352e+06
2079,1707,1714,1723,0,silica,-4.52499999999999947e+00,1.40032063144121283e-01,-2.97611452251976915e+06,-2.19145958439462632e+06
2080,1723,1714,1725,0,silica,-4.56254596759813147e+00,1.25016031572058345e-01,-2.93429387762517901e+06,-2.15664625447640382e+06
2081,1703,1723,1725,0,silica,-4.56254596759813236e+00,9.49839684279403657e-02,-2.93429387762583699e+06,-1.93521232435626979e+06
2082,1712,1720,1724,0,silica,-4.18745403240186054e+00,1.25016031572051461e-01,-2.62242230543635366e+06,-2.80637449290252663e+06
2083,1720,1704,1724,0,silica,-4.18745403240186054e+00,9.49839684279350366e-02,-2.62242230543635366e+06,-2.82288587033692328e+06
2084,757,1701,1727,0,silica,-4.70865998980840494e+00,1.41091878219258587e-01,-4.18323016571299499e+06,-1.27464173353071208e+06
2085,1701,756,1729,0,silica,-4.70865998980843781e+00,7.89081217804857987e-02,-3.07811561532216985e+06,-9.53774716346225701e+05
2086,1702,775,1726,0,silica,-4.04134001019159239e+00,1.41091878219254369e-01,-2.72395934135996783e+06,-2.94589721355417231e+06
2087,774,1702,1728,0,silica,-4.04134001019156042e+00,7.89081217804920299e-02,-2.64820455617259955e+06,-2.98080375359378802e+06
2088,1701,1715,1727,0,silica,-4.67049244556881060e+00,1.46739492814182054e-01,-3.92895437154115643e+06,-1.20135989684286108e+06
2089,1716,1702,1726,0,silica,-4.07950755443118673e+00,1.46739492814177613e-01,-2.71592818182048760e+06,-2.94821177960967040e+06
2090,1717,1701,1729,0,silica,-4.67049244556884968e+00,7.32605071856661100e-02,-2.75736868127552001e+06,-1.04621341864356992e+06
2091,1702,1718,1728,0,silica,-4.07950755443114943e+00,7.32605071856741313e-02,-2.59075038621173846e+06,-2.96424556285323109e+06
2092,1714,1715,1725,0,silica,-4.59937842335853553e+00,1.42885868389137166e-01,-3.31183561729781609e+06,-1.84120829004856106e+06
2093,1716,1712,1724,0,silica,-4.15062157664145825e+00,1.42885868389134751e-01,-2.68853702670842875e+06,-2.86161366490694042e+06
2094,1704,1718,1724,0,silica,-4.15062157664145293e+00,7.71141316108345243e-02,-2.56835988735441677e+06,-2.86805528425981477e+06
2095,1717,1703,1725,0,silica,-4.59937842335854263e+00,7.71141316108333863e-02,-2.72632927571275923e+06,-1.76145688540311810e+06
2096,374,1818,1840,0,silica,-3.24192091895133183e+00,1.71881873133374191e-01,-3.40429280482772784e+06,-3.85868512668015622e+06
2097,1818,374,1837,0,silica,-3.27659759956636654e+00,1.71881873133374996e-01,-3.31995719138694741e+06,-3.85868512667985540e+06
2098,386,1809,1839,0,silica,-2.35303203006861272e+00,1.71881873133375884e-01,-4.47752310095975827e+06,-5.19781096918984596e+06
2099,1809,386,1838,0,silica,-2.38770871068364743e+00,1.71881873133376356e-01,-4.35993526096389722e+06,-5.19781096919035539e+06
2100,196,1775,1831,0,silica,-3.57289389586138251e+00,4.82433744693955280e-02,-2.91379414154308289e+06,-3.60490881472546980e+06
2101,1775,196,1836,0,silica,-3.53821721524603960e+00,4.82433744693527081e-02,-2.98274363323591230e+06,-3.60490881472467212e+06
2102,222,1796,1835,0,silica,-1.64696796994413397e+00,4.81181268664871500e-02,-5.24322668030479364e+06,-6.86174425842804741e+06
2103,1796,222,1832,0,silica,-1.61229128932871046e+00,4.81181268664870529e-02,-5.38045330812469404e+06,-6.86174425842634495e+06
2104,232,1781,1833,0,silica,-9.06227229200305295e-01,4.80286642930220775e-02,-6.59030163680625893e+06,-8.79396330709487759e+06
2105,1781,232,1834,0,silica,-8.71550548584881235e-01,4.80286642930220498e-02,-6.75194659493150655e+06,-8.79396330709553696e+06
2106,392,391,1773,0,silica,-1.96296296297109873e+00,1.98616656696598642e-01,-5.11528083897042274e+06,-5.94650811541946325e+06
2107,370,369,1741,0,silica,-3.59259259259088815e+00,1.99600864340756218e-01,-3.11379835414887406e+06,-3.44904434197591757e+06
2108,218,219,1771,0,silica,-1.88888888889675877e+00,2.13833433033959741e-02,-4.78531140799218137e+06,-6.30027333498298563e+06
2109,393,392,1742,0,silica,-1.88888888889675877e+00,1.98616656696604027e-01,-5.23339172616222315e+06,-6.09155024737300817e+06
2110,367,366,1776,0,silica,-3.81481481481404439e+00,1.98616656696589483e-01,-2.94015111612012843e+06,-3.19984101065774914e+06
2111,224,225,1777,0,silica,-1.44444444445046405e+00,2.13833433034093523e-02,-5.49571870698838215e+06,-7.31616300296596438e+06
2112,219,220,1799,0,silica,-1.81481481482237683e+00,2.13833433034089533e-02,-4.89611379909172934e+06,-6.45736134704217874e+06
2113,401,400,1785,0,silica,-1.29629629630169974e+00,1.98616656696591204e-01,-6.31889064600448590e+06,-7.43580554006320890e+06
2114,230,231,1746,0,silica,-1.00027194845594791e+00,2.04897253024691889e-02,-6.30598319406022970e+06,-8.48123524574838579e+06
2115,415,414,1786,0,silica,-2.59259259260339769e-01,1.98616656696591370e-01,-8.63453781338001229e+06,-1.05173121817109864e+07
2116,238,239,1783,0,silica,-4.07407407409105138e-01,2.13833433034086896e-02,-7.52062371264601685e+06,-1.03406234353538118e+07
2117,405,404,1791,0,silica,-1.00000000000416756e+00,1.99191797490366945e-01,-6.92027260185885336e+06,-8.21342688945116010e+06
2118,223,224,1761,0,silica,-1.51824657007306807e+00,2.04897253024691785e-02,-5.36825753095244337e+06,-7.13876502182172704e+06
2119,226,227,1747,0,silica,-1.29629629630169974e+00,2.13833433034085335e-02,-5.76342401201828942e+06,-7.68815971794158872e+06
2120,228,229,1748,0,silica,-1.14814814815293365e+00,2.13833433034085335e-02,-6.03021117842425313e+06,-8.07577454382202122e+06
2121,233,234,1749,0,silica,-7.77505829329239284e-01,2.04897253024691542e-02,-6.72453631241995748e+06,-9.14447728392688744e+06
2122,235,236,1750,0,silica,-6.29629629632253551e-01,2.13833433034085335e-02,-7.02382435969210602e+06,-9.60688251323701814e+06
2123,237,238,1751,0,silica,-4.81481481483488072e-01,2.13833433034085335e-02,-7.35123037832413614e+06,-1.00930911279180907e+07
2124,240,241,1752,0,silica,-2.59259259260339769e-01,2.13833433034085335e-02,-7.86113412831230089e+06,-1.08536745760713387e+07
2125,241,242,1784,0,silica,-1.85185185185956863e-01,2.13833433034086549e-02,-8.03654477502124757e+06,-1.11213245268972572e+07
2126,410,409,1789,0,silica,-6.29629629632253662e-01,1.98616656696591454e-01,-7.72380409211591631e+06,-9.31200014369710907e+06
2127,412,411,1790,0,silica,-4.81481481483488016e-01,1.98616656696591454e-01,-8.06721318266910501e+06,-9.77843833796275966e+06
2128,192,193,1760,0,silica,-3.81481481481404439e+00,2.13833433034084086e-02,-2.68698351432723971e+06,-3.29518892877553916e+06
2129,397,396,1745,0,silica,-1.59259259259923058e+00,1.99600864340713585e-01,-5.75718413586044312e+06,-6.71988307626943570e+06
2130,403,402,1787,0,silica,-1.14814814815293409e+00,1.98616656696591537e-01,-6.61385263250864949e+06,-7.81703685825736914e+06
2131,229,230,1778,0,silica,-1.07407407407855060e+00,2.13833433034085335e-02,-6.16814221391472779e+06,-8.27639347283512075e+06
2132,234,235,1782,0,silica,-7.03703703706636374e-01,2.13833433034085335e-02,-6.87103876519861165e+06,-9.37013606339195184e+06
2133,236,237,1788,0,silica,-5.55555555557870728e-01,2.13833433034085335e-02,-7.18433211744755693e+06,-9.84862157534397021e+06
2134,399,398,1753,0,silica,-1.44444444445046449e+00,1.98616656696591454e-01,-6.03630377613201085e+06,-7.06971700048782304e+06
2135,402,401,1768,0,silica,-1.22222222222731625e+00,1.98616656696591454e-01,-6.46854014440260828e+06,-7.62411207001401857e+06
2136,404,403,1762,0,silica,-1.07407407407855082e+00,1.98616656696591454e-01,-6.76406023703656159e+06,-8.01277623979877401e+06
2137,406,405,1764,0,silica,-9.25925925929784732e-01,1.99600864340713252e-01,-7.07587464080826659e+06,-8.41639480414403789e+06
2138,407,406,1780,0,silica,-8.51851851855402131e-01,1.99764898948066927e-01,-7.23498486681077909e+06,-8.63698179998536967e+06
2139,409,408,1763,0,silica,-7.03703703706636374e-01,1.98616656696591454e-01,-7.55884099566189665e+06,-9.08285492387815379e+06
2140,411,410,1767,0,silica,-5.55555555557870728e-01,1.98616656696591454e-01,-7.89157322295513097e+06,-9.54398143203758076e+06
2141,413,412,1765,0,silica,-4.07407407409105138e-01,1.98616656696591454e-01,-8.25214825979581755e+06,-1.00179069244816005e+07
2142,414,413,1793,0,silica,-3.33333333334722592e-01,1.98616656696591454e-01,-8.44246296667814255e+06,-1.02644219888348002e+07
2143,416,415,1766,0,silica,-1.85185185185956863e-01,1.98616656696591454e-01,-8.82928317282205448e+06,-1.07725978918537330e+07
2144,239,240,1794,0,silica,-3.33333333334722592e-01,2.13833433034085162e-02,-7.69034431028566323e+06,-1.05934025245678704e+07
2145,220,221,1744,0,silica,-1.74101268919977437e+00,2.04897253024691021e-02,-5.01210567122554779e+06,-6.61813951720951032e+06
2146,394,393,1801,0,silica,-1.81481481482237683e+00,1.98616656696591593e-01,-5.35718912486120220e+06,-6.24037729993698094e+06
2147,395,394,1772,0,silica,-1.74074074074799445e+00,1.98616656696591593e-01,-5.48657709448253550e+06,-6.39371527356605511e+06
2148,194,195,1769,0,silica,-3.66693861511705554e+00,2.04897253024717389e-02,-2.79414736904190993e+06,-3.47132064450960141e+06
2149,368,367,1743,0,silica,-3.74074074073966178e+00,1.98616656696591593e-01,-2.99590994287027325e+06,-3.28236863498577103e+06
2150,225,226,1792,0,silica,-1.37037037037608145e+00,2.13833433034082525e-02,-5.62926279337820970e+06,-7.50076100505369157e+06
2151,408,407,1800,0,silica,-7.77777777781019530e-01,1.99198914082731188e-01,-7.39702067690331396e+06,-8.85791959477970004e+06
2152,227,228,1797,0,silica,-1.22222222222731625e+00,2.13833433034080062e-02,-5.89608889035807550e+06,-7.87942729185190145e+06
2153,400,399,1798,0,silica,-1.37037037037608145e+00,1.98616656696592120e-01,-6.17950102593011782e+06,-7.25125803985628113e+06
2154,398,397,1779,0,silica,-1.51851851852484798e+00,1.99191797490367667e-01,-5.89778064157201722e+06,-6.89270257257637009e+06
2155,396,395,1795,0,silica,-1.66666666667361252e+00,1.99764898948067038e-01,-5.62056127324510552e+06,-6.54814125032329466e+06
2156,369,368,1803,0,silica,-3.66666666666527918e+00,1.99191797490371053e-01,-3.05345745978306746e+06,-3.36613153751764260e+06
2157,193,194,1802,0,silica,-3.74074074073966045e+00,2.13833433034055810e-02,-2.73984502083243337e+06,-3.38252240995897260e+06
2158,217,218,1804,0,silica,-1.96296296297109829e+00,2.13833433032570297e-02,-4.67974885032051057e+06,-6.14786724981845822e+06
2159,371,370,1774,0,silica,-3.51851851851664144e+00,1.99764898948123854e-01,-3.17791747850601189e+06,-3.53742749734079326e+06
2160,216,217,1740,0,silica,-2.03703703704506900e+00,2.13833433031835468e-02,-4.57779056543157529e+06,-6.00076445530654863e+06
2161,391,390,1805,0,silica,-2.03703703704506811e+00,1.98616656696817273e-01,-5.00125359507368039e+06,-5.80454476956985425e+06
2162,197,198,1739,0,silica,-3.44417249599100073e+00,2.04897253022984158e-02,-2.97548216224176390e+06,-3.74927457096891385e+06
2163,372,371,1806,0,silica,-3.44446756931112397e+00,1.99833869098806072e-01,-3.24636912869021390e+06,-3.62461871321983309e+06
2164,206,207,1820,0,silica,-2.77777777778071178e+00,2.13833433031713517e-02,-3.62973958371754596e+06,-4.69300971169372555e+06
2165,377,376,1811,0,silica,-3.07407407407495148e+00,1.98616656696828958e-01,-3.62772366229316685e+06,-4.10716881306947675e+06
2166,388,387,1756,0,silica,-2.25898731081402504e+00,1.99510274697704881e-01,-4.67370814755818341e+06,-5.39165919366594311e+06
2167,201,202,1815,0,silica,-3.14814814814851118e+00,2.13833433031709874e-02,-3.24403750511398306e+06,-4.14218360588075593e+06
2168,204,205,1810,0,silica,-2.92592592592783296e+00,2.13833433031709874e-02,-3.46984277363817208e+06,-4.46527845959266648e+06
2169,376,375,1758,0,silica,-3.14787619969674326e+00,1.99510274697704743e-01,-3.54968023688418372e+06,-4.00507600386497471e+06
2170,379,378,1754,0,silica,-2.92592592592783207e+00,1.98616656696828958e-01,-3.79362134553606017e+06,-4.31626562160043698e+06
2171,382,381,1759,0,silica,-2.70370370370715163e+00,1.98616656696828958e-01,-4.06236342124217004e+06,-4.65046007373596169e+06
2172,210,211,1770,0,silica,-2.48148148148647252e+00,2.13833433031710464e-02,-3.97964512908193562e+06,-5.18298033571163099e+06
2173,373,372,1755,0,silica,-3.37064231882095688e+00,1.99510274697704632e-01,-3.31678991060754750e+06,-3.71197218760494189e+06
2174,385,384,1738,0,silica,-2.48175342993823955e+00,1.99510274697704992e-01,-4.35049370960577950e+06,-5.00049319072505925e+06
2175,211,212,1808,0,silica,-2.40740740741291148e+00,2.02351010518387296e-02,-4.07523160806212388e+06,-5.31312411596231442e+06
2176,380,379,1807,0,silica,-2.85185185185427059e+00,1.98616656696829180e-01,-3.88131703194808913e+06,-4.42482488451976702e+06
2177,212,213,1732,0,silica,-2.33333333333935178e+00,2.03991356591713066e-02,-4.17227156228035875e+06,-5.44957913982582092e+06
2178,199,200,1733,0,silica,-3.29629629629563103e+00,2.03991356591709631e-02,-3.10509751178750023e+06,-3.93861075915121054e+06
2179,205,206,1735,0,silica,-2.85185185185427059e+00,2.13833433031709874e-02,-3.54866595964759821e+06,-4.57769615062723123e+06
2180,214,215,1737,0,silica,-2.18518518519223237e+00,2.13833433031709874e-02,-4.37303075508879591e+06,-5.71875623768560402e+06
2181,202,203,1734,0,silica,-3.07407407407495148e+00,2.13833433031709874e-02,-3.31648819429209689e+06,-4.24747653292001691e+06
2182,208,209,1736,0,silica,-2.62962962963359148e+00,2.13833433031709874e-02,-3.79786207742380118e+06,-4.93280227984456997e+06
2183,390,389,1757,0,silica,-2.11111111111867400e+00,1.98616656696828958e-01,-4.89136196987276990e+06,-5.66473829374872148e+06
2184,383,382,1822,0,silica,-2.62962962963359148e+00,1.98616656696830374e-01,-4.15523730334527930e+06,-4.76700517554622609e+06
2185,209,210,1821,0,silica,-2.55555555556003133e+00,2.13833433031694643e-02,-3.88658431213468499e+06,-5.05724764597949944e+06
2186,389,388,1824,0,silica,-2.18518518519223237e+00,1.98616656696830596e-01,-4.78148251275029127e+06,-5.52706309141027369e+06
2187,213,214,1813,0,silica,-2.25925925926579252e+00,2.08082025094416777e-02,-4.27096221684170701e+06,-5.58174159576347284e+06
2188,207,208,1816,0,silica,-2.70370370370715074e+00,2.13833433031691555e-02,-3.71266463866724959e+06,-4.81130038600570615e+06
2189,198,199,1812,0,silica,-3.37034724550084297e+00,2.01800794222192631e-02,-3.03803276382943150e+06,-3.84170015745185828e+06
2190,384,383,1819,0,silica,-2.55555555556003133e+00,1.98616656696831595e-01,-4.25033512319312058e+06,-4.88451901996066980e+06
2191,215,216,1814,0,silica,-2.11111111111867444e+00,2.13833433031681286e-02,-4.47560592431450821e+06,-5.85819482871642988e+06
2192,200,201,1817,0,silica,-3.22222222222207000e+00,2.02351010518378484e-02,-3.17310281281331042e+06,-4.04219201864587748e+06
2193,381,380,1823,0,silica,-2.77777777778071178e+00,1.98616656696832566e-01,-3.97052887738469103e+06,-4.53625414045612328e+06
2194,203,204,1826,0,silica,-3.00000000000138911e+00,2.13833433031644198e-02,-3.39205646759013133e+06,-4.35536067241533287e+06
2195,378,377,1825,0,silica,-3.00000000000138911e+00,1.98616656696835508e-01,-3.70884076295991847e+06,-4.21061340696361475e+06
2196,1780,1764,1781,0,silica,-8.88888888892593432e-01,1.36518165252145524e-01,-6.97308364778477699e+06,-8.65276466103235260e+06
2197,1745,1795,1796,0,silica,-1.62962962963642144e+00,1.36592717396700231e-01,-5.54826559625775088e+06,-6.74081006965930853e+06
2198,1774,1741,1775,0,silica,-3.55555555555371683e+00,1.36697090399220317e-01,-3.07278585373042012e+06,-3.54540436863750452e+06
2199,1808,1732,1809,0,silica,-2.37037037037612963e+00,8.34072826029437081e-02,-4.23658561658432800e+06,-5.29812164884248655e+06
2200,1733,1817,1818,0,silica,-3.25925925925884874e+00,8.34072826029412795e-02,-3.22393685881774500e+06,-3.93102695926488843e+06
2201,792,793,1731,0,silica,-2.31366243078706783e-02,1.09999999999844458e-01,-8.82721456549318321e+06,-1.16405681830607411e+07
2202,775,774,1730,0,silica,-3.97686337569212967e+00,1.09999999999844292e-01,-2.72166103193836194e+06,-3.03583471203045826e+06
2203,1731,1827,1885,0,silica,-1.10222330332540641e-01,1.27905220864357988e-01,-8.63630234084389545e+06,-1.11180080342870802e+07
2204,1828,1730,1886,0,silica,-3.88977766966745975e+00,1.27905220864356572e-01,-2.76640053199859615e+06,-3.13826030430793716e+06
2205,1829,1731,1885,0,silica,-1.10222330332535104e-01,9.20947791355435780e-02,-8.63630234084323794e+06,-1.13194736653695200e+07
2206,1730,1830,1886,0,silica,-3.88977766966746508e+00,9.20947791355425788e-02,-2.76640053199859615e+06,-3.18802774251236906e+06
2207,1743,367,1776,0,silica,-3.77777777777685264e+00,1.77233313393181074e-01,-2.89655951031432115e+06,-3.22500863600546820e+06
2208,1761,224,1777,0,silica,-1.48120953303587632e+00,4.18730686058785273e-02,-5.58340067195468862e+06,-7.26553979688949510e+06
2209,1777,225,1792,0,silica,-1.40740740741327275e+00,4.27666866068176013e-02,-5.72235730947810132e+06,-7.44701286112289410e+06
2210,220,1744,1799,0,silica,-1.77804972623696567e+00,4.18730686058780555e-02,-5.09251847963058390e+06,-6.57075564222049620e+06
2211,1748,229,1778,0,silica,-1.11111111111574168e+00,4.27666866068170670e-02,-6.27291778517492209e+06,-8.21590126856280304e+06
2212,1762,403,1787,0,silica,-1.11111111111574257e+00,1.77233313393183017e-01,-6.51944115783548262e+06,-7.87154534857440926e+06
2213,406,1764,1780,0,silica,-8.88888888892593432e-01,1.79365763288780206e-01,-6.97424533419547975e+06,-8.47790146886904724e+06
2214,1768,401,1785,0,silica,-1.25925925926450799e+00,1.77233313393182684e-01,-6.23063715656819288e+06,-7.48675871594667342e+06
2215,1751,238,1783,0,silica,-4.44444444446296549e-01,4.27666866068172266e-02,-7.65029631198283099e+06,-1.02657569252207559e+07
2216,1749,234,1782,0,silica,-7.40468792292047762e-01,4.18730686058776877e-02,-6.99047139106750395e+06,-9.30118160469486192e+06
2217,1772,394,1801,0,silica,-1.77777777778518575e+00,1.77233313393183184e-01,-5.28908852914509736e+06,-6.27969519720474165e+06
2218,1750,236,1788,0,silica,-5.92592592595062029e-01,4.27666866068170670e-02,-7.31343040744196810e+06,-9.77408664286394045e+06
2219,1766,415,1786,0,silica,-2.22222222223148330e-01,1.77233313393182851e-01,-8.51082658289382793e+06,-1.05887368939333241e+07
2220,1752,241,1784,0,silica,-2.22222222223148330e-01,4.27666866068171850e-02,-8.18063110840358678e+06,-1.10381362435325142e+07
2221,1753,398,1779,0,silica,-1.48148148148765646e+00,1.77808454186959147e-01,-5.81488878700856119e+06,-6.94188299691447243e+06
2222,404,1762,1791,0,silica,-1.03703703704135930e+00,1.77808454186958426e-01,-6.67183133033168782e+06,-8.06602462391321082e+06
2223,1765,412,1790,0,silica,-4.44444444446296494e-01,1.77233313393182934e-01,-7.95229484189826902e+06,-9.84478647294150293e+06
2224,230,1746,1778,0,silica,-1.03730898549313921e+00,4.18730686058777224e-02,-6.41335365434657969e+06,-8.41796636397728883e+06
2225,399,1753,1798,0,silica,-1.40740740741327275e+00,1.77233313393183600e-01,-5.95068324910809472e+06,-7.11915003481192514e+06
2226,409,1763,1789,0,silica,-6.66666666669445074e-01,1.77233313393182934e-01,-7.44287696237185411e+06,-9.14980678971662372e+06
2227,411,1767,1790,0,silica,-5.18518518520679428e-01,1.77233313393182934e-01,-7.77634756618932635e+06,-9.61050699599009380e+06
2228,1783,239,1794,0,silica,-3.70370370371913726e-01,4.27666866068172058e-02,-7.82439712427032366e+06,-1.05160070963288210e+07
2229,1786,414,1793,0,silica,-2.96296296297531181e-01,1.77233313393182851e-01,-8.31949105862874910e+06,-1.03354198530492783e+07
2230,1767,410,1789,0,silica,-5.92592592595062140e-01,1.77233313393182934e-01,-7.60678696862866357e+06,-9.37956001144105755e+06
2231,235,1750,1782,0,silica,-6.66666666669444852e-01,4.27666866068170670e-02,-7.15246000226757955e+06,-9.53261469036806934e+06
2232,413,1765,1793,0,silica,-3.70370370371913726e-01,1.77233313393182934e-01,-8.13381730509138014e+06,-1.00862253330340572e+07
2233,240,1752,1794,0,silica,-2.96296296297531181e-01,4.27666866068170462e-02,-8.00114142779588606e+06,-1.07728413240256105e+07
2234,237,1751,1788,0,silica,-5.18518518520679428e-01,4.27666866068170670e-02,-7.47949809086674638e+06,-1.00190357295537461e+07
2235,1763,408,1800,0,silica,-7.40740740743827897e-01,1.77815570779322668e-01,-7.28470310594884772e+06,-8.92458133945813030e+06
2236,1760,193,1802,0,silica,-3.77777777777685131e+00,4.27666866068139861e-02,-2.78904728088612529e+06,-3.35411547187311156e+06
2237,1747,227,1797,0,silica,-1.25925925926450799e+00,4.27666866068165397e-02,-5.99539902911476046e+06,-7.82209055650663283e+06
2238,1764,405,1791,0,silica,-9.62962962966975922e-01,1.78792661831080224e-01,-6.82949635363403242e+06,-8.26728518989903387e+06
2239,402,1768,1787,0,silica,-1.18518518519012539e+00,1.77233313393183017e-01,-6.37411862081743218e+06,-7.67862636207346898e+06
2240,228,1748,1797,0,silica,-1.18518518519012495e+00,4.27666866068165397e-02,-6.13319174255882204e+06,-8.01631868739678338e+06
2241,407,1780,1800,0,silica,-8.14814814818210942e-01,1.78963813030798141e-01,-7.13132476654000208e+06,-8.70022607640724070e+06
2242,226,1747,1792,0,silica,-1.33333333333889037e+00,4.27666866068167825e-02,-5.85863544869593531e+06,-7.63318936934454832e+06
2243,1785,400,1798,0,silica,-1.33333333333889037e+00,1.77233313393183350e-01,-6.08937301258192025e+06,-7.30329347262485418e+06
2244,1745,396,1795,0,silica,-1.62962962963642144e+00,1.79365763288780705e-01,-5.54728263431390747e+06,-6.59284943104310893e+06
2245,395,1772,1795,0,silica,-1.70370370371080315e+00,1.78381555644658657e-01,-5.42537042430524807e+06,-6.42905296106863953e+06
2246,397,1745,1779,0,silica,-1.55555555556203928e+00,1.78792661831081334e-01,-5.68258976007282175e+06,-6.76502803902668878e+06
2247,368,1743,1803,0,silica,-3.70370370370246960e+00,1.77808454186962672e-01,-2.95352398544071196e+06,-3.30684017891687388e+06
2248,194,1769,1802,0,silica,-3.70397565215424507e+00,4.18730686058773269e-02,-2.84338992140836688e+06,-3.44230408618051512e+06
2249,1742,392,1773,0,silica,-1.92592592593393630e+00,1.77233313393202696e-01,-5.04872611167546269e+06,-5.98493350513881631e+06
2250,1771,219,1799,0,silica,-1.85185185185956791e+00,4.27666866068049309e-02,-4.97675481261583325e+06,-6.41080323617628962e+06
2251,393,1742,1801,0,silica,-1.85185185185956791e+00,1.77233313393195618e-01,-5.16640241722148843e+06,-6.13022654292360228e+06
2252,1741,369,1803,0,silica,-3.62962962962807856e+00,1.78792661831127325e-01,-3.01474775479631405e+06,-3.38909832632163027e+06
2253,218,1771,1804,0,silica,-1.92592592593393586e+00,4.27666866066530038e-02,-4.86451767059904058e+06,-6.25454357794464100e+06
2254,370,1741,1774,0,silica,-3.55555555555374303e+00,1.79365763288880126e-01,-3.07326303470735531e+06,-3.47357655995181063e+06
2255,1773,391,1805,0,silica,-2.00000000000813749e+00,1.77233313393415970e-01,-4.93532335310929269e+06,-5.84260961251481995e+06
2256,1740,217,1804,0,silica,-2.00000000000813793e+00,4.27666866064405835e-02,-4.75616446489019319e+06,-6.10374867417563405e+06
2257,371,1774,1806,0,silica,-3.48150460634801817e+00,1.79598768046929952e-01,-3.14076956167405099e+06,-3.56009188908328023e+06
2258,390,1757,1805,0,silica,-2.07407407408187838e+00,1.77233313393646313e-01,-4.82523182280000672e+06,-5.70291855196417775e+06
2259,216,1740,1814,0,silica,-2.07407407408187971e+00,4.27666866063516685e-02,-4.65016716330717038e+06,-5.95897780704036634e+06
2260,1755,372,1806,0,silica,-3.40770248072609938e+00,1.79344143796510730e-01,-3.20823728411218617e+06,-3.64800670516817085e+06
2261,1739,198,1812,0,silica,-3.40711233408586223e+00,4.06698047245176789e-02,-3.08425478543003043e+06,-3.81336968817366567e+06
2262,205,1735,1810,0,silica,-2.88888888889105289e+00,4.27666866063419748e-02,-3.60661094291338883e+06,-4.54424159894033428e+06
2263,379,1754,1807,0,silica,-2.88888888889105155e+00,1.77233313393658193e-01,-3.74345410923917731e+06,-4.34522968898114190e+06
2264,207,1816,1820,0,silica,-2.74074074074393126e+00,4.27666866063405107e-02,-3.77364484017857537e+06,-4.77609345024782140e+06
2265,212,1732,1808,0,silica,-2.37037037037613141e+00,4.06342367110100397e-02,-4.23583498843777645e+06,-5.41111017381797731e+06
2266,202,1734,1815,0,silica,-3.11111111111173111e+00,4.27666866063419748e-02,-3.37144919935804326e+06,-4.21574478185022343e+06
2267,1770,211,1808,0,silica,-2.44444444444969200e+00,4.16184443550097760e-02,-4.13835521171825379e+06,-5.27461164464561455e+06
2268,376,1758,1811,0,silica,-3.11083916265996407e+00,1.78126931394533755e-01,-3.50079113883127179e+06,-4.03388428648080816e+06
2269,1736,209,1821,0,silica,-2.59259259259681096e+00,4.27666866063404552e-02,-3.94999604323491082e+06,-5.02063686595928110e+06
2270,1759,381,1823,0,silica,-2.74074074074393215e+00,1.77233313393661551e-01,-3.91754090983014088e+06,-4.56684675778661668e+06
2271,388,1756,1824,0,silica,-2.22195027377724452e+00,1.78126931394535504e-01,-4.61097899232891016e+06,-5.42862283799869474e+06
2272,1732,213,1813,0,silica,-2.29629629630257215e+00,4.12073381686129878e-02,-4.33139894469446130e+06,-5.54588398421421926e+06
2273,214,1737,1813,0,silica,-2.22222222222901200e+00,4.21915458126126616e-02,-4.43834145710843988e+06,-5.68104908629403077e+06
2274,1735,206,1820,0,silica,-2.81481481481749141e+00,4.27666866063423426e-02,-3.68906724496713607e+06,-4.65875687050034478e+06
2275,377,1811,1825,0,silica,-3.03703703703816963e+00,1.77233313393664521e-01,-3.57869656643151259e+06,-4.13547462006391492e+06
2276,1734,203,1826,0,silica,-3.03703703703816918e+00,4.27666866063354037e-02,-3.44770273640833842e+06,-4.32323328413320519e+06
2277,201,1815,1817,0,silica,-3.18518518518529126e+00,4.16184443550088323e-02,-3.29179773768842686e+06,-4.11460922274733521e+06
2278,382,1759,1822,0,silica,-2.66666666667037111e+00,1.77233313393659359e-01,-4.00786934343884420e+06,-4.68192224422614090e+06
2279,210,1770,1821,0,silica,-2.51851851852325170e+00,4.27666866063405107e-02,-4.04200242400142644e+06,-5.14697833470365498e+06
2280,1738,384,1819,0,silica,-2.51879046697501918e+00,1.78126931394536614e-01,-4.20151414962427132e+06,-4.91270582219232526e+06
2281,199,1733,1812,0,silica,-3.33331020846406334e+00,4.05792150813902228e-02,-3.15112255031564692e+06,-3.91075613032284705e+06
2282,1757,389,1824,0,silica,-2.14814814815545363e+00,1.77233313393659581e-01,-4.71719201861546468e+06,-5.56418122550631501e+06
2283,1819,383,1822,0,silica,-2.59259259259681096e+00,1.77233313393661995e-01,-4.10101623871061299e+06,-4.79830972180892900e+06
2284,208,1736,1816,0,silica,-2.66666666667037022e+00,4.27666866063401430e-02,-3.86048708471666323e+06,-4.89664571502591111e+06
2285,1733,200,1817,0,silica,-3.25925925925884963e+00,4.06342367110088046e-02,-3.22446718189467397e+06,-4.01085399805881456e+06
2286,1737,215,1814,0,silica,-2.14814814815545452e+00,4.27666866063391160e-02,-4.54507570180166233e+06,-5.81808643398468010e+06
2287,380,1807,1823,0,silica,-2.81481481481749141e+00,1.77233313393661773e-01,-3.82942238830152480e+06,-4.45478627099873498e+06
2288,1754,378,1825,0,silica,-2.96296296296461037e+00,1.77233313393664521e-01,-3.65973355240665423e+06,-4.23896546819612477e+06
2289,204,1810,1826,0,silica,-2.96296296296461081e+00,4.27666866063354037e-02,-3.52614121663750615e+06,-4.43277453837186750e+06
2290,417,416,1827,0,silica,-1.11804917529607792e-01,2.01238554197730263e-01,-9.03237757546674646e+06,-1.10162965165276900e+07
2291,366,365,1828,0,silica,-3.88819508247039325e+00,2.01238554197729652e-01,-2.88899854877614975e+06,-3.11819539536878560e+06
2292,242,243,1829,0,silica,-1.11804917529602268e-01,1.87614458022492096e-02,-8.21566979716981854e+06,-1.14001353169527613e+07
2293,191,192,1830,0,silica,-3.88819508247039858e+00,1.87614458022490431e-02,-2.63788172377235396e+06,-3.21286220167831378e+06
2294,1776,366,1828,0,silica,-3.85115804543320195e+00,1.79855210894319217e-01,-2.84551350427350961e+06,-3.14520195998228062e+06
2295,416,1766,1827,0,silica,-1.48841954566799217e-01,1.79855210894321743e-01,-8.73118104623725824e+06,-1.08292371810461711e+07
2296,192,1760,1830,0,silica,-3.85115804543320728e+00,4.01447891056574482e-02,-2.73023424111253722e+06,-3.27021811002244940e+06
2297,1784,242,1829,0,silica,-1.48841954566793694e-01,4.01447891056578646e-02,-8.36202516494430508e+06,-1.13092407176356874e+07
2298,195,196,1831,0,silica,-3.59758525388620276e+00,1.75787140257220170e-02,-2.85435741570173251e+06,-3.54628483472597087e+06
2299,231,232,1833,0,silica,-9.30918587225099459e-01,1.75429289963234571e-02,-6.45094016375595983e+06,-8.65622709177938476e+06
2300,232,233,1834,0,silica,-8.46859190560087183e-01,1.75429289963234293e-02,-6.57915974558538385e+06,-8.96473508615695871e+06
2301,221,222,1835,0,silica,-1.67165932796892758e+00,1.75578394252342875e-02,-5.13520341930350289e+06,-6.75507144891923852e+06
2302,222,223,1832,0,silica,-1.58759993130391575e+00,1.75578394252341764e-02,-5.24320842806310579e+06,-6.99727337327785417e+06
2303,196,197,1836,0,silica,-3.51352585722135169e+00,1.75787140256792006e-02,-2.91068662523723580e+06,-3.67598050542978244e+06
2304,375,374,1840,0,silica,-3.21722956092681356e+00,2.02442160574775043e-01,-3.46764291888241749e+06,-3.92124327004634822e+06
2305,387,386,1839,0,silica,-2.32834067204409401e+00,2.02442160574775570e-01,-4.56123515390499122e+06,-5.28047649691669457e+06
2306,386,385,1838,0,silica,-2.41240006870816925e+00,2.02442160574776014e-01,-4.46107779524863232e+06,-5.09793286707807519e+06
2307,374,373,1837,0,silica,-3.30128895759088792e+00,2.02442160574775848e-01,-3.39487324492438277e+06,-3.78470563528375607e+06
2308,1775,1741,1880,0,silica,-3.59304026348771144e+00,1.19523755820086550e-01,-2.97130263988357503e+06,-3.48914459231886826e+06
2309,1745,1796,1881,0,silica,-1.59214492170236888e+00,1.19408732511241733e-01,-5.49589261762979440e+06,-6.76970890657799691e+06
2310,1780,1781,1883,0,silica,-8.51404180958540202e-01,1.19505161285797135e-01,-6.89887169907039590e+06,-8.69328194217721932e+06
2311,1781,1764,1884,0,silica,-9.26373596826646661e-01,1.19326573004998118e-01,-6.72492750293718278e+06,-8.51628956274916604e+06
2312,1796,1795,1882,0,silica,-1.66711433757047445e+00,1.19537809109545881e-01,-5.34836985066862032e+06,-6.63131256540610269e+06
2313,1774,1775,1879,0,silica,-3.51807281402015448e+00,1.19756336874338010e-01,-3.04327485643981909e+06,-3.56164490770457219e+06
2314,1733,1818,1875,0,silica,-3.29674200079211621e+00,1.00537855661339159e-01,-3.25702138799005467e+06,-3.91277127783983201e+06
2315,1808,1809,1877,0,silica,-2.40785507830976675e+00,1.00462190890199962e-01,-4.27592940945413522e+06,-5.27657017902723234e+06
2316,1809,1732,1876,0,silica,-2.33288566244249340e+00,1.00591267488484001e-01,-4.39388632422077190e+06,-5.38491845926371496e+06
2317,1818,1817,1878,0,silica,-3.22177455132521429e+00,1.00462190890196187e-01,-3.34113212251625024e+06,-3.99522336748337699e+06
2318,365,51,1887,0,silica,-3.95738948476776775e+00,2.02148001823151041e-01,-2.83720094343438139e+06,-3.05084530690132128e+06
2319,52,417,1888,0,silica,-4.26105152322312566e-02,2.02148001823151402e-01,-9.25003689003988169e+06,-1.12305392993409913e+07
2320,36,191,1890,0,silica,-3.95738948476780061e+00,1.78519981767814688e-02,-2.59014709518015850e+06,-3.14248213816211699e+06
2321,243,37,1889,0,silica,-4.26105152321979500e-02,1.78519981767812225e-02,-8.42112302782665193e+06,-1.16388826705496404e+07
2322,51,775,1887,0,silica,-3.98208084279256136e+00,1.77703557378643184e-01,-2.78137933002771344e+06,-2.99481369316700893e+06
2323,793,52,1888,0,silica,-1.79191572074370621e-02,1.77703557378643545e-01,-9.05214209522455186e+06,-1.14291785723074134e+07
2324,774,36,1890,0,silica,-3.98208084279259467e+00,4.22964426211642694e-02,-2.65345019486206025e+06,-3.07894089287953358e+06
2325,37,792,1889,0,silica,-1.79191572074037589e-02,4.22964426211640196e-02,-8.62474009958061203e+06,-1.18432657475997731e+07
2326,1831,1775,1880,0,silica,-3.59803292478302561e+00,8.41682721717189608e-02,-2.97778489066966996e+06,-3.52012370637923200e+06
2327,1796,1832,1881,0,silica,-1.58715226040705448e+00,8.40323742624289466e-02,-5.45509398258421849e+06,-6.96127516314531304e+06
2328,1781,1834,1883,0,silica,-8.46411519663225254e-01,8.39498580007202871e-02,-6.84899356782311387e+06,-8.92396860909736529e+06
2329,1833,1781,1884,0,silica,-9.31366258121961388e-01,8.39353043272749733e-02,-6.74121104439385328e+06,-8.59180323425983451e+06
2330,1835,1796,1882,0,silica,-1.67210699886578951e+00,8.39974162533797947e-02,-5.36325939594194386e+06,-6.70168454742193129e+06
2331,1775,1836,1879,0,silica,-3.51308015272486429e+00,8.42368186185600137e-02,-3.02284096621433226e+06,-3.65803613027232140e+06
2332,1818,1837,1875,0,silica,-3.30173466208737354e+00,1.35914213910277387e-01,-3.28009158642737381e+06,-3.80552564282715786e+06
2333,1809,1838,1877,0,silica,-2.41284773960502408e+00,1.36002583746470590e-01,-4.30741234712050389e+06,-5.12777337680497114e+06
2334,1839,1809,1876,0,silica,-2.32789300114723607e+00,1.35967625737421577e-01,-4.38134989483105671e+06,-5.32605480252422299e+06
2335,1840,1818,1878,0,silica,-3.21678189002995696e+00,1.36002583746466704e-01,-3.33249881966005312e+06,-3.95442006408021878e+06
2336,1769,195,1831,0,silica,-3.63489423937516953e+00,3.80684393281937594e-02,-2.89099498978008237e+06,-3.53095966754259076e+06
2337,1746,231,1833,0,silica,-9.68227572714071116e-01,3.80326542987926494e-02,-6.53377239100673608e+06,-8.62150844048369303e+06
2338,223,1761,1832,0,silica,-1.55029094581494475e+00,3.80475647277033549e-02,-5.45440031622287724e+06,-7.08571806500392873e+06
2339,233,1749,1834,0,silica,-8.09550205071115858e-01,3.80326542987925800e-02,-6.83933297044750117e+06,-9.07378519588245265e+06
2340,1744,221,1835,0,silica,-1.70896831345789812e+00,3.80475647277033827e-02,-5.19428764903530106e+06,-6.73032766481878236e+06
2341,197,1739,1836,0,silica,-3.47621687173260518e+00,3.80684393279776198e-02,-3.02014995011878945e+06,-3.72176802811609255e+06
2342,373,1755,1837,0,silica,-3.33859794307943503e+00,1.81952435272480506e-01,-3.27809533254301036e+06,-3.73580041193026537e+06
2343,385,1738,1838,0,silica,-2.44970905419671681e+00,1.81952435272481033e-01,-4.30107480215938576e+06,-5.03092548567681294e+06
2344,1758,375,1840,0,silica,-3.17992057543826645e+00,1.81952435272479840e-01,-3.43544281680776551e+06,-3.93472829604014382e+06
2345,1756,387,1839,0,silica,-2.29103168655554690e+00,1.81952435272480478e-01,-4.52071524911029823e+06,-5.29744575894292817e+06
2346,1829,243,1889,0,silica,-8.03413586874174857e-02,3.66134439790304356e-02,-8.51043537768596597e+06,-1.16050018039529510e+07
2347,191,1830,1890,0,silica,-3.91965864131258135e+00,3.66134439790305119e-02,-2.68653529091262817e+06,-3.17904724484991049e+06
2348,417,1827,1888,0,silica,-8.03413586874563157e-02,1.83386556020881691e-01,-8.90981879541795701e+06,-1.11014767016610987e+07
2349,1828,365,1887,0,silica,-3.91965864131254271e+00,1.83386556020880748e-01,-2.80802100431940053e+06,-3.06191479086487740e+06
2350,1874,1769,1880,0,silica,-3.66738628601390637e+00,9.30812896714601073e-02,-2.92522541162795993e+06,-3.44722867710142117e+06
2351,1865,1744,1882,0,silica,-1.74146036009663607e+00,9.30356813560286738e-02,-5.24927444758975971e+06,-6.56709585651566461e+06
2352,1860,1746,1884,0,silica,-1.00071961935280984e+00,9.30630320033891262e-02,-6.61034095632087626e+06,-8.42072259369440936e+06
2353,1749,1861,1883,0,silica,-7.77058158432377577e-01,9.30775856768340515e-02,-7.06301301409795694e+06,-9.07664732389666513e+06
2354,1761,1859,1881,0,silica,-1.51779889917620703e+00,9.30706393650783115e-02,-5.63523500948175415e+06,-7.08065059925173689e+06
2355,1739,1846,1879,0,silica,-3.44372679149453953e+00,9.31498361181730267e-02,-3.11347231438716874e+06,-3.72069044259052258e+06
2356,1738,1845,1877,0,silica,-2.48220110083509704e+00,1.26964318644131796e-01,-4.16984536167039862e+06,-5.04566108271368966e+06
2357,1850,1758,1878,0,silica,-3.14742852879989243e+00,1.26964318644132490e-01,-3.40077610921331402e+06,-4.03776618108032178e+06
2358,1849,1756,1876,0,silica,-2.25853963991717066e+00,1.26929360635083061e-01,-4.47676908004554734e+06,-5.43664799572342820e+06
2359,1755,1846,1875,0,silica,-3.37108802331744428e+00,1.26875948807941036e-01,-3.18088676394412993e+06,-3.74329378652681317e+06
2360,1854,1804,1856,0,silica,-1.96296296297104500e+00,9.47166766365417218e-02,-4.90141151000395697e+06,-6.10493602655347809e+06
2361,1804,1771,1856,0,silica,-1.92592592593392564e+00,7.94333532733196152e-02,-4.86451767060030904e+06,-6.13473841232809052e+06
2362,1801,1855,1865,0,silica,-1.81481481482237794e+00,1.25283323363258731e-01,-5.13171745035555772e+06,-6.28898744330554921e+06
2363,1855,1799,1865,0,silica,-1.81481481482237794e+00,9.47166766367427554e-02,-5.13171745035490021e+06,-6.41138118471962865e+06
2364,1771,1799,1855,0,silica,-1.85185185185956880e+00,7.94333532734717851e-02,-4.97675481261512823e+06,-6.28620428837333620e+06
2365,1801,1742,1855,0,silica,-1.85185185185956880e+00,1.40566646726529160e-01,-5.16640241722049937e+06,-6.26096935736183077e+06
2366,1760,1802,1857,0,silica,-3.77777777777684642e+00,7.94333532734796122e-02,-2.78904728088599537e+06,-3.29511262812417978e+06
2367,1753,1859,1863,0,silica,-1.44444444445046560e+00,1.25283323363258953e-01,-5.76931666690566950e+06,-7.12312730317585915e+06
2368,1859,1777,1863,0,silica,-1.44444444445046538e+00,9.47166766367435048e-02,-5.76931666690566950e+06,-7.26096954175592400e+06
2369,1862,1787,1872,0,silica,-1.14814814815293453e+00,1.25283323363258231e-01,-6.32504928780527040e+06,-7.87461590488314535e+06
2370,1858,1785,1873,0,silica,-1.29629629630169974e+00,1.25283323363257704e-01,-6.04361898102355935e+06,-7.49177658831868134e+06
2371,1748,1862,1872,0,silica,-1.14814814815293431e+00,9.47166766367418672e-02,-6.32504928780592885e+06,-8.02041291521166731e+06
2372,1753,1779,1859,0,silica,-1.48148148148765757e+00,1.41141787520293049e-01,-5.81819093108641263e+06,-7.08364727888866328e+06
2373,1743,1776,1857,0,silica,-3.77777777777684776e+00,1.40566646726513395e-01,-2.89655951031339774e+06,-3.28374067696243245e+06
2374,1747,1858,1873,0,silica,-1.29629629630169974e+00,9.47166766367417007e-02,-6.04361898102355935e+06,-7.63397186287671048e+06
2375,1761,1777,1859,0,silica,-1.48120953303587721e+00,7.85397352725457493e-02,-5.58890111876471154e+06,-7.11523210015125200e+06
2376,1798,1753,1863,0,silica,-1.40740740741327275e+00,1.40566646726517197e-01,-5.95068324910875410e+06,-7.26963297829799633e+06
2377,1768,1785,1858,0,silica,-1.25925925926450843e+00,1.40566646726515782e-01,-6.23063715656867903e+06,-7.64284755043041147e+06
2378,1748,1778,1862,0,silica,-1.11111111111574212e+00,7.94333532734838726e-02,-6.27291778517492209e+06,-8.06252409630718175e+06
2379,1799,1744,1865,0,silica,-1.77804972623696567e+00,7.85397352725449860e-02,-5.08797917036634311e+06,-6.44671242468858697e+06
2380,1772,1801,1865,0,silica,-1.77777777778518575e+00,1.40566646726516808e-01,-5.28908852914509736e+06,-6.41610984845214803e+06
2381,1763,1800,1861,0,silica,-7.40740740743828119e-01,1.41148904112655987e-01,-7.28858546997440234e+06,-9.08921787718500011e+06
2382,1777,1792,1863,0,silica,-1.40740740741327230e+00,7.94333532734845388e-02,-5.72235730947892182e+06,-7.29890272812149022e+06
2383,1765,1869,1871,0,silica,-4.07407407409105027e-01,1.25283323363258203e-01,-7.89046554274675343e+06,-1.00898289441958796e+07
2384,1762,1787,1862,0,silica,-1.11111111111574301e+00,1.40566646726516503e-01,-6.51944115783644468e+06,-8.03164324592451006e+06
2385,1869,1783,1871,0,silica,-4.07407407409105027e-01,9.47166766367420893e-02,-7.89046554274741095e+06,-1.02716419890131652e+07
2386,1749,1782,1861,0,silica,-7.40468792292047873e-01,7.85397352725443476e-02,-6.99688192145572510e+06,-9.12600455257513002e+06
2387,1747,1797,1858,0,silica,-1.25925925926450843e+00,7.94333532734829983e-02,-5.99539902911524568e+06,-7.67292334182592295e+06
2388,1791,1762,1860,0,silica,-1.03703703704135930e+00,1.41141787520292133e-01,-6.66792606953444425e+06,-8.23368129782363866e+06
2389,1763,1861,1866,0,silica,-7.03703703706636374e-01,1.25283323363258176e-01,-7.21945257008065190e+06,-9.14506257607417926e+06
2390,1778,1746,1860,0,silica,-1.03730898549313921e+00,7.85397352725447501e-02,-6.40792605581240915e+06,-8.26964935214715917e+06
2391,1778,1860,1862,0,silica,-1.07407407407855104e+00,9.47166766367423668e-02,-6.46862719209271390e+06,-8.22061572730092984e+06
2392,1861,1782,1866,0,silica,-7.03703703706636374e-01,9.47166766367418950e-02,-7.21945257008065190e+06,-9.30579436138804443e+06
2393,1765,1790,1869,0,silica,-4.44444444446296494e-01,1.40566646726516281e-01,-7.95229484189826902e+06,-1.00398840033802409e+07
2394,1864,1788,1867,0,silica,-5.55555555557870728e-01,9.47166766367418950e-02,-7.54437716541958787e+06,-9.78282297945015877e+06
2395,1750,1864,1866,0,silica,-6.29629629632253551e-01,9.47166766367419366e-02,-7.37924413820508868e+06,-9.54310353817019425e+06
2396,1750,1788,1864,0,silica,-5.92592592595062140e-01,7.94333532734837616e-02,-7.31343040744196810e+06,-9.59626705341447704e+06
2397,1766,1786,1870,0,silica,-2.22222222223148441e-01,1.40566646726516170e-01,-8.51082658289285377e+06,-1.08012459358330537e+07
2398,1752,1784,1870,0,silica,-2.22222222223148441e-01,7.94333532734838171e-02,-8.18063110840593651e+06,-1.08411621372126956e+07
2399,1751,1783,1869,0,silica,-4.44444444446296549e-01,7.94333532734839282e-02,-7.65029631198222190e+06,-1.00776362638712302e+07
2400,1786,1868,1870,0,silica,-2.59259259260339880e-01,1.25283323363257981e-01,-8.25318008195262868e+06,-1.05931222886598874e+07
2401,1864,1789,1866,0,silica,-6.29629629632253551e-01,1.25283323363258203e-01,-7.37924413820508868e+06,-9.37694383438141830e+06
2402,1794,1752,1868,0,silica,-2.96296296297531181e-01,7.94333532734836784e-02,-8.00114142779561039e+06,-1.05789642782936655e+07
2403,1767,1789,1864,0,silica,-5.92592592595062140e-01,1.40566646726516281e-01,-7.60678696862866357e+06,-9.56075010996700265e+06
2404,1868,1752,1870,0,silica,-2.59259259260339880e-01,9.47166766367418117e-02,-8.25318008195262868e+06,-1.07825579764022529e+07
2405,1767,1864,1867,0,silica,-5.55555555557870728e-01,1.25283323363258176e-01,-7.54437716541958787e+06,-9.61116397476382181e+06
2406,1782,1750,1866,0,silica,-6.66666666669444852e-01,7.94333532734837616e-02,-7.15246000226757955e+06,-9.35991012657588907e+06
2407,1786,1793,1868,0,silica,-2.96296296297531181e-01,1.40566646726516170e-01,-8.31949105862975679e+06,-1.05395571043334194e+07
2408,1788,1751,1867,0,silica,-5.18518518520679428e-01,7.94333532734837339e-02,-7.47949809086608794e+06,-9.83523149100190960e+06
2409,1793,1765,1871,0,silica,-3.70370370371913726e-01,1.40566646726516281e-01,-8.13381730509138014e+06,-1.02864054788685031e+07
2410,1790,1767,1867,0,silica,-5.18518518520679428e-01,1.40566646726516253e-01,-7.77634756618932635e+06,-9.79854678674840927e+06
2411,1797,1748,1872,0,silica,-1.18518518519012517e+00,7.94333532734830677e-02,-6.13319174255944043e+06,-7.86543277028806601e+06
2412,1789,1763,1866,0,silica,-6.66666666669444852e-01,1.40566646726516281e-01,-7.44287696237119660e+06,-9.32554202843004093e+06
2413,1783,1794,1871,0,silica,-3.70370370371913726e-01,7.94333532734839004e-02,-7.82439712427062262e+06,-1.03250112378343381e+07
2414,1790,1867,1869,0,silica,-4.81481481483487961e-01,1.25283323363258176e-01,-7.71493959782981779e+06,-9.84815138178176805e+06
2415,1867,1751,1869,0,silica,-4.81481481483488016e-01,9.47166766367418950e-02,-7.71493959782981779e+06,-1.00254182195108123e+07
2416,1787,1768,1872,0,silica,-1.18518518519012583e+00,1.40566646726516226e-01,-6.37411862081643101e+06,-7.83497830641666334e+06
2417,1860,1762,1862,0,silica,-1.07407407407855127e+00,1.25283323363258647e-01,-6.46862719209271390e+06,-8.07269013706961554e+06
2418,1794,1868,1871,0,silica,-3.33333333334722426e-01,9.47166766367418395e-02,-8.06995975670688599e+06,-1.05233736859384049e+07
2419,1868,1793,1871,0,silica,-3.33333333334722426e-01,1.25283323363258120e-01,-8.06995975670951791e+06,-1.03379888142562564e+07
2420,1785,1798,1873,0,silica,-1.33333333333889037e+00,1.40566646726516697e-01,-6.08937301258324925e+06,-7.45481704923706036e+06
2421,1792,1747,1873,0,silica,-1.33333333333889037e+00,7.94333532734834841e-02,-5.85863544869596418e+06,-7.48454446031587571e+06
2422,1803,1743,1874,0,silica,-3.70370370370247182e+00,1.41141787520294271e-01,-2.95203884958129609e+06,-3.37059851710573165e+06
2423,1858,1797,1872,0,silica,-1.22222222222731691e+00,9.47166766367409929e-02,-6.18345383158647455e+06,-7.82483167830888648e+06
2424,1768,1858,1872,0,silica,-1.22222222222731691e+00,1.25283323363257787e-01,-6.18345383158647455e+06,-7.68096165501036588e+06
2425,1798,1863,1873,0,silica,-1.37037037037608123e+00,1.25283323363259091e-01,-5.90540389531176537e+06,-7.30620907857324556e+06
2426,1863,1792,1873,0,silica,-1.37037037037608123e+00,9.47166766367418811e-02,-5.90540389531110693e+06,-7.44676548933460191e+06
2427,1802,1769,1874,0,silica,-3.70397565215424729e+00,7.85397352725422521e-02,-2.84127730001950404e+06,-3.38457363881040551e+06
2428,1743,1857,1874,0,silica,-3.74074074073965823e+00,1.25283323363255511e-01,-2.87053638341723429e+06,-3.30476183603633847e+06
2429,1857,1802,1874,0,silica,-3.74074074073965734e+00,9.47166766367361496e-02,-2.87053638341789227e+06,-3.36093851421958907e+06
2430,1773,1854,1856,0,silica,-1.96296296297104544e+00,1.25283323363216709e-01,-4.90141151000395697e+06,-5.99144004996817559e+06
2431,1742,1773,1856,0,silica,-1.92592592593392609e+00,1.40566646726535988e-01,-5.04872611167540494e+06,-6.11043895765794721e+06
2432,1771,1855,1856,0,silica,-1.88888888889674966e+00,9.47166766367294466e-02,-5.01438977107283566e+06,-6.25580323582122754e+06
2433,1855,1742,1856,0,silica,-1.88888888889674966e+00,1.25283323363270832e-01,-5.01438977107217722e+06,-6.13817542762853578e+06
2434,1773,1805,1854,0,silica,-2.00000000000809441e+00,1.40566646726700745e-01,-4.93532335311116278e+06,-5.96404648380712420e+06
2435,1740,1804,1854,0,silica,-2.00000000000809530e+00,7.94333532730586711e-02,-4.75616446489032451e+06,-5.98760726540679857e+06
2436,1805,1848,1854,0,silica,-2.03703703704501438e+00,1.25283323363423155e-01,-4.79186764696403500e+06,-5.84816474405364972e+06
2437,1848,1740,1854,0,silica,-2.03703703704501526e+00,9.47166766364560681e-02,-4.79186764696469251e+06,-5.95876667784925457e+06
2438,1814,1740,1848,0,silica,-2.07407407408186906e+00,7.94333532730061020e-02,-4.65016716330793034e+06,-5.84430278505008668e+06
2439,1805,1757,1848,0,silica,-2.07407407408186772e+00,1.40566646726967420e-01,-4.82523182279872894e+06,-5.82121357672044728e+06
2440,1734,1841,1850,0,silica,-3.07407407407495326e+00,9.47166766365063889e-02,-3.47466402220327361e+06,-4.21726369701936655e+06
2441,1841,1811,1850,0,silica,-3.07407407407495326e+00,1.25283323363497734e-01,-3.47466402220327361e+06,-4.13810956906176545e+06
2442,1739,1812,1846,0,silica,-3.40711233408586223e+00,7.73364713911850049e-02,-3.08336535794792511e+06,-3.74316090049798926e+06
2443,1755,1806,1846,0,silica,-3.40770248072609983e+00,1.42677477129844715e-01,-3.20921884001025325e+06,-3.72214801830368023e+06
2444,1754,1842,1844,0,silica,-2.92592592592783163e+00,1.25283323363495042e-01,-3.63413392281692475e+06,-4.34943700674356427e+06
2445,1842,1810,1844,0,silica,-2.92592592592783163e+00,9.47166766365036827e-02,-3.63413392281758273e+06,-4.43339510402317997e+06
2446,1734,1826,1841,0,silica,-3.03703703703816785e+00,7.94333532730022718e-02,-3.44770273640833236e+06,-4.23904268920984212e+06
2447,1825,1811,1841,0,silica,-3.03703703703816785e+00,1.40566646726998062e-01,-3.57869656643108837e+06,-4.22214576768917032e+06
2448,1847,1823,1853,0,silica,-2.77777777778071355e+00,1.25283323363501148e-01,-3.80256538873108849e+06,-4.57116806752607320e+06
2449,1824,1849,1852,0,silica,-2.18518518519223370e+00,1.25283323363494015e-01,-4.57866199961997941e+06,-5.56924749095938634e+06
2450,1820,1816,1847,0,silica,-2.74074074074393215e+00,7.94333532730091413e-02,-3.77364484017840121e+06,-4.68286041496993974e+06
2451,1847,1816,1851,0,silica,-2.70370370370715163e+00,9.47166766365046403e-02,-3.89005133787692059e+06,-4.77689213970551454e+06
2452,1807,1754,1844,0,silica,-2.88888888889105155e+00,1.40566646726991012e-01,-3.74345410923839035e+06,-4.43774449713890068e+06
2453,1849,1737,1852,0,silica,-2.18518518519223370e+00,9.47166766365010737e-02,-4.57866199961932190e+06,-5.67678695969278272e+06
2454,1810,1735,1844,0,silica,-2.88888888889105244e+00,7.94333532730081143e-02,-3.60661094291338883e+06,-4.45562782574569713e+06
2455,1820,1847,1853,0,silica,-2.77777777778071355e+00,9.47166766365066248e-02,-3.80256538872977206e+06,-4.65949875463162363e+06
2456,1759,1823,1847,0,silica,-2.74074074074393259e+00,1.40566646726996841e-01,-3.91754090982920770e+06,-4.66404386711305566e+06
2457,1815,1734,1850,0,silica,-3.11111111111173466e+00,7.94333532730105013e-02,-3.37144919935738528e+06,-4.13388804358068435e+06
2458,1819,1822,1843,0,silica,-2.59259259259681096e+00,1.40566646726995564e-01,-4.10101623871051567e+06,-4.90164422567453329e+06
2459,1736,1821,1843,0,silica,-2.59259259259681096e+00,7.94333532730073649e-02,-3.94999604323565308e+06,-4.92159687715249974e+06
2460,1843,1822,1851,0,silica,-2.62962962963359104e+00,1.25283323363497484e-01,-3.98002799383017514e+06,-4.80391142240833212e+06
2461,1824,1756,1849,0,silica,-2.22195027377724719e+00,1.41460264727867990e-01,-4.61504945550977625e+06,-5.53985415550197568e+06
2462,1759,1847,1851,0,silica,-2.70370370370715207e+00,1.25283323363497845e-01,-3.89005133787692059e+06,-4.68624960231133457e+06
2463,1736,1843,1851,0,silica,-2.62962962963359104e+00,9.47166766365047513e-02,-3.98002799383083312e+06,-4.89733744002854265e+06
2464,1814,1848,1852,0,silica,-2.11111111111866245e+00,9.47166766364868212e-02,-4.68451632400774956e+06,-5.81655595916112885e+06
2465,1823,1807,1853,0,silica,-2.81481481481749185e+00,1.40566646726995065e-01,-3.82942238830099534e+06,-4.54947331645523012e+06
2466,1738,1819,1845,0,silica,-2.51879046697502007e+00,1.41460264727869184e-01,-4.19740133094389644e+06,-5.02509456517187040e+06
2467,1813,1737,1849,0,silica,-2.22222222222901467e+00,7.88582124792784889e-02,-4.44103040620392468e+06,-5.56560986595336907e+06
2468,1819,1843,1845,0,silica,-2.55555555556003178e+00,1.25283323363497706e-01,-4.07279616078386270e+06,-4.92444005453309976e+06
2469,1816,1736,1851,0,silica,-2.66666666667037022e+00,7.94333532730070041e-02,-3.86048708471721970e+06,-4.80077377664119657e+06
2470,1822,1759,1851,0,silica,-2.66666666667037111e+00,1.40566646726992928e-01,-4.00786934343907563e+06,-4.78142152558599412e+06
2471,1737,1814,1852,0,silica,-2.14814814815545319e+00,7.94333532730033820e-02,-4.54507570180204231e+06,-5.70391755440551694e+06
2472,1821,1770,1845,0,silica,-2.51851851852325259e+00,7.94333532730064074e-02,-4.04200242400200618e+06,-5.04566808723535482e+06
2473,1843,1821,1845,0,silica,-2.55555555556003178e+00,9.47166766365022533e-02,-4.07279616078320472e+06,-5.02079328868145868e+06
2474,1811,1758,1850,0,silica,-3.11083916265996763e+00,1.41460264727868962e-01,-3.50374555034401221e+06,-4.11461787140699336e+06
2475,1757,1824,1852,0,silica,-2.14814814815545274e+00,1.40566646726990513e-01,-4.71719201861464605e+06,-5.68115032173734624e+06
2476,1754,1825,1842,0,silica,-2.96296296296460904e+00,1.40566646726997729e-01,-3.65973355240687635e+06,-4.32875794354545604e+06
2477,1848,1757,1852,0,silica,-2.11111111111866201e+00,1.25283323363481025e-01,-4.68451632400709111e+06,-5.70754534247506130e+06
2478,1735,1820,1853,0,silica,-2.81481481481749229e+00,7.94333532730089747e-02,-3.68906724496769533e+06,-4.56781636212615948e+06
2479,1826,1810,1842,0,silica,-2.96296296296461037e+00,7.94333532730019665e-02,-3.52614121663664235e+06,-4.34615993569833692e+06
2480,1807,1844,1853,0,silica,-2.85185185185427059e+00,1.25283323363495319e-01,-3.71728094794681529e+06,-4.45888685213172901e+06
2481,1844,1735,1853,0,silica,-2.85185185185427104e+00,9.47166766365037521e-02,-3.71728094794747327e+06,-4.54502568287203740e+06
2482,1825,1841,1842,0,silica,-3.00000000000138689e+00,1.25283323363502258e-01,-3.55322483091693837e+06,-4.24272151964272466e+06
2483,1841,1826,1842,0,silica,-3.00000000000138689e+00,9.47166766364978541e-02,-3.55322483091628039e+06,-4.32428212807548512e+06
2484,1803,1874,1880,0,silica,-3.66711433756213045e+00,1.25116695192692778e-01,-2.92355916456573457e+06,-3.39276970884999260e+06
2485,1772,1865,1882,0,silica,-1.74118841164485616e+00,1.24495946083484507e-01,-5.24551396089523286e+06,-6.45130884411091730e+06
2486,1791,1860,1884,0,silica,-1.00044767090102948e+00,1.25098437524620215e-01,-6.60598890619096719e+06,-8.28189885092273634e+06
2487,1861,1800,1883,0,silica,-7.77330106884157601e-01,1.25120107790429425e-01,-7.06790670929062832e+06,-8.91749840550072677e+06
2488,1859,1779,1881,0,silica,-1.51807084762798716e+00,1.25106044886310164e-01,-5.63946031773719750e+06,-6.94450702165809553e+06
2489,1846,1806,1879,0,silica,-3.44402186481466321e+00,1.25827313248014050e-01,-3.11538489678013790e+06,-3.65181008154599182e+06
2490,1845,1770,1877,0,silica,-2.48192915238332956e+00,9.55040539162645280e-02,-4.16657691988265980e+06,-5.14629781956888177e+06
2491,1846,1812,1875,0,silica,-3.37079294999733037e+00,9.42124201991223070e-02,-3.17882584035040811e+06,-3.81477863239826169e+06
2492,1815,1850,1878,0,silica,-3.14770047725165947e+00,9.55040539162653745e-02,-3.40306838858585339e+06,-4.10834645478189457e+06
2493,1813,1849,1876,0,silica,-2.25881158836893858e+00,9.48939551134865278e-02,-4.47983396592544485e+06,-5.53540162585467286e+06
2494,1741,1803,1880,0,silica,-3.63007730052492761e+00,1.41384226200117452e-01,-3.01361754662869312e+06,-3.45731792048206320e+06
2495,1795,1772,1882,0,silica,-1.70415137460766464e+00,1.40927511698217961e-01,-5.41838366085997876e+06,-6.57929362453811616e+06
2496,1779,1745,1881,0,silica,-1.55510788466517735e+00,1.41373575893689901e-01,-5.68502255116178282e+06,-6.91187180238315556e+06
2497,1764,1791,1884,0,silica,-9.63410633863837851e-01,1.41365968531999786e-01,-6.82663707377935760e+06,-8.43987190165883861e+06
2498,1800,1780,1883,0,silica,-8.14367143921348902e-01,1.41551673405163059e-01,-7.13520029841026850e+06,-8.86929799127328768e+06
2499,1806,1774,1879,0,silica,-3.48105890185155653e+00,1.42258878862803917e-01,-3.14056180711849732e+06,-3.63439849499856913e+06
2500,1817,1815,1878,0,silica,-3.18473751428843599e+00,7.90724883014346930e-02,-3.29578274809618201e+06,-4.02891709761983855e+06
2501,1812,1733,1875,0,silica,-3.33375591296055029e+00,7.79448891916259545e-02,-3.15180903814023780e+06,-3.83344976386722550e+06
2502,1770,1808,1877,0,silica,-2.44489211534654816e+00,7.90724883014373436e-02,-4.13352604770296905e+06,-5.17076716624912247e+06
2503,1732,1813,1876,0,silica,-2.29584862540571555e+00,7.86264241059920210e-02,-4.33331135152014345e+06,-5.43045072045232728e+06
2504,1760,1857,1886,0,silica,-3.81484266829418184e+00,9.47166766367315421e-02,-2.81752654439406376e+06,-3.27210743236799212e+06
2505,1857,1776,1886,0,silica,-3.81484266829418184e+00,1.25283323363245963e-01,-2.81752654439340578e+06,-3.21989882755391113e+06
2506,1870,1784,1885,0,silica,-1.85157331705813416e-01,9.47166766367334573e-02,-8.43926806408882141e+06,-1.10500858614418879e+07
2507,1766,1870,1885,0,silica,-1.85157331705813416e-01,1.25283323363249599e-01,-8.43926806408882141e+06,-1.08590500195894428e+07
2508,775,1730,1887,0,silica,-3.95894421848469102e+00,1.41036890711945889e-01,-2.74796723631480196e+06,-3.08563226574583026e+06
2509,1731,793,1888,0,silica,-4.10557815153077335e-02,1.41036890711946389e-01,-9.00564647173350304e+06,-1.13027972029424850e+07
2510,1730,774,1890,0,silica,-3.95894421848472433e+00,7.89631092878003010e-02,-2.67210433681955328e+06,-3.12964536413806910e+06
2511,792,1731,1889,0,silica,-4.10557815152744407e-02,7.89631092878002178e-02,-8.75181976663221233e+06,-1.14978460901111979e+07
2512,1827,1731,1888,0,silica,-7.87866249705328064e-02,1.46719889354184535e-01,-8.89922250842187740e+06,-1.13323094703300186e+07
2513,1730,1828,1887,0,silica,-3.92121337502946687e+00,1.46719889354183453e-01,-2.80989810929901106e+06,-3.10280622193156229e+06
2514,1731,1829,1889,0,silica,-7.87866249704939764e-02,7.32801106456666268e-02,-8.50234063347215578e+06,-1.14286634111707583e+07
2515,1830,1730,1890,0,silica,-3.92121337502950551e+00,7.32801106456665435e-02,-2.68901837597248051e+06,-3.12495495766920084e+06
2516,1776,1828,1886,0,silica,-3.85118589891334473e+00,1.43188544227643350e-01,-2.85073700392651279e+06,-3.19301130509868590e+06
2517,1827,1766,1885,0,silica,-1.48814101086655576e-01,1.43188544227646569e-01,-8.70446561556803808e+06,-1.10737566277127266e+07
2518,1830,1760,1886,0,silica,-3.85118589891335006e+00,7.68114557723149488e-02,-2.73713857497992972e+06,-3.20702452285165759e+06
2519,1784,1829,1885,0,silica,-1.48814101086650080e-01,7.68114557723160313e-02,-8.34228903996693809e+06,-1.11286010559153557e+07
2520,1758,1840,1878,0,silica,-3.17947290454141163e+00,1.46073145885572381e-01,-3.44539025626380416e+06,-4.00248563454294158e+06
2521,1836,1739,1879,0,silica,-3.47577116723614354e+00,7.40618834771849116e-02,-3.02987395913341967e+06,-3.65505762568822829e+06
2522,1838,1738,1877,0,silica,-2.45015672509357296e+00,1.46073145885575267e-01,-4.28548603943156730e+06,-5.13710889877813309e+06
2523,1756,1839,1876,0,silica,-2.29058401565868985e+00,1.46038187876526143e-01,-4.53446805310365185e+06,-5.39112347367587965e+06
2524,1837,1755,1875,0,silica,-3.33904364757592242e+00,1.45984776049382897e-01,-3.26704777721521817e+06,-3.81105122894193605e+06
2525,1769,1831,1880,0,silica,-3.63534191027201814e+00,7.39933370305171922e-02,-2.88357663244746905e+06,-3.48006691308483109e+06
2526,1746,1833,1884,0,silica,-9.68675243610932935e-01,7.39392943330455382e-02,-6.51522429907216039e+06,-8.49580672094701789e+06
2527,1832,1761,1881,0,silica,-1.54984327491808282e+00,7.39618121236452625e-02,-5.47383922630228009e+06,-6.95330923596364912e+06
2528,1834,1749,1883,0,silica,-8.09102534174253929e-01,7.39538480064908105e-02,-6.86227093435468152e+06,-8.91833300619535334e+06
2529,1744,1835,1882,0,silica,-1.70941598435475961e+00,7.39268541145960273e-02,-5.17853607447024062e+06,-6.62303525309394766e+06
2530,249,1964,1994,0,silica,4.27106104136024456e-01,4.82433744693924957e-02,-9.77165522397434153e+06,-1.37204336847689636e+07
2531,1964,249,1999,0,silica,4.61782784751239239e-01,4.82433744693876454e-02,-9.98953693288535997e+06,-1.37204336847684756e+07
2532,1946,459,1996,0,silica,3.09377277080108071e+00,1.72194992140605491e-01,-1.55293390362938680e+07,-3.38634198134958521e+07
2533,459,1946,1997,0,silica,3.12844945141645070e+00,1.72194992140606185e-01,-1.53724976635941677e+07,-3.38634198134951219e+07
2534,289,1938,1995,0,silica,3.39006906709816080e+00,4.81181268665034287e-02,-1.36475696996755023e+07,-3.64633036303570420e+07
2535,1938,289,1998,0,silica,3.42474574771353213e+00,4.81181268665039977e-02,-1.33649884338999353e+07,-3.64633036303580925e+07
2536,270,271,1925,0,silica,2.03703703703187999e+00,2.13833433033163260e-02,-1.34713888687528595e+07,-2.37477298738520034e+07
2537,457,456,1940,0,silica,2.92592592592308831e+00,1.98616656696620403e-01,-1.62531017320223227e+07,-3.19156317420259640e+07
2538,463,462,1937,0,silica,3.37037037036870801e+00,1.99764898948079139e-01,-1.52783828501081076e+07,-3.65664939788022414e+07
2539,280,281,1939,0,silica,2.77777777777455137e+00,2.13833433033777942e-02,-1.41219880960610956e+07,-3.03745548020073473e+07
2540,446,445,1905,0,silica,2.11111111110612715e+00,1.98616656696630534e-01,-1.54393300402492899e+07,-2.40837329999583997e+07
2541,454,453,1950,0,silica,2.70370370370028157e+00,1.98616656696623872e-01,-1.62764752492752448e+07,-2.96370605322681405e+07
2542,275,276,1934,0,silica,2.40740740740320325e+00,2.13833433033757819e-02,-1.39765160216749758e+07,-2.68969938429140262e+07
2543,277,278,1911,0,silica,2.55555555555174196e+00,2.13833433033758409e-02,-1.40775718375471681e+07,-2.82621787698397040e+07
2544,285,286,1912,0,silica,3.14814814814589949e+00,2.03991356592709595e-02,-1.37105093094800934e+07,-3.39803130496483594e+07
2545,292,293,1913,0,silica,3.66666666666578722e+00,2.13833433033758409e-02,-1.20255022446812429e+07,-3.86437410010657310e+07
2546,455,454,1928,0,silica,2.77777777777455137e+00,1.98616656696624094e-01,-1.63016383625336252e+07,-3.03872802344763540e+07
2547,461,460,1929,0,silica,3.22249417067194655e+00,1.99510274697555084e-01,-1.57562134474061951e+07,-3.50570651622227058e+07
2548,466,465,1926,0,silica,3.59259259259151520e+00,1.98616656696624205e-01,-1.42395984016314112e+07,-3.87064702053377107e+07
2549,281,282,1910,0,silica,2.85185185184882117e+00,2.13833433033758409e-02,-1.40916891589974966e+07,-3.10877232952165008e+07
2550,451,450,1947,0,silica,2.48148148147747483e+00,1.98616656696624094e-01,-1.61100094565812107e+07,-2.74469983006191440e+07
2551,279,280,1914,0,silica,2.70370370370028157e+00,2.13833433033759103e-02,-1.41227087729972061e+07,-2.96656820825192630e+07
2552,283,284,1935,0,silica,2.99999999999736033e+00,2.13833433033759103e-02,-1.39572841742905416e+07,-3.25254485302207358e+07
2553,294,295,1915,0,silica,3.81481481481432505e+00,2.13833433033759103e-02,-1.12867241498341355e+07,-3.97006787384448051e+07
2554,453,452,1927,0,silica,2.62962962962601132e+00,1.98616656696624094e-01,-1.62372236738710199e+07,-2.88998158759143986e+07
2555,458,457,1916,0,silica,2.99972805154558131e+00,1.99510274697554252e-01,-1.61868953511065468e+07,-3.26798173509167843e+07
2556,468,467,1931,0,silica,3.74074074074005614e+00,1.98616656696624094e-01,-1.33571694316612799e+07,-3.99840547354991287e+07
2557,462,461,1942,0,silica,3.29631942116278687e+00,1.99833869098693384e-01,-1.55447245282507315e+07,-3.58122857126333937e+07
2558,464,463,1930,0,silica,3.44444444444297915e+00,1.99600864340728795e-01,-1.49708201951192077e+07,-3.73274392651004195e+07
2559,448,447,1933,0,silica,2.25925925925466542e+00,1.98616656696624233e-01,-1.57548055219445787e+07,-2.53764390819616094e+07
2560,273,274,1906,0,silica,2.25925925925466542e+00,2.13833433033757160e-02,-1.38187638904064931e+07,-2.55871624173556678e+07
2561,287,288,1907,0,silica,3.29602434784266052e+00,2.04897253024450381e-02,-1.33527083378973752e+07,-3.53880430054513514e+07
2562,290,291,1908,0,silica,3.51879046696902575e+00,2.04897253024449270e-02,-1.26416296142592411e+07,-3.74432268732574061e+07
2563,284,285,1945,0,silica,3.07407407407162969e+00,2.02351010519199563e-02,-1.38512800996227823e+07,-3.32341963577057607e+07
2564,272,273,1948,0,silica,2.18518518518039562e+00,2.13833433033757160e-02,-1.37257934222767632e+07,-2.49590563449919485e+07
2565,450,449,1909,0,silica,2.40740740740320325e+00,1.98616656696624205e-01,-1.60055438621730991e+07,-2.67401064787034206e+07
2566,271,272,1961,0,silica,2.11111111110612715e+00,2.13833433033669314e-02,-1.36074101822619420e+07,-2.43480432589383870e+07
2567,449,448,1954,0,silica,2.33333333332893389e+00,1.98616656696624871e-01,-1.58887261220479198e+07,-2.60502273020638265e+07
2568,278,279,1941,0,silica,2.62962962962601132e+00,2.13833433033750568e-02,-1.41063130941859242e+07,-2.89603896289082877e+07
2569,274,275,1953,0,silica,2.33333333332893389e+00,2.13833433033749527e-02,-1.39019869445863143e+07,-2.62346288262317255e+07
2570,291,292,1943,0,silica,3.59259259259151520e+00,2.13833433033746960e-02,-1.23512222288867552e+07,-3.80583606954137385e+07
2571,286,287,1951,0,silica,3.22219909735182020e+00,2.01800794223393025e-02,-1.35400094678582363e+07,-3.46908406520294324e+07
2572,447,446,1949,0,silica,2.18518518518039562e+00,1.98616656696625760e-01,-1.56025120467309933e+07,-2.47209475007702038e+07
2573,452,451,1959,0,silica,2.55555555555174196e+00,1.98616656696626204e-01,-1.61884691823532097e+07,-2.81694603129378296e+07
2574,456,455,1960,0,silica,2.85185185184882206e+00,1.98616656696626315e-01,-1.62924468794443123e+07,-3.11489565872217156e+07
2575,276,277,1955,0,silica,2.48148148147747483e+00,2.13833433033732284e-02,-1.40318965899929218e+07,-2.75733422996012866e+07
2576,469,468,1944,0,silica,3.81481481481432594e+00,1.98616656696627203e-01,-1.28061817596150953e+07,-4.05559526254273206e+07
2577,282,283,1956,0,silica,2.92592592592308831e+00,2.13833433033727462e-02,-1.40340757304002177e+07,-3.18069689339035600e+07
2578,465,464,1957,0,silica,3.51851851851724717e+00,1.99191797490395534e-01,-1.46241952172685228e+07,-3.80269520847620741e+07
2579,293,294,1958,0,silica,3.74074074074005614e+00,2.13833433033717712e-02,-1.16659272792253289e+07,-3.91949180060820580e+07
2580,467,466,1952,0,silica,3.66666666666578811e+00,1.98616656696629201e-01,-1.38212950213120636e+07,-3.93596176825880185e+07
2581,445,444,1962,0,silica,2.03703703703188044e+00,1.98616656696699451e-01,-1.52608460987289604e+07,-2.34647563392677307e+07
2582,423,422,1904,0,silica,4.07407407406653432e-01,1.99600864340778200e-01,-1.05608317124027815e+07,-1.31844683342193030e+07
2583,247,248,1924,0,silica,3.33061384880919020e-01,2.04897253023778245e-02,-9.34894213080173358e+06,-1.32129794819448851e+07
2584,422,421,1966,0,silica,3.33333333332692106e-01,1.99191797490467920e-01,-1.03482810262910258e+07,-1.28507089994466007e+07
2585,421,420,1923,0,silica,2.59259259258741326e-01,1.98616656696723376e-01,-1.01346249174280353e+07,-1.25208224585178550e+07
2586,424,423,1963,0,silica,4.81481481480597273e-01,1.99764898948122660e-01,-1.07714504898564145e+07,-1.35447681681657583e+07
2587,246,247,1967,0,silica,2.59259259258741326e-01,2.13833433032751818e-02,-9.16758272686466202e+06,-1.28848367927595507e+07
2588,420,419,1965,0,silica,1.85185185184815720e-01,1.98616656696721877e-01,-9.91817812047128566e+06,-1.22007291530491430e+07
2589,444,443,1902,0,silica,1.96296296295781647e+00,1.98616656696736643e-01,-1.50769904901734143e+07,-2.28641850139437653e+07
2590,269,270,1936,0,silica,1.96296296295781669e+00,2.13833433032633198e-02,-1.33326745470819846e+07,-2.31583480868436806e+07
2591,245,246,1903,0,silica,1.85185185184815720e-01,2.13833433032722536e-02,-8.98287077337106690e+06,-1.25698845926753990e+07
2592,443,442,1968,0,silica,1.88888888888393680e+00,1.98616656696734561e-01,-1.48905660702698696e+07,-2.22792073350087516e+07
2593,250,251,1901,0,silica,5.55827504006266349e-01,2.04897253023586835e-02,-9.91216042653562501e+06,-1.42729652631146610e+07
2594,434,433,1971,0,silica,1.22222222221921673e+00,1.98616656696742000e-01,-1.29954063536199760e+07,-1.75793200688852109e+07
2595,425,424,1972,0,silica,5.55555555554493874e-01,1.99198914082851036e-01,-1.09794157403173819e+07,-1.39012041346299928e+07
2596,442,441,1973,0,silica,1.81481481481007934e+00,1.98616656696742139e-01,-1.46970696269273181e+07,-2.17084256667908467e+07
2597,266,267,1969,0,silica,1.74074074073622076e+00,2.13833433032576507e-02,-1.28770441889484785e+07,-2.14840027204639427e+07
2598,259,260,1893,0,silica,1.22222222221921673e+00,2.13833433032570019e-02,-1.16157157013317663e+07,-1.79553077439055815e+07
2599,432,431,1895,0,silica,1.07407407407150157e+00,1.98616656696742971e-01,-1.25371329070890415e+07,-1.66719034259386249e+07
2600,263,264,1932,0,silica,1.51851851851464770e+00,2.13833433032570401e-02,-1.23487155239032730e+07,-1.98991058563133813e+07
2601,254,255,1900,0,silica,8.51851851849927955e-01,2.13833433032570401e-02,-1.06528400454790294e+07,-1.57894448201165758e+07
2602,256,257,1919,0,silica,9.99999999997643996e-01,2.13833433032570401e-02,-1.10373302101142108e+07,-1.66220342402091399e+07
2603,428,427,1922,0,silica,7.77777777776070045e-01,1.98616656696742971e-01,-1.16251050890456196e+07,-1.50210549346556272e+07
2604,430,429,1921,0,silica,9.25925925923785642e-01,1.98616656696742971e-01,-1.20742951255415715e+07,-1.58191907347841822e+07
2605,251,252,1974,0,silica,6.29629629628354448e-01,2.13833433032570401e-02,-1.00930455417003240e+07,-1.46285822599365227e+07
2606,426,425,1917,0,silica,6.29629629628354448e-01,1.98616656696742971e-01,-1.11918196610623151e+07,-1.42631422503777687e+07
2607,252,253,1896,0,silica,7.03703703702212469e-01,2.13833433032570019e-02,-1.02798547629321665e+07,-1.50034470516198911e+07
2608,261,262,1897,0,silica,1.37037037036693232e+00,2.13833433032570019e-02,-1.19870640836394876e+07,-1.89035797248720340e+07
2609,267,268,1898,0,silica,1.81481481481007934e+00,2.13833433032570019e-02,-1.30442953810308259e+07,-2.20285369727606364e+07
2610,435,434,1920,0,silica,1.29629629629307508e+00,1.98616656696742971e-01,-1.32183928987469096e+07,-1.80525003134045191e+07
2611,439,438,1970,0,silica,1.59259259258850627e+00,1.98616656696742971e-01,-1.40872965074776262e+07,-2.00651069582204819e+07
2612,441,440,1918,0,silica,1.74074074073622120e+00,1.98616656696742971e-01,-1.45004232144053634e+07,-2.11504595208094008e+07
2613,265,266,1894,0,silica,1.66666666666236352e+00,2.13833433032570019e-02,-1.27019976557427961e+07,-2.09472900672657937e+07
2614,438,437,1899,0,silica,1.51851851851464770e+00,1.98616656696742971e-01,-1.38701666750188619e+07,-1.95437802435456254e+07
2615,257,258,1980,0,silica,1.07407407407150157e+00,2.13833433032569499e-02,-1.12322480602134690e+07,-1.70550855556136481e+07
2616,427,426,1976,0,silica,7.03703703702212469e-01,1.98616656696743138e-01,-1.14113422458286844e+07,-1.46367999114189707e+07
2617,253,254,1979,0,silica,7.77777777776070045e-01,2.13833433032567695e-02,-1.04651846069563851e+07,-1.53903945300962999e+07
2618,431,430,1975,0,silica,9.99999999997643996e-01,1.98616656696743110e-01,-1.23058332506060582e+07,-1.62384620507722087e+07
2619,436,435,1983,0,silica,1.37037037036693232e+00,1.98616656696743193e-01,-1.34401818490472585e+07,-1.85379142443827800e+07
2620,255,256,1977,0,silica,9.25925925923785642e-01,2.13833433032567695e-02,-1.08442653411540985e+07,-1.62000535662042033e+07
2621,429,428,1982,0,silica,8.51851851849927844e-01,1.98616656696743249e-01,-1.18461019225453362e+07,-1.54140450411943812e+07
2622,268,269,1981,0,silica,1.88888888888393680e+00,2.13833433032566134e-02,-1.31940680448691733e+07,-2.25848890636466183e+07
2623,260,261,1978,0,silica,1.29629629629307508e+00,2.13833433032565579e-02,-1.18032477056258582e+07,-1.84231563627718724e+07
2624,258,259,1984,0,silica,1.14814814814535926e+00,2.13833433032561970e-02,-1.14248175039540473e+07,-1.74993394753849395e+07
2625,433,432,1988,0,silica,1.14814814814535926e+00,1.98616656696743860e-01,-1.27668477698261254e+07,-1.71188408651793450e+07
2626,264,265,1986,0,silica,1.59259259258850627e+00,2.13833433032560721e-02,-1.25208320379256438e+07,-2.04175969441965856e+07
2627,437,436,1985,0,silica,1.44444444444079045e+00,1.98616656696744026e-01,-1.36568941422777548e+07,-1.90354156426908858e+07
2628,440,439,1989,0,silica,1.66666666666236307e+00,1.98616656696744248e-01,-1.43014225123300534e+07,-2.06019569803970121e+07
2629,262,263,1987,0,silica,1.44444444444079045e+00,2.13833433032558501e-02,-1.21716523732870668e+07,-1.93954457349134423e+07
2630,1930,1937,1938,0,silica,3.40740740740584824e+00,1.36592717396746000e-01,-1.44969028855237849e+07,-3.67121604625084847e+07
2631,1945,1912,1946,0,silica,3.11111111110876593e+00,8.36682151091776571e-02,-1.43940500296239201e+07,-3.37249340239189342e+07
2632,1963,1904,1964,0,silica,4.44444444443630904e-01,1.36697090399258370e-01,-1.03685606855654400e+07,-1.35317184286386669e+07
2633,793,792,1891,0,silica,2.31366243077456152e-02,1.09999999999844403e-01,-9.04863050375553034e+06,-1.16405681830607411e+07
2634,810,811,1892,0,silica,3.97686337569215986e+00,1.09999999999844736e-01,-1.10404520029231440e+07,-4.11569030517318472e+07
2635,1892,1990,2047,0,silica,3.88977766966761562e+00,1.27905220864363650e-01,-1.15294568993084319e+07,-4.08422010920980126e+07
2636,1991,1892,2047,0,silica,3.88977766966762095e+00,9.20947791355406914e-02,-1.15294568993084319e+07,-4.03344335705409274e+07
2637,1992,1891,2046,0,silica,1.10222330331905274e-01,1.27905220864373587e-01,-9.24389178037991375e+06,-1.19769754890414905e+07
2638,1891,1993,2046,0,silica,1.10222330331899723e-01,9.20947791355234829e-02,-9.24389178037991375e+06,-1.21851225846661367e+07
2639,1916,457,1940,0,silica,2.96269101450844419e+00,1.78126931394174709e-01,-1.55646115241798386e+07,-3.23131317488578595e+07
2640,1930,463,1937,0,silica,3.40740740740584469e+00,1.79365763288807961e-01,-1.44990937940751445e+07,-3.70419476233855784e+07
2641,292,1913,1943,0,silica,3.62962962962865099e+00,4.27666866067505369e-02,-1.26953164523543920e+07,-3.82570235879583210e+07
2642,1937,462,1942,0,silica,3.33335645819992221e+00,1.79598768046772550e-01,-1.47940419721623790e+07,-3.62709917721982077e+07
2643,450,1909,1947,0,silica,2.44444444444033993e+00,1.77233313393248326e-01,-1.54455903838712871e+07,-2.70633957701342851e+07
2644,281,1910,1939,0,silica,2.81481481481168672e+00,4.27666866067536386e-02,-1.47244606598256100e+07,-3.07223924988759868e+07
2645,461,1929,1942,0,silica,3.25955433257743010e+00,1.79344143796248495e-01,-1.50203628396265972e+07,-3.54906708763079420e+07
2646,1914,280,1939,0,silica,2.74074074073741647e+00,4.27666866067537010e-02,-1.47362502176550273e+07,-3.00199104007527046e+07
2647,273,1906,1948,0,silica,2.22222222221753007e+00,4.27666866067514320e-02,-1.43162344712800588e+07,-2.52999476435753033e+07
2648,287,1907,1951,0,silica,3.25896418593717607e+00,4.06698047247843406e-02,-1.40281510573198684e+07,-3.49900331110729352e+07
2649,283,1935,1956,0,silica,2.96296296296022321e+00,4.27666866067486565e-02,-1.46179015348550603e+07,-3.21440409192658700e+07
2650,1935,284,1945,0,silica,3.03703703703449568e+00,4.16184443552958735e-02,-1.44996790384385474e+07,-3.28386003510437384e+07
2651,453,1927,1950,0,silica,2.66666666666314578e+00,1.77233313393247993e-01,-1.56183768603680413e+07,-2.92571072502790540e+07
2652,466,1926,1952,0,silica,3.62962962962865276e+00,1.77233313393253433e-01,-1.34648044037558548e+07,-3.91537977285777554e+07
2653,1934,276,1955,0,silica,2.44444444444033993e+00,4.27666866067490103e-02,-1.45899412511368543e+07,-2.72511550642710365e+07
2654,1933,447,1949,0,silica,2.22222222221753007e+00,1.77233313393250019e-01,-1.51109864230594821e+07,-2.50047299519102648e+07
2655,1909,449,1954,0,silica,2.37037037036606835e+00,1.77233313393249103e-01,-1.53496820995969381e+07,-2.63614445135315023e+07
2656,455,1928,1960,0,silica,2.81481481481168716e+00,1.77233313393250436e-01,-1.56374115500519350e+07,-3.07707717634676136e+07
2657,279,1914,1941,0,silica,2.66666666666314578e+00,4.27666866067509602e-02,-1.47253121155167948e+07,-2.93177688805007450e+07
2658,1928,454,1950,0,silica,2.74074074073741647e+00,1.77233313393247993e-01,-1.56393474853726942e+07,-3.00049064182644933e+07
2659,275,1934,1953,0,silica,2.37037037036606835e+00,4.27666866067507381e-02,-1.45128764141539745e+07,-2.65873260259324238e+07
2660,1911,278,1941,0,silica,2.59259259258887598e+00,4.27666866067508977e-02,-1.46966108070166390e+07,-2.86195810855022036e+07
2661,1906,274,1953,0,silica,2.29629629629179943e+00,4.27666866067506687e-02,-1.44210977756813616e+07,-2.59349200481595322e+07
2662,285,1912,1945,0,silica,3.11111111110876459e+00,4.06342367111909228e-02,-1.43951059515408892e+07,-3.35659910638064295e+07
2663,448,1933,1954,0,silica,2.29629629629179943e+00,1.77233313393249131e-01,-1.52382481066159625e+07,-2.56746736447523385e+07
2664,1927,452,1959,0,silica,2.59259259258887598e+00,1.77233313393250297e-01,-1.55803399567771330e+07,-2.85205638850236759e+07
2665,468,1931,1944,0,silica,3.77777777777719104e+00,1.77233313393251324e-01,-1.25863974945899956e+07,-4.04290601208513677e+07
2666,294,1915,1958,0,silica,3.77777777777719059e+00,4.27666866067476850e-02,-1.19143273569932543e+07,-3.93383318578480333e+07
2667,1912,286,1951,0,silica,3.18516206031468485e+00,4.05792150816102690e-02,-1.42092735738763027e+07,-3.42821681681172475e+07
2668,1908,291,1943,0,silica,3.55582750400615843e+00,4.18730686058196230e-02,-1.30251920546916388e+07,-3.76692440350608975e+07
2669,1926,465,1957,0,silica,3.55555555555437985e+00,1.77808454187019765e-01,-1.38540601596216187e+07,-3.84838795975299701e+07
2670,1940,456,1960,0,silica,2.88888888888595474e+00,1.77233313393246744e-01,-1.56088141452222057e+07,-3.15436521303512454e+07
2671,451,1947,1959,0,silica,2.51851851851460928e+00,1.77233313393250325e-01,-1.55235688635284025e+07,-2.77855799348807409e+07
2672,277,1911,1955,0,silica,2.51851851851460928e+00,4.27666866067490728e-02,-1.46512840960506238e+07,-2.79309458429559506e+07
2673,464,1930,1957,0,silica,3.48148148148011316e+00,1.78792661831124383e-01,-1.42155782165227309e+07,-3.77845162315040305e+07
2674,1913,293,1958,0,silica,3.70370370370292257e+00,4.27666866067476156e-02,-1.23230480502801687e+07,-3.88155291520236060e+07
2675,1910,282,1956,0,silica,2.88888888888595430e+00,4.27666866067485940e-02,-1.46857674393655006e+07,-3.14307145503044687e+07
2676,1931,467,1952,0,silica,3.70370370370292301e+00,1.77233313393253322e-01,-1.30484538756019007e+07,-3.98058177261060849e+07
2677,446,1905,1949,0,silica,2.14814814814326072e+00,1.77233313393256320e-01,-1.49690770981277842e+07,-2.43552336626798324e+07
2678,272,1948,1961,0,silica,2.14814814814326072e+00,4.27666866067426543e-02,-1.41957546568369083e+07,-2.46877240997090973e+07
2679,1925,271,1961,0,silica,2.07407407406900024e+00,4.27666866066832574e-02,-1.40592861672237385e+07,-2.40871525373799130e+07
2680,1905,445,1962,0,silica,2.07407407406900068e+00,1.77233313393330011e-01,-1.48140385569814090e+07,-2.37227207937718928e+07
2681,270,1925,1936,0,silica,1.99999999999482192e+00,4.27666866065796458e-02,-1.39124513079946507e+07,-2.34930823558258414e+07
2682,444,1902,1962,0,silica,1.99999999999482192e+00,1.77233313393436093e-01,-1.46488082699358556e+07,-2.31113961340600774e+07
2683,1904,422,1966,0,silica,3.70370370369673296e-01,1.78792661831246175e-01,-1.01771338054549024e+07,-1.29522520640795212e+07
2684,421,1923,1966,0,silica,2.96296296295715134e-01,1.77808454187191350e-01,-9.96111352128507569e+06,-1.26209993097887132e+07
2685,247,1924,1967,0,silica,2.96024347843942048e-01,4.18730686056530063e-02,-9.54046728257223032e+06,-1.31001217913738526e+07
2686,1923,420,1965,0,silica,2.22222222221776011e-01,1.77233313393445308e-01,-9.74919258483152278e+06,-1.22982929975394327e+07
2687,423,1904,1963,0,silica,4.44444444443627906e-01,1.79365763288900887e-01,-1.03701007494504545e+07,-1.32998998547345344e+07
2688,1903,246,1967,0,silica,2.22222222221776011e-01,4.27666866065474424e-02,-9.34798335636863671e+06,-1.27806824407540783e+07
2689,424,1963,1972,0,silica,5.18518518517550597e-01,1.78963813030973723e-01,-1.05778631435240358e+07,-1.36628781411544122e+07
2690,1902,443,1968,0,silica,1.92592592592087297e+00,1.77233313393471231e-01,-1.44771727496139333e+07,-2.25178800799689367e+07
2691,269,1936,1981,0,silica,1.92592592592087364e+00,4.27666866065199366e-02,-1.37600013780948240e+07,-2.29116308259262554e+07
2692,1968,442,1973,0,silica,1.85185185184700818e+00,1.77233313393476727e-01,-1.42995064239060394e+07,-2.19379588890737630e+07
2693,1920,434,1971,0,silica,1.25925925925614579e+00,1.77233313393485026e-01,-1.26971135138608925e+07,-1.77515395202176645e+07
2694,1901,251,1974,0,silica,5.92864541043196858e-01,4.18730686056157167e-02,-1.03065097173220236e+07,-1.45053386606777851e+07
2695,441,1918,1973,0,silica,1.77777777777315027e+00,1.77233313393485137e-01,-1.41155335637976825e+07,-2.13726756641978920e+07
2696,267,1898,1969,0,silica,1.77777777777315005e+00,4.27666866065146492e-02,-1.34322502807117645e+07,-2.18045511069974303e+07
2697,1917,425,1972,0,silica,5.92592592591424272e-01,1.77815570779593979e-01,-1.07750306392507553e+07,-1.40225089964398947e+07
2698,438,1899,1970,0,silica,1.55555555555157721e+00,1.77233313393485942e-01,-1.35272494126696009e+07,-1.97417636172734909e+07
2699,1932,264,1986,0,silica,1.55555555555157721e+00,4.27666866065131157e-02,-1.28838002346583549e+07,-2.02080371581064388e+07
2700,1893,260,1978,0,silica,1.25925925925614601e+00,4.27666866065135598e-02,-1.21146504925420750e+07,-1.82433678799191266e+07
2701,252,1896,1974,0,silica,6.66666666665283514e-01,4.27666866065140386e-02,-1.05110925848981664e+07,-1.48699418328609169e+07
2702,430,1921,1975,0,silica,9.62962962960714486e-01,1.77233313393486108e-01,-1.18269645773497000e+07,-1.59619870933616348e+07
2703,256,1919,1977,0,silica,9.62962962960714486e-01,4.27666866065138096e-02,-1.13062437592267226e+07,-1.64667769302373677e+07
2704,426,1917,1976,0,silica,6.66666666665283625e-01,1.77233313393486108e-01,-1.09779839266643133e+07,-1.43866003691938296e+07
2705,254,1900,1979,0,silica,8.14814814812998889e-01,4.27666866065138096e-02,-1.09046000147610269e+07,-1.56440911340786926e+07
2706,1894,266,1969,0,silica,1.70370370369929192e+00,4.27666866065146492e-02,-1.32543277145464309e+07,-2.12661779753980637e+07
2707,1897,262,1987,0,silica,1.40740740740386161e+00,4.27666866065128590e-02,-1.25053266884159651e+07,-1.92027987792509645e+07
2708,428,1922,1982,0,silica,8.14814814812998889e-01,1.77233313393486219e-01,-1.13952640900963210e+07,-1.51537536972691715e+07
2709,1919,257,1980,0,silica,1.03703703703457317e+00,4.27666866065139831e-02,-1.15098225754470062e+07,-1.68948278345228843e+07
2710,1895,431,1975,0,silica,1.03703703703457273e+00,1.77233313393486108e-01,-1.20461118369037621e+07,-1.63884122788882237e+07
2711,436,1983,1985,0,silica,1.40740740740386183e+00,1.77233313393487246e-01,-1.31176891463083066e+07,-1.87241054931204394e+07
2712,1921,429,1982,0,silica,8.88888888886856687e-01,1.77233313393486219e-01,-1.16093320611606203e+07,-1.55507441844021883e+07
2713,1922,427,1976,0,silica,7.40740740739141312e-01,1.77233313393486108e-01,-1.11854490557830222e+07,-1.47672194054993242e+07
2714,1898,268,1981,0,silica,1.85185185184700818e+00,4.27666866065136153e-02,-1.36009967571043950e+07,-2.23499486620971672e+07
2715,1980,258,1984,0,silica,1.11111111110843042e+00,4.27666866065131504e-02,-1.17132679623355865e+07,-1.73328025255900659e+07
2716,432,1895,1988,0,silica,1.11111111110843042e+00,1.77233313393486830e-01,-1.22649311621737275e+07,-1.68290591766409203e+07
2717,435,1920,1983,0,silica,1.33333333333000414e+00,1.77233313393486164e-01,-1.29089065783209782e+07,-1.82311823238147348e+07
2718,1900,255,1977,0,silica,8.88888888886856798e-01,4.27666866065138096e-02,-1.11041502984435074e+07,-1.60500089161520563e+07
2719,1896,253,1979,0,silica,7.40740740739141201e-01,4.27666866065137749e-02,-1.07076260312351976e+07,-1.52504209085266106e+07
2720,1918,440,1989,0,silica,1.70370370369929169e+00,1.77233313393487246e-01,-1.39259057293276396e+07,-2.08187616961464770e+07
2721,1971,433,1988,0,silica,1.18518518518228788e+00,1.77233313393485914e-01,-1.24823403733988553e+07,-1.72831012870928161e+07
2722,261,1897,1978,0,silica,1.33333333333000392e+00,4.27666866065135598e-02,-1.23112147307831943e+07,-1.87164312614850700e+07
2723,259,1893,1984,0,silica,1.18518518518228788e+00,4.27666866065131990e-02,-1.19151467064996511e+07,-1.77824311724672392e+07
2724,1899,437,1985,0,silica,1.48148148147771930e+00,1.77233313393487024e-01,-1.33232737499234378e+07,-1.92280314660245962e+07
2725,265,1894,1986,0,silica,1.62962962962543512e+00,4.27666866065130810e-02,-1.30701425476217642e+07,-2.07347415148393512e+07
2726,263,1932,1987,0,silica,1.48148148147771930e+00,4.27666866065128937e-02,-1.26963664086026568e+07,-1.96983895244498625e+07
2727,439,1970,1989,0,silica,1.62962962962543489e+00,1.77233313393487246e-01,-1.37294337526783552e+07,-2.02717191160374619e+07
2728,470,469,1990,0,silica,3.88819508247055756e+00,2.01238554197735203e-01,-1.22474671589148324e+07,-4.10826480158893168e+07
2729,295,296,1991,0,silica,3.88819508247056334e+00,1.87614458022455736e-02,-1.09113708636285774e+07,-4.01150111936049834e+07
2730,419,418,1992,0,silica,1.11804917528941991e-01,2.01238554197747582e-01,-9.70101636215835437e+06,-1.18879352334328648e+07
2731,244,245,1993,0,silica,1.11804917528936454e-01,1.87614458022308042e-02,-8.80158576032220758e+06,-1.22842645192041192e+07
2732,469,1944,1990,0,silica,3.85115804543342355e+00,1.79855210894362433e-01,-1.20771395359499920e+07,-4.09768653495106846e+07
2733,1915,295,1991,0,silica,3.85115804543342888e+00,4.01447891056214909e-02,-1.14379400242886338e+07,-3.97879832642663941e+07
2734,1965,419,1992,0,silica,1.48841954565902462e-01,1.79855210894469514e-01,-9.54462881314567477e+06,-1.19850603599097338e+07
2735,245,1903,1993,0,silica,1.48841954565896939e-01,4.01447891055030578e-02,-9.12725632595855556e+06,-1.24865235550221335e+07
2736,459,458,1996,0,silica,3.06908141277632263e+00,2.02494347075952069e-01,-1.60805265844869800e+07,-3.33175003139262758e+07
2737,288,289,1995,0,silica,3.36537770907340095e+00,1.75578394252320635e-02,-1.31279979004056919e+07,-3.59502272516632453e+07
2738,460,459,1997,0,silica,3.15314080944120612e+00,2.02494347075952791e-01,-1.59481677750297543e+07,-3.44335878809392527e+07
2739,289,290,1998,0,silica,3.44943710573828577e+00,1.75578394252326429e-02,-1.29139534447637554e+07,-3.69087000110251233e+07
2740,248,249,1994,0,silica,4.02414746111367905e-01,1.75787140257017381e-02,-9.54253109786842205e+06,-1.34944426330190264e+07
2741,249,250,1999,0,silica,4.86474142775879692e-01,1.75787140256968809e-02,-9.71759834693406895e+06,-1.39886537456385028e+07
2742,1938,1937,2044,0,silica,3.36992466587221928e+00,1.19641313565535243e-01,-1.41101622024896033e+07,-3.65003143351160139e+07
2743,1945,1946,2045,0,silica,3.07362640317476910e+00,1.00749749162255764e-01,-1.50319200493896082e+07,-3.33795249760923944e+07
2744,1946,1912,2043,0,silica,3.14859385264239089e+00,1.00825413933410657e-01,-1.48678524782699756e+07,-3.39833591878906339e+07
2745,1930,1938,2042,0,silica,3.44489211533984374e+00,1.19408732511277496e-01,-1.37944241014626492e+07,-3.70997805740934834e+07
2746,1964,1904,2041,0,silica,4.06959736509798109e-01,1.19523755820115721e-01,-9.99203373154123314e+06,-1.33229812256251425e+07
2747,1963,1964,2040,0,silica,4.81929152377455372e-01,1.19702344100901789e-01,-1.02221097018843256e+07,-1.36123135674195662e+07
2748,53,470,2049,0,silica,3.95738948476781038e+00,2.02148001823142964e-01,-1.15741460949668884e+07,-4.14774095447731018e+07
2749,296,38,2051,0,silica,3.95738948476784325e+00,1.78519981767897018e-02,-1.05049695269749258e+07,-4.04184078989318833e+07
2750,418,52,2048,0,silica,4.26105152320667355e-02,2.02148001823125201e-01,-9.46070270226802677e+06,-1.16348800543969907e+07
2751,37,244,2050,0,silica,4.26105152320334149e-02,1.78519981768073752e-02,-8.61118234086788073e+06,-1.20491533534714505e+07
2752,811,53,2049,0,silica,3.98208084279256669e+00,1.77703557378635107e-01,-1.12922261901430879e+07,-4.17603900293325186e+07
2753,52,793,2048,0,silica,1.79191572074219700e-02,1.77703557378617344e-01,-9.25577216671022400e+06,-1.14291785723074134e+07
2754,38,810,2051,0,silica,3.98208084279259955e+00,4.22964426211724989e-02,-1.07421597091254033e+07,-4.06564903880681992e+07
2755,792,37,2050,0,silica,1.79191572073886564e-02,4.22964426211901723e-02,-8.81629830263511650e+06,-1.18432657475997731e+07
2756,1995,1938,2044,0,silica,3.36493200457691133e+00,8.41009207093548206e-02,-1.40006220112733729e+07,-3.59925198889156729e+07
2757,1946,1996,2045,0,silica,3.06863374187946159e+00,1.36342328519621220e-01,-1.50642588839759715e+07,-3.32331317276761420e+07
2758,1997,1946,2043,0,silica,3.15358651393769795e+00,1.36253958683425824e-01,-1.49649072439305484e+07,-3.44157963966009468e+07
2759,1938,1998,2042,0,silica,3.44988477663514992e+00,8.40323742624479730e-02,-1.38050128895222563e+07,-3.70500618889450207e+07
2760,1994,1964,2041,0,silica,4.01967075214512581e-01,8.41682721717059018e-02,-1.00093108537168112e+07,-1.34055497586910054e+07
2761,1964,1999,2040,0,silica,4.86921813672737791e-01,8.41828258451426392e-02,-1.01537661837236304e+07,-1.39380306814673413e+07
2762,1907,288,1995,0,silica,3.32806872358448791e+00,3.80475647276770981e-02,-1.38051365533294473e+07,-3.56666495066279992e+07
2763,458,1916,1996,0,silica,3.03177242728740914e+00,1.82004621773506375e-01,-1.55281429048693068e+07,-3.30854788634554446e+07
2764,1929,460,1997,0,silica,3.19044979493011871e+00,1.82004621773507874e-01,-1.52321463047062103e+07,-3.47343432186520323e+07
2765,290,1908,1998,0,silica,3.48674609122719836e+00,3.80475647276775700e-02,-1.32685178414016142e+07,-3.70571874317829832e+07
2766,1924,248,1994,0,silica,3.65105760622614739e-01,3.80684393280795660e-02,-9.69943231076442637e+06,-1.34288122691281401e+07
2767,250,1901,1999,0,silica,5.23783128264605491e-01,3.80684393280555644e-02,-1.01083979248437881e+07,-1.41521216885147654e+07
2768,1991,296,2051,0,silica,3.91965864131267594e+00,3.66134439790352720e-02,-1.10502687059611119e+07,-4.02115472713934332e+07
2769,470,1990,2049,0,silica,3.91965864131263730e+00,1.83386556020878194e-01,-1.16422854245813359e+07,-4.15032583724030107e+07
2770,244,1993,2050,0,silica,8.03413586870382890e-02,3.66134439790381794e-02,-8.95319230669303797e+06,-1.21788957020386774e+07
2771,1992,418,2048,0,silica,8.03413586870771329e-02,1.83386556020872810e-01,-9.38062433826776408e+06,-1.16652579850213043e+07
2772,2028,1929,2043,0,silica,3.22293987516843794e+00,1.26902574573709293e-01,-1.46209849136227779e+07,-3.49706080484003723e+07
2773,1916,2036,2045,0,silica,2.99928038064871982e+00,1.26990944409901690e-01,-1.50509704675090592e+07,-3.26482712265321314e+07
2774,1908,2034,2042,0,silica,3.51923813786588369e+00,9.30706393650557601e-02,-1.35832832527458556e+07,-3.75683807627090216e+07
2775,2028,1907,2044,0,silica,3.29557864334616823e+00,9.31391858119643284e-02,-1.44070214533335678e+07,-3.54829230566742569e+07
2776,2021,1924,2041,0,silica,3.32613713984058479e-01,9.30812896713583832e-02,-9.84203576773521304e+06,-1.31321183242891487e+07
2777,1901,2011,2040,0,silica,5.56275174903121505e-01,9.30958433447803407e-02,-1.04435203877946269e+07,-1.41845792691547088e+07
2778,2022,1961,2023,0,silica,2.11111111110612315e+00,9.47166766367016910e-02,-1.45087197313264254e+07,-2.42939723234363347e+07
2779,1905,2022,2023,0,silica,2.11111111110612315e+00,1.25283323363298643e-01,-1.45087197313277423e+07,-2.41451616783549190e+07
2780,1905,1962,2022,0,silica,2.07407407406899802e+00,1.40566646726664635e-01,-1.48140385569803528e+07,-2.38985289186876863e+07
2781,2024,1909,2027,0,silica,2.40740740740320591e+00,1.25283323363290705e-01,-1.49734571425919142e+07,-2.67781068307778798e+07
2782,1934,2024,2027,0,silica,2.40740740740320591e+00,9.47166766367089213e-02,-1.49734571425919142e+07,-2.68664595573655665e+07
2783,1925,1961,2022,0,silica,2.07407407406899758e+00,7.94333532733512010e-02,-1.40592861672225222e+07,-2.39309254658968709e+07
2784,1952,2025,2035,0,silica,3.66666666666578855e+00,1.25283323363296145e-01,-1.28802990659193415e+07,-3.91946531356926411e+07
2785,1949,2023,2026,0,silica,2.18518518518039384e+00,1.25283323363292870e-01,-1.46470350992292576e+07,-2.47771741797469705e+07
2786,2023,1948,2026,0,silica,2.18518518518039384e+00,9.47166766367094765e-02,-1.46470350992305744e+07,-2.49113203709637150e+07
2787,1952,1926,2025,0,silica,3.62962962962865232e+00,1.40566646726587169e-01,-1.34648044037559889e+07,-3.87224969749925360e+07
2788,2026,1906,2030,0,silica,2.25925925925466586e+00,9.47166766367093099e-02,-1.47706570637778845e+07,-2.55456139471931644e+07
2789,1933,2026,2030,0,silica,2.25925925925466586e+00,1.25283323363291205e-01,-1.47706570637791995e+07,-2.54268621378892101e+07
2790,1943,1913,2025,0,silica,3.62962962962865099e+00,7.94333532734175646e-02,-1.26953164523551762e+07,-3.86418128644461185e+07
2791,1934,1955,2024,0,silica,2.44444444444034170e+00,7.94333532734155384e-02,-1.45899412511363924e+07,-2.71762589366945997e+07
2792,1956,1935,2036,0,silica,2.96296296296022321e+00,7.94333532734136649e-02,-1.46179015348560009e+07,-3.22345783100787699e+07
2793,2029,1928,2038,0,silica,2.77777777777455093e+00,1.25283323363292454e-01,-1.51827226508520115e+07,-3.03865131868246645e+07
2794,1951,1907,2028,0,silica,3.25896418593717696e+00,7.73364713914522356e-02,-1.40255141423823815e+07,-3.51981834155006781e+07
2795,1939,2029,2038,0,silica,2.77777777777455093e+00,9.47166766367127932e-02,-1.51827226508520115e+07,-3.03792260079583153e+07
2796,1916,1940,2036,0,silica,2.96269101450844419e+00,1.41460264727506391e-01,-1.55664256168034058e+07,-3.22635590335082784e+07
2797,2025,1913,2035,0,silica,3.66666666666578811e+00,9.47166766367094209e-02,-1.28802990659193415e+07,-3.87912395248412117e+07
2798,1944,1931,2032,0,silica,3.77777777777719104e+00,1.40566646726582728e-01,-1.25863974945891034e+07,-3.98982317220780328e+07
2799,2025,1926,2034,0,silica,3.59259259259151209e+00,1.25283323363291454e-01,-1.32554330197883602e+07,-3.85533693684234470e+07
2800,1947,1909,2024,0,silica,2.44444444444034170e+00,1.40566646726581562e-01,-1.54455903838718645e+07,-2.71594902059367932e+07
2801,1943,2025,2034,0,silica,3.59259259259151209e+00,9.47166766367085883e-02,-1.32554330197870433e+07,-3.81893576499154121e+07
2802,1948,1906,2026,0,silica,2.22222222221752963e+00,7.94333532734183695e-02,-1.43162344712787420e+07,-2.51785370144061446e+07
2803,1941,2031,2033,0,silica,2.62962962962600955e+00,9.47166766367091295e-02,-1.51539792211399265e+07,-2.89490177246256322e+07
2804,2031,1927,2033,0,silica,2.62962962962600955e+00,1.25283323363291482e-01,-1.51539792211412415e+07,-2.89148866879844554e+07
2805,1933,1949,2026,0,silica,2.22222222221752963e+00,1.40566646726583644e-01,-1.51109864230580162e+07,-2.51519483034920283e+07
2806,1960,1928,2029,0,silica,2.81481481481168805e+00,1.40566646726584615e-01,-1.56374115500525665e+07,-3.07538052388589270e+07
2807,1960,2029,2039,0,silica,2.85185185184882428e+00,1.25283323363291871e-01,-1.51622611329785138e+07,-3.11376258511928543e+07
2808,1950,1927,2031,0,silica,2.66666666666314489e+00,1.40566646726581507e-01,-1.56183768603670131e+07,-2.92900213397689797e+07
2809,1942,1929,2028,0,silica,3.25955433257743010e+00,1.42677477129583063e-01,-1.50232729464803580e+07,-3.52708574717711434e+07
2810,1949,1905,2023,0,silica,2.14814814814325938e+00,1.40566646726589833e-01,-1.49690770981287472e+07,-2.45170326481972486e+07
2811,1939,1910,2029,0,silica,2.81481481481168716e+00,7.94333532734211450e-02,-1.47244606598261502e+07,-3.07494043592435606e+07
2812,1911,1941,2033,0,silica,2.59259259258887553e+00,7.94333532734181197e-02,-1.46966108070186004e+07,-2.85795611936766207e+07
2813,1961,1948,2023,0,silica,2.14814814814325938e+00,7.94333532734094877e-02,-1.41957546568379011e+07,-2.45467816280537210e+07
2814,1914,1939,2038,0,silica,2.74074074073741514e+00,7.94333532734212006e-02,-1.47362502176540233e+07,-3.00185711152266860e+07
2815,1953,1934,2027,0,silica,2.37037037036606835e+00,7.94333532734173425e-02,-1.45128764141549319e+07,-2.64944081587660201e+07
2816,1909,1954,2027,0,silica,2.37037037036606835e+00,1.40566646726582395e-01,-1.53496820995992254e+07,-2.64741969778483175e+07
2817,1958,1915,2032,0,silica,3.77777777777719059e+00,7.94333532734124298e-02,-1.19143273569930568e+07,-3.98024985111401305e+07
2818,1926,1957,2034,0,silica,3.55555555555437763e+00,1.41141787520353307e-01,-1.38445931849637162e+07,-3.80774530959470496e+07
2819,1927,1959,2033,0,silica,2.59259259258887553e+00,1.40566646726584227e-01,-1.55803399567781892e+07,-2.85704777750450671e+07
2820,1950,2031,2038,0,silica,2.70370370370027935e+00,1.25283323363291565e-01,-1.51784739918488488e+07,-2.96453694196496755e+07
2821,1931,1952,2035,0,silica,3.70370370370292390e+00,1.40566646726586558e-01,-1.30484538756020535e+07,-3.93304865048735589e+07
2822,1941,1914,2031,0,silica,2.66666666666314489e+00,7.94333532734177866e-02,-1.47253121155165192e+07,-2.92952896946258917e+07
2823,2031,1914,2038,0,silica,2.70370370370027935e+00,9.47166766367102397e-02,-1.51784739918488488e+07,-2.96613482365345843e+07
2824,1928,1950,2038,0,silica,2.74074074073741514e+00,1.40566646726582173e-01,-1.56393474853719100e+07,-3.00176573102559447e+07
2825,1906,1953,2030,0,silica,2.29629629629179988e+00,7.94333532734173287e-02,-1.44210977756810766e+07,-2.58279836035869010e+07
2826,2029,1910,2039,0,silica,2.85185185184882384e+00,9.47166766367080332e-02,-1.51622611329798307e+07,-3.11030541502311192e+07
2827,1954,1933,2030,0,silica,2.29629629629179988e+00,1.40566646726582478e-01,-1.52382481066154838e+07,-2.58045763814932816e+07
2828,1956,2036,2039,0,silica,2.92592592592309009e+00,9.47166766367024543e-02,-1.51139723502492700e+07,-3.18338584595162161e+07
2829,1908,1943,2034,0,silica,3.55582750400615533e+00,7.85397352724864772e-02,-1.30133158560738228e+07,-3.79937784087046608e+07
2830,1955,1911,2037,0,silica,2.51851851851460973e+00,7.94333532734157050e-02,-1.46512840960516986e+07,-2.78722636972442977e+07
2831,1958,2032,2035,0,silica,3.74074074074005658e+00,9.47166766367030649e-02,-1.24660058185264766e+07,-3.93568594938761890e+07
2832,2032,1931,2035,0,silica,3.74074074074005658e+00,1.25283323363288734e-01,-1.24660058185264766e+07,-3.98009808196994588e+07
2833,1913,1958,2035,0,silica,3.70370370370292301e+00,7.94333532734141784e-02,-1.23230480502799023e+07,-3.92413799821808562e+07
2834,2036,1940,2039,0,silica,2.92592592592309009e+00,1.25283323363283461e-01,-1.51139723502492700e+07,-3.18980728977914415e+07
2835,2024,1955,2037,0,silica,2.48148148147747749e+00,9.47166766367063956e-02,-1.50514219392148014e+07,-2.75490373115309104e+07
2836,2033,1959,2037,0,silica,2.55555555555174196e+00,1.25283323363293397e-01,-1.51117466337904353e+07,-2.81919539019678198e+07
2837,1959,1947,2037,0,silica,2.51851851851460973e+00,1.40566646726583616e-01,-1.55235688635286521e+07,-2.78592890137330033e+07
2838,1911,2033,2037,0,silica,2.55555555555174196e+00,9.47166766367096985e-02,-1.51117466337904353e+07,-2.82442196228661314e+07
2839,1910,1956,2039,0,silica,2.88888888888595607e+00,7.94333532734132902e-02,-1.46857674393637013e+07,-3.14879598446884304e+07
2840,1940,1960,2039,0,silica,2.88888888888595652e+00,1.40566646726578121e-01,-1.56088141452226527e+07,-3.14983458346750811e+07
2841,1947,2024,2037,0,silica,2.48148148147747749e+00,1.25283323363290622e-01,-1.50514219392148014e+07,-2.74778945855917148e+07
2842,1953,2027,2030,0,silica,2.33333333332893522e+00,9.47166766367082275e-02,-1.48794869648652058e+07,-2.61982647039663754e+07
2843,2027,1954,2030,0,silica,2.33333333332893522e+00,1.25283323363291482e-01,-1.48794869648652058e+07,-2.60943791811135858e+07
2844,1962,2019,2022,0,silica,2.03703703703189953e+00,1.25283323363368837e-01,-1.43580947227451690e+07,-2.35302231456988044e+07
2845,2019,1925,2022,0,silica,2.03703703703189909e+00,9.47166766366523555e-02,-1.43580947227451690e+07,-2.36895516216797158e+07
2846,1962,1902,2019,0,silica,1.99999999999484346e+00,1.40566646726770883e-01,-1.46488082699372470e+07,-2.32953883487889841e+07
2847,1936,1925,2019,0,silica,1.99999999999484346e+00,7.94333532732477421e-02,-1.39124513079946637e+07,-2.33295663997674175e+07
2848,1967,1924,2021,0,silica,2.96024347843939883e-01,7.85397352723201658e-02,-9.53320318523689173e+06,-1.29016197828509901e+07
2849,1966,1923,2021,0,silica,2.96296296295712913e-01,1.41141787520525169e-01,-9.95572746173112281e+06,-1.28522281258661263e+07
2850,1923,2020,2021,0,silica,2.59259259258739883e-01,1.25283323363387628e-01,-9.64861548037891276e+06,-1.26041468772751521e+07
2851,2020,1967,2021,0,silica,2.59259259258739883e-01,9.47166766366060592e-02,-9.64861548037891276e+06,-1.28083911626055334e+07
2852,1923,1965,2020,0,silica,2.22222222221776705e-01,1.40566646726775685e-01,-9.74919258483211137e+06,-1.25229019400310498e+07
2853,1903,1967,2020,0,silica,2.22222222221776705e-01,7.94333532732111741e-02,-9.34798335636926629e+06,-1.25655442623880561e+07
2854,1902,2018,2019,0,silica,1.96296296295784134e+00,1.25283323363401894e-01,-1.41991867629270162e+07,-2.29321896733029261e+07
2855,2018,1936,2019,0,silica,1.96296296295784134e+00,9.47166766365952623e-02,-1.41991867629243843e+07,-2.30979450564339906e+07
2856,1902,1968,2018,0,silica,1.92592592592087608e+00,1.40566646726801747e-01,-1.44771727496148236e+07,-2.27076360418718718e+07
2857,1981,1936,2018,0,silica,1.92592592592087630e+00,7.94333532731837516e-02,-1.37600013780943174e+07,-2.27431765509787537e+07
2858,1973,2016,2017,0,silica,1.81481481481008089e+00,1.25283323363403670e-01,-1.38615632951193228e+07,-2.17813185718195699e+07
2859,2002,1899,2003,0,silica,1.51851851851464770e+00,1.25283323363409166e-01,-1.31075315058985502e+07,-1.96245985697133914e+07
2860,1918,2005,2016,0,silica,1.74074074073622076e+00,1.25283323363409166e-01,-1.36815438276111018e+07,-2.12255930145292543e+07
2861,1932,2002,2003,0,silica,1.51851851851464770e+00,9.47166766365899054e-02,-1.31075315058985502e+07,-1.98248416628097147e+07
2862,2005,1969,2016,0,silica,1.74074074073622054e+00,9.47166766365904883e-02,-1.36815438276111018e+07,-2.14135070358714573e+07
2863,2000,1983,2013,0,silica,1.37037037036693299e+00,1.25283323363409888e-01,-1.27105897991122045e+07,-1.86206371410817020e+07
2864,1897,2000,2013,0,silica,1.37037037036693277e+00,9.47166766365903773e-02,-1.27105897991122045e+07,-1.88266695519021600e+07
2865,1970,1899,2002,0,silica,1.55555555555157743e+00,1.40566646726818872e-01,-1.35272494126694519e+07,-1.99636414878987670e+07
2866,1932,1986,2002,0,silica,1.55555555555157743e+00,7.94333532731793801e-02,-1.28838002346584089e+07,-2.00055690081730820e+07
2867,1893,2008,2014,0,silica,1.22222222221921650e+00,9.47166766365897250e-02,-1.23021334313753117e+07,-1.78762612447620369e+07
2868,2001,1895,2009,0,silica,1.07407407407150202e+00,1.25283323363409610e-01,-1.18834777000596412e+07,-1.67586030417828634e+07
2869,1897,1987,2000,0,silica,1.40740740740386183e+00,7.94333532731795189e-02,-1.25053266884155814e+07,-1.89924785462860093e+07
2870,1980,2001,2009,0,silica,1.07407407407150202e+00,9.47166766365902385e-02,-1.18834777000596412e+07,-1.69744773329791240e+07
2871,1985,1983,2000,0,silica,1.40740740740386205e+00,1.40566646726820593e-01,-1.31176891463095043e+07,-1.89494869433858283e+07
2872,1893,1978,2008,0,silica,1.25925925925614601e+00,7.94333532731800601e-02,-1.21146504925424922e+07,-1.80277076368893795e+07
2873,1917,1972,2011,0,silica,5.92592592591424272e-01,1.41148904112927326e-01,-1.07800115152179990e+07,-1.42337293171051014e+07
2874,1920,1971,2008,0,silica,1.25925925925614601e+00,1.40566646726818206e-01,-1.26971135138598792e+07,-1.79834765340639465e+07
2875,2008,1971,2014,0,silica,1.22222222221921650e+00,1.25283323363408111e-01,-1.23021334313753117e+07,-1.76644165234448723e+07
2876,1901,1974,2011,0,silica,5.92864541043196858e-01,7.85397352722823766e-02,-1.03147301867474001e+07,-1.42807023959731273e+07
2877,1982,2007,2012,0,silica,8.51851851849927955e-01,1.25283323363409860e-01,-1.12535447769507971e+07,-1.54988620966978148e+07
2878,2016,1898,2017,0,silica,1.81481481481008089e+00,9.47166766365851870e-02,-1.38615632951193228e+07,-2.19616769974906817e+07
2879,1973,1918,2016,0,silica,1.77777777777315027e+00,1.40566646726817762e-01,-1.41155335637986567e+07,-2.15761645394660570e+07
2880,1969,1898,2016,0,silica,1.77777777777315005e+00,7.94333532731805875e-02,-1.34322502807117514e+07,-2.16148832703904137e+07
2881,1988,1895,2001,0,silica,1.11111111110843086e+00,1.40566646726820149e-01,-1.22649311621754505e+07,-1.70667364162731171e+07
2882,1980,1984,2001,0,silica,1.11111111110843086e+00,7.94333532731797826e-02,-1.17132679623367433e+07,-1.71119706475349218e+07
2883,2007,1900,2012,0,silica,8.51851851849927955e-01,9.47166766365902940e-02,-1.12535447769507971e+07,-1.57103798978863042e+07
2884,1975,1921,2004,0,silica,9.62962962960714486e-01,1.40566646726819372e-01,-1.18269645773508698e+07,-1.62003784324896224e+07
2885,1974,2006,2011,0,silica,6.29629629628354670e-01,9.47166766365904328e-02,-1.06447880904527083e+07,-1.45473190759782307e+07
2886,1918,1989,2005,0,silica,1.70370370369929147e+00,1.40566646726820815e-01,-1.39259057293304000e+07,-2.10282005018064864e+07
2887,1974,1896,2006,0,silica,6.66666666665283625e-01,7.94333532731807818e-02,-1.05110925848990008e+07,-1.46553166467768848e+07
2888,1977,1919,2004,0,silica,9.62962962960714486e-01,7.94333532731804071e-02,-1.13062437592271324e+07,-1.62456545006131548e+07
2889,2006,1917,2011,0,silica,6.29629629628354670e-01,1.25283323363409693e-01,-1.06447880904540252e+07,-1.43429611220872588e+07
2890,1979,1900,2007,0,silica,8.14814814812998889e-01,7.94333532731804487e-02,-1.09046000147618372e+07,-1.54285066479012668e+07
2891,1982,1922,2007,0,silica,8.14814814812998889e-01,1.40566646726819511e-01,-1.13952640900959559e+07,-1.53843829936691653e+07
2892,1975,2004,2009,0,silica,9.99999999997643663e-01,1.25283323363409721e-01,-1.16723284234099388e+07,-1.63252915992691033e+07
2893,1894,1969,2005,0,silica,1.70370370369929169e+00,7.94333532731815589e-02,-1.32543277145457063e+07,-2.10684071596618630e+07
2894,1976,1917,2006,0,silica,6.66666666665283625e-01,1.40566646726819511e-01,-1.09779839266649615e+07,-1.46121125850450322e+07
2895,2004,1919,2009,0,silica,9.99999999997643663e-01,9.47166766365902940e-02,-1.16723284234099388e+07,-1.65413731507953051e+07
2896,1979,2007,2010,0,silica,7.77777777776070045e-01,9.47166766365900442e-02,-1.10483955752632134e+07,-1.53123503780150115e+07
2897,1895,1975,2009,0,silica,1.03703703703457295e+00,1.40566646726819428e-01,-1.20461118369024657e+07,-1.66272292036360353e+07
2898,1921,1982,2012,0,silica,8.88888888886856798e-01,1.40566646726819511e-01,-1.16093320611607619e+07,-1.57862626510836966e+07
2899,1922,1976,2010,0,silica,7.40740740739141312e-01,1.40566646726819400e-01,-1.11854490557822380e+07,-1.49934768092262261e+07
2900,1919,1980,2009,0,silica,1.03703703703457295e+00,7.94333532731806430e-02,-1.15098225754467864e+07,-1.66726433587781508e+07
2901,2007,1922,2010,0,silica,7.77777777776070045e-01,1.25283323363409554e-01,-1.10483955752632134e+07,-1.51041869105423912e+07
2902,1896,1979,2010,0,silica,7.40740740739141201e-01,7.94333532731804071e-02,-1.07076260312346499e+07,-1.50370809678400028e+07
2903,2006,1896,2010,0,silica,7.03703703702212580e-01,9.47166766365903773e-02,-1.08456617245492730e+07,-1.49255774472140968e+07
2904,1976,2006,2010,0,silica,7.03703703702212580e-01,1.25283323363409860e-01,-1.08456617245479580e+07,-1.47190008183616158e+07
2905,2004,1921,2012,0,silica,9.25925925923785531e-01,1.25283323363409527e-01,-1.14618211706715189e+07,-1.59054201184415240e+07
2906,1900,1977,2012,0,silica,8.88888888886856798e-01,7.94333532731804487e-02,-1.11041502984442115e+07,-1.58310589042782765e+07
2907,1978,1897,2013,0,silica,1.33333333333000392e+00,7.94333532731802544e-02,-1.23112147307824139e+07,-1.85040593262432292e+07
2908,1983,1920,2013,0,silica,1.33333333333000414e+00,1.40566646726819566e-01,-1.29089065783199407e+07,-1.84604393070972636e+07
2909,1968,1973,2017,0,silica,1.85185185184700951e+00,1.40566646726805661e-01,-1.42995064239076432e+07,-2.21350835982510559e+07
2910,1977,2004,2012,0,silica,9.25925925923785531e-01,9.47166766365900026e-02,-1.14618211706728358e+07,-1.61199809976996221e+07
2911,2008,1978,2013,0,silica,1.29629629629307530e+00,9.47166766365897389e-02,-1.25077822062380780e+07,-1.83452745581320934e+07
2912,1971,1988,2014,0,silica,1.18518518518228766e+00,1.40566646726818817e-01,-1.24823403733978942e+07,-1.75188475912754051e+07
2913,1899,1985,2003,0,silica,1.48148148147771885e+00,1.40566646726820316e-01,-1.33232737499237098e+07,-1.94503246614275537e+07
2914,1984,1893,2014,0,silica,1.18518518518228766e+00,7.94333532731794217e-02,-1.19151467065003160e+07,-1.75636581692557521e+07
2915,1920,2008,2013,0,silica,1.29629629629307530e+00,1.25283323363409527e-01,-1.25077822062393948e+07,-1.81364160155683123e+07
2916,1989,1970,2015,0,silica,1.62962962962543489e+00,1.40566646726820482e-01,-1.37294337526771128e+07,-2.04901115826834850e+07
2917,1986,1894,2015,0,silica,1.62962962962543512e+00,7.94333532731796438e-02,-1.30701425476233829e+07,-2.05314364333925024e+07
2918,2002,1986,2015,0,silica,1.59259259258850694e+00,9.47166766365888924e-02,-1.33024699683317170e+07,-2.03437652251340374e+07
2919,1970,2002,2015,0,silica,1.59259259258850694e+00,1.25283323363409166e-01,-1.33024699683330338e+07,-2.01452155344839282e+07
2920,1987,1932,2003,0,silica,1.48148148147771885e+00,7.94333532731795050e-02,-1.26963664086009283e+07,-1.94927075980119295e+07
2921,1988,2001,2014,0,silica,1.14814814814535926e+00,1.25283323363410110e-01,-1.20937904357930943e+07,-1.72049817719202787e+07
2922,2005,1989,2015,0,silica,1.66666666666236285e+00,1.25283323363411053e-01,-1.34946063695578761e+07,-2.06798022295648940e+07
2923,2001,1984,2014,0,silica,1.14814814814535926e+00,9.47166766365890589e-02,-1.20937904357944094e+07,-1.74193519809397310e+07
2924,1985,2000,2003,0,silica,1.44444444444079068e+00,1.25283323363410665e-01,-1.29104756238191985e+07,-1.91168714562194534e+07
2925,2000,1987,2003,0,silica,1.44444444444079068e+00,9.47166766365891144e-02,-1.29104756238191985e+07,-1.93197528301403597e+07
2926,1894,2005,2015,0,silica,1.66666666666236307e+00,9.47166766365904467e-02,-1.34946063695591912e+07,-2.08743130429730676e+07
2927,1898,1981,2017,0,silica,1.85185185184700951e+00,7.94333532731758829e-02,-1.36009967571054604e+07,-2.21721594143832773e+07
2928,1968,2017,2018,0,silica,1.88888888888394124e+00,1.25283323363394011e-01,-1.40339441691569705e+07,-2.23496014931484014e+07
2929,2017,1981,2018,0,silica,1.88888888888394124e+00,9.47166766365827167e-02,-1.40339441691556536e+07,-2.25218889628139585e+07
2930,1951,2028,2043,0,silica,3.22264480184831115e+00,9.42390459651601814e-02,-1.46145696362367421e+07,-3.47562537565376982e+07
2931,2034,1957,2042,0,silica,3.51896618941410511e+00,1.25106044886339723e-01,-1.35740211416614708e+07,-3.78668150692591891e+07
2932,2036,1935,2045,0,silica,2.99955232910049885e+00,9.55306796823899712e-02,-1.50530581745935231e+07,-3.25860924452318847e+07
2933,1942,2028,2044,0,silica,3.29587371666629458e+00,1.25816662941546031e-01,-1.44139235401016232e+07,-3.57276258706578836e+07
2934,1966,2021,2041,0,silica,3.32885662435831564e-01,1.25116695192781874e-01,-9.83631639627633989e+06,-1.29451886212830152e+07
2935,2011,1972,2040,0,silica,5.56003226451349031e-01,1.25138365458606043e-01,-1.04497546734222788e+07,-1.39767425086941998e+07
2936,1935,1945,2045,0,silica,3.03658936613763375e+00,7.90991140676449295e-02,-1.45067155317242313e+07,-3.29899103857745342e+07
2937,1937,1942,2044,0,silica,3.33291075370342904e+00,1.42248228556290629e-01,-1.47932557796225585e+07,-3.59897979408742860e+07
2938,1912,1951,2043,0,silica,3.18560776481117580e+00,7.79715149577632355e-02,-1.42110106991000753e+07,-3.44777883003719300e+07
2939,1957,1930,2042,0,silica,3.48192915237697420e+00,1.41373575893735032e-01,-1.42094017916516177e+07,-3.74117059738957733e+07
2940,1904,1966,2041,0,silica,3.69922699472814920e-01,1.41384226200226254e-01,-1.01732499641204271e+07,-1.31866815144993775e+07
2941,1972,1963,2040,0,silica,5.18966189414405643e-01,1.41569931073395383e-01,-1.05828696929062027e+07,-1.38812912310281172e+07
2942,1944,2032,2047,0,silica,3.81484266829446694e+00,1.25283323363283933e-01,-1.20196739279514868e+07,-4.03560239886003062e+07
2943,2032,1915,2047,0,silica,3.81484266829446694e+00,9.47166766366992902e-02,-1.20196739279514868e+07,-3.98875961642616987e+07
2944,1903,2020,2046,0,silica,1.85157331704678851e-01,9.47166766365925145e-02,-9.44982334148351662e+06,-1.24832791858086474e+07
2945,2020,1965,2046,0,silica,1.85157331704678851e-01,1.25283323363375471e-01,-9.44982334148351662e+06,-1.22810751791442763e+07
2946,1892,811,2049,0,silica,3.95894421848472655e+00,1.41036890711938229e-01,-1.10579898221685216e+07,-4.11237040206828639e+07
2947,810,1892,2051,0,silica,3.95894421848475986e+00,7.89631092878089608e-02,-1.07560941670511328e+07,-4.06186146539297104e+07
2948,793,1891,2048,0,silica,4.10557815151675817e-02,1.41036890711920188e-01,-9.12489147275167331e+06,-1.17849299330698010e+07
2949,1891,792,2050,0,silica,4.10557815151342750e-02,7.89631092878263080e-02,-8.86771876173551567e+06,-1.19830334837127682e+07
2950,1990,1892,2049,0,silica,3.92121337502955436e+00,1.46719889354181315e-01,-1.16674672032775488e+07,-4.09546907751854286e+07
2951,1892,1991,2051,0,silica,3.92121337502959255e+00,7.32801106456717477e-02,-1.10729889603299890e+07,-4.07064922670353279e+07
2952,1891,1992,2048,0,silica,7.87866249701779792e-02,1.46719889354175625e-01,-9.38948605089002475e+06,-1.18583042530652601e+07
2953,1993,1891,2050,0,silica,7.87866249701391491e-02,7.32801106456743151e-02,-8.96340129783199169e+06,-1.19564999051684178e+07
2954,1990,1944,2047,0,silica,3.85118589891356455e+00,1.43188544227687758e-01,-1.21347882334637959e+07,-4.04492216895013005e+07
2955,1915,1991,2047,0,silica,3.85118589891356988e+00,7.68114557722801156e-02,-1.14952147037290111e+07,-4.03122036333104894e+07
2956,1965,1992,2046,0,silica,1.48814101085764872e-01,1.43188544227792702e-01,-9.56663760697975010e+06,-1.21865011735239588e+07
2957,1993,1903,2046,0,silica,1.48814101085759348e-01,7.68114557721595870e-02,-9.15379602952801436e+06,-1.22436124931649957e+07
2958,1999,1901,2040,0,silica,5.24230799161460537e-01,7.40078907038105582e-02,-1.01386698960494027e+07,-1.39444444456380829e+07
2959,1924,1994,2041,0,silica,3.64658089725756362e-01,7.39933370303929583e-02,-9.67534271655389667e+06,-1.32635484852448646e+07
2960,1996,1916,2045,0,silica,3.03132475639054766e+00,1.46151958152522132e-01,-1.55360537230995279e+07,-3.30325363996168301e+07
2961,1998,1908,2042,0,silica,3.48719376212405940e+00,7.39618121236215315e-02,-1.32339356438026410e+07,-3.72927453036667407e+07
2962,1929,1997,2043,0,silica,3.19089549942660966e+00,1.46063588316327514e-01,-1.51993684959147032e+07,-3.45149805805545598e+07
2963,1907,1995,2044,0,silica,3.32762301908799474e+00,7.40303585705284900e-02,-1.38431949773478825e+07,-3.59258858186945915e+07
2964,2067,2052,2075,0,silica,4.11151068257347063e+00,1.27869836817042976e-01,-9.89859674616605602e+06,-4.18170675292076096e+07
2965,2053,2066,2076,0,silica,4.63848931742652493e+00,1.27869836817041893e-01,-5.88185940588054620e+06,-2.84416470317248218e+07
2966,2052,2069,2075,0,silica,4.11151068257346619e+00,9.21301631828593814e-02,-9.89859674616737291e+06,-4.12252447674589008e+07
2967,2068,2053,2076,0,silica,4.63848931742653026e+00,9.21301631828571471e-02,-5.88185940587923024e+06,-2.81021325290314853e+07
2968,300,2056,2061,0,silica,4.29999999999999805e+00,4.33012701892230498e-02,-8.63093613965303265e+06,-4.07807535540688932e+07
2969,474,2057,2060,0,silica,4.29999999999999982e+00,1.76698729810778471e-01,-8.16433983060184401e+06,-4.22385598543425128e+07
2970,299,300,2061,0,silica,4.26249999999999840e+00,2.16506350946120418e-02,-9.01553002337448113e+06,-4.10027989363643005e+07
2971,474,473,2057,0,silica,4.26249999999999929e+00,1.98349364905389097e-01,-8.41894273689994775e+06,-4.20915647978554890e+07
2972,300,301,2056,0,silica,4.33750000000000036e+00,2.16506350946110114e-02,-8.86517072574571520e+06,-4.06455181527333036e+07
2973,476,475,2058,0,silica,4.41250000000000053e+00,1.98349364905388986e-01,-5.89878594861974660e+06,-4.09924384416728765e+07
2974,2054,299,2061,0,silica,4.22499999999999787e+00,4.33012701892228069e-02,-9.07567688592052460e+06,-4.09680731290823594e+07
2975,298,299,2054,0,silica,4.18749999999999911e+00,2.16506350946107616e-02,-9.31354246124078706e+06,-4.11054048830239102e+07
2976,303,304,2055,0,silica,4.56249999999999734e+00,2.16506350946107616e-02,-1.19447515638761315e+07,-3.58532006567995772e+07
2977,478,477,2059,0,silica,4.56249999999999645e+00,1.98349364905389208e-01,-4.11110528462276445e+05,-3.67789336412386894e+07
2978,2056,301,2062,0,silica,4.37500000000000089e+00,4.33012701892203297e-02,-8.28174765519653261e+06,-4.03086786859020963e+07
2979,2058,475,2060,0,silica,4.37500000000000089e+00,1.76698729810778360e-01,-7.26836048913093470e+06,-4.17831626713125780e+07
2980,475,474,2060,0,silica,4.33750000000000124e+00,1.98349364905389347e-01,-7.32196463054815214e+06,-4.17522143058352023e+07
2981,2057,473,2063,0,silica,4.22499999999999787e+00,1.76698729810781635e-01,-8.94531177461826243e+06,-4.23954641034771204e+07
2982,303,2055,2064,0,silica,4.52499999999999680e+00,4.33012701892182897e-02,-8.61143554157741554e+06,-3.77776915595673993e+07
2983,301,302,2062,0,silica,4.41250000000000053e+00,2.16506350946093114e-02,-9.01144828933456354e+06,-3.98873858283558041e+07
2984,2059,477,2065,0,silica,4.52499999999999414e+00,1.76698729810782468e-01,-4.49670330567369424e+06,-3.91377517309616655e+07
2985,302,303,2064,0,silica,4.48749999999999805e+00,2.16506350946075316e-02,-9.78231790547447093e+06,-3.84537008075514212e+07
2986,473,472,2063,0,silica,4.18749999999999911e+00,1.98349364905392539e-01,-9.33060538749132119e+06,-4.21730147323659286e+07
2987,2062,302,2064,0,silica,4.44999999999999929e+00,4.33012701892168464e-02,-8.15527544836366549e+06,-3.93930742081491277e+07
2988,477,476,2065,0,silica,4.48749999999999716e+00,1.98349364905393205e-01,-3.84344508013320900e+06,-3.95149105433263183e+07
2989,476,2058,2065,0,silica,4.44999999999999840e+00,1.76698729810782190e-01,-6.15069220914361905e+06,-4.08470002943479419e+07
2990,811,810,2052,0,silica,4.02338910593201238e+00,1.09999999999844167e-01,-1.04473769896303359e+07,-4.11569030517318472e+07
2991,841,842,2053,0,silica,4.72661089406798673e+00,1.09999999999844167e-01,-5.67021508492950350e+06,-1.05977770232357015e+06
2992,479,478,2066,0,silica,4.63683245576040548e+00,2.01203170150414973e-01,6.65309550068412721e+06,-3.17999314766128883e+07
2993,472,471,2067,0,silica,4.11316754423959363e+00,2.01203170150414667e-01,-1.01231805289295185e+07,-4.21213291538591161e+07
2994,297,298,2069,0,silica,4.11316754423958830e+00,1.87968298495644580e-02,-9.67283506242164597e+06,-4.10107639292977527e+07
2995,304,305,2068,0,silica,4.63683245576041170e+00,1.87968298495635455e-02,-1.78636588204016276e+07,-3.11724893822690956e+07
2996,478,2059,2066,0,silica,4.59933245576040317e+00,1.79552535055804180e-01,-8.52046597643222776e+05,-3.65243590830023289e+07
2997,2063,472,2067,0,silica,4.15066754423959239e+00,1.79552535055807233e-01,-9.70118751161201485e+06,-4.23869704214855283e+07
2998,2055,304,2068,0,silica,4.59933245576041028e+00,4.04474649441743037e-02,-1.11535911037700828e+07,-3.53964239521849826e+07
2999,298,2054,2069,0,silica,4.15066754423958795e+00,4.04474649441752196e-02,-9.57937072123414837e+06,-4.09519288655584976e+07
3000,471,53,2078,0,silica,4.04295090425957948e+00,2.02202989330459215e-01,-1.09006584775626753e+07,-4.19716794182544127e+07
3001,38,297,2080,0,silica,4.04295090425954662e+00,1.77970106694729097e-02,-1.01026604885990508e+07,-4.08420853226782009e+07
3002,305,39,2079,0,silica,4.70704909574045072e+00,1.77970106694677575e-02,-4.11549179322788417e+07,-2.02471557617135234e+07
3003,54,479,2077,0,silica,4.70704909574041697e+00,2.02202989330464433e-01,3.02600956763789728e+07,-2.05031792283151783e+07
3004,53,811,2078,0,silica,4.01795090425958001e+00,1.77758544885951358e-01,-1.06911804783140365e+07,-4.17603900293325186e+07
3005,842,54,2077,0,silica,4.73204909574041732e+00,1.77758544885956576e-01,1.11242705029886048e+07,-1.20188352231033309e+06
3006,810,38,2080,0,silica,4.01795090425954715e+00,4.22414551138557068e-02,-1.02866643127903733e+07,-4.06564903880681992e+07
3007,39,841,2079,0,silica,4.73204909574045107e+00,4.22414551138505581e-02,-2.23234075594958477e+07,-1.25280631490329723e+06
3008,297,2069,2080,0,silica,4.08111844849913474e+00,3.65938405190373642e-02,-9.98190347451810725e+06,-4.07942555062329993e+07
3009,2068,305,2079,0,silica,4.66888155150086259e+00,3.65938405190312996e-02,-1.63133626361355968e+07,-3.00864768070519045e+07
3010,2067,471,2078,0,silica,4.08111844849917293e+00,1.83406159480873937e-01,-1.02675319772910103e+07,-4.22224501459396333e+07
3011,479,2066,2077,0,silica,4.66888155150082351e+00,1.83406159480879433e-01,4.87814279091710970e+06,-3.05565426437053271e+07
3012,2072,2061,2073,0,silica,4.26249999999999307e+00,9.49839684279482621e-02,-8.70286351493219286e+06,-4.11721939513247386e+07
3013,2057,2072,2073,0,silica,4.26249999999999485e+00,1.25016031572058650e-01,-8.70286351493482478e+06,-4.17941044116337672e+07
3014,2061,2056,2073,0,silica,4.29999999999999805e+00,7.99679368558902093e-02,-8.63093613965389132e+06,-4.12320694375142083e+07
3015,2071,2058,2074,0,silica,4.41250000000000142e+00,1.25016031572054348e-01,-7.46476665835418645e+06,-4.05667355201200321e+07
3016,2062,2071,2074,0,silica,4.41250000000000142e+00,9.49839684279413093e-02,-7.46476665835287049e+06,-3.99355571765997484e+07
3017,2056,2062,2074,0,silica,4.37500000000000089e+00,7.99679368558865594e-02,-8.28174765519808885e+06,-4.06156478125004172e+07
3018,2059,2065,2070,0,silica,4.52499999999998437e+00,1.40032063144114399e-01,-4.49670330567280203e+06,-3.69201672908140123e+07
3019,2054,2061,2072,0,silica,4.22499999999999343e+00,7.99679368558918746e-02,-9.07567688592131250e+06,-4.14825400714035407e+07
3020,2058,2060,2074,0,silica,4.37500000000000089e+00,1.40032063144111263e-01,-7.26836048913035449e+06,-4.07302325868039876e+07
3021,2064,2055,2070,0,silica,4.52499999999998703e+00,7.99679368558835618e-02,-8.61143554157685116e+06,-3.68194375784362182e+07
3022,2060,2057,2073,0,silica,4.29999999999999982e+00,1.40032063144112290e-01,-8.16433983060146216e+06,-4.13458137949105427e+07
3023,2057,2063,2072,0,silica,4.22499999999999432e+00,1.40032063144117397e-01,-8.94531177461810969e+06,-4.15922798995083570e+07
3024,2062,2064,2071,0,silica,4.44999999999999929e+00,7.99679368558826181e-02,-8.15527544836234301e+06,-3.93607475250810757e+07
3025,2065,2058,2071,0,silica,4.44999999999999840e+00,1.40032063144114677e-01,-6.15069220914413221e+06,-3.94728426006570011e+07
3026,2073,2056,2074,0,silica,4.33749999999999947e+00,9.49839684279444180e-02,-8.08609363410987798e+06,-4.07785187582524940e+07
3027,2060,2073,2074,0,silica,4.33749999999999947e+00,1.25016031572056097e-01,-8.08609363410856202e+06,-4.14109493436378464e+07
3028,2070,2065,2071,0,silica,4.48749999999998739e+00,1.25016031572057623e-01,-6.85693987923963461e+06,-3.88849312184880301e+07
3029,2064,2070,2071,0,silica,4.48749999999998916e+00,9.49839684279385477e-02,-6.85693987924095057e+06,-3.82799563362676874e+07
3030,2059,2070,2076,0,silica,4.56254596759811903e+00,1.25016031572045550e-01,-6.30819809720037412e+06,-3.54121999703244194e+07
3031,2070,2055,2076,0,silica,4.56254596759811992e+00,9.49839684279337321e-02,-6.30819809720037412e+06,-3.49021222134157270e+07
3032,2072,2063,2075,0,silica,4.18745403240185965e+00,1.25016031572053987e-01,-9.30087628395103291e+06,-4.18882673143807352e+07
3033,2054,2072,2075,0,silica,4.18745403240185965e+00,9.49839684279388669e-02,-9.30087628395103291e+06,-4.12950742644838989e+07
3034,2053,842,2077,0,silica,4.70865998980840583e+00,1.41091878219259170e-01,4.18968579952351516e+06,-1.99282176695617661e+07
3035,841,2053,2079,0,silica,4.70865998980843870e+00,7.89081217804864510e-02,-1.54584594726200569e+07,-1.97910919190896228e+07
3036,811,2052,2078,0,silica,4.04134001019159239e+00,1.41091878219253924e-01,-1.07208573407336418e+07,-4.16802498528304994e+07
3037,2052,810,2080,0,silica,4.04134001019155953e+00,7.89081217804915996e-02,-1.04617720451220702e+07,-4.11293558944599703e+07
3038,2066,2053,2077,0,silica,4.67049244556881149e+00,1.46739492814181999e-01,4.35487058470945340e+06,-1.99758236341419965e+07
3039,2052,2067,2078,0,silica,4.07950755443118585e+00,1.46739492814176503e-01,-1.02337749755681418e+07,-4.15398735718171075e+07
3040,2053,2068,2079,0,silica,4.67049244556885057e+00,7.32605071856671924e-02,-1.58092007905273810e+07,-1.98921749500638172e+07
3041,2069,2052,2080,0,silica,4.07950755443114765e+00,7.32605071856732709e-02,-9.95815295577907562e+06,-4.12744980302957669e+07
3042,2066,2059,2076,0,silica,4.59937842335853464e+00,1.42885868389128562e-01,-1.45778325450090389e+06,-3.13596547181392461e+07
3043,2063,2067,2075,0,silica,4.15062157664145648e+00,1.42885868389132975e-01,-9.61219149521142431e+06,-4.16281619373699129e+07
3044,2055,2068,2076,0,silica,4.59937842335854086e+00,7.71141316108320124e-02,-1.06683597040660214e+07,-3.12591859302890375e+07
3045,2069,2054,2075,0,silica,4.15062157664145204e+00,7.71141316108342467e-02,-9.51786253368324228e+06,-4.14763673341817632e+07
3046,2092,2084,2094,2,silicon_ring,5.14579146638007412e+00,1.28092082617505931e-01,8.31978496528625488e+05,-6.34291972372798920e+07
3047,2085,2091,2095,2,silicon_ring,4.85420853361993210e+00,1.28092082617509734e-01,-6.27086311853027344e+06,-7.52612645346126556e+07
3048,2087,2092,2094,2,silicon_ring,5.14579146638007057e+00,9.19079173823924706e-02,8.31978496528625488e+05,-6.12040972856445312e+07
3049,2091,2089,2095,2,silicon_ring,4.85420853361993654e+00,9.19079173823944967e-02,-6.27086311838912964e+06,-7.44714904608306885e+07
3050,308,309,2086,2,silicon_ring,4.99999999999999911e+00,2.06196524710653209e-02,-6.37056007865905762e+06,-5.51193487285995483e+07
3051,310,311,2087,2,silicon_ring,5.14269476866340458e+00,1.85745840490991153e-02,9.73919250535202026e+06,-5.68982347743301392e+07
3052,307,308,2082,2,silicon_ring,4.92857142857142705e+00,2.06196524710579900e-02,-1.45533215731849670e+07,-5.86249410386543274e+07
3053,481,480,2085,2,silicon_ring,4.85730523133659187e+00,2.01425415950881176e-01,1.52330845514450073e+07,-6.90339051917037964e+07
3054,483,482,2083,2,silicon_ring,4.99999999999999911e+00,1.99380347528941959e-01,-9.23131791320800781e+05,-5.88575933659515381e+07
3055,485,484,2084,2,silicon_ring,5.14269476866340813e+00,2.01425415950879233e-01,-8.06835905021286011e+06,-6.11367918154869080e+07
3056,309,310,2081,2,silicon_ring,5.07142857142856940e+00,2.06196524710579900e-02,3.11017451217651367e+05,-5.45463671071472168e+07
3057,306,307,2089,2,silicon_ring,4.85730523133659631e+00,1.85745840490992888e-02,-3.00945144394149780e+07,-6.72801634709663391e+07
3058,484,483,2088,2,silicon_ring,5.07142152687275338e+00,1.99865837297653254e-01,-3.13500346433639526e+06,-5.85871540652923584e+07
3059,482,481,2090,2,silicon_ring,4.92857847312724218e+00,1.99865837297658527e-01,3.20526511429595947e+06,-6.16463121616859436e+07
3060,2082,308,2086,2,silicon_ring,4.96428571428571264e+00,4.12393049421233074e-02,-7.42600883019638062e+06,-5.45099851078815460e+07
3061,309,2081,2086,2,silicon_ring,5.03571428571428381e+00,4.12393049421233074e-02,-2.53355467345809937e+06,-5.29040526251602173e+07
3062,2081,310,2087,2,silicon_ring,5.10698048294911811e+00,3.91942365201571052e-02,3.29432751797866821e+06,-5.28239522370338440e+07
3063,2084,484,2088,2,silicon_ring,5.10697343839330653e+00,1.81291253248532486e-01,-3.60003687400054932e+06,-5.83120302344131470e+07
3064,2083,482,2090,2,silicon_ring,4.96429275884152776e+00,1.79246184826600513e-01,-1.22199941312789917e+06,-5.90301446678638458e+07
3065,483,2083,2088,2,silicon_ring,5.03570724115846868e+00,1.79246184826595240e-01,-2.27340165127563477e+06,-5.80780146988811493e+07
3066,307,2082,2089,2,silicon_ring,4.89301951705088012e+00,3.91942365201572787e-02,-1.55202556495933533e+07,-5.80666813893814087e+07
3067,481,2085,2090,2,silicon_ring,4.89302656160668992e+00,1.81291253248539758e-01,3.38184163036346436e+06,-6.15418456727771759e+07
3068,842,841,2091,2,silicon_ring,4.77071282609285152e+00,1.09999999999833398e-01,-6.30343958210754395e+06,-1.13657318799919128e+08
3069,872,873,2092,2,silicon_ring,5.22928717390715114e+00,1.09999999999832898e-01,2.69898558060073853e+06,-7.77158317107810974e+07
3070,873,55,2097,2,silicon_ring,5.23331390377937655e+00,1.78855618421445151e-01,-1.16081564059219360e+07,-9.21640598976058960e+07
3071,54,842,2098,2,silicon_ring,4.76668609622062167e+00,1.78855618421447260e-01,2.46609187826843262e+07,-1.28897653117481232e+08
3072,841,39,2100,2,silicon_ring,4.76668609622063677e+00,4.11443815784003838e-02,-3.92719915837936401e+07,-1.34358938120063782e+08
3073,40,872,2099,2,silicon_ring,5.23331390377936412e+00,4.11443815784004463e-02,1.72755676732864380e+07,-8.83791641596412659e+07
3074,39,306,2100,2,silicon_ring,4.79049562003016050e+00,1.66999371340175833e-02,-8.14349327081336975e+07,-9.22309416552085876e+07
3075,55,485,2097,2,silicon_ring,5.20950437996985283e+00,2.03300062865953007e-01,-3.16562846491546631e+07,-7.21325475496559143e+07
3076,311,40,2099,2,silicon_ring,5.20950437996984039e+00,1.66999371340176457e-02,3.76767109395179749e+07,-6.79949293679313660e+07
3077,480,54,2098,2,silicon_ring,4.79049562003014628e+00,2.03300062865955117e-01,6.24370051025581360e+07,-9.11528756303787231e+07
3078,2083,2093,2096,2,silicon_ring,4.99999999999999556e+00,1.26047014195614010e-01,-3.35733751868057251e+06,-5.93132826724338531e+07
3079,2093,2086,2096,2,silicon_ring,4.99999999999999556e+00,9.39529858044040322e-02,-3.35733751853942871e+06,-5.72729850407924652e+07
3080,2083,2090,2093,2,silicon_ring,4.96429275884151711e+00,1.42579518159937552e-01,-1.25951780035591125e+06,-6.08695874129829407e+07
3081,2082,2086,2093,2,silicon_ring,4.96428571428570198e+00,7.79059716087936449e-02,-7.42600883016375639e+06,-6.02914009677238464e+07
3082,2084,2088,2094,2,silicon_ring,5.10697343839329676e+00,1.44624586581867914e-01,-3.44570193877267838e+06,-6.06528346019477844e+07
3083,2088,2083,2096,2,silicon_ring,5.03570724115847579e+00,1.42579518159930280e-01,-2.26473912160062790e+06,-5.85027191856842041e+07
3084,2081,2087,2094,2,silicon_ring,5.10698048294910834e+00,7.58609031868258399e-02,2.67292292749261856e+06,-6.00092606426124573e+07
3085,2086,2081,2096,2,silicon_ring,5.03571428571429180e+00,7.79059716087916743e-02,-2.53355467349225655e+06,-5.78841229453430176e+07
3086,2089,2082,2095,2,silicon_ring,4.89301951705089166e+00,7.58609031868273526e-02,-1.45671994568057060e+07,-6.90868810753707886e+07
3087,2090,2085,2095,2,silicon_ring,4.89302656160670324e+00,1.44624586581876491e-01,2.86837724856519699e+06,-6.93295812648506165e+07
3088,2094,2088,2096,2,silicon_ring,5.07142152687275161e+00,1.26532503964323695e-01,-1.36260469430541992e+06,-5.91519457305908203e+07
3089,2081,2094,2096,2,silicon_ring,5.07142857142856851e+00,9.39529858043950811e-02,-1.36260469430541992e+06,-5.70154329487857819e+07
3090,2093,2090,2095,2,silicon_ring,4.92857847312724306e+00,1.26532503964332299e-01,-5.06867398944091797e+06,-6.36108699057445526e+07
3091,2082,2093,2095,2,silicon_ring,4.92857142857142705e+00,9.39529858043983840e-02,-5.06867398944091797e+06,-6.20402316018371582e+07
3092,485,2084,2097,2,silicon_ring,5.17362772006183302e+00,1.84725478816832295e-01,-7.20028892609786987e+06,-6.17007409357223511e+07
3093,2085,480,2098,2,silicon_ring,4.82637227993816698e+00,1.84725478816836319e-01,1.33896366326141357e+07,-7.02315167703742981e+07
3094,2087,311,2099,2,silicon_ring,5.17362772006181704e+00,3.52745211831167610e-02,1.05012816802291870e+07,-5.64031370770797729e+07
3095,306,2089,2100,2,silicon_ring,4.82637227993818652e+00,3.52745211831168790e-02,-2.72592853297729492e+07,-6.91220941138610840e+07
3096,842,2091,2098,2,silicon_ring,4.78739892231347497e+00,1.42188951754739085e-01,7.06916439950561523e+06,-9.09949571081390381e+07
3097,2092,873,2097,2,silicon_ring,5.21260107768652858e+00,1.42188951754736476e-01,-1.55574019139480591e+06,-7.05054084844856262e+07
3098,2091,841,2100,2,silicon_ring,4.78739892231348918e+00,7.78110482450255214e-02,-1.93790756062526703e+07,-9.14982244801673889e+07
3099,872,2092,2099,2,silicon_ring,5.21260107768651526e+00,7.78110482450250773e-02,8.08780638431358337e+06,-6.85834737715454102e+07
3100,2084,2092,2097,2,silicon_ring,5.17672441777850878e+00,1.48058812150123564e-01,-6.43634773695755005e+06,-6.95211266989936829e+07
3101,2091,2085,2098,2,silicon_ring,4.82327558222149566e+00,1.48058812150128144e-01,1.14475992616195679e+07,-9.01119494817352295e+07
3102,2092,2087,2099,2,silicon_ring,5.17672441777849190e+00,7.19411878497413920e-02,9.33602543260574341e+06,-6.83317429646949768e+07
3103,2089,2091,2100,2,silicon_ring,4.82327558222151520e+00,7.19411878497420026e-02,-2.51878901281280518e+07,-9.03267493560333252e+07
3104,55,873,2103,0,silica,5.25913778434560175e+00,1.82650646184880250e-01,-2.71290410766231501e+06,-8.59367585531730554e+05
3105,904,56,2102,0,silica,5.34045189504372519e+00,1.82442500809752856e-01,1.05105045729686730e+07,-9.12241905297889607e+05
3106,872,40,2105,0,silica,5.25913778434560975e+00,3.73493538149344828e-02,9.71980226664550789e+06,-8.24075990137195564e+05
3107,41,903,2104,0,silica,5.34045189504372519e+00,3.75574991900596983e-02,-1.64558127551410673e+06,-7.62253639368381468e+05
3108,2101,2102,2103,0,silica,5.29958967938932446e+00,1.57315369216919604e-01,3.86144971799629182e+06,-3.36974742184679024e+06
3109,2104,2101,2105,0,silica,5.29958967938933334e+00,6.26846307828326510e-02,4.07888441926420201e+06,-3.04325447593239741e+06
3110,873,2101,2103,0,silica,5.27580445101226658e+00,1.45983979518151008e-01,1.43013518680841429e+06,-4.14010631250989903e+06
3111,2101,904,2102,0,silica,5.32378522837705592e+00,1.45775834143023614e-01,6.60865983209043462e+06,-4.20003132030830346e+06
3112,2101,872,2105,0,silica,5.27580445101227458e+00,7.40160204815385470e-02,6.10616739724777173e+06,-3.68559648719558679e+06
3113,903,2101,2104,0,silica,5.32378522837705681e+00,7.42241658566637624e-02,1.85800999158239341e+06,-3.71446497721904749e+06
3114,903,904,2101,0,silica,5.33333333333333126e+00,1.09999999999812345e-01,4.05529391937000258e+06,-7.18168712050895672e+05
3115,873,872,2101,0,silica,5.26666666666666483e+00,1.09999999999812345e-01,3.93480489464263897e+06,-7.24647620005931822e+05
3116,56,486,2102,0,silica,5.32378522837705770e+00,2.06886945254260685e-01,2.17607152476949878e+07,-9.10394051292995363e+06
3117,486,55,2103,0,silica,5.27580445101226747e+00,2.07095090629388107e-01,-1.38434142368376143e+07,-8.74072485011775978e+06
3118,40,312,2105,0,silica,5.27580445101227635e+00,1.29049093705516805e-02,1.92950337899101637e+07,-7.60416240582012106e+06
3119,312,41,2104,0,silica,5.32378522837705859e+00,1.31130547456768994e-02,-1.14003589561920539e+07,-7.86507162698890641e+06
3120,2102,486,2103,0,silica,5.29958967938932712e+00,1.93982035883648818e-01,3.64017858255661000e+06,-1.89408672227897048e+07
3121,312,2104,2105,0,silica,5.29958967938933512e+00,2.60179641162285764e-02,4.26827580259414669e+06,-1.63709572204858009e+07
3122,2116,2110,2121,3,silicon_buses,5.74579146638005867e+00,1.28092082617514064e-01,1.59025734460525513e+07,-7.10592506272811890e+07
3123,2109,2117,2120,3,silicon_buses,5.45420853361991664e+00,1.28092082617502934e-01,1.10114184280738831e+07,-6.30507616667098999e+07
3124,2114,2116,2121,3,silicon_buses,5.74579146638005422e+00,9.19079173824019352e-02,1.59025734461936951e+07,-7.24415585146732330e+07
3125,2117,2112,2120,3,silicon_buses,5.45420853361992020e+00,9.19079173823891399e-02,1.10114184280738831e+07,-5.97660293989543915e+07
3126,315,316,2111,3,silicon_buses,5.59999999999999876e+00,2.06196524710633572e-02,1.83467281160926819e+07,-5.40217624679794312e+07
3127,488,487,2109,3,silicon_buses,5.45730523133658973e+00,2.01425415950878844e-01,2.18680593993835449e+07,-6.10764205445404053e+07
3128,490,489,2108,3,silicon_buses,5.59999999999999876e+00,1.99380347528941959e-01,1.42802558538970947e+07,-5.66901967767791748e+07
3129,492,491,2110,3,silicon_buses,5.74269476866340511e+00,2.01425415950880704e-01,-2.58229251456451416e+06,-6.43094027058525085e+07
3130,314,315,2107,3,silicon_buses,5.52857142857142492e+00,2.06196524710579900e-02,1.21716439355468750e+07,-5.33576034670982361e+07
3131,316,317,2106,3,silicon_buses,5.67142857142857348e+00,2.06196524710579900e-02,2.55709276196403503e+07,-5.75249839222717285e+07
3132,313,314,2112,3,silicon_buses,5.45730523133659329e+00,1.85745840490983902e-02,3.10971208176040649e+06,-5.52123356612968445e+07
3133,489,488,2113,3,silicon_buses,5.52857847312724093e+00,1.99865837297653504e-01,1.67994826533622742e+07,-5.73247393773155212e+07
3134,317,318,2114,3,silicon_buses,5.74269476866340067e+00,1.85745840491019394e-02,3.95632483244857788e+07,-6.62969251045570374e+07
3135,491,490,2115,3,silicon_buses,5.67142152687275836e+00,1.99865837297662857e-01,9.65694805978775024e+06,-5.84979617089614868e+07
3136,2107,315,2111,3,silicon_buses,5.56428571428571228e+00,4.12393049421213506e-02,1.46840074588661194e+07,-5.19070897107009888e+07
3137,316,2106,2111,3,silicon_buses,5.63571428571428878e+00,4.12393049421213506e-02,1.89249490934524536e+07,-5.36879264310569763e+07
3138,2108,489,2113,3,silicon_buses,5.56429275884152741e+00,1.79246184826595489e-01,1.50113557462692261e+07,-5.62680960571422577e+07
3139,490,2108,2115,3,silicon_buses,5.63570724115847099e+00,1.79246184826604843e-01,1.34891312722816467e+07,-5.62334407866230011e+07
3140,314,2107,2112,3,silicon_buses,5.49301951705087799e+00,3.91942365201563767e-02,8.96873888953399658e+06,-5.15084053768615723e+07
3141,488,2109,2113,3,silicon_buses,5.49302656160668956e+00,1.81291253248532375e-01,1.63521422774581909e+07,-5.75893956263446808e+07
3142,2106,317,2114,3,silicon_buses,5.70698048294911686e+00,3.91942365201599294e-02,2.56318227419853210e+07,-5.74898261070690155e+07
3143,2110,491,2115,3,silicon_buses,5.70697343839330617e+00,1.81291253248543588e-01,8.08323812715530396e+06,-5.75669208495731354e+07
3144,934,935,2116,3,silicon_buses,5.82928717390714279e+00,1.09999999999833772e-01,1.31986223067779541e+07,-1.09505244813014984e+08
3145,904,903,2117,3,silicon_buses,5.37071282609285117e+00,1.09999999999832454e-01,7.32795916315460205e+06,-7.70209923069076538e+07
3146,935,57,2122,3,silicon_buses,5.83331390377937264e+00,1.78855618421440848e-01,-1.48584173114814758e+07,-1.14354918809806824e+08
3147,56,904,2123,3,silicon_buses,5.36668609622062487e+00,1.78855618421444845e-01,2.32162737615890503e+07,-9.78346391187629700e+07
3148,42,934,2124,3,silicon_buses,5.83331390377935932e+00,4.11443815784063027e-02,4.60204971232490540e+07,-1.33931393832660675e+08
3149,903,41,2125,3,silicon_buses,5.36668609622063553e+00,4.11443815783992597e-02,-5.92476086742019653e+06,-8.17489410337104797e+07
3150,318,42,2124,3,silicon_buses,5.80950437996983471e+00,1.66999371340235021e-02,8.85078234941902161e+07,-9.14792809717712402e+07
3151,57,492,2122,3,silicon_buses,5.80950437996984892e+00,2.03300062865948705e-01,-4.65328093820037842e+07,-8.27067784858627319e+07
3152,487,56,2123,3,silicon_buses,5.39049562003014859e+00,2.03300062865952702e-01,4.67277552981376648e+07,-7.43426439060897827e+07
3153,41,313,2125,3,silicon_buses,5.39049562003015925e+00,1.66999371340164661e-02,-2.31673796082420349e+07,-6.45206129809951782e+07
3154,2115,2108,2119,3,silicon_buses,5.63570724115847543e+00,1.42579518159939828e-01,1.35409817250367403e+07,-5.87755527086029053e+07
3155,2108,2118,2119,3,silicon_buses,5.59999999999999876e+00,1.26047014195611567e-01,1.54626276421813965e+07,-5.73499456249160767e+07
3156,2118,2111,2119,3,silicon_buses,5.60000000000000053e+00,9.39529858043996330e-02,1.54626276421813965e+07,-5.58886058985691071e+07
3157,2108,2113,2118,3,silicon_buses,5.56429275884152474e+00,1.42579518159930169e-01,1.49963452781233788e+07,-5.70040257886161804e+07
3158,2111,2106,2119,3,silicon_buses,5.63571428571429056e+00,7.79059716087896065e-02,1.89249490933105871e+07,-5.84571904350128174e+07
3159,2107,2111,2118,3,silicon_buses,5.56428571428570962e+00,7.79059716087893428e-02,1.46840074590131603e+07,-5.64662390823669434e+07
3160,2118,2113,2120,3,silicon_buses,5.52857847312723738e+00,1.26532503964321391e-01,1.37522098031539917e+07,-5.78993754742393494e+07
3161,2107,2118,2120,3,silicon_buses,5.52857142857142225e+00,9.39529858043925414e-02,1.37522098032951355e+07,-5.57749684757347107e+07
3162,2113,2109,2120,3,silicon_buses,5.49302656160668779e+00,1.44624586581865611e-01,1.62147231775686741e+07,-5.96736368193359375e+07
3163,2112,2107,2120,3,silicon_buses,5.49301951705087621e+00,7.58609031868229394e-02,9.60387440434694290e+06,-5.88524846180229187e+07
3164,2106,2114,2121,3,silicon_buses,5.70698048294910265e+00,7.58609031868344164e-02,2.48404418334217072e+07,-6.66405726284484863e+07
3165,2110,2115,2121,3,silicon_buses,5.70697343839329196e+00,1.44624586581884790e-01,8.66302229564929008e+06,-6.63605313997001648e+07
3166,2115,2119,2121,3,silicon_buses,5.67142152687274592e+00,1.26532503964338988e-01,1.63673037536430359e+07,-6.08095326006889343e+07
3167,2119,2106,2121,3,silicon_buses,5.67142857142856105e+00,9.39529858044007571e-02,1.63673037536430359e+07,-6.03546249626083374e+07
3168,492,2110,2122,3,silicon_buses,5.77362772006182734e+00,1.84725478816829436e-01,-2.90741399544906616e+06,-6.40981847778930664e+07
3169,2109,487,2123,3,silicon_buses,5.42637227993816751e+00,1.84725478816831573e-01,1.93943691053123474e+07,-6.26834744289283752e+07
3170,313,2112,2125,3,silicon_buses,5.42637227993818172e+00,3.52745211831148528e-02,1.34395940596008301e+06,-5.40651994564018250e+07
3171,2114,318,2124,3,silicon_buses,5.77362772006180780e+00,3.52745211831254415e-02,3.55632544942893982e+07,-6.88955550289382935e+07
3172,2116,935,2122,3,silicon_buses,5.81260107768651668e+00,1.42188951754733034e-01,-1.24604133511543274e+06,-8.50260788686141968e+07
3173,904,2117,2123,3,silicon_buses,5.38739892231347639e+00,1.42188951754735698e-01,1.08140512693233490e+07,-7.11131616174087524e+07
3174,2117,903,2125,3,silicon_buses,5.38739892231348705e+00,7.78110482450234536e-02,1.13819739175605774e+06,-6.65312911055755615e+07
3175,934,2116,2124,3,silicon_buses,5.81260107768650247e+00,7.78110482450318081e-02,2.52245607596874237e+07,-8.91250580316658020e+07
3176,2117,2109,2123,3,silicon_buses,5.42327558222149531e+00,1.48058812150122426e-01,1.87267927621078491e+07,-6.95173833760337830e+07
3177,2110,2116,2122,3,silicon_buses,5.77672441777849510e+00,1.48058812150121621e-01,-8.55357785430908203e+05,-8.51048687935905457e+07
3178,2112,2117,2125,3,silicon_buses,5.42327558222150952e+00,7.19411878497390467e-02,2.59032812348175049e+06,-6.68241451847534180e+07
3179,2116,2114,2124,3,silicon_buses,5.77672441777847556e+00,7.19411878497509399e-02,3.37551752837028503e+07,-8.74046721128349304e+07
3180,935,934,2126,0,silica,5.87773808673799891e+00,1.09999999999820727e-01,9.82215433928203583e+06,-1.02106241785240162e+06
3181,2126,934,2128,0,silica,5.89637830845136079e+00,7.79655263994312592e-02,1.83984504263699614e+07,-2.04847933522900753e+07
3182,935,2126,2127,0,silica,5.89637830845137412e+00,1.42034473600277211e-01,1.46690207800400723e+06,-1.99831388494212888e+07
3183,965,966,2126,0,silica,5.97773808673800033e+00,1.09999999999820727e-01,9.43993616759719700e+06,-2.97918197093815580e+07
3184,57,935,2127,0,silica,5.86864022171337307e+00,1.78701140266998099e-01,-6.23576876842843927e+06,-1.06628235106441495e+06
3185,934,42,2128,0,silica,5.86864022171335975e+00,4.12988597328187920e-02,2.62310611487339959e+07,-1.24881975330453855e+06
3186,42,319,2128,0,silica,5.89364022171335922e+00,1.68544152884359914e-02,4.40814146063118502e+07,-2.09905040785594918e+07
3187,493,57,2127,0,silica,5.89364022171337343e+00,2.03145584711505928e-01,-2.33226515716636255e+07,-1.99636026312998757e+07
3188,2126,966,2130,0,silica,5.96293498794533949e+00,1.44258893053881149e-01,6.53669265365956258e+06,-2.45037670041854642e+07
3189,965,2126,2129,0,silica,5.96293498794533861e+00,7.57411069458258368e-02,1.20856991181611251e+07,-2.49727496379675269e+07
3190,2127,2126,2130,0,silica,5.93157520965871399e+00,1.51848922209894988e-01,-2.04911047932529426e+06,-2.15977058696354479e+07
3191,2126,2128,2129,0,silica,5.93157520965869889e+00,6.81510777898790276e-02,2.13460870520371050e+07,-2.18383598728298917e+07
3192,319,43,2129,0,silica,5.96019690120733703e+00,1.46299958348305708e-02,2.04506747771261781e+07,-3.01207339567924663e+07
3193,58,493,2130,0,silica,5.96019690120733969e+00,2.05370004165109865e-01,-2.33673070883079525e+06,-2.91633939552726150e+07
3194,966,58,2130,0,silica,5.98519690120734094e+00,1.80925559720602008e-01,1.12504769552570325e+06,-3.26661323221430928e+07
3195,43,965,2129,0,silica,5.98519690120733827e+00,3.90744402792133697e-02,1.74869849546948411e+07,-3.31194903288088962e+07
3196,493,2127,2130,0,silica,5.92883712292071419e+00,1.88515588876615819e-01,-1.14430689624824515e+06,-2.83322913390172571e+07
3197,2128,319,2129,0,silica,5.92883712292069820e+00,3.14844111232665605e-02,2.02519446528046392e+07,-2.99822218568938337e+07
3198,2132,2135,2136,0,silica,6.13222479701777612e+00,1.27540390812876492e-01,8.59836433833326213e+06,-3.59655142981917560e+07
3199,966,965,2131,0,silica,6.01683158645379113e+00,1.10422484103160065e-01,9.12777982776277512e+06,-2.97918197093815580e+07
3200,965,43,2140,0,silica,6.01574663141371868e+00,4.15680666884825079e-02,1.25914257912535276e+07,-3.31194903288088962e+07
3201,43,320,2140,0,silica,6.03879923643590732e+00,1.71236222440997107e-02,1.44260740474243350e+07,-3.48066059082046449e+07
3202,495,494,2135,0,silica,6.10362729857806219e+00,2.02337343354529714e-01,6.37643510488586407e+06,-3.64123849677417129e+07
3203,320,321,2136,0,silica,6.10688452563032502e+00,2.37537846324524064e-02,1.16551897818014715e+07,-3.63227538025116920e+07
3204,58,966,2142,0,silica,6.01563336874982024e+00,1.79460118868648572e-01,5.50426657156597078e+06,-3.26661323221430928e+07
3205,494,58,2142,0,silica,6.03868597377200889e+00,2.03904563313156428e-01,3.42816485585226025e+06,-3.46826332916646749e+07
3206,325,326,2138,0,silica,6.97277737869917047e+00,3.66666666666666599e-02,1.02408097987506650e+07,-3.51058158425587714e+07
3207,500,499,2138,0,silica,6.97277737869917047e+00,1.83333333333333320e-01,1.18678716653353497e+07,-3.51058158425614014e+07
3208,966,2131,2142,0,silica,6.03246495520361137e+00,1.43215936305267050e-01,6.19976756601997372e+06,-3.39684455823252872e+07
3209,2131,965,2140,0,silica,6.03257821786750981e+00,7.86572174584343059e-02,1.22230087849649619e+07,-3.39119323040202707e+07
3210,2131,2135,2142,0,silica,6.06575199129500842e+00,1.49997724104304647e-01,6.93529558946336713e+06,-3.39247047606957406e+07
3211,496,495,2132,0,silica,6.18923330666949045e+00,1.94782596159227689e-01,8.12917887783001829e+06,-3.77931708663892895e+07
3212,320,2136,2140,0,silica,6.07534349957956810e+00,4.08774068765521137e-02,1.13194692958685290e+07,-3.61320715137458593e+07
3213,2132,2136,2141,0,silica,6.16057974419381793e+00,9.33491281891066921e-02,9.97250589720645919e+06,-3.74235348372936621e+07
3214,321,322,2141,0,silica,6.18848179215421279e+00,2.14794140640932607e-02,1.05952321168169398e+07,-3.74639845395762622e+07
3215,2136,2131,2140,0,silica,6.06912248101117058e+00,7.79665576465039117e-02,1.05832960765495487e+07,-3.38228279978167489e+07
3216,2132,495,2135,0,silica,6.14296819133859007e+00,1.77119939513757402e-01,8.12302962433370482e+06,-3.77968544193038121e+07
3217,497,496,2137,0,silica,6.30088600379568309e+00,1.82789577992845648e-01,9.46257806137278490e+06,-3.83968476475283653e+07
3218,2135,494,2142,0,silica,6.07197300986340593e+00,1.86241906667686224e-01,6.73278003130863141e+06,-3.62059048407992050e+07
3219,322,323,2137,0,silica,6.30088600379568309e+00,3.61229113261790011e-02,1.00531631923099123e+07,-3.81819389949904606e+07
3220,2136,321,2141,0,silica,6.14547390387557613e+00,4.52331986965456637e-02,1.00046086008928288e+07,-3.70692809247951731e+07
3221,500,326,2133,0,silica,7.22129486536861265e+00,1.09999999999999987e-01,1.07127525888518281e+07,-3.38441584522409365e+07
3222,496,2132,2137,0,silica,6.23951536980200050e+00,1.57572174152073363e-01,9.20189011455728486e+06,-3.85230747328825071e+07
3223,322,2137,2141,0,silica,6.23876385528672284e+00,5.76023253902722618e-02,9.85358453572683223e+06,-3.80823921390269846e+07
3224,498,497,2134,0,silica,6.46216780237509880e+00,1.83333333333333320e-01,1.05458690096000563e+07,-3.82727045031148568e+07
3225,323,324,2134,0,silica,6.46216780237509880e+00,3.66666666666666599e-02,9.90645247412020527e+06,-3.82029314532009587e+07
3226,324,325,2139,0,silica,6.67761402119836323e+00,3.66666666666666599e-02,9.93801425373629108e+06,-3.71674418769418150e+07
3227,499,498,2139,0,silica,6.67761402119836323e+00,1.83333333333333320e-01,1.13563585712608472e+07,-3.71737255253063068e+07
3228,327,501,2133,0,silica,7.53299462915259355e+00,1.09999999999999987e-01,1.07127525888521560e+07,-2.97790627783999853e+07
3229,499,325,2138,0,silica,6.85904901488354124e+00,1.09999999999999987e-01,1.10543407320437469e+07,-3.63674732328795716e+07
3230,2137,2132,2141,0,silica,6.22160520164714281e+00,1.05718254882833304e-01,9.58053880800815113e+06,-3.74124759974896386e+07
3231,326,500,2138,0,silica,7.08650574251480148e+00,1.09999999999999987e-01,1.10543407320421021e+07,-3.38441584522406086e+07
3232,325,499,2139,0,silica,6.76066122904993971e+00,1.09999999999999987e-01,1.06444120815364830e+07,-3.63674732328795716e+07
3233,2134,497,2137,0,silica,6.37538978649841681e+00,1.46122911326178967e-01,9.96634258131857775e+06,-3.87514745036956444e+07
3234,323,2134,2137,0,silica,6.37538978649841681e+00,7.27895779928456610e-02,9.96149989672259241e+06,-3.82484083344353437e+07
3235,498,2134,2139,0,silica,6.56427501099815291e+00,1.46666666666666640e-01,1.04533895730399657e+07,-3.81963035354714543e+07
3236,2134,324,2139,0,silica,6.56427501099815291e+00,7.33333333333333198e-02,1.04533895730399657e+07,-3.77510848032656461e+07
3237,326,327,2133,0,silica,7.37714474726060399e+00,3.66666666666666599e-02,9.75636105212846398e+06,-3.18116106153204590e+07
3238,501,500,2133,0,silica,7.37714474726060399e+00,1.83333333333333320e-01,1.16691441255751904e+07,-3.18116106153204590e+07
3239,504,44,59,0,silica,9.80021075647435680e+00,1.46666666666666640e-01,1.55196384498774982e+06,-2.22942114882712662e+07
3240,44,504,330,0,silica,9.60042151294871360e+00,7.33333333333333198e-02,1.38311567828080407e+06,-2.27542212268672213e+07
3241,502,327,328,0,silica,8.00490439554566713e+00,7.33333333333333198e-02,8.76088294906611368e+06,-2.67699901802771613e+07
3242,501,327,502,0,silica,7.80791198282212751e+00,1.46666666666666640e-01,9.88105463898826204e+06,-2.97790627783999853e+07
3243,329,502,328,0,silica,8.40168605179484906e+00,7.33333333333333198e-02,6.56021037090294529e+06,-2.67699901802771613e+07
3244,504,329,330,0,silica,9.20084302589742542e+00,7.33333333333333198e-02,4.18277034374372708e+06,-2.27542212268672213e+07
3245,329,503,502,0,silica,8.60147529532049226e+00,1.46666666666666640e-01,7.47191039297306258e+06,-2.42861557566629052e+07
3246,503,329,504,0,silica,9.00105378237178222e+00,1.46666666666666640e-01,4.74507221513510216e+06,-2.42861557566629052e+07
3247,2135,2131,2136,0,silica,6.08666288568884895e+00,1.16513612090267268e-01,9.17350333272634447e+06,-3.59068194137363657e+07
3248,2154,2151,2157,0,silica,-7.34710844458303480e+00,1.32074575690222584e+00,-9.55711817358795321e+05,-6.07862920262103085e+05
3249,673,331,2150,0,silica,-9.63709212591716557e+00,6.24665615519494621e-01,-5.67362940666568247e+04,-7.47287420066338731e+05
3250,2146,335,2149,0,silica,-7.05166644576401058e+00,4.20982040534243429e-01,-1.02372651625501865e+06,-1.15125557932072692e+06
3251,2151,2154,2175,0,silica,-7.09055890398054078e+00,1.52399713910508350e+00,-1.06387860260120616e+06,-6.98346988736475701e+05
3252,2146,2154,2157,0,silica,-7.31911052134010465e+00,9.62234089131723813e-01,-9.79422688389594434e+05,-9.45130673465280444e+05
3253,2150,2161,2162,0,silica,-9.34471554964137674e+00,1.21120473445338939e+00,-2.64706853252484754e+05,-5.71317321156231104e+05
3254,2146,2149,2154,0,silica,-6.97645963329250574e+00,7.16386404727615389e-01,-9.64936113690980594e+05,-9.57230541750515578e+05
3255,2150,331,2164,0,silica,-9.31706692759369126e+00,6.04954696485314858e-01,-2.52779680935008510e+05,-7.77493566772085964e+05
3256,2154,2155,2175,0,silica,-6.82108598693939161e+00,1.48129008391919847e+00,-1.35012583663906553e+06,-7.09907588623952819e+05
3257,2145,2159,2166,0,silica,-6.09680748390692173e+00,4.12580614037602988e-01,-1.38515859350515367e+06,-1.10520369206302636e+06
3258,2161,2158,2162,0,silica,-9.22997245199679384e+00,1.50058248730842436e+00,-2.12270954629597662e+05,-4.46493546013564453e+05
3259,2161,2150,2164,0,silica,-9.17069570267547896e+00,9.39517066891322528e-01,-2.02056265532076330e+05,-6.90075320164811565e+05
3260,2149,2147,2168,0,silica,-6.43712969130548718e+00,4.08489483991508584e-01,-1.20982804416051507e+06,-1.21222040997957229e+06
3261,333,334,2160,0,silica,-7.91096816083665022e+00,3.71945562697671317e-01,-5.87071593760442687e+05,-9.18511902236223104e+05
3262,2154,2143,2155,0,silica,-6.59973938780635550e+00,1.25690773651972543e+00,-1.25693662002069550e+06,-7.74175337100491510e+05
3263,332,333,2152,0,silica,-8.50957462033239231e+00,3.82217418901380557e-01,-4.02258567218989076e+05,-8.42540224239427946e+05
3264,340,341,2153,0,silica,-6.10470686262488993e+00,2.39551574930250810e-01,-1.58699766621800419e+06,-1.11490232161474228e+06
3265,2152,2160,2165,0,silica,-8.24318166247401152e+00,8.69191756371414992e-01,-5.38077099608919933e+05,-6.97225629260051181e+05
3266,508,507,2156,0,silica,-8.00000000000000178e+00,2.05504278023153475e+00,-7.67044291144012124e+05,-3.93056563076941937e+05
3267,509,508,2151,0,silica,-7.42214432986605299e+00,2.04460411663061370e+00,-1.01811822341822134e+06,-4.29189460747411242e+05
3268,507,506,2148,0,silica,-8.57142857142857473e+00,2.05504278023153608e+00,-5.30566667797851493e+05,-3.60777963868160208e+05
3269,506,505,2158,0,silica,-9.15070970036965292e+00,2.08071003504156593e+00,-3.17625232606655336e+05,-3.25181336361672846e+05
3270,2143,2154,2169,0,silica,-6.53386802510811204e+00,9.78299503639556645e-01,-1.26013976055099024e+06,-1.05018884342016932e+06
3271,2160,2157,2165,0,silica,-7.97275606260863778e+00,1.02104494688160785e+00,-6.99771113859536592e+05,-8.04326829805294168e+05
3272,2154,2149,2169,0,silica,-6.66911327679604060e+00,7.53582784432063613e-01,-1.26722209195226664e+06,-1.05987088692170801e+06
3273,2151,2156,2157,0,silica,-7.70785861558033503e+00,1.52705083960705568e+00,-8.78236975564287161e+05,-6.52312621659464785e+05
3274,686,687,2163,0,silica,-6.01856458448231635e+00,3.25712370414574959e-01,-1.44547812816032395e+06,-9.44832850195770152e+05
3275,46,686,2172,0,silica,-6.01703281120634426e+00,2.60651336510031584e-01,-1.54519566028558719e+06,-8.97949294513664208e+05
3276,341,46,2172,0,silica,-6.04008541622853290e+00,2.37151603259785793e-01,-1.67090927072044369e+06,-1.02279221211845393e+06
3277,2155,510,2175,0,silica,-6.70564568174621911e+00,1.85255238639249331e+00,-1.23853980735087628e+06,-5.23944725117686496e+05
3278,2146,2157,2160,0,silica,-7.65322339371812266e+00,8.18775287636023030e-01,-7.51767510112338001e+05,-7.82325329873356735e+05
3279,332,2152,2164,0,silica,-8.78891715258585116e+00,5.29173166533497774e-01,-3.60629669141643040e+05,-8.66124151651357301e+05
3280,331,332,2164,0,silica,-9.08060707109959431e+00,3.66955747632117191e-01,-2.30531473101307143e+05,-7.95696560221030610e+05
3281,2152,333,2160,0,silica,-8.21584914209773132e+00,5.34162981599051956e-01,-5.50490449585479451e+05,-9.41127205270621693e+05
3282,2155,2143,2173,0,silica,-6.37173173692193018e+00,1.38508539756359661e+00,-1.44953299961283430e+06,-9.06296338651692844e+05
3283,507,2148,2156,0,silica,-8.28571428571428825e+00,1.89008556046307130e+00,-6.20851392557598301e+05,-3.08652053724346159e+05
3284,2151,508,2156,0,silica,-7.70785861558033769e+00,1.87964689686214825e+00,-8.61598636816971237e+05,-3.38465586149532755e+05
3285,2148,506,2158,0,silica,-8.86499541465536822e+00,1.91575281527310248e+00,-3.83923100753567182e+05,-2.76113260960131884e+05
3286,510,509,2175,0,silica,-6.88630760225465099e+00,2.07065532494776461e+00,-1.31039470378958341e+06,-4.64090209334642859e+05
3287,510,2155,2171,0,silica,-6.48648798270785409e+00,1.89364157249490095e+00,-1.56297758811622369e+06,-5.09345563871791761e+05
3288,2152,2161,2164,0,silica,-8.84233517119328205e+00,8.63735536939505333e-01,-3.78488158891940082e+05,-6.65496789179906831e+05
3289,2157,2156,2165,0,silica,-7.99939336122792000e+00,1.37080883108213825e+00,-6.71403543099081493e+05,-5.47332104814444785e+05
3290,674,673,2150,0,silica,-9.83688136944280878e+00,9.57998948851983223e-01,-1.04151439132196901e+05,-6.38861146664793487e+05
3291,337,2147,2149,0,silica,-6.52303360714512070e+00,3.19178276752318857e-01,-1.23608441870898474e+06,-1.29596833715877053e+06
3292,675,674,2162,0,silica,-9.85399464864242525e+00,1.47197674852626403e+00,-9.45631224100542022e+04,-4.80039327544841741e+05
3293,334,335,2146,0,silica,-7.35986195241590480e+00,3.52759115526778133e-01,-7.84999496924436069e+05,-1.04220906505964743e+06
3294,693,61,2171,0,silica,-6.09572133178771391e+00,1.92340617313203666e+00,-1.61367524956441624e+06,-6.02736213042468997e+05
3295,2148,2158,2161,0,silica,-8.89978732716389409e+00,1.58364851901244319e+00,-4.15279734294205555e+05,-5.18403366282391537e+05
3296,2166,2147,2167,0,silica,-6.22355309044719718e+00,3.18305358406230809e-01,-1.37236663167204359e+06,-1.18520020290367119e+06
3297,2161,2152,2165,0,silica,-8.59032515931610341e+00,1.05180856407975121e+00,-4.59537877386707056e+05,-7.33836703433965333e+05
3298,2148,2161,2165,0,silica,-8.60561384516501882e+00,1.39130059207657353e+00,-4.60054645606155333e+05,-4.83571275964361383e+05
3299,687,688,2145,0,silica,-6.01756572012538005e+00,4.00821637791831498e-01,-1.35952630325826630e+06,-1.01982063651094434e+06
3300,2158,505,2174,0,silica,-9.40879342731492407e+00,1.96991405842196787e+00,-1.97460414317285991e+05,-2.49794231016068428e+05
3301,505,60,2174,0,silica,-9.68665515551670175e+00,2.10920402338040125e+00,-1.03188733183429227e+05,-3.07318667504668236e+05
3302,2156,2148,2165,0,silica,-8.28510764694220825e+00,1.55844766856876760e+00,-6.20851392557559302e+05,-5.76032634829337592e+05
3303,2162,2158,2174,0,silica,-9.45326426643354090e+00,1.72189080694948515e+00,-2.29729550636669388e+05,-4.25322225913925155e+05
3304,334,2146,2160,0,silica,-7.61876801232241618e+00,5.04704678224449421e-01,-7.77441566254395177e+05,-1.04762920862952585e+06
3305,2153,2163,2166,0,silica,-6.10244950453188739e+00,3.22471170818348085e-01,-1.43088486936512939e+06,-1.11095758345181448e+06
3306,687,2145,2163,0,silica,-6.03613030460769640e+00,3.61195808534429785e-01,-1.37938213964226702e+06,-1.04892717465373990e+06
3307,2153,341,2172,0,silica,-6.07445201636675858e+00,2.56703178190036629e-01,-1.51959682695802674e+06,-1.07589918407123559e+06
3308,674,2150,2162,0,silica,-9.69087601808523402e+00,1.20997569737987032e+00,-5.29512023835074870e+04,-5.51256736689784448e+05
3309,61,510,2171,0,silica,-6.28619752226390460e+00,2.11174451105017225e+00,-1.64153280293984758e+06,-5.78104093827788834e+05
3310,692,693,2173,0,silica,-6.07790884478494053e+00,1.46157760138026682e+00,-1.55270343956457125e+06,-9.10730541398763540e+05
3311,2149,2168,2169,0,silica,-6.46164060176070620e+00,5.47489627477881435e-01,-1.22869687241809838e+06,-1.09560364407597529e+06
3312,339,340,2167,0,silica,-6.19096639213213695e+00,2.39642822222746910e-01,-1.48570024078096380e+06,-1.20201263928022375e+06
3313,686,2163,2172,0,silica,-6.03559739568866060e+00,2.95863747959498546e-01,-1.49718021745662671e+06,-1.02678061553953157e+06
3314,509,2151,2175,0,silica,-7.16559478926355808e+00,1.89525944157837833e+00,-1.11762492600271921e+06,-3.78804644134479749e+05
3315,2166,2159,2168,0,silica,-6.17768558441557314e+00,4.42908649906692098e-01,-1.33313399398354045e+06,-1.13217429438526137e+06
3316,60,675,2174,0,silica,-9.87713134599289155e+00,1.94253735671332639e+00,-9.21201333070492692e+04,-2.95043998242881265e+05
3317,675,2162,2174,0,silica,-9.73112599463531858e+00,1.69451410524084367e+00,-4.68972276008033732e+04,-3.94496458015365584e+05
3318,2147,2166,2168,0,silica,-6.25787032783586294e+00,3.87973743422673600e-01,-1.37380758131171460e+06,-1.18000562155541894e+06
3319,2163,2145,2166,0,silica,-6.08564862451904265e+00,3.61902767258197866e-01,-1.40540430855251290e+06,-1.04783370447783696e+06
3320,2163,2153,2172,0,silica,-6.06996399582688539e+00,2.91915589639503592e-01,-1.51298160521707521e+06,-1.02812076284894941e+06
3321,688,689,2159,0,silica,-6.02972344387019543e+00,4.93946921914552028e-01,-1.32273392068671226e+06,-1.10054641062549572e+06
3322,693,2171,2173,0,silica,-6.17363017657265445e+00,1.68032153170261345e+00,-1.69816531342685921e+06,-7.03725395370247308e+05
3323,691,692,2143,0,silica,-6.09353243169304104e+00,1.09169504949477281e+00,-1.44900328781108372e+06,-1.07140944872072688e+06
3324,338,339,2147,0,silica,-6.31322447048918178e+00,2.50955351744853561e-01,-1.36716532731948840e+06,-1.24724401514336583e+06
3325,2153,2166,2167,0,silica,-6.14801150329493762e+00,3.06901581591628059e-01,-1.47224082972372998e+06,-1.13321296819622023e+06
3326,2171,2155,2173,0,silica,-6.37392063701660305e+00,1.65055693106547774e+00,-1.40014532245313632e+06,-6.64353515341572696e+05
3327,689,690,2144,0,silica,-6.03953181288706009e+00,6.39027212399907008e-01,-1.33041564371088962e+06,-1.15409748368943203e+06
3328,2168,2144,2169,0,silica,-6.27239473126679581e+00,6.18942439937051891e-01,-1.32096203382421727e+06,-1.13676297267811047e+06
3329,340,2153,2167,0,silica,-6.14578084084806608e+00,2.59194397152997746e-01,-1.47241686233479483e+06,-1.19062538437231048e+06
3330,2147,339,2167,0,silica,-6.25358692195814836e+00,2.70598173967600497e-01,-1.39426386304830550e+06,-1.27381790547766676e+06
3331,2145,688,2159,0,silica,-6.04728916399557548e+00,4.39711670305841296e-01,-1.31220968388221739e+06,-1.07224238728371612e+06
3332,336,337,2149,0,silica,-6.68052036417987694e+00,2.88222925007465269e-01,-1.09493914525600430e+06,-1.20404795988039486e+06
3333,690,691,2170,0,silica,-6.05349666846516143e+00,8.26779627190302402e-01,-1.37782779486833094e+06,-1.15772087126156315e+06
3334,2159,2144,2168,0,silica,-6.16769907739128609e+00,5.34877202934697427e-01,-1.33268008974444866e+06,-1.12305621917437785e+06
3335,2143,692,2173,0,silica,-6.17144127647798157e+00,1.27618891684669422e+00,-1.53669951997890114e+06,-8.95872051404199563e+05
3336,2143,2169,2170,0,silica,-6.28144819790390674e+00,8.84453556796705231e-01,-1.34805368459160789e+06,-1.02096144067468995e+06
3337,689,2144,2159,0,silica,-6.06925525675725464e+00,5.58784418674319050e-01,-1.30643796882287972e+06,-1.11827068208496086e+06
3338,691,2143,2170,0,silica,-6.14702910015820247e+00,9.53586219450800576e-01,-1.44421390534116980e+06,-1.06309096729637147e+06
3339,2169,2144,2170,0,silica,-6.22744757909792579e+00,7.31189650048382656e-01,-1.31280813058244693e+06,-1.11121119166285498e+06
3340,2144,690,2170,0,silica,-6.09302848135222064e+00,7.27367206771616259e-01,-1.35304150752912275e+06,-1.12029052209099755e+06
3341,673,45,331,0,silica,-9.80021075647435680e+00,3.86666666666296954e-01,-8.07286932014894410e+04,-7.76047959707472241e+05
3342,335,336,2149,0,silica,-6.87729593584708354e+00,2.88222925007465269e-01,-9.67876883995900047e+05,-1.27597094615966314e+06
3343,337,338,2147,0,silica,-6.41802005554055111e+00,2.50955351744853561e-01,-1.23100100929681771e+06,-1.30819261127094249e+06
3344,688,687,2177,0,silica,-5.97398870391256498e+00,3.99836947826479217e-01,-1.26487550657987595e+06,-1.01982063651094434e+06
3345,687,686,2176,0,silica,-5.98042520946679712e+00,3.23534084629490681e-01,-1.37304259666231135e+06,-9.44832850195770152e+05
3346,709,710,2179,0,silica,-5.87499999999999911e+00,1.08813310791972184e+00,-1.55587558124004351e+06,-1.15511043234127504e+06
3347,692,691,2179,0,silica,-5.97499999999999876e+00,1.08813310791972184e+00,-1.55587558124530781e+06,-1.07140944872072688e+06
3348,687,2176,2177,0,silica,-5.95441391337936210e+00,3.58032832783993282e-01,-1.32503377858180040e+06,-8.77544018358707312e+05
3349,46,342,2182,0,silica,-5.95802295052625741e+00,2.36222872391772892e-01,-1.70227805935452459e+06,-7.15711360308151226e+05
3350,686,46,2182,0,silica,-5.98302295052625777e+00,2.59722605642018711e-01,-1.52813574115625373e+06,-8.97949294512348133e+05
3351,342,47,2183,0,silica,-5.89078513215762722e+00,2.35846484762698233e-01,-1.69822104068075167e+06,-4.24151597911319695e+05
3352,705,706,2177,0,silica,-5.87398870391256533e+00,3.99836947826479217e-01,-1.16308965620063781e+06,-1.00140499728369701e+06
3353,47,704,2183,0,silica,-5.86578513215762598e+00,2.59346218012944052e-01,-1.34234451703508361e+06,-6.96529162363243086e+04
3354,2176,2183,2184,0,silica,-5.90949386117121822e+00,3.04245809642713250e-01,-1.27807384133039461e+06,-6.26668395445232396e+05
3355,2176,2182,2183,0,silica,-5.92923329215068140e+00,2.85103482818853893e-01,-1.43302001436086651e+06,-7.58648343413994298e+05
3356,704,705,2184,0,silica,-5.86328351954679494e+00,3.25865158180740244e-01,-1.14504237561292644e+06,-7.51512265299453633e+05
3357,2176,686,2182,0,silica,-5.96344815999305400e+00,2.92756731306401397e-01,-1.46622780405089376e+06,-7.53516944976138999e+05
3358,705,2177,2184,0,silica,-5.88727222345936152e+00,3.60363906335242845e-01,-1.08168381626306521e+06,-8.23847696736774407e+05
3359,2177,2176,2184,0,silica,-5.91769743292615757e+00,3.46397806284763299e-01,-1.24101167721919995e+06,-8.99207254042653949e+05
3360,2183,704,2184,0,silica,-5.87906865170442217e+00,2.94711417228576245e-01,-1.05864660342533095e+06,-6.54791248864917667e+05
3361,689,688,2178,0,silica,-5.97499999999999876e+00,5.02084995528519928e-01,-1.24132359390006051e+06,-1.10054641062549572e+06
3362,706,707,2178,0,silica,-5.87499999999999734e+00,5.02084995528519928e-01,-1.21387729779945360e+06,-1.14682407113430975e+06
3363,2182,342,2183,0,silica,-5.92380808268388481e+00,2.52069357154471207e-01,-1.42913295563867548e+06,-5.80628644949941547e+05
3364,708,709,2180,0,silica,-5.87499999999999911e+00,8.27831814759672824e-01,-1.40498775264807697e+06,-1.24914989532594662e+06
3365,691,690,2180,0,silica,-5.97499999999999876e+00,8.27831814759672824e-01,-1.40498775265005091e+06,-1.15772087126156315e+06
3366,688,2177,2178,0,silica,-5.94898870391256462e+00,4.46865053954456970e-01,-1.28245067525093071e+06,-1.04696787228112214e+06
3367,707,708,2181,0,silica,-5.87499999999999734e+00,6.39027212399907008e-01,-1.28997402450201986e+06,-1.24190280027717585e+06
3368,690,689,2181,0,silica,-5.97499999999999876e+00,6.39027212399907008e-01,-1.29367348309390061e+06,-1.15409748368943203e+06
3369,2177,706,2178,0,silica,-5.89898870391256480e+00,4.46865053954456970e-01,-1.13402953496519546e+06,-1.04280194551019662e+06
3370,708,690,2181,0,silica,-5.92499999999999805e+00,6.91941841375555811e-01,-1.33828561129149911e+06,-1.19625229896540637e+06
3371,691,709,2179,0,silica,-5.92499999999999982e+00,9.87554018410551016e-01,-1.47168989400728699e+06,-1.11325994053231715e+06
3372,689,2178,2181,0,silica,-5.94999999999999840e+00,5.66922492288286950e-01,-1.28715650502110482e+06,-1.16025549537669169e+06
3373,2178,707,2181,0,silica,-5.89999999999999769e+00,5.66922492288286950e-01,-1.20356728758872510e+06,-1.16025549537669169e+06
3374,690,708,2180,0,silica,-5.92499999999999805e+00,7.54876708828811083e-01,-1.33828561129149911e+06,-1.20343538329424849e+06
3375,709,691,2180,0,silica,-5.92499999999999805e+00,9.00786920690534565e-01,-1.47168989400728699e+06,-1.20343538329359051e+06
3376,710,692,2179,0,silica,-5.92499999999999982e+00,1.18871219742889278e+00,-1.64006126847872254e+06,-1.11325994052935601e+06
3377,693,62,61,0,silica,-5.94999999999999929e+00,2.03166166208186416e+00,-1.87045815138583654e+06,-6.02736213042468997e+05
3378,62,693,711,0,silica,-5.89999999999999858e+00,1.84332332416372857e+00,-1.75884173076480371e+06,-6.32368103674714570e+05
3379,693,692,710,0,silica,-5.94999999999999929e+00,1.37766282353751635e+00,-1.64006126847872254e+06,-9.10730541398763540e+05
3380,693,710,711,0,silica,-5.89999999999999858e+00,1.51632390489155466e+00,-1.75884173076480371e+06,-9.53561760197317577e+05
3381,708,707,2199,0,silica,-5.78182875322058454e+00,6.14926655534133504e-01,-1.20844004993330943e+06,-1.24190280027717585e+06
3382,2201,2186,2203,0,silica,-5.45450725011518145e+00,4.08528631090706140e-01,-1.07104676450397493e+06,-1.94074851646585460e+06
3383,2186,2194,2203,0,silica,-5.50854498102234658e+00,4.15573400334285081e-01,-9.28496732222771621e+05,-1.97320410477962485e+06
3384,707,2198,2199,0,silica,-5.74905929477509048e+00,5.35682815419541325e-01,-1.20655658699611179e+06,-1.29638359009215818e+06
3385,2190,2197,2202,0,silica,-5.74973105451313327e+00,3.13857336434173295e-01,-6.72921546874065301e+05,-1.05725227557509416e+06
3386,709,708,2189,0,silica,-5.74661770335871314e+00,8.24964058064996397e-01,-1.46021561419472680e+06,-1.24914989532594662e+06
3387,2188,2200,2203,0,silica,-5.45354507910780928e+00,3.13677074152325153e-01,-8.79931782934598858e+05,-2.39920916594621632e+06
3388,2200,2201,2203,0,silica,-5.43833160636534796e+00,3.53307021123171028e-01,-8.50209175777187338e+05,-2.25654596432453161e+06
3389,2192,2185,2193,0,silica,-5.60172116552122645e+00,3.20306971392104511e-01,-6.17198129160175333e+05,-1.66283799349299422e+06
3390,343,344,2190,0,silica,-5.74280226285442819e+00,2.39028350695413838e-01,-5.19339469888973181e+04,-9.78272145696658990e+05
3391,345,346,2185,0,silica,-5.59981422827950670e+00,2.40897722064283587e-01,-6.66800879158687603e+04,-1.70675048254274344e+06
3392,347,348,2188,0,silica,-5.45718205714479421e+00,2.39336075517900371e-01,-7.49756951005268056e+04,-2.56581843802499771e+06
3393,344,345,2191,0,silica,-5.67142857142856638e+00,2.40619652471055850e-01,-6.08513730017280541e+04,-1.35876875618041982e+06
3394,346,347,2195,0,silica,-5.52857142857142758e+00,2.40619652471054102e-01,-7.05805323028564453e+04,-2.07253297003915766e+06
3395,2197,2187,2202,0,silica,-5.76006063910024313e+00,3.54125488788247733e-01,-6.71022658388042357e+05,-1.06688052538936608e+06
3396,2191,2185,2192,0,silica,-5.63531431866347177e+00,3.03480342091345390e-01,-3.64972953670809977e+05,-1.52063639836990344e+06
3397,2193,2185,2195,0,silica,-5.56622107513725339e+00,2.98963656307152603e-01,-3.88954925829734770e+05,-1.79521481692786212e+06
3398,2190,344,2191,0,silica,-5.70708797714013727e+00,2.59648003166469687e-01,-3.73278334157123521e+05,-1.17838896605489729e+06
3399,2185,346,2195,0,silica,-5.56409994256522022e+00,2.61517374535337688e-01,-3.90048117305488558e+05,-1.88808827384213428e+06
3400,347,2188,2195,0,silica,-5.49289634285907891e+00,2.59955727988954555e-01,-4.87022926597080193e+05,-2.31296609848737717e+06
3401,345,2185,2191,0,silica,-5.63552851399378696e+00,2.61517374535339409e-01,-3.64815050228261913e+05,-1.53426226705175382e+06
3402,2191,2192,2197,0,silica,-5.67384915571690218e+00,3.22508593636545771e-01,-6.19798215326585690e+05,-1.37594395316339494e+06
3403,2190,2191,2197,0,silica,-5.70972275675878915e+00,2.99573976775953599e-01,-3.72519354322943662e+05,-1.18971886959280004e+06
3404,722,723,2200,0,silica,-5.37017254577253933e+00,3.24811341204769732e-01,-1.21221219150060648e+06,-2.43878080527465791e+06
3405,705,704,2202,0,silica,-5.83048448823052912e+00,3.25402971094383542e-01,-8.08303552820434561e+05,-7.51512265299453633e+05
3406,62,711,2204,0,silica,-5.76666666666666661e+00,1.93749249312279637e+00,-2.06391163746158103e+06,-6.32368103674714570e+05
3407,729,63,2204,0,silica,-5.43333333333333357e+00,1.93749249312279637e+00,-2.06885393988763308e+06,-7.74434495084009133e+05
3408,348,48,2208,0,silica,-5.39093225213572769e+00,2.37036620071453014e-01,-9.39843478860282776e+04,-3.17566435080459574e+06
3409,47,343,2209,0,silica,-5.80906774786427249e+00,2.37036620071454068e-01,-3.77530251562786070e+04,-5.67400121180019341e+05
3410,48,722,2208,0,silica,-5.36712272832620396e+00,2.60536353321698833e-01,-9.22893007170925033e+05,-4.00876256633411394e+06
3411,704,47,2209,0,silica,-5.83287727167379710e+00,2.60536353321699832e-01,-5.32997115973548847e+05,-6.96529162376403692e+04
3412,2193,2195,2203,0,silica,-5.53069256114346164e+00,3.18095550637632007e-01,-6.85906886074333102e+05,-2.04274014030747395e+06
3413,2195,2188,2203,0,silica,-5.49289634285907891e+00,2.99985344383717545e-01,-4.79274504111943184e+05,-2.16947449791732756e+06
3414,2187,2197,2206,0,silica,-5.72237490415899330e+00,3.85109835977490544e-01,-8.62833514797677984e+05,-1.26041592350704176e+06
3415,2189,708,2199,0,silica,-5.67844645657930069e+00,7.01451080780536862e-01,-1.38512140102672926e+06,-1.48013648504724004e+06
3416,706,705,2187,0,silica,-5.82456041887011011e+00,4.01134969471219183e-01,-9.57949134353055852e+05,-1.00140499728369701e+06
3417,723,724,2201,0,silica,-5.37054001297375994e+00,4.00804488910477152e-01,-1.22356506116065965e+06,-2.09390430458553298e+06
3418,2194,2199,2206,0,silica,-5.63253858372412441e+00,4.67473331651705681e-01,-8.86195833747711149e+05,-1.51109416023104661e+06
3419,2188,348,2208,0,silica,-5.42668573785195107e+00,2.56372695589353439e-01,-6.86050101327667129e+05,-2.94328124961768137e+06
3420,343,2190,2209,0,silica,-5.77329858214727309e+00,2.56064970766867905e-01,-4.48898828332042671e+05,-7.28772969088668819e+05
3421,2187,705,2202,0,silica,-5.80504490710063958e+00,3.61199740893626053e-01,-9.60252415722083999e+05,-9.96639773495407077e+05
3422,2194,2186,2199,0,silica,-5.55942135329055187e+00,4.91118964540384229e-01,-1.13804927083985554e+06,-1.63262796801034920e+06
3423,722,2200,2208,0,silica,-5.38729527409874365e+00,2.94847735561360569e-01,-1.39016737373989099e+06,-2.77081240033458686e+06
3424,2202,704,2209,0,silica,-5.81336175990432569e+00,2.95439365450975433e-01,-7.97408477088775602e+05,-7.70158040859546629e+05
3425,2200,723,2201,0,silica,-5.39071255874629873e+00,3.60277630443270269e-01,-1.32241370759708388e+06,-2.26358397728914255e+06
3426,2192,2193,2194,0,silica,-5.59315134778931178e+00,3.65420041060146084e-01,-6.35261334706993075e+05,-1.74871795795452106e+06
3427,2200,2188,2208,0,silica,-5.42304875981496703e+00,2.90684077829015231e-01,-6.48604948430557153e+05,-2.63989134913558932e+06
3428,2190,2202,2209,0,silica,-5.77759259418732629e+00,2.90967982896143507e-01,-4.39356160046710924e+05,-8.18110736247596680e+05
3429,728,729,2196,0,silica,-5.43333333333333357e+00,1.44699336421453517e+00,-1.91683495208092686e+06,-1.17686190167914866e+06
3430,711,710,2196,0,silica,-5.76666666666666661e+00,1.44699336421453517e+00,-1.86961310257058125e+06,-9.53561760197317577e+05
3431,727,728,2207,0,silica,-5.42999183944867436e+00,1.09313064642254010e+00,-1.76397858313542348e+06,-1.48270846246568440e+06
3432,63,62,2204,0,silica,-5.60000000000000053e+00,2.12583083104093173e+00,-2.14665243277090788e+06,-7.05588100749921752e+05
3433,2197,2192,2206,0,silica,-5.67617171852999647e+00,3.67776300484008278e-01,-6.19890143848353531e+05,-1.37474086840639100e+06
3434,2199,2198,2206,0,silica,-5.69185804806437101e+00,4.88351751759248220e-01,-1.06446973524704925e+06,-1.47173512493371009e+06
3435,724,725,2186,0,silica,-5.38634818952237282e+00,4.97589655892876792e-01,-1.22561939905111305e+06,-1.94447675460505462e+06
3436,707,706,2198,0,silica,-5.81723054155450381e+00,4.94945875525547752e-01,-1.08639029987222655e+06,-1.14682407113430975e+06
3437,2196,729,2204,0,silica,-5.51666666666666838e+00,1.67982361452764128e+00,-2.17413187594374409e+06,-8.67598334533388494e+05
3438,711,2196,2204,0,silica,-5.68333333333333446e+00,1.67982361452764128e+00,-1.79809441321352706e+06,-8.67598334533388494e+05
3439,2198,2187,2206,0,silica,-5.73458971371389481e+00,4.32073074207874441e-01,-8.66719504689617082e+05,-1.24168914410935156e+06
3440,710,709,2207,0,silica,-5.76332517278200651e+00,1.09313064642254010e+00,-1.66270137858388410e+06,-1.15511043234127504e+06
3441,724,2186,2201,0,silica,-5.40688820249613311e+00,4.43337255402811714e-01,-1.26457462214275356e+06,-2.04083441208366374e+06
3442,725,726,2205,0,silica,-5.38962559588700074e+00,6.36191974126580351e-01,-1.37157569125259388e+06,-1.81919371340243332e+06
3443,2192,2194,2206,0,silica,-5.62906706374465227e+00,3.93861118606849470e-01,-8.86109700352878543e+05,-1.53543941826401697e+06
3444,706,2187,2198,0,silica,-5.79179096042461605e+00,4.41023955596224759e-01,-1.07150986356312269e+06,-1.18728751876181597e+06
3445,726,727,2189,0,silica,-5.41328437002538010e+00,8.24964058064996397e-01,-1.55887137077140319e+06,-1.69376884647482866e+06
3446,709,2189,2207,0,silica,-5.65994287614072178e+00,9.53206247253262084e-01,-1.51346635594822862e+06,-1.38906959675582871e+06
3447,728,2196,2207,0,silica,-5.51332517278200829e+00,1.26304027660873008e+00,-1.92892394714265340e+06,-1.19139252909522760e+06
3448,2196,710,2207,0,silica,-5.67999183944867525e+00,1.26304027660873008e+00,-1.67783567096502520e+06,-1.18407276555966120e+06
3449,2189,727,2207,0,silica,-5.49327620947405482e+00,9.53206247253262084e-01,-1.72508158439563727e+06,-1.42643053469464998e+06
3450,2199,2186,2205,0,silica,-5.52446920529662666e+00,5.61948672001367999e-01,-1.19025566968887788e+06,-1.75721362290121056e+06
3451,2186,725,2205,0,silica,-5.42597378540937303e+00,5.59591914379317212e-01,-1.34084669175743568e+06,-1.76764638517604815e+06
3452,2189,2199,2205,0,silica,-5.55140538579963572e+00,6.72158528019385582e-01,-1.27347090177702415e+06,-1.52684481625305163e+06
3453,726,2189,2205,0,silica,-5.45290996591238208e+00,7.22716399372983598e-01,-1.51933085393788572e+06,-1.61931743718642695e+06
3454,2194,2193,2203,0,silica,-5.54574649550057952e+00,3.63486689898903148e-01,-7.14913174330358393e+05,-1.75158463649325352e+06
3455,349,49,2214,0,silica,-5.28336995086642336e+00,2.36605427906597748e-01,-3.98992427057579020e+06,-1.65818713827466941e+06
3456,48,349,2214,0,silica,-5.31670328419975657e+00,2.36605427906597748e-01,-5.30216407612289395e+06,-1.66108082970972057e+06
3457,49,740,2214,0,silica,-5.26670328419975764e+00,2.60105161156843512e-01,-2.62544922501211148e+06,-2.85671199645938876e+05
3458,722,48,2214,0,silica,-5.33336995086642407e+00,2.60105161156843512e-01,-2.95795814431377407e+06,-4.00876256633411394e+06
3459,723,722,2212,0,silica,-5.33333333333333126e+00,3.25749938447661924e-01,-1.76371099931253423e+06,-2.43878080527465791e+06
3460,740,741,2212,0,silica,-5.26666666666666483e+00,3.25749938447661924e-01,-1.72362230860359175e+06,-1.65120043065061560e+06
3461,724,723,2211,0,silica,-5.33333333333333215e+00,4.03997673783206779e-01,-1.39682254564487445e+06,-2.09390430458553298e+06
3462,741,742,2211,0,silica,-5.26666666666666572e+00,4.03997673783206779e-01,-1.39860451430683117e+06,-1.94366284886395442e+06
3463,743,744,2210,0,silica,-5.26666666666666661e+00,6.39027212399907008e-01,-1.49427836101324065e+06,-1.94117136511164648e+06
3464,726,725,2210,0,silica,-5.33333333333333304e+00,6.39027212399907008e-01,-1.49427836100666039e+06,-1.81919371340243332e+06
3465,2211,723,2212,0,silica,-5.31666666666666288e+00,3.64409412558892143e-01,-1.46653300491253845e+06,-2.01726056855609873e+06
3466,741,2211,2212,0,silica,-5.28333333333333055e+00,3.64409412558892143e-01,-1.46554450323037128e+06,-2.01726056855478277e+06
3467,740,2212,2214,0,silica,-5.28336995086642158e+00,2.95355140639397495e-01,-1.93693873153181071e+06,-1.95377057642990095e+06
3468,2212,722,2214,0,silica,-5.31670328419975480e+00,2.95355140639397495e-01,-2.10588430414031958e+06,-1.95343877064393973e+06
3469,742,743,2213,0,silica,-5.26666666666666483e+00,5.02084995528519928e-01,-1.36964122088418948e+06,-1.99389139841517434e+06
3470,725,724,2213,0,silica,-5.33333333333333126e+00,5.02084995528519928e-01,-1.36838714454179746e+06,-1.94447675460505462e+06
3471,743,725,2213,0,silica,-5.29999999999999805e+00,5.40465177800462548e-01,-1.39746232825707435e+06,-1.96972866153104766e+06
3472,2211,742,2213,0,silica,-5.28333333333333055e+00,4.51025779911184532e-01,-1.36407270568362228e+06,-1.98905512192268367e+06
3473,724,2211,2213,0,silica,-5.31666666666666288e+00,4.51025779911184532e-01,-1.31705936865091324e+06,-1.98905512192202546e+06
3474,725,743,2210,0,silica,-5.29999999999999982e+00,5.86112583424258315e-01,-1.39746232825707435e+06,-1.88018253925506584e+06
3475,744,726,2210,0,silica,-5.29999999999999982e+00,6.91941841375555811e-01,-1.59109439376282669e+06,-1.88018253925901395e+06
3476,63,729,64,0,silica,-5.31666666666666643e+00,2.03166166208186416e+00,-2.36524762865956267e+06,-7.74434495084009133e+05
3477,64,729,747,0,silica,-5.28333333333333321e+00,1.84332332416372857e+00,-2.23283960561511014e+06,-7.97868920687191421e+05
3478,727,726,744,0,silica,-5.31666666666666643e+00,7.91354261794241953e-01,-1.59109439376282669e+06,-1.69376884647482866e+06
3479,728,727,745,0,silica,-5.31666666666666643e+00,1.03784356316513637e+00,-1.81513495668771723e+06,-1.48270846246568440e+06
3480,727,744,745,0,silica,-5.28333333333333321e+00,8.64309367725103694e-01,-1.81513495668771723e+06,-1.79613342629280547e+06
3481,729,728,746,0,silica,-5.31666666666666643e+00,1.37766282353751635e+00,-2.03238142095442745e+06,-1.17686190167898405e+06
3482,728,745,746,0,silica,-5.28333333333333321e+00,1.13842265267430709e+00,-2.03238142095442745e+06,-1.55470701449280721e+06
3483,729,746,747,0,silica,-5.28333333333333321e+00,1.51632390489155466e+00,-2.23283960561511014e+06,-1.22505090628981590e+06
3484,744,743,2230,0,silica,-5.18102826263189353e+00,6.22068787234457243e-01,-1.59319750431804638e+06,-1.94117136511164648e+06
3485,2216,2224,2227,0,silica,-4.91931600504154520e+00,4.25855680296828243e-01,-1.37857287572347629e+06,-3.05972098910322180e+06
3486,2216,2227,2228,0,silica,-4.85604957346684785e+00,4.17628302683427988e-01,-1.66278363173978799e+06,-2.98756084606440039e+06
3487,2224,2229,2234,0,silica,-5.07638758237866394e+00,4.25842936695584040e-01,-1.25459661938408366e+06,-2.25145076627105707e+06
3488,743,2229,2230,0,silica,-5.14131286090213635e+00,5.37766816064548014e-01,-1.55435937428812962e+06,-2.22317626203948492e+06
3489,2227,2218,2232,0,silica,-4.85219118738742328e+00,3.21696927620902018e-01,-1.42851399118000013e+06,-3.74348747483406495e+06
3490,745,744,2219,0,silica,-5.14663312446092025e+00,8.24947019909728851e-01,-1.90142518936916091e+06,-1.79613342629280547e+06
3491,2231,2220,2233,0,silica,-5.15021969670744628e+00,3.11309070971822699e-01,-9.54022141761102597e+05,-1.85752264308720571e+06
3492,2215,2222,2223,0,silica,-5.00446134636109008e+00,3.19191148343348441e-01,-8.86250399554366944e+05,-2.72952112557229027e+06
3493,2217,2231,2233,0,silica,-5.16151144431035558e+00,3.49415387482117368e-01,-9.46615861987094861e+05,-1.91222645509982575e+06
3494,353,354,2221,0,silica,-4.92857142857142971e+00,2.40619652471057988e-01,-8.20365839384078863e+04,-3.32392559992177924e+06
3495,350,351,2220,0,silica,-5.14281794285520544e+00,2.39336075517899122e-01,-7.41717423568725499e+04,-1.73135275280588144e+06
3496,352,353,2215,0,silica,-5.00018577172049472e+00,2.40897722064282616e-01,-8.04523147216415382e+04,-2.77882271909860568e+06
3497,354,355,2218,0,silica,-4.85719773714556968e+00,2.39028350695416503e-01,-8.64937429744434339e+04,-4.10547882689632382e+06
3498,351,352,2225,0,silica,-5.07169545262369414e+00,2.40146826144878145e-01,-7.81352090434741986e+04,-2.27622900219280226e+06
3499,2228,2227,2232,0,silica,-4.83823602896414329e+00,3.63053435102825617e-01,-1.36111547720711213e+06,-3.58518906218070025e+06
3500,2215,2221,2222,0,silica,-4.96729234519461560e+00,2.99193257922070910e-01,-5.51230093093495583e+05,-2.91461465941875428e+06
3501,2215,2223,2225,0,silica,-5.03762165408209484e+00,3.01662091101496332e-01,-5.12503187608823762e+05,-2.47984158763134945e+06
3502,354,2218,2221,0,silica,-4.89291202285985616e+00,2.59648003166474517e-01,-7.35590078019876382e+05,-3.70125488565951306e+06
3503,352,2215,2225,0,silica,-5.03616693862990328e+00,2.61044548209160787e-01,-5.10689217329807230e+05,-2.53755517696543690e+06
3504,2215,353,2221,0,silica,-4.96447148600621002e+00,2.61517374535340630e-01,-5.52823535279331147e+05,-3.05211662683444936e+06
3505,2220,351,2225,0,silica,-5.10737053833604282e+00,2.59482901662777266e-01,-5.33472284606866771e+05,-2.01320203556350688e+06
3506,2222,2221,2227,0,silica,-4.93127442440686004e+00,3.25714133300719799e-01,-1.01674093332561490e+06,-3.31651683123659110e+06
3507,2221,2218,2227,0,silica,-4.89279415950688179e+00,3.07066600609406049e-01,-7.18771654558203183e+05,-3.45019272708583809e+06
3508,741,740,2231,0,silica,-5.22971821314937557e+00,3.24898127266957715e-01,-1.21018239345525741e+06,-1.65120043065061560e+06
3509,758,759,2232,0,silica,-4.76892083740435080e+00,3.25749938447661924e-01,-1.87087370831869100e+06,-4.08213438073127717e+06
3510,64,747,2235,0,silica,-5.16666666666666696e+00,1.93749249312279637e+00,-2.60226257392418850e+06,-7.97868920687191421e+05
3511,765,65,2235,0,silica,-4.83333333333333304e+00,1.93749249312279637e+00,-2.60885560351684550e+06,-9.55848472528889077e+05
3512,355,50,2238,0,silica,-4.79093225213572627e+00,2.37036620071457343e-01,-1.17209961087484349e+05,-5.01345647769573145e+06
3513,49,350,2239,0,silica,-5.20906774786427196e+00,2.37036620071455401e-01,-7.02261773791980668e+04,-1.09885142216686229e+06
3514,740,49,2239,0,silica,-5.23287727167379568e+00,2.60536353321701164e-01,-8.79317008979473030e+05,-2.85671199645938876e+05
3515,50,758,2238,0,silica,-4.76712272832620165e+00,2.60536353321703162e-01,-1.33262980977190007e+06,-6.23501942762432061e+06
3516,2225,2223,2233,0,silica,-5.07702418496922725e+00,3.18339196189287577e-01,-8.34651903594446136e+05,-2.31118874935546843e+06
3517,2220,2225,2233,0,silica,-5.11124455522938437e+00,2.97057728814851096e-01,-5.32470939650128479e+05,-2.04223075650604232e+06
3518,2219,744,2230,0,silica,-5.07766138709281289e+00,7.08576174325592834e-01,-1.76538986062060460e+06,-2.21472206516983500e+06
3519,2217,2233,2234,0,silica,-5.12948244306764956e+00,3.70416839300560519e-01,-1.12693542460398655e+06,-2.08724311725171073e+06
3520,742,741,2217,0,silica,-5.22553826188668502e+00,3.99280858449924725e-01,-1.28619929911511415e+06,-1.94366284886461240e+06
3521,759,760,2228,0,silica,-4.77181400729371763e+00,4.02223324599071008e-01,-1.93820061562860478e+06,-3.36884071994310338e+06
3522,2218,355,2238,0,silica,-4.82670141785272477e+00,2.56064970766873901e-01,-9.87593083466148353e+05,-4.67183508172150608e+06
3523,350,2220,2239,0,silica,-5.17331426214804857e+00,2.56372695589354549e-01,-6.98754371268939925e+05,-1.34554586451667780e+06
3524,2229,2217,2234,0,silica,-5.13351207206359827e+00,4.14673092933037557e-01,-1.13479265968068107e+06,-2.19436057441480597e+06
3525,2224,2216,2230,0,silica,-4.96950975007403173e+00,5.01154395155082533e-01,-1.63278183735330100e+06,-2.48034861569576710e+06
3526,759,2228,2232,0,silica,-4.79073484469807021e+00,3.62635063374756317e-01,-2.12489037487895926e+06,-3.67310396970880497e+06
3527,2217,741,2231,0,silica,-5.20525647503606148e+00,3.58840786044905824e-01,-1.32924606178532122e+06,-1.84282183527986519e+06
3528,2229,2224,2230,0,silica,-5.05972663310388615e+00,4.93160628876476992e-01,-1.30255413564880355e+06,-2.40335668718185881e+06
3529,2223,2224,2234,0,silica,-5.04612912813203973e+00,3.84629398803368716e-01,-1.11947265767941461e+06,-2.55084745593920210e+06
3530,2231,740,2239,0,silica,-5.21259548482317125e+00,2.94934521623550883e-01,-1.31859411544804554e+06,-1.44944821327692014e+06
3531,758,2232,2238,0,silica,-4.78604356573055423e+00,2.95786332804257091e-01,-2.04152909534377092e+06,-4.35693226719749440e+06
3532,2223,2222,2224,0,silica,-5.00602268017567908e+00,3.66905662069806127e-01,-8.76065348092285334e+05,-2.65181431395509699e+06
3533,2220,2231,2239,0,silica,-5.17684199910694876e+00,2.90770863891204268e-01,-6.71395949389572139e+05,-1.56721057273698784e+06
3534,2232,2218,2238,0,silica,-4.82181273144755185e+00,2.91314950249427829e-01,-9.42365489350833814e+05,-4.24841763166351244e+06
3535,747,746,2226,0,silica,-5.16666666666666696e+00,1.44699336421453517e+00,-2.37293267495206837e+06,-1.22505090628981590e+06
3536,764,765,2226,0,silica,-4.83333333333333304e+00,1.44699336421453517e+00,-2.44216091986910813e+06,-1.48648324570655823e+06
3537,763,764,2237,0,silica,-4.82999440963237436e+00,1.09312780672999588e+00,-2.29930172310208762e+06,-1.88106450286221737e+06
3538,65,64,2235,0,silica,-5.00000000000000000e+00,2.12583083104093173e+00,-2.69481990737738367e+06,-8.79775888820714899e+05
3539,760,761,2216,0,silica,-4.78673438190705536e+00,4.97881510748836298e-01,-1.94646644315892202e+06,-2.91430748889235454e+06
3540,743,742,2229,0,silica,-5.21028459827024282e+00,4.89887744470230757e-01,-1.37315404433738696e+06,-1.99389139841517434e+06
3541,747,2226,2235,0,silica,-5.08333333333333304e+00,1.67982361452764128e+00,-2.26548135261893040e+06,-1.09589748020033585e+06
3542,2226,765,2235,0,silica,-4.91666666666666696e+00,1.67982361452764128e+00,-2.76711518750837073e+06,-1.09589748020033585e+06
3543,2233,2223,2234,0,silica,-5.08397032520458314e+00,3.53591990164702219e-01,-8.44908846108448459e+05,-2.22277182981090527e+06
3544,746,745,2237,0,silica,-5.16332774296570829e+00,1.09312780672999588e+00,-2.12777380411927681e+06,-1.55470701449280721e+06
3545,761,762,2236,0,silica,-4.78954582046663990e+00,6.37675363806783468e-01,-2.05346273594272602e+06,-2.55831924785413733e+06
3546,760,2216,2228,0,silica,-4.80854838920077388e+00,4.45047945947365076e-01,-2.05808555424108962e+06,-3.18790238803882571e+06
3547,742,2217,2229,0,silica,-5.18582286015692784e+00,4.34111713519613307e-01,-1.36298617097368231e+06,-2.05163920487042400e+06
3548,762,763,2219,0,silica,-4.81329979112758632e+00,8.24947019909728851e-01,-2.15894673638371471e+06,-2.23062368603682518e+06
3549,745,2219,2237,0,silica,-5.05996086742662854e+00,9.53186369405450207e-01,-1.92847307877506362e+06,-1.86716211164754862e+06
3550,764,2226,2237,0,silica,-4.91332774296570829e+00,1.26303743691618564e+00,-2.49009813262837846e+06,-1.54410240879043564e+06
3551,2226,746,2237,0,silica,-5.07999440963237525e+00,1.26303743691618564e+00,-2.11654532916001789e+06,-1.53322118652545917e+06
3552,2219,763,2237,0,silica,-4.89329420075996158e+00,9.53186369405450207e-01,-2.33984056065502856e+06,-1.93972281431087479e+06
3553,2230,2216,2236,0,silica,-4.92397513167225487e+00,5.70866048237854251e-01,-1.71313004766295897e+06,-2.62926025387630425e+06
3554,2216,761,2236,0,silica,-4.82628020237369526e+00,5.61367158915479614e-01,-2.11322322619435750e+06,-2.65245323558373889e+06
3555,2219,2230,2236,0,silica,-4.95054054089278583e+00,6.80767011244644782e-01,-1.83242299800458900e+06,-2.18478233008682728e+06
3556,762,2219,2236,0,silica,-4.85284561159422623e+00,7.24182750897918948e-01,-2.21268927799660200e+06,-2.33189228824879648e+06
3557,2224,2222,2227,0,silica,-4.95683105375146571e+00,3.73706716620402168e-01,-1.21555781865694979e+06,-2.77067272693047486e+06
3558,2254,2249,2263,0,silica,-4.43470704233998081e+00,5.27044018902031342e-01,-2.78284209825283522e+06,-2.62355114210378518e+06
3559,2249,2243,2263,0,silica,-4.51989374001995703e+00,5.67042448944279132e-01,-2.60529300141494721e+06,-2.73227026412127959e+06
3560,2255,2252,2263,0,silica,-4.50836985214775776e+00,3.75676132109513616e-01,-2.87750475760355825e+06,-2.84941110696936585e+06
3561,2248,2254,2259,0,silica,-4.31261411165481956e+00,4.30636158040412165e-01,-2.84244379542356730e+06,-2.70639787892086012e+06
3562,783,66,2269,0,silica,-4.07213095949692683e+00,1.92996335696499011e+00,-3.47989867043489451e+06,-1.18321049735900387e+06
3563,65,765,2268,0,silica,-4.67309105583980422e+00,1.93066049920182370e+00,-3.13968003402422881e+06,-9.55848472528889077e+05
3564,2258,2247,2265,0,silica,-4.10494668256080786e+00,3.15055430039745954e-01,-2.86646952019615145e+06,-2.83130918452026835e+06
3565,2246,2261,2266,0,silica,-4.64168605757001806e+00,3.17615285505617628e-01,-3.02823954662132217e+06,-3.15635593147006957e+06
3566,2248,2259,2260,0,silica,-4.25933129865353610e+00,3.99695945298901789e-01,-2.83309457828184124e+06,-2.71105580725411884e+06
3567,2262,2261,2263,0,silica,-4.60276501746811029e+00,3.98601870834252692e-01,-2.71739165098182671e+06,-3.01890573349273670e+06
3568,2248,2249,2254,0,silica,-4.33640276451894024e+00,5.43461488843608120e-01,-2.86861106198507268e+06,-2.62133582324848650e+06
3569,765,764,2267,0,silica,-4.60879234723008580e+00,1.44937036446602785e+00,-2.97769691551733483e+06,-1.48648324570655823e+06
3570,2261,2262,2266,0,silica,-4.65034565684663015e+00,3.62130983955355534e-01,-2.99592525108910538e+06,-3.28091346457383130e+06
3571,2244,2258,2265,0,silica,-4.09401225780107225e+00,3.55228080471174268e-01,-2.86524297346504172e+06,-2.82562368319759332e+06
3572,2252,2254,2263,0,silica,-4.45988072154533821e+00,4.09901935920913063e-01,-2.77762654281643825e+06,-2.74694786784380395e+06
3573,2251,2252,2255,0,silica,-4.49049755999130529e+00,3.25227559704661273e-01,-2.89805789242109284e+06,-2.70374605518934224e+06
3574,2242,2257,2260,0,silica,-4.22497673766168980e+00,3.06245350350552836e-01,-2.79428462174005387e+06,-2.74886870677946089e+06
3575,2257,2258,2260,0,silica,-4.18466642931595878e+00,3.25258755307315461e-01,-2.84150351608912461e+06,-2.77573799522320740e+06
3576,359,2240,2251,0,silica,-4.45000387705638811e+00,2.63241738517904611e-01,-2.89171564184246026e+06,-2.60016416977217654e+06
3577,358,359,2251,0,silica,-4.48750387705638776e+00,2.41591103423294484e-01,-2.95599933696201304e+06,-2.63739225417085644e+06
3578,2251,2240,2252,0,silica,-4.45122561638759517e+00,3.06862515679933501e-01,-2.89146098011369817e+06,-2.70712455611875514e+06
3579,2246,357,2250,0,silica,-4.60016283636823164e+00,2.60800939993949432e-01,-3.28044260319663025e+06,-2.67206716917348839e+06
3580,356,357,2246,0,silica,-4.63763957402991256e+00,2.39507494927236553e-01,-3.80322048976758914e+06,-3.01079286527910223e+06
3581,361,362,2242,0,silica,-4.26250000000000018e+00,2.41650635094610017e-01,-2.74298910189571371e+06,-2.72649838294258108e+06
3582,359,360,2240,0,silica,-4.41249999999999964e+00,2.41650635094610128e-01,-2.82563240223346697e+06,-2.63831734594957344e+06
3583,2252,2240,2253,0,silica,-4.41646608719744904e+00,3.24306456821498612e-01,-2.84160593244913081e+06,-2.67598693460148806e+06
3584,2256,2242,2259,0,silica,-4.30271679857277167e+00,3.10527761925111168e-01,-2.79951334535970353e+06,-2.70488960675771674e+06
3585,363,364,2247,0,silica,-4.11236042597008744e+00,2.39507494927238301e-01,-2.76463446314234706e+06,-2.84997557742158882e+06
3586,2259,2242,2260,0,silica,-4.26475940726173697e+00,3.32889434623788283e-01,-2.83548052368827816e+06,-2.72508424169946648e+06
3587,357,358,2250,0,silica,-4.56252326233831873e+00,2.41293445066712881e-01,-3.21812435855292296e+06,-2.70858208667621575e+06
3588,2250,358,2251,0,silica,-4.52502713939470613e+00,2.62884548490007364e-01,-3.02710553393431660e+06,-2.59623864742712956e+06
3589,361,2242,2256,0,silica,-4.30045739131104199e+00,2.62590232585159900e-01,-2.79982634062688798e+06,-2.69368338786171889e+06
3590,2253,2240,2256,0,silica,-4.37820173917728184e+00,3.01625277150019633e-01,-2.82545320620334614e+06,-2.68505140000874503e+06
3591,2250,2251,2255,0,silica,-4.52679908299841660e+00,3.02900227609345263e-01,-3.02466009894791665e+06,-2.80178732015836705e+06
3592,2240,360,2256,0,silica,-4.37545739131104039e+00,2.62590232585159955e-01,-2.82407316694101319e+06,-2.63741712103448855e+06
3593,2242,362,2257,0,silica,-4.22497673766168447e+00,2.62944080161325811e-01,-2.79438890083554247e+06,-2.75617407069748873e+06
3594,2257,2247,2258,0,silica,-4.14702685528603965e+00,3.01464980045326791e-01,-2.80643206868584501e+06,-2.80341596951425541e+06
3595,360,361,2256,0,silica,-4.33795739131104074e+00,2.40939597490549856e-01,-2.76437842309020972e+06,-2.67174827001119591e+06
3596,362,363,2257,0,silica,-4.18747673766168305e+00,2.41293445066715767e-01,-2.74496327215627627e+06,-2.78524264613164868e+06
3597,2253,2256,2259,0,silica,-4.34296114643901099e+00,3.27912171395360719e-01,-2.83333136324389419e+06,-2.69148915008917777e+06
3598,363,2247,2257,0,silica,-4.14983716363176924e+00,2.60800939993954095e-01,-2.80775605944236740e+06,-2.82203561840875586e+06
3599,2246,2250,2261,0,silica,-4.60125251131697777e+00,3.03339941623080867e-01,-3.25405868139913538e+06,-3.04311157229495980e+06
3600,2250,2255,2261,0,silica,-4.56538488089077443e+00,3.23848125815182186e-01,-2.94646042367998092e+06,-2.84669380040943110e+06
3601,2258,2244,2275,0,silica,-4.12677086656554604e+00,3.84792092269321928e-01,-2.90464830020773876e+06,-2.78259699644442555e+06
3602,776,777,2265,0,silica,-4.02039656493645126e+00,3.25383854026242980e-01,-2.89042989740753174e+06,-2.91110297196212737e+06
3603,759,758,2266,0,silica,-4.72795680859135903e+00,3.26068747914357637e-01,-2.87394415168762207e+06,-4.08213438073127717e+06
3604,762,2243,2270,0,silica,-4.66434476603837034e+00,6.91351827030631028e-01,-2.35126944421457266e+06,-2.55180430165346107e+06
3605,364,51,2272,0,silica,-4.04228757073702027e+00,2.36843084797050768e-01,-2.79712951889007539e+06,-2.90682597191780061e+06
3606,50,356,2273,0,silica,-4.70771242926297440e+00,2.36843084797047743e-01,-5.96345378147060331e+06,-4.14564803461767174e+06
3607,758,50,2273,0,silica,-4.73271242926297475e+00,2.60342818047293534e-01,-3.92780284588022204e+06,-6.23501942762300465e+06
3608,51,776,2272,0,silica,-4.01728757073702081e+00,2.60342818047296587e-01,-2.84530797540086741e+06,-2.95627584912139876e+06
3609,2248,2260,2275,0,silica,-4.21022706509273181e+00,4.16206322818233276e-01,-2.88627927781574242e+06,-2.71938509804895381e+06
3610,2247,364,2272,0,silica,-4.07964799670710665e+00,2.56350579724289096e-01,-2.83034981909088092e+06,-2.89161443445316283e+06
3611,356,2246,2273,0,silica,-4.67035200329288802e+00,2.56350579724284267e-01,-3.66974939150321949e+06,-3.09536341805354087e+06
3612,760,759,2262,0,silica,-4.72129917330652571e+00,4.05861659798705310e-01,-2.53096506273030257e+06,-3.36884071994376136e+06
3613,777,778,2244,0,silica,-4.02642600121035077e+00,4.01518611780397550e-01,-2.93943949512013420e+06,-2.85806042776439665e+06
3614,2261,2255,2263,0,silica,-4.55823778776529398e+00,3.74594356576616105e-01,-2.94756052880930901e+06,-2.85729571946628531e+06
3615,782,783,2267,0,silica,-4.10879234723008668e+00,1.44937036446602785e+00,-3.29618629494471056e+06,-1.87233277463820204e+06
3616,777,2244,2265,0,silica,-4.04682256614680202e+00,3.61564266134663859e-01,-2.93161995346627198e+06,-2.84176385625440581e+06
3617,2262,759,2266,0,silica,-4.69925598189788563e+00,3.66592208041086387e-01,-2.51659755028166762e+06,-3.39306443304774258e+06
3618,765,2267,2268,0,silica,-4.53188340306989090e+00,1.67536862085816174e+00,-2.84791771271448210e+06,-1.21277379748808383e+06
3619,2265,2247,2272,0,silica,-4.07504456164355844e+00,2.91234474785424080e-01,-2.82798132311782800e+06,-2.87377090644029574e+06
3620,2246,2266,2273,0,silica,-4.67330881188424829e+00,2.91919368673533963e-01,-3.59048058905176120e+06,-3.69255045696573239e+06
3621,776,2265,2272,0,silica,-4.03768413567347206e+00,2.95226713108431571e-01,-2.87402173919474566e+06,-2.88170510587194422e+06
3622,2266,758,2273,0,silica,-4.71066923785433467e+00,2.95911606996543231e-01,-3.00597343262947071e+06,-3.84099316935516335e+06
3623,2252,2253,2254,0,silica,-4.40724890019873872e+00,3.76897304657625887e-01,-2.84553041624111636e+06,-2.69607895705581643e+06
3624,2260,2258,2275,0,silica,-4.17534486535520077e+00,3.68413217099882340e-01,-2.84063129796248302e+06,-2.76654021809686627e+06
3625,2264,2248,2275,0,silica,-4.17031534934092640e+00,4.63041985556429558e-01,-2.91166856622250378e+06,-2.74996394679865800e+06
3626,764,2245,2267,0,silica,-4.52365105320849370e+00,1.24571236327751134e+00,-2.75195420990327932e+06,-1.93101944339136593e+06
3627,2243,2249,2270,0,silica,-4.54039282616422124e+00,6.85981635219317987e-01,-2.73483101423360081e+06,-2.48885488157302374e+06
3628,2243,2262,2263,0,silica,-4.61514485320063184e+00,4.70302782178106504e-01,-2.75113694648280134e+06,-2.84664079380922392e+06
3629,2244,2264,2275,0,silica,-4.11466945915947679e+00,4.34264985145372595e-01,-2.90025878434902150e+06,-2.75798835641328292e+06
3630,761,760,2243,0,silica,-4.71346951068126518e+00,5.22296576658665135e-01,-2.35056982540034270e+06,-2.91430748889235454e+06
3631,2267,783,2269,0,silica,-4.18092330672701351e+00,1.67467147862132815e+00,-3.63884904455347871e+06,-1.31554243014917127e+06
3632,2268,2267,2269,0,silica,-4.35401436256681773e+00,1.76200865365942327e+00,-3.29275165049470402e+06,-1.39815272751052002e+06
3633,511,65,2268,0,silica,-4.54809105583980422e+00,2.11899883711995951e+00,-3.12732469948086934e+06,-9.46440306252386537e+05
3634,66,511,2269,0,silica,-4.19713095949692683e+00,2.11830169488312592e+00,-3.65450261196561763e+06,-1.05937018536856398e+06
3635,778,779,2264,0,silica,-4.03508828424820098e+00,4.98193596613103251e-01,-2.98281892197772954e+06,-2.78051329268011078e+06
3636,2248,2241,2249,0,silica,-4.24765176440471048e+00,6.08895743379506360e-01,-2.92707195053625572e+06,-2.65689160084565124e+06
3637,764,763,2245,0,silica,-4.66485870597840702e+00,1.07342573283982889e+00,-2.71381857545916038e+06,-1.88106450286205276e+06
3638,781,782,2274,0,silica,-4.07365231444238862e+00,1.08813310791972140e+00,-3.16112294980545016e+06,-2.21298300081896782e+06
3639,779,780,2241,0,silica,-4.03953181288706009e+00,6.39027212399907008e-01,-3.04884364839028334e+06,-2.67850310530959582e+06
3640,763,762,2270,0,silica,-4.70087525535710427e+00,8.16200071942967509e-01,-2.51371288605028111e+06,-2.23062368603682518e+06
3641,2243,760,2262,0,silica,-4.68476868398779089e+00,4.73101347056828325e-01,-2.35732709355288465e+06,-2.90804261996898614e+06
3642,2241,2248,2264,0,silica,-4.15669198852706145e+00,5.38269816163782555e-01,-2.91462658560078591e+06,-2.66722821463929163e+06
3643,2249,2245,2270,0,silica,-4.49178202146136218e+00,8.46412049806347100e-01,-2.63216161642473191e+06,-2.23460340633545630e+06
3644,2244,778,2264,0,silica,-4.06151428545855264e+00,4.44655318992958570e-01,-2.98329483658681856e+06,-2.78160482565559354e+06
3645,782,2267,2274,0,silica,-4.18244466167247442e+00,1.26041973835740384e+00,-3.34409171694149449e+06,-1.94501332171337819e+06
3646,780,781,2271,0,silica,-4.04784643749106010e+00,8.24228711857676211e-01,-3.11372967578927986e+06,-2.51945900454408629e+06
3647,511,2268,2269,0,silica,-4.37022201533673194e+00,2.01730053200308568e+00,-3.28910062706211768e+06,-8.69411736035910784e+05
3648,2245,2249,2274,0,silica,-4.36455908054664565e+00,9.44810890343068421e-01,-2.89782478468322754e+06,-2.32512037921847077e+06
3649,2249,2271,2274,0,silica,-4.24754681205929874e+00,8.69148064800948306e-01,-3.00820821499151923e+06,-2.28015183569827769e+06
3650,2267,2245,2274,0,silica,-4.34730336765088321e+00,1.19542281852292542e+00,-2.97620587114286888e+06,-1.83904750612750393e+06
3651,779,2241,2264,0,silica,-4.07462009713526019e+00,5.63031093372870273e-01,-3.04938769720919570e+06,-2.67931600852901442e+06
3652,2245,763,2270,0,silica,-4.61573396133551217e+00,9.24737347548521882e-01,-2.55157419137848355e+06,-2.26928413462293148e+06
3653,2271,781,2274,0,silica,-4.12149875193344872e+00,9.47473362543123088e-01,-3.25512976387198409e+06,-2.35066210416245693e+06
3654,2249,2241,2271,0,silica,-4.21342631050397021e+00,7.19446099627676916e-01,-2.89277638594057178e+06,-2.51618375789772021e+06
3655,2241,780,2271,0,silica,-4.08737825037811930e+00,7.24816291438989957e-01,-3.13478103075527400e+06,-2.55009776314082602e+06
3656,762,761,2243,0,silica,-4.71346951068126518e+00,6.13591387906256558e-01,-2.36052420687752683e+06,-2.55831924785380810e+06
3657,2254,2253,2259,0,silica,-4.35828656812926063e+00,3.81214056835548265e-01,-2.83180138698274596e+06,-2.69586897831521463e+06
3658,2310,2304,2311,0,silica,-1.40993030942462316e+00,1.21868623214242211e+00,-7.54451664153452311e+06,-4.66655429186772462e+06
3659,2309,2304,2310,0,silica,-1.06105616133105607e+00,1.28376594756495810e+00,-9.86189866846377216e+06,-5.32393726490357984e+06
3660,2331,2401,2414,0,silica,-1.19692354298607229e+00,5.12651463246869166e-01,-7.35697214856392331e+06,-7.07090291793551389e+06
3661,2367,2368,2406,0,silica,-2.26119611379636032e+00,5.00243890329294616e-01,-5.28796615391332563e+06,-4.79659674842030462e+06
3662,2368,2313,2398,0,silica,-2.62127158171529429e+00,6.39536054109834384e-01,-4.89887340679643117e+06,-4.16131740948610753e+06
3663,2335,2336,2403,0,silica,-1.49966931676217996e+00,3.98259926372553918e-01,-6.39182503893142380e+06,-6.60063530696199369e+06
3664,2303,2312,2429,0,silica,-2.73971553105733134e+00,1.40209771460930566e+00,-5.11069240322699118e+06,-2.60280547435202450e+06
3665,2312,2313,2429,0,silica,-2.81838571143649697e+00,1.08268483764106715e+00,-5.27320089259082731e+06,-3.34649399341569003e+06
3666,2366,2318,2367,0,silica,-2.04853562483811968e+00,5.40761425075839575e-01,-5.34892029760336876e+06,-5.12710933916053269e+06
3667,2434,2313,2453,0,silica,-3.05457712002915338e+00,6.31654443288680256e-01,-4.08493759401756711e+06,-3.75659323282642337e+06
3668,783,2289,2442,0,silica,-3.77549337311616462e+00,1.49374949819031166e+00,-3.92288745395460585e+06,-2.07488390148615348e+06
3669,2413,2310,2414,0,silica,-1.01386288872281161e+00,6.72167915925682036e-01,-8.18910272394116782e+06,-6.67267831934257410e+06
3670,2316,2348,2420,0,silica,-3.15333906971073441e-01,4.25205017964162935e-01,-9.01871391507659853e+06,-9.75632314463046938e+06
3671,2312,2303,2436,0,silica,-2.98653637462071808e+00,1.62324554116751218e+00,-5.45691246084569301e+06,-2.15091513732898235e+06
3672,2304,2309,2437,0,silica,-9.59469298474645349e-01,1.59936406230690342e+00,-9.48548384109858423e+06,-4.41178552706597280e+06
3673,2396,2315,2432,0,silica,-1.03874812602800695e-01,3.14724468402925506e-01,-9.47068065485052019e+06,-1.06796915960945748e+07
3674,2361,2397,2433,0,silica,-3.89625544782221445e+00,3.16353390778203514e-01,-2.98330547127525322e+06,-3.03936618303411454e+06
3675,2368,2424,2449,0,silica,-2.39184237883920625e+00,4.97752253474136763e-01,-4.76940832084590849e+06,-4.57308394982942101e+06
3676,2310,2311,2317,0,silica,-1.49762710897295714e+00,9.27584616897498271e-01,-7.74908116615725122e+06,-5.15057775171476789e+06
3677,2329,2400,2411,0,silica,-1.12773393497833663e+00,3.61082440853889131e-01,-6.94617748798001278e+06,-7.54625533810157701e+06
3678,2379,2407,2423,0,silica,-2.50136231931513109e+00,3.60559511931025478e-01,-4.54368584683238994e+06,-4.68448328232562728e+06
3679,2338,2366,2412,0,silica,-1.94500957955216691e+00,4.37235521775776348e-01,-5.44903134770479146e+06,-5.58762503185626958e+06
3680,2368,2318,2429,0,silica,-2.25708605602926893e+00,8.24851042860161421e-01,-5.71155204944315087e+06,-3.96212658503982052e+06
3681,2322,2314,2415,0,silica,-3.73524032738085987e+00,4.02264416114964884e-01,-3.15148340863288846e+06,-3.08213773025280470e+06
3682,2426,2343,2428,0,silica,-6.35730704558778670e-01,3.89437904886347941e-01,-8.15868124110093992e+06,-8.66724029269320332e+06
3683,2314,2322,2323,0,silica,-3.67935640045592649e+00,4.23683463272203076e-01,-3.30357781070065452e+06,-3.14051950300137512e+06
3684,2307,2310,2413,0,silica,-8.53227207463935655e-01,7.54889840202795370e-01,-8.97614669035171904e+06,-7.42013739881285094e+06
3685,2389,2409,2410,0,silica,-2.88469458848976279e+00,4.53366510427889280e-01,-4.07726075157923484e+06,-4.01967711217875453e+06
3686,2380,2408,2422,0,silica,-2.75770217795943795e+00,3.70918790501086948e-01,-4.18328325646184897e+06,-4.35937405880378652e+06
3687,2404,2374,2425,0,silica,-3.23990952813585409e+00,3.72940558316766868e-01,-3.65529570959217986e+06,-3.61901878966443986e+06
3688,2367,2405,2421,0,silica,-2.17252046203922466e+00,3.88172187987698536e-01,-5.01842551339851320e+06,-5.24138955079988483e+06
3689,2336,2335,2451,0,silica,-1.52573012828966781e+00,4.56012184545532495e-01,-6.48122841604254767e+06,-6.12602814368768688e+06
3690,2340,2330,2416,0,silica,-8.70988115847617372e-01,3.70335773943122726e-01,-7.62310432121978700e+06,-8.07440275911346357e+06
3691,2337,2360,2417,0,silica,-1.72442900332146043e+00,3.70075262715817199e-01,-5.75033865705691278e+06,-6.09548561765753664e+06
3692,2371,2324,2418,0,silica,-3.46000221163544097e+00,3.77421969191976903e-01,-3.39751391442558262e+06,-3.37782840218542051e+06
3693,2394,2389,2419,0,silica,-2.94362164170794571e+00,3.71659946623345894e-01,-3.98041462574220635e+06,-4.01609064659331273e+06
3694,2368,2398,2424,0,silica,-2.47968155237273757e+00,5.26612593298509180e-01,-4.72114211853423342e+06,-4.59177433657929860e+06
3695,2406,2368,2449,0,silica,-2.32909470554009879e+00,4.88507464974369254e-01,-4.95650337471922860e+06,-4.60186478652651794e+06
3696,2307,2343,2446,0,silica,-5.60332485780809408e-01,5.90786197519732048e-01,-8.88497998644437268e+06,-8.09924620068872068e+06
3697,2343,2307,2413,0,silica,-6.89800485098911786e-01,6.12182945984835247e-01,-8.40957915204963647e+06,-8.21411830918217823e+06
3698,2313,2308,2453,0,silica,-3.16185925078407015e+00,7.36189209641008979e-01,-4.31360741325543355e+06,-3.30222418983859057e+06
3699,2335,2331,2451,0,silica,-1.44552554190188487e+00,5.08912226625496622e-01,-6.74906949504365399e+06,-6.57140099685532041e+06
3700,2338,2412,2438,0,silica,-1.88175006287369384e+00,4.28603762782469533e-01,-5.67518469480557367e+06,-5.56421593971505854e+06
3701,2447,2314,2448,0,silica,-3.82578826021424190e+00,4.65621220592286278e-01,-3.22334020609743102e+06,-2.97122635839683516e+06
3702,2398,2313,2410,0,silica,-2.77639560407924568e+00,6.06091938342156578e-01,-4.50636081899226643e+06,-3.77133560461187828e+06
3703,2305,2396,2432,0,silica,-9.31410111847163907e-02,3.54866091378977233e-01,-9.44894700881864503e+06,-1.05768452718467321e+07
3704,2397,2306,2433,0,silica,-3.90811343928482913e+00,3.56695187433037908e-01,-3.00791533068097103e+06,-2.94521975817947369e+06
3705,2338,2318,2366,0,silica,-1.96860399760564531e+00,5.51660453043225196e-01,-5.72337354362605978e+06,-5.10486237948191632e+06
3706,2289,2312,2442,0,silica,-3.50300308398677407e+00,1.38186509695761539e+00,-4.27543774988174345e+06,-1.98292562408783892e+06
3707,2320,2319,2321,0,silica,-3.58870204329155351e+00,3.23064241844556399e-01,-3.24760807021988835e+06,-3.35042491881351452e+06
3708,2326,2294,2327,0,silica,-9.99883043597065146e-01,3.28863986709254430e-01,-7.27037523041905370e+06,-7.93790913256977033e+06
3709,2345,2286,2347,0,silica,-4.09741936613874980e-01,3.23110306186066676e-01,-8.64639522374462150e+06,-9.67541094552080147e+06
3710,2344,2345,2346,0,silica,-4.81662878074764267e-01,3.27375932955602134e-01,-8.45102308192811906e+06,-9.45881943891325966e+06
3711,2340,2339,2341,0,silica,-7.78566453768738342e-01,3.28449369187804929e-01,-7.76636713592897356e+06,-8.57513666728703491e+06
3712,2297,2333,2334,0,silica,-1.59659501019406380e+00,3.22993984967236192e-01,-6.01995994667484239e+06,-6.46952537299953401e+06
3713,2290,2320,2322,0,silica,-3.65948832025595827e+00,3.26259317319683217e-01,-3.20413570514897304e+06,-3.25029119004146568e+06
3714,2280,2364,2365,0,silica,-2.04101575557620896e+00,3.23007359297121821e-01,-5.22395819898960087e+06,-5.60837077861556038e+06
3715,2371,2370,2372,0,silica,-3.37031707137901604e+00,3.28915762892713015e-01,-3.46790144567092881e+06,-3.58677827139266953e+06
3716,2281,2383,2384,0,silica,-2.33359266465935988e+00,3.27307612280028415e-01,-4.79891425262700953e+06,-5.06891013235287648e+06
3717,2386,2301,2387,0,silica,-3.07408727845642504e+00,3.30585192747934409e-01,-3.80601782367350534e+06,-3.96259121623540856e+06
3718,2282,2376,2377,0,silica,-2.62974700214658075e+00,3.28863289953312210e-01,-4.35027938659832906e+06,-4.60251710024270974e+06
3719,369,370,2319,0,silica,-3.59255241750641607e+00,2.41467709761996357e-01,-3.11379835414887406e+06,-3.37815582421932183e+06
3720,392,393,2293,0,silica,-1.88888900834257245e+00,2.41383825175777389e-01,-5.23339172616222315e+06,-5.95442468672298361e+06
3721,393,394,2359,0,silica,-1.81481483473001415e+00,2.41428247238893029e-01,-5.35718912486185972e+06,-6.09167080407777708e+06
3722,404,405,2294,0,silica,-9.99951789902781107e-01,2.41455657410794139e-01,-6.92027260185885336e+06,-8.03482202691141050e+06
3723,400,401,2295,0,silica,-1.29512982698400858e+00,2.40763019890214758e-01,-6.31889064600448590e+06,-7.27258247597042006e+06
3724,402,403,2277,0,silica,-1.14814802870711929e+00,2.41383825175828376e-01,-6.61385263250864949e+06,-7.64854685189620871e+06
3725,409,410,2285,0,silica,-6.29629629632253662e-01,2.41383343303408493e-01,-7.72380409211591631e+06,-9.12010810517841205e+06
3726,411,412,2344,0,silica,-4.81521656567977019e-01,2.41467709762025112e-01,-8.06721318266910501e+06,-9.56841206604440697e+06
3727,414,415,2296,0,silica,-2.59235247887281972e-01,2.41369756402464386e-01,-8.63453781338001229e+06,-1.02996391858408339e+07
3728,416,417,2315,0,silica,-1.11020454373784716e-01,2.39427079487083000e-01,-9.03237757546674646e+06,-1.08075244415946007e+07
3729,366,367,2302,0,silica,-3.81481481481404439e+00,2.41383343303408354e-01,-2.94015111612012843e+06,-3.13607490534553491e+06
3730,396,397,2297,0,silica,-1.59264080270061736e+00,2.41455657410793917e-01,-5.75718413586044312e+06,-6.55885368761592824e+06
3731,398,399,2278,0,silica,-1.44508117187117691e+00,2.41016031920969903e-01,-6.03630377613201085e+06,-6.90762891720657330e+06
3732,401,402,2349,0,silica,-1.22202779076673207e+00,2.41324860003367947e-01,-6.46854014440260828e+06,-7.45954599642288126e+06
3733,403,404,2325,0,silica,-1.07406589970820288e+00,2.41440231479441686e-01,-6.76406023703721911e+06,-7.83454007367135957e+06
3734,406,407,2276,0,silica,-8.51851851855402131e-01,2.41383343303408493e-01,-7.23498486681077909e+06,-8.45048748437604867e+06
3735,408,409,2353,0,silica,-7.03500406169906722e-01,2.41532824697304443e-01,-7.55884099566189665e+06,-8.89527126011919044e+06
3736,410,411,2354,0,silica,-5.55555555557870728e-01,2.41383343303408493e-01,-7.89157322295513097e+06,-9.34842725914203562e+06
3737,412,413,2286,0,silica,-4.07359197307718357e-01,2.41455657410794139e-01,-8.25214825979581755e+06,-9.80008062865425088e+06
3738,413,414,2355,0,silica,-3.33694624907159787e-01,2.40690689645837480e-01,-8.44246296667682566e+06,-1.00388173056708518e+07
3739,415,416,2356,0,silica,-1.85166073834149070e-01,2.41099858473951961e-01,-8.82928317282205448e+06,-1.05402410950354952e+07
3740,405,406,2352,0,silica,-9.25700947116211759e-01,2.41542898785638810e-01,-7.07587464080826659e+06,-8.24224441683093924e+06
3741,394,395,2279,0,silica,-1.74074074074799490e+00,2.41383343303408354e-01,-5.48657709448253550e+06,-6.24337465165363252e+06
3742,407,408,2339,0,silica,-7.77729567679632416e-01,2.41455657410794083e-01,-7.39702067690331396e+06,-8.67166911896089464e+06
3743,395,396,2357,0,silica,-1.66692363620092565e+00,2.41404795373994036e-01,-5.62056127324510552e+06,-6.39421131969846692e+06
3744,368,369,2290,0,silica,-3.66671487676666708e+00,2.41455657410794194e-01,-3.05345745978306746e+06,-3.29938878161664959e+06
3745,399,400,2358,0,silica,-1.36949762400729380e+00,2.44072453618030094e-01,-6.17950102593011782e+06,-7.08683227476871479e+06
3746,397,398,2332,0,silica,-1.51863267477853081e+00,2.41379000714321140e-01,-5.89778064157201722e+06,-6.72906170715459809e+06
3747,367,368,2362,0,silica,-3.73998754160494729e+00,2.41940562367686934e-01,-2.99590994287027325e+06,-3.21957654480119701e+06
3748,365,366,2361,0,silica,-3.88897954562621662e+00,2.39427079487082833e-01,-2.88899854877614975e+06,-3.06322762943057995e+06
3749,391,392,2363,0,silica,-1.96297113734142958e+00,2.41440231479350148e-01,-5.11528083897042274e+06,-5.81051583571134508e+06
3750,370,371,2369,0,silica,-3.51826487163926593e+00,2.41408049788391810e-01,-3.17791747850601189e+06,-3.46281808260829886e+06
3751,390,391,2280,0,silica,-2.03708524714647865e+00,2.41455657410646646e-01,-5.00125359507368039e+06,-5.67654252518051118e+06
3752,371,372,2287,0,silica,-3.44444444444276821e+00,2.41383343303176096e-01,-3.24636912869021390e+06,-3.54468890468318900e+06
3753,372,373,2370,0,silica,-3.37032216026776288e+00,2.41455657410624358e-01,-3.31678991060754750e+06,-3.63225833859632444e+06
3754,374,375,2284,0,silica,-3.22219821084899172e+00,2.41369756402214003e-01,-3.46764291888241749e+06,-3.81299214307474112e+06
3755,380,381,2298,0,silica,-2.77780178915379006e+00,2.41369756402213947e-01,-3.97052887738469103e+06,-4.43190402694501821e+06
3756,378,379,2283,0,silica,-2.92592592592783118e+00,2.41383343303170989e-01,-3.79362134553606017e+06,-4.21572461477588583e+06
3757,384,385,2300,0,silica,-2.48150549285955124e+00,2.41369756402214281e-01,-4.35049370960577950e+06,-4.88593842102716397e+06
3758,386,387,2281,0,silica,-2.33338154344078141e+00,2.41455657410620611e-01,-4.56123515390499122e+06,-5.13375431312227249e+06
3759,376,377,2301,0,silica,-3.07402586397352140e+00,2.41455657410620139e-01,-3.62772366229316685e+06,-4.01524749562780326e+06
3760,382,383,2282,0,silica,-2.62967783973502067e+00,2.41455657410620222e-01,-4.15523730334527930e+06,-4.65846961574460939e+06
3761,388,389,2299,0,silica,-2.18520919656531154e+00,2.41369756402214669e-01,-4.78148251275029127e+06,-5.40047950834653806e+06
3762,385,386,2391,0,silica,-2.40746897478035216e+00,2.41402748995964284e-01,-4.46107779524863232e+06,-5.00738696479402483e+06
3763,389,390,2381,0,silica,-2.11137144594706117e+00,2.41402399013116858e-01,-4.89136196987276990e+06,-5.53670306662685331e+06
3764,375,376,2385,0,silica,-3.14813611123609283e+00,2.41437954794381265e-01,-3.54968023688418372e+06,-3.91505460952634783e+06
3765,387,388,2382,0,silica,-2.25927129617821043e+00,2.41437954794381043e-01,-4.67370814755818341e+06,-5.26660548450004496e+06
3766,383,384,2375,0,silica,-2.55556759247244969e+00,2.41437954794380794e-01,-4.25033512319312058e+06,-4.77286570711818617e+06
3767,381,382,2390,0,silica,-2.70393247079123755e+00,2.41540236536636005e-01,-4.06236342124217004e+06,-4.54230527987182606e+06
3768,373,374,2395,0,silica,-3.29606905477161227e+00,2.41541485892336372e-01,-3.39487324492438277e+06,-3.72154778202255210e+06
3769,379,380,2393,0,silica,-2.85185585374978423e+00,2.41425902443139023e-01,-3.88131703194808913e+06,-4.32288860467140190e+06
3770,377,378,2392,0,silica,-2.99977812025416668e+00,2.41583879881602570e-01,-3.70884076295991847e+06,-4.11598182497589057e+06
3771,2361,2302,2397,0,silica,-3.85466483189413678e+00,3.02740081774146796e-01,-2.97907760019794200e+06,-3.04119128900527908e+06
3772,2290,2319,2320,0,silica,-3.62712375482703075e+00,3.01608170014991628e-01,-3.15185912915609637e+06,-3.29552434956384636e+06
3773,2295,2349,2350,0,silica,-1.25672706437797999e+00,3.03777870162253827e-01,-6.56659819257818628e+06,-7.25146888278493844e+06
3774,2359,2279,2360,0,silica,-1.77555778240145457e+00,3.06182538617309319e-01,-5.55320326952395868e+06,-6.05919106264228746e+06
3775,2325,2294,2326,0,silica,-1.03806832726089016e+00,3.06571342614294418e-01,-7.01613033057850040e+06,-7.78364944490312506e+06
3776,2344,2286,2345,0,silica,-4.44435109588140642e-01,3.05942807138149642e-01,-8.36027408658017963e+06,-9.51097867459768243e+06
3777,2356,2315,2396,0,silica,-1.45348006013745423e-01,3.00971020655153687e-01,-9.14003317942768894e+06,-1.05263644256369583e+07
3778,2276,2339,2340,0,silica,-8.16630446795926113e-01,3.06159219673243721e-01,-7.50811071649479307e+06,-8.40672942074689828e+06
3779,2297,2332,2333,0,silica,-1.55832376413113383e+00,3.01468730577023225e-01,-5.97459047992042359e+06,-6.49537632999080606e+06
3780,2280,2363,2364,0,silica,-2.00264117365222027e+00,3.01542125761910806e-01,-5.17425703954886645e+06,-5.63673070919654798e+06
3781,2287,2370,2371,0,silica,-3.40850126784693330e+00,3.06559119905981836e-01,-3.35766653955892567e+06,-3.51975957332244841e+06
3782,2283,2393,2394,0,silica,-2.89127239165231131e+00,3.06338664278446193e-01,-3.93052375501939934e+06,-4.18373386801019637e+06
3783,2282,2375,2376,0,silica,-2.59156568923068420e+00,3.06568754591988846e-01,-4.30182899327505473e+06,-4.63191299607788026e+06
3784,2385,2301,2386,0,silica,-3.11225010517950329e+00,3.08044385391178677e-01,-3.67575215056600282e+06,-3.88786196522438014e+06
3785,2281,2382,2383,0,silica,-2.29641455004333883e+00,3.05838002162734879e-01,-4.73249309741117712e+06,-5.10704004797023721e+06
3786,66,783,2442,0,silica,-3.86090940904823077e+00,1.86559452494524614e+00,-4.06566229788125725e+06,-1.18321049735900387e+06
3787,801,67,2443,0,silica,-1.38420854521248915e-01,1.89381956081711067e+00,-1.31443236953227669e+07,-4.55041076178686135e+06
3788,2289,781,2292,0,silica,-3.86838299119283624e+00,9.08432453464124046e-01,-3.39844774823867064e+06,-2.62391624308336247e+06
3789,2313,2368,2429,0,silica,-2.55037344101081276e+00,8.48838710723946122e-01,-4.82081565121294837e+06,-3.92426322866583057e+06
3790,2290,369,2319,0,silica,-3.62963766464499393e+00,2.62923367172790579e-01,-3.15182961117590871e+06,-3.35621358604411082e+06
3791,2302,367,2362,0,silica,-3.77702457864213814e+00,2.63323905671095315e-01,-3.03960094842667552e+06,-3.19349229279916734e+06
3792,366,2302,2361,0,silica,-3.85194250858902576e+00,2.60810422790491214e-01,-2.97308874073070521e+06,-3.11705835891031241e+06
3793,398,2278,2332,0,silica,-1.48223236516205215e+00,2.62395032635291070e-01,-6.12212758258563932e+06,-6.85981271674641594e+06
3794,394,2279,2359,0,silica,-1.77777779769282307e+00,2.62811590542301410e-01,-5.55346799356698990e+06,-6.20475517306088377e+06
3795,2278,399,2358,0,silica,-1.40717138846519751e+00,2.65088485539000052e-01,-6.25727030013725255e+06,-7.04412838739899546e+06
3796,404,2294,2325,0,silica,-1.03698065256962457e+00,2.62895888890235851e-01,-7.01600815834244713e+06,-7.97952025504892319e+06
3797,406,2276,2352,0,silica,-8.88663910079020347e-01,2.62926242089047302e-01,-7.33912934320572764e+06,-8.39035964289510623e+06
3798,2339,408,2353,0,silica,-7.40489233105711242e-01,2.62988482108098554e-01,-7.67204195458216593e+06,-8.82929960062737390e+06
3799,2285,410,2354,0,silica,-5.92592592595062140e-01,2.62766686606817013e-01,-8.00541884503787011e+06,-9.28269845858651027e+06
3800,2295,401,2349,0,silica,-1.25789835848623266e+00,2.62087879893582731e-01,-6.56298500478120707e+06,-7.40400757869976014e+06
3801,2296,415,2356,0,silica,-2.22179099498282656e-01,2.62469614876416346e-01,-8.93964977976110391e+06,-1.04755648338325582e+07
3802,409,2285,2353,0,silica,-6.66463369132715422e-01,2.62916168000712991e-01,-7.83930362522815634e+06,-9.05342441864527576e+06
3803,411,2344,2354,0,silica,-5.18558693605168375e-01,2.62851053065433604e-01,-8.17027517914512567e+06,-9.50933590857218578e+06
3804,412,2286,2344,0,silica,-4.44436409429398716e-01,2.62923367172819278e-01,-8.36038429001678433e+06,-9.73755794146728516e+06
3805,414,2296,2355,0,silica,-2.96633576496910634e-01,2.62060446048301865e-01,-8.75428924460958503e+06,-1.02303221520078555e+07
3806,416,2315,2356,0,silica,-1.48038380059168334e-01,2.60526937961034988e-01,-9.15377632780849375e+06,-1.07298104627769180e+07
3807,2286,413,2355,0,silica,-3.70683451842964251e-01,2.62146347056631646e-01,-8.55497540792421252e+06,-9.97364825085385330e+06
3808,402,2277,2349,0,silica,-1.18499063428372642e+00,2.62708685179196377e-01,-6.70642870660735108e+06,-7.59509871792300139e+06
3809,2277,403,2325,0,silica,-1.11110281729957983e+00,2.62824056655270089e-01,-6.85012085292128474e+06,-7.78495197889431939e+06
3810,2294,405,2352,0,silica,-9.62689774052016389e-01,2.62998556196432975e-01,-7.17809690882277396e+06,-8.18259593747829366e+06
3811,2276,407,2339,0,silica,-8.14766604716823828e-01,2.62839000714202575e-01,-7.50752287509633042e+06,-8.60783737682421692e+06
3812,2279,395,2357,0,silica,-1.70396067323811651e+00,2.62788138677402416e-01,-5.68489871579521149e+06,-6.35787569310533442e+06
3813,396,2297,2357,0,silica,-1.62993480926512135e+00,2.62860452784787979e-01,-5.82965121701714490e+06,-6.51731864347749669e+06
3814,400,2295,2358,0,silica,-1.33129411765241201e+00,2.64835473508244823e-01,-6.42472642920727655e+06,-7.20370671469645482e+06
3815,2297,397,2332,0,silica,-1.55571792191710934e+00,2.62834658125115084e-01,-5.97518007446308061e+06,-6.68477933224176336e+06
3816,368,2290,2362,0,silica,-3.70299871466914299e+00,2.63396219778481155e-01,-3.09831067498489376e+06,-3.27368082921332354e+06
3817,2293,393,2359,0,silica,-1.85185199121301847e+00,2.62812072414670472e-01,-5.41421000322286598e+06,-6.05881882518024370e+06
3818,2319,370,2369,0,silica,-3.55526173359189457e+00,2.62875759550388166e-01,-3.21915601344243018e+06,-3.43854787836235994e+06
3819,392,2293,2363,0,silica,-1.92593421975008083e+00,2.62824056655127591e-01,-5.29914928457885701e+06,-5.91646076550104097e+06
3820,2280,391,2363,0,silica,-2.00005638447987932e+00,2.62895888889996820e-01,-5.17434423690301832e+06,-5.77652856524379645e+06
3821,371,2287,2369,0,silica,-3.48122783460228646e+00,2.62791393091567904e-01,-3.28419736402547825e+06,-3.52284876282857871e+06
3822,390,2280,2381,0,silica,-2.07438261901167609e+00,2.62858056423763531e-01,-5.06588622084786370e+06,-5.63949785715345293e+06
3823,2287,372,2370,0,silica,-3.40735919730454917e+00,2.62839000713800452e-01,-3.35740628413341474e+06,-3.60879623626836762e+06
3824,2370,373,2395,0,silica,-3.33305788170696493e+00,2.62997143302960756e-01,-3.43337143129935255e+06,-3.69907790039474471e+06
3825,386,2281,2391,0,silica,-2.37048014784500083e+00,2.62858406406584921e-01,-4.62048409930252004e+06,-5.09979534136579465e+06
3826,2282,383,2375,0,silica,-2.59265283961065895e+00,2.62893612205001015e-01,-4.30190866051257122e+06,-4.74319452079376206e+06
3827,376,2301,2385,0,silica,-3.11105086409788356e+00,2.62893612205001459e-01,-3.67568078676861757e+06,-3.98754499872493697e+06
3828,2301,377,2392,0,silica,-3.03676694718951756e+00,2.63039537292222736e-01,-3.75578586003061244e+06,-4.08864729248362500e+06
3829,2298,381,2390,0,silica,-2.74099351920109635e+00,2.62909992938849923e-01,-4.11251708039520215e+06,-4.51409261517771706e+06
3830,2283,379,2393,0,silica,-2.88889289078656430e+00,2.62809245746310038e-01,-3.93033253559969878e+06,-4.29465485715868883e+06
3831,2300,385,2391,0,silica,-2.44453002319021095e+00,2.62772505398178591e-01,-4.51090290484997723e+06,-4.97878983415574953e+06
3832,2281,387,2382,0,silica,-2.29635654331641925e+00,2.62893612205001681e-01,-4.73258308237483911e+06,-5.23273367249050085e+06
3833,2284,375,2385,0,silica,-3.18514913689979418e+00,2.62807711196595295e-01,-3.59717252979329089e+06,-3.88767810509679746e+06
3834,388,2299,2382,0,silica,-2.22225827051450864e+00,2.62807711196595739e-01,-4.84370827253868990e+06,-5.36460052515646908e+06
3835,384,2300,2375,0,silica,-2.51855456680874923e+00,2.62807711196595128e-01,-4.39848636565944646e+06,-4.85826615626870096e+06
3836,374,2284,2395,0,silica,-3.25900800636175347e+00,2.62911242294550374e-01,-3.51189269032991398e+06,-3.78737856273768377e+06
3837,2299,389,2381,0,silica,-2.14843249435691996e+00,2.62772155415331554e-01,-4.95486872832000721e+06,-5.50084255242213234e+06
3838,382,2282,2390,0,silica,-2.66694364385588623e+00,2.62995893947256254e-01,-4.20878259424730297e+06,-4.62777973579430580e+06
3839,380,2298,2393,0,silica,-2.81484282808608333e+00,2.62795658845353053e-01,-4.02048151116047846e+06,-4.40310165131183621e+06
3840,378,2283,2392,0,silica,-2.96274108321738749e+00,2.62967223184773558e-01,-3.83937940199812874e+06,-4.18930618855968444e+06
3841,2321,2319,2369,0,silica,-3.55392526919499518e+00,3.05787488790747186e-01,-3.21898852799961064e+06,-3.36863171483130427e+06
3842,2347,2286,2355,0,silica,-3.73067490990379003e-01,3.00781555866573846e-01,-8.54737985057413019e+06,-9.73254759156045876e+06
3843,2344,2346,2354,0,silica,-5.18701214953213752e-01,3.05739836293680345e-01,-8.17100496747327782e+06,-9.29609778203801997e+06
3844,2341,2339,2353,0,silica,-7.39462277115714994e-01,3.06661974926068226e-01,-7.67265678226455674e+06,-8.63133640713389404e+06
3845,2327,2294,2352,0,silica,-9.61533353055035067e-01,3.06731431770834728e-01,-7.17876120812447462e+06,-7.99323762829645071e+06
3846,2297,2334,2357,0,silica,-1.63128317454454375e+00,3.05764707889322029e-01,-5.82999570991344377e+06,-6.34866803239571489e+06
3847,2290,2322,2362,0,silica,-3.69828606797639736e+00,3.09515076845169046e-01,-3.09716821299791289e+06,-3.21739483342802478e+06
3848,2280,2365,2381,0,silica,-2.07572833826906589e+00,3.05763521438324803e-01,-5.06616742474087700e+06,-5.50800767681118939e+06
3849,2372,2370,2395,0,silica,-3.33191072227583307e+00,3.06737129592868030e-01,-3.43368774501339905e+06,-3.60742015349776251e+06
3850,2387,2301,2392,0,silica,-3.03562912059080192e+00,3.07018299443359732e-01,-3.75628291103224736e+06,-3.99225867354892706e+06
3851,2281,2384,2391,0,silica,-2.37063326233666016e+00,3.05765971318259555e-01,-4.62077167403975409e+06,-4.96551704098812025e+06
3852,2282,2377,2390,0,silica,-2.66809995664742106e+00,3.06728384102960439e-01,-4.20840531436028425e+06,-4.51683423773889523e+06
3853,2311,2304,2430,0,silica,-1.70384523905623086e+00,1.48120032123358936e+00,-8.15780074095922988e+06,-4.12724981343733519e+06
3854,2359,2360,2399,0,silica,-1.80972843473589262e+00,3.23499492930575172e-01,-5.59485826919271424e+06,-6.03154019025801588e+06
3855,2350,2349,2400,0,silica,-1.21787809226639077e+00,3.25139030084906466e-01,-6.79642502912212349e+06,-7.37976951559673250e+06
3856,2356,2396,2402,0,silica,-1.79477633936853564e-01,3.19573491672911159e-01,-9.23494473697437160e+06,-1.04526844832049459e+07
3857,2333,2332,2403,0,silica,-1.52486207780501459e+00,3.22848815998031113e-01,-6.17230560418996774e+06,-6.66538845767363533e+06
3858,2385,2386,2404,0,silica,-3.15208280840805655e+00,3.31691911382644145e-01,-3.72592402568807593e+06,-3.86430366151511157e+06
3859,2383,2382,2405,0,silica,-2.25932930290513001e+00,3.27150681307783964e-01,-4.89695543768488802e+06,-5.20180050224401429e+06
3860,2376,2375,2407,0,silica,-2.55509568945627930e+00,3.23146041738456957e-01,-4.44929458120107651e+06,-4.70649394327114057e+06
3861,2394,2393,2408,0,silica,-2.85184914595596561e+00,3.28510232008427161e-01,-4.05801673639632203e+06,-4.26864555639613140e+06
3862,2325,2326,2411,0,silica,-1.07398871551828545e+00,3.23046010409036521e-01,-7.04844166705564409e+06,-7.76730164154458977e+06
3863,2364,2363,2412,0,silica,-1.96389002246914646e+00,3.28392658232607326e-01,-5.31131027683038637e+06,-5.75559320100030862e+06
3864,2400,2277,2411,0,silica,-1.14400476543384788e+00,3.21438330194232069e-01,-6.94754357125442475e+06,-7.55370743169459328e+06
3865,2293,2399,2412,0,silica,-1.88435671959519446e+00,3.28390312673794815e-01,-5.51209161859368253e+06,-5.84673374182059243e+06
3866,2293,2359,2399,0,silica,-1.84898560651026567e+00,3.01512370031344679e-01,-5.41443722351093963e+06,-5.93252122247440275e+06
3867,2349,2277,2400,0,silica,-1.18201222989163779e+00,3.04832864992063746e-01,-6.70679006890978944e+06,-7.44497096268527955e+06
3868,2296,2356,2402,0,silica,-2.19181033646410062e-01,3.00499165381256927e-01,-8.93760101296809688e+06,-1.02881725273398962e+07
3869,2332,2278,2403,0,silica,-1.48585592597451122e+00,3.05230775467092874e-01,-6.11953408031172771e+06,-6.68712072558946535e+06
3870,2284,2385,2404,0,silica,-3.18789659299013861e+00,3.07910894598680818e-01,-3.59746370331220608e+06,-3.78230930182445515e+06
3871,2382,2299,2405,0,silica,-2.22225827051450997e+00,3.05576047752265545e-01,-4.84334422421640251e+06,-5.23286005634902883e+06
3872,2375,2300,2407,0,silica,-2.51916981417255315e+00,3.00840655753683461e-01,-4.39816693404085469e+06,-4.74267141598749161e+06
3873,2393,2298,2408,0,silica,-2.81245661942651770e+00,3.06350569878505008e-01,-4.02023278107542126e+06,-4.29380620427598897e+06
3874,2277,2325,2411,0,silica,-1.10993795841839726e+00,3.00754381860806330e-01,-6.85046793374400679e+06,-7.63297086997472681e+06
3875,2363,2293,2412,0,silica,-1.92426831570545609e+00,3.11130246536470756e-01,-5.29879682237026189e+06,-5.76212323404358793e+06
3876,2397,2302,2415,0,silica,-3.81778153055694425e+00,3.31588827035204370e-01,-3.06666742688180879e+06,-3.10542683040673239e+06
3877,2276,2340,2416,0,silica,-8.54617224796048292e-01,3.24202710863544963e-01,-7.57471470146455709e+06,-8.37490482910898142e+06
3878,2360,2279,2417,0,silica,-1.73812727152205926e+00,3.24048900794708494e-01,-5.76092197468236834e+06,-6.15484903807342518e+06
3879,2287,2371,2418,0,silica,-3.44585684446955431e+00,3.25624311082674756e-01,-3.37995212970777508e+06,-3.50858163843109086e+06
3880,2283,2394,2419,0,silica,-2.92897048186389775e+00,3.24680417161849866e-01,-3.95475336439853627e+06,-4.17283005769592244e+06
3881,2327,2352,2416,0,silica,-9.25446056980774423e-01,3.24774922961135915e-01,-7.44906301713466551e+06,-8.13227738001525775e+06
3882,2357,2334,2417,0,silica,-1.66787854754578091e+00,3.23603659894820372e-01,-5.86828270530384034e+06,-6.32862600823568273e+06
3883,2362,2322,2415,0,silica,-3.73551928734999050e+00,3.36335244182515314e-01,-3.15832321927977540e+06,-3.17615370661336882e+06
3884,2321,2369,2418,0,silica,-3.51719873672676764e+00,3.24840627616068078e-01,-3.32146596547834389e+06,-3.42230574708417850e+06
3885,2387,2392,2419,0,silica,-2.99930534872577104e+00,3.25330297359282372e-01,-3.88797753914388642e+06,-4.05947199078080151e+06
3886,2341,2353,2428,0,silica,-7.01227640577810951e-01,3.27877578466112596e-01,-7.97986736815023329e+06,-8.79120903009415604e+06
3887,2302,2362,2415,0,silica,-3.77726897107992698e+00,3.11599730419235776e-01,-3.04127933885465376e+06,-3.11685115840762109e+06
3888,2352,2276,2416,0,silica,-8.89565440940564556e-01,3.02425390690142681e-01,-7.33789923109418806e+06,-8.20173316018066369e+06
3889,2279,2357,2417,0,silica,-1.70356721930354937e+00,3.02082748093694731e-01,-5.68502957298257761e+06,-6.20882642799362168e+06
3890,2369,2287,2418,0,silica,-3.48149816408668888e+00,3.03312241678885208e-01,-3.28411906917352090e+06,-3.44540565556228627e+06
3891,2392,2283,2419,0,silica,-2.96340613828770705e+00,3.02734878511316363e-01,-3.83857052068218775e+06,-4.09060647040071478e+06
3892,2347,2355,2420,0,silica,-3.34370640982868117e-01,3.26362436023761082e-01,-8.82986210072258860e+06,-9.95873506620932557e+06
3893,2381,2365,2421,0,silica,-2.11293566875746874e+00,3.26616165430609950e-01,-5.12921278017047886e+06,-5.47499334879744519e+06
3894,2372,2395,2425,0,silica,-3.29557909776936375e+00,3.25213436665781064e-01,-3.55479312749731028e+06,-3.66975414651680924e+06
3895,2390,2377,2422,0,silica,-2.70403531198938651e+00,3.24866272291613745e-01,-4.24245328197360970e+06,-4.49931622268574685e+06
3896,2391,2384,2423,0,silica,-2.41055873004958121e+00,3.25838527330993777e-01,-4.65194385483744554e+06,-4.94775413540359493e+06
3897,2353,2285,2428,0,silica,-6.65217559530615787e-01,3.05587428951551443e-01,-7.83825051124328468e+06,-8.88090315492685325e+06
3898,2355,2296,2420,0,silica,-2.94925553425204157e-01,3.09096983616283294e-01,-8.76061776571135782e+06,-9.99662174394498765e+06
3899,2298,2390,2422,0,silica,-2.73994004760771048e+00,3.02503538538123451e-01,-4.11317154556957120e+06,-4.42008970680719335e+06
3900,2299,2381,2421,0,silica,-2.14865099790993819e+00,3.05080456818263457e-01,-4.95504005791554786e+06,-5.37248666840663832e+06
3901,2300,2391,2423,0,silica,-2.44746666396778112e+00,3.04300718821533478e-01,-4.51108699893251527e+06,-4.84122504940526932e+06
3902,2395,2284,2425,0,silica,-3.25966520879063637e+00,3.02843206778087792e-01,-3.51125808631090540e+06,-3.69688586785371741e+06
3903,2289,2292,2441,0,silica,-3.72861004809229257e+00,8.06767581500027142e-01,-3.41160165621181717e+06,-2.62023958545566071e+06
3904,2296,2402,2420,0,silica,-2.54529158963702873e-01,3.26435844475286341e-01,-9.10092843730742298e+06,-1.01379826392004099e+07
3905,2405,2299,2421,0,silica,-2.18542770011833021e+00,3.26446394360816294e-01,-5.02017925410266872e+06,-5.33468468441359513e+06
3906,2408,2298,2422,0,silica,-2.77436210890083990e+00,3.24518213034639402e-01,-4.18465110868709534e+06,-4.36743974781567976e+06
3907,2407,2300,2423,0,silica,-2.48505738100092577e+00,3.20930914382657528e-01,-4.51983481461739540e+06,-4.83713155260638241e+06
3908,2284,2404,2425,0,silica,-3.22560286936821816e+00,3.26404904287836972e-01,-3.62001579520099610e+06,-3.77321164818190085e+06
3909,2429,2311,2430,0,silica,-2.05657671447699508e+00,1.32701385226838475e+00,-6.43554346424937528e+06,-3.23891004708251217e+06
3910,2354,2346,2426,0,silica,-5.56541576749430611e-01,3.29090119253378888e-01,-8.27237831335678976e+06,-9.23857396819951013e+06
3911,2285,2354,2426,0,silica,-5.93436092438576646e-01,3.07584679328540667e-01,-8.00541884503852762e+06,-9.08832737768651918e+06
3912,2285,2426,2428,0,silica,-6.29227319873668534e-01,3.28872596975970599e-01,-8.12422507445749175e+06,-9.03001498253471218e+06
3913,2318,2311,2429,0,silica,-2.04675895723800627e+00,1.00257533889426331e+00,-6.43043383766367286e+06,-4.63035366482628044e+06
3914,2404,2386,2435,0,silica,-3.15605617096257163e+00,3.86181283455211688e-01,-3.72617744090217305e+06,-3.72457814850093797e+06
3915,2317,2318,2439,0,silica,-1.79073218034480663e+00,6.67441229994731100e-01,-6.28511315815784596e+06,-5.56865234587450419e+06
3916,2335,2351,2458,0,silica,-1.36967351010043981e+00,4.04342898362448688e-01,-6.67945387165941205e+06,-6.83662237932775449e+06
3917,2358,2351,2440,0,silica,-1.38358963125328294e+00,3.32992743711695960e-01,-6.41502075073362328e+06,-6.97288643968175352e+06
3918,2400,2329,2401,0,silica,-1.15856194560901660e+00,3.94650026667753950e-01,-7.11448230077156052e+06,-7.31799188753230963e+06
3919,2379,2423,2424,0,silica,-2.47684207740273443e+00,3.96321895575188821e-01,-4.59232607371624932e+06,-4.74878182040099148e+06
3920,2351,2358,2457,0,silica,-1.34775209778608684e+00,3.30239408770196918e-01,-6.53235869175407384e+06,-6.96519567995969579e+06
3921,2360,2337,2438,0,silica,-1.76278167316718481e+00,3.97083648204168638e-01,-5.86374367712121923e+06,-5.98309405511724390e+06
3922,2389,2394,2409,0,silica,-2.90208225617698323e+00,3.97742244128989675e-01,-4.08296837523656804e+06,-4.11775190925553301e+06
3923,2330,2340,2342,0,silica,-8.38386671378078874e-01,3.96675893672148783e-01,-7.80521921382994577e+06,-8.27651235545734316e+06
3924,2324,2371,2373,0,silica,-3.42042648387696291e+00,4.14540668272295576e-01,-3.48590528278338397e+06,-3.45388283348786784e+06
3925,516,515,2304,0,silica,-1.40000093656166325e+00,2.01704192341119359e+00,-9.19290202900185436e+06,-2.99628432578362897e+06
3926,515,514,2430,0,silica,-2.00705491323032259e+00,2.04050296785624630e+00,-7.65158365663124062e+06,-2.42298464506062958e+06
3927,514,513,2303,0,silica,-2.59280674154450530e+00,2.05946499931414850e+00,-6.31632078596310131e+06,-1.87916929625071748e+06
3928,2396,2305,2456,0,silica,-1.34866230709137974e-01,3.84563324859096722e-01,-9.63286743196778186e+06,-1.03798925091222655e+07
3929,777,776,2433,0,silica,-3.97986222086609231e+00,3.25496611272573066e-01,-2.93998083344764682e+06,-2.91110297196081141e+06
3930,794,795,2432,0,silica,-2.02360902992330741e-02,3.25353265186831775e-01,-9.62442151840541698e+06,-1.09929629196745474e+07
3931,2408,2380,2409,0,silica,-2.79195539316573971e+00,3.97175197733999952e-01,-4.28398545332676824e+06,-4.24877453676735889e+06
3932,2405,2367,2406,0,silica,-2.20910608076110648e+00,4.10414426286250855e-01,-5.08899362893824559e+06,-5.19724178604331892e+06
3933,2278,2358,2440,0,silica,-1.41131874800145485e+00,3.06619274816951615e-01,-6.28111832602381427e+06,-6.83969386321157403e+06
3934,2343,2426,2427,0,silica,-6.00523588905047645e-01,4.11098380118839091e-01,-8.51979948114967346e+06,-8.84235535378028825e+06
3935,2312,2308,2313,0,silica,-3.13561688255226478e+00,9.81286064792317503e-01,-4.23999457454312965e+06,-2.75061890709157148e+06
3936,2307,2309,2310,0,silica,-8.04216918272309123e-01,1.00794882557420507e+00,-8.77368584118204005e+06,-6.37916618875373993e+06
3937,2401,2331,2458,0,silica,-1.28425112797535035e+00,4.72095099780367899e-01,-6.98777141927238367e+06,-6.69378488972485531e+06
3938,2358,2295,2457,0,silica,-1.32429530174626731e+00,3.03612927844697345e-01,-6.41299459180053882e+06,-7.11513539655412640e+06
3939,2367,2318,2368,0,silica,-2.17224643145648022e+00,5.98424471776602629e-01,-5.45539484524316993e+06,-5.05810826722034439e+06
3940,417,52,2454,0,silica,-4.19340293991903312e-02,2.36895175738516178e-01,-9.25003689003988169e+06,-1.10333060398186110e+07
3941,51,365,2455,0,silica,-3.95806597060080989e+00,2.36895175738515595e-01,-2.83720094343438139e+06,-3.00555126685781451e+06
3942,2342,2343,2413,0,silica,-7.63616126670453421e-01,4.90130746227849412e-01,-8.29844805962371547e+06,-8.03182634077845048e+06
3943,2389,2410,2434,0,silica,-2.94821509792056036e+00,4.91105139507280075e-01,-4.13935357098242268e+06,-3.93496972525002435e+06
3944,52,794,2454,0,silica,-1.72426713743961367e-02,2.60394908988761997e-01,-9.43964344000350870e+06,-1.12268123686106298e+07
3945,776,51,2455,0,silica,-3.98275732862560394e+00,2.60394908988761387e-01,-2.88548330201723054e+06,-2.95627584912139876e+06
3946,2316,2420,2456,0,silica,-2.46971724327639808e-01,4.25401408992824692e-01,-9.37554075854636170e+06,-9.68687361971288547e+06
3947,2303,2429,2430,0,silica,-2.35259406674588112e+00,1.52282342161638451e+00,-6.53403009917583689e+06,-3.16870725902267545e+06
3948,2304,515,2430,0,silica,-1.69277013550018718e+00,1.83754489126744036e+00,-7.96257087532107253e+06,-2.24575710088942759e+06
3949,514,2303,2430,0,silica,-2.31414736905525231e+00,1.87996796717039572e+00,-6.40843831640050281e+06,-1.81225303296302306e+06
3950,2310,2331,2414,0,silica,-1.17669667112554621e+00,6.65809097659214255e-01,-7.28652780371062458e+06,-6.45822384501148202e+06
3951,2373,2374,2453,0,silica,-3.29663056279010780e+00,4.86892030463305980e-01,-3.62509881778186047e+06,-3.44318239537344920e+06
3952,512,66,2442,0,silica,-3.67043321857151161e+00,2.05393286286338173e+00,-4.26192452425070945e+06,-1.34759117807595478e+06
3953,67,517,2443,0,silica,-3.28897044998233357e-01,2.08215789873524626e+00,-1.37121769304095954e+07,-3.98017329934145417e+06
3954,2318,2338,2439,0,silica,-1.89099560441197379e+00,5.88828833158277276e-01,-6.05686257551125996e+06,-5.24228003923629969e+06
3955,2410,2313,2434,0,silica,-2.91544650373561609e+00,6.09461055755189940e-01,-4.12485106551087834e+06,-3.73109376278891601e+06
3956,2403,2278,2440,0,silica,-1.45285209221989331e+00,3.25382564030723298e-01,-6.31555522154233884e+06,-6.82486299869745225e+06
3957,2323,2324,2441,0,silica,-3.55947363031807251e+00,5.00299159239081859e-01,-3.39771712060336303e+06,-3.13309290974774817e+06
3958,2335,2403,2440,0,silica,-1.44727429389395534e+00,3.76706749312995248e-01,-6.30670516493585519e+06,-6.66096117456315923e+06
3959,513,512,2436,0,silica,-3.14241039839925307e+00,2.08400328100419507e+00,-5.20826559782190062e+06,-1.53670192738295300e+06
3960,517,516,2437,0,silica,-8.49648358835428108e-01,2.09358699350702482e+00,-1.11694121320221722e+07,-3.35335955956086144e+06
3961,2303,513,2436,0,silica,-2.87807428279852084e+00,1.92346828031834427e+00,-5.35288032986188121e+06,-1.43590371773596643e+06
3962,516,2304,2437,0,silica,-1.10679215253518559e+00,1.89062891691821844e+00,-1.02875690950607155e+07,-2.63670844268678594e+06
3963,2307,2288,2309,0,silica,-5.16675054518398569e-01,1.07205675356596619e+00,-1.10650313002778143e+07,-6.90277127973985393e+06
3964,2289,2308,2312,0,silica,-3.42634297231848484e+00,1.08938891569147267e+00,-3.94041800730407191e+06,-2.85798240104372939e+06
3965,2308,2289,2441,0,silica,-3.55906031834733128e+00,8.60368274096863117e-01,-3.89281893175274832e+06,-2.78642609320057137e+06
3966,2292,2314,2441,0,silica,-3.72657417183373374e+00,5.99815675888431765e-01,-3.47520104926164122e+06,-2.96827115628501866e+06
3967,778,777,2306,0,silica,-3.97491161116321434e+00,4.01607342563648106e-01,-3.01406879352169950e+06,-2.85806042776439665e+06
3968,795,796,2305,0,silica,-2.62125788813176719e-02,4.01407168884865662e-01,-9.84959506090850756e+06,-1.07277428800445069e+07
3969,2348,2316,2446,0,silica,-3.71448314710555672e-01,4.79114558615020503e-01,-9.29841702824046090e+06,-9.35404604073494859e+06
3970,2351,2335,2440,0,silica,-1.40421266474163908e+00,3.81260507296907747e-01,-6.50523484407182690e+06,-6.68195022100748029e+06
3971,2314,2323,2441,0,silica,-3.64306153614730510e+00,5.14987892126740121e-01,-3.30622773746814206e+06,-3.14668133234840864e+06
3972,2397,2415,2447,0,silica,-3.82782168395203115e+00,3.75389910582952346e-01,-3.09126828781927563e+06,-3.00010529885622021e+06
3973,2315,417,2454,0,silica,-7.88804096985923214e-02,2.56322255225599205e-01,-9.33259501313438267e+06,-1.09969081000220478e+07
3974,365,2361,2455,0,silica,-3.92111959030140822e+00,2.56322255225598428e-01,-2.92150771398536675e+06,-3.04272014429806685e+06
3975,2365,2367,2421,0,silica,-2.12448346524757303e+00,3.88309316446590003e-01,-5.13518762791437097e+06,-5.23922519440735783e+06
3976,2374,2372,2425,0,silica,-3.28539762866341833e+00,3.71577361204588563e-01,-3.54551595736704813e+06,-3.61399644134370796e+06
3977,2377,2380,2422,0,silica,-2.71186198336149786e+00,3.71096369623639177e-01,-4.27005222343437187e+06,-4.34940659563725442e+06
3978,2343,2341,2428,0,silica,-6.83242964774856465e-01,3.88293404982594126e-01,-7.97574099489612505e+06,-8.68864909917629138e+06
3979,2324,2321,2418,0,silica,-3.50690639274540272e+00,3.76613579240154539e-01,-3.31646635543899518e+06,-3.37403323357046116e+06
3980,2389,2387,2419,0,silica,-2.98948703029252272e+00,3.72109290242346791e-01,-3.87892489300174685e+06,-4.01026847117257072e+06
3981,2330,2327,2416,0,silica,-9.17350568821122203e-01,3.70748430558483388e-01,-7.43429963364809938e+06,-8.05335267443341203e+06
3982,2334,2337,2417,0,silica,-1.67861466784266344e+00,3.69608569745343452e-01,-5.90578656627519522e+06,-6.09018257437946275e+06
3983,2379,2376,2407,0,silica,-2.54672124420662582e+00,3.62706440894658477e-01,-4.44016641158409044e+06,-4.66930149892647751e+06
3984,2326,2329,2411,0,silica,-1.08241729801210229e+00,3.62633714765080273e-01,-7.11005167553346604e+06,-7.52667061644590273e+06
3985,2427,2445,2446,0,silica,-4.95997440363288578e-01,4.48718219220111403e-01,-8.54875137467149645e+06,-9.06143478676523082e+06
3986,2295,2350,2457,0,silica,-1.28695971696961120e+00,3.21230464495338375e-01,-6.65149200495969690e+06,-7.20136696484384499e+06
3987,2415,2314,2447,0,silica,-3.78703016450588281e+00,4.21329985899433324e-01,-3.15340781947977981e+06,-3.08147563932703948e+06
3988,2310,2317,2331,0,silica,-1.36059703247375130e+00,7.33246528682156895e-01,-7.31772774162608292e+06,-6.43937065894200280e+06
3989,2317,2311,2318,0,silica,-1.78172428136557559e+00,8.65660192614544299e-01,-6.35393687669498846e+06,-4.67254366931976844e+06
3990,2306,2397,2447,0,silica,-3.87656297675183881e+00,3.86882961976729167e-01,-3.05906190328737255e+06,-3.00706855201237649e+06
3991,2306,777,2433,0,silica,-3.95477383202930577e+00,3.61765754164244557e-01,-2.96538340292939171e+06,-2.95371955923059443e+06
3992,795,2305,2432,0,silica,-4.64486691805507459e-02,3.61422234399720821e-01,-9.82029857235777751e+06,-1.06666426741522979e+07
3993,2450,2307,2459,0,silica,-3.48968354497274869e-01,7.55283210664999038e-01,-1.00716974650606625e+07,-8.94153552215816826e+06
3994,800,801,2444,0,silica,-9.87334883155827070e-02,1.44522308551119494e+00,-1.26213124936102722e+07,-7.06246738184941281e+06
3995,2374,2404,2435,0,silica,-3.20617661431228962e+00,4.08935920700178368e-01,-3.74841803140311223e+06,-3.71654619731145818e+06
3996,2380,2378,2398,0,silica,-2.65507188418546702e+00,4.54189395496760351e-01,-4.39246947650076635e+06,-4.40393391969386023e+06
3997,2328,2330,2414,0,silica,-9.87082279622578995e-01,4.58885686673931648e-01,-7.62939558706743550e+06,-7.46468160315476358e+06
3998,2386,2388,2435,0,silica,-3.11403252627143701e+00,4.09351849771067922e-01,-3.90048227975835791e+06,-3.81014186438404070e+06
3999,2432,2315,2454,0,silica,-7.44251419730311975e-02,2.91175561447322984e-01,-9.31368593297653086e+06,-1.08497543973320387e+07
4000,2361,2433,2455,0,silica,-3.92567316919229370e+00,2.91318907533063554e-01,-2.92941468259454705e+06,-2.98118675937017426e+06
4001,2433,776,2455,0,silica,-3.96261954949169537e+00,2.95391561296226512e-01,-2.89701022438259097e+06,-2.98636945250667538e+06
4002,794,2432,2454,0,silica,-3.74787616736292073e-02,2.95248215210485720e-01,-9.56784273943133280e+06,-1.08921194862256050e+07
4003,2312,2436,2442,0,silica,-3.30225808974640023e+00,1.61771340471674541e+00,-4.52259564043340925e+06,-2.22869089595700055e+06
4004,2437,2309,2443,0,silica,-6.50270168819152228e-01,1.66448003763095631e+00,-1.16321938180226181e+07,-4.99244239082163852e+06
4005,2443,2309,2444,0,silica,-4.70783869730260374e-01,1.53145388682543593e+00,-1.15174842357576210e+07,-5.06362705409776140e+06
4006,2331,2335,2458,0,silica,-1.36075801643220129e+00,4.72937405964208690e-01,-6.64096439489396010e+06,-6.64835308417156152e+06
4007,2346,2345,2445,0,silica,-4.78185202458130620e-01,3.69348628011520075e-01,-8.45202320873486996e+06,-9.26871574392923340e+06
4008,2324,2373,2452,0,silica,-3.42316051000352894e+00,4.86106461362721287e-01,-3.50426818436943041e+06,-3.28458804241885152e+06
4009,2377,2376,2378,0,silica,-2.62768785969218621e+00,3.73607229672247021e-01,-4.35001803296131175e+06,-4.47976579500251729e+06
4010,2386,2387,2388,0,silica,-3.07189633699384324e+00,3.77403285055255999e-01,-3.80231306217659311e+06,-3.87715356431619637e+06
4011,2371,2372,2373,0,silica,-3.36809692024315899e+00,3.85099653149724608e-01,-3.46799317618911574e+06,-3.46220329019001918e+06
4012,2365,2364,2366,0,silica,-2.03107516695300783e+00,3.76486455784425689e-01,-5.20852088966563530e+06,-5.52336940894020069e+06
4013,2334,2333,2336,0,silica,-1.59136078743517317e+00,3.64622293893952509e-01,-5.99363314311121684e+06,-6.32504930854391027e+06
4014,2340,2341,2342,0,silica,-7.83951787299322245e-01,3.72832980107132173e-01,-7.77001427833244391e+06,-8.29038293153079879e+06
4015,2326,2327,2328,0,silica,-1.00194226927273444e+00,3.73608065779411858e-01,-7.27094438882713299e+06,-7.67092818615966756e+06
4016,2345,2347,2348,0,silica,-4.04311170045981660e-01,3.66008797448453993e-01,-8.62009719168251753e+06,-9.54161225128932856e+06
4017,2320,2321,2323,0,silica,-3.59483107895087572e+00,3.71291403987938640e-01,-3.26684769851072039e+06,-3.24339704665743792e+06
4018,2431,2316,2456,0,silica,-1.83366485674474472e-01,4.69699114850320898e-01,-9.77625811323477514e+06,-1.00427852363049313e+07
4019,2384,2383,2449,0,silica,-2.33917710354660313e+00,3.77211079543579242e-01,-4.79924390016459022e+06,-4.84702860598365776e+06
4020,2330,2413,2414,0,silica,-9.34377746798629283e-01,5.15028776876922167e-01,-7.89973992247940507e+06,-7.83153604140305705e+06
4021,2380,2398,2410,0,silica,-2.72849440280277866e+00,4.87143483198241134e-01,-4.49931149810924940e+06,-4.27868206218722742e+06
4022,2399,2360,2438,0,silica,-1.81065059370222170e+00,3.68374240596325730e-01,-5.63436147450256348e+06,-5.82817362913970929e+06
4023,2350,2400,2401,0,silica,-1.21069863843928083e+00,3.75312081100939610e-01,-6.79883711803186685e+06,-7.23256039366713446e+06
4024,2402,2396,2456,0,silica,-1.79729660050330420e-01,3.63024172900802411e-01,-9.26521233480859920e+06,-1.01470207169132996e+07
4025,2383,2405,2406,0,silica,-2.25908435123083251e+00,3.70263266214887088e-01,-4.89616022103922255e+06,-5.09000995123529434e+06
4026,2394,2408,2409,0,silica,-2.84800785063659001e+00,3.72934282397474615e-01,-4.05812944488664204e+06,-4.13840876160530047e+06
4027,2423,2384,2424,0,silica,-2.42362920517032876e+00,3.78231106536281170e-01,-4.66216673689203430e+06,-4.74412764559078217e+06
4028,2426,2346,2427,0,silica,-5.57125688530791474e-01,3.72038512133299915e-01,-8.25525817887569871e+06,-9.01323803785943985e+06
4029,2435,2434,2453,0,silica,-3.15072995408570788e+00,5.20862981143052184e-01,-4.05278141933534108e+06,-3.61755500403682701e+06
4030,2365,2366,2367,0,silica,-2.07733554613596949e+00,4.20935768941608668e-01,-5.39453303277644608e+06,-5.38640511730168760e+06
4031,2388,2387,2389,0,silica,-3.02361986069497179e+00,4.00615384633745741e-01,-3.95211919227121305e+06,-3.94648774942644546e+06
4032,2377,2378,2380,0,silica,-2.67386748556513831e+00,3.97702421153920682e-01,-4.39450816277223546e+06,-4.44904657466471661e+06
4033,2373,2372,2374,0,silica,-3.31950910203403149e+00,4.09284944388687177e-01,-3.64845396795524564e+06,-3.52195562802153081e+06
4034,2342,2341,2343,0,silica,-7.26862934843344299e-01,4.11461412361876944e-01,-8.11482252709981333e+06,-8.58142977697620355e+06
4035,2334,2336,2337,0,silica,-1.63678507208253543e+00,3.93397926666561482e-01,-6.07876086548598204e+06,-6.24540415268357191e+06
4036,2328,2327,2330,0,silica,-9.55497090571052143e-01,3.97449018438339630e-01,-7.61276853323278390e+06,-7.90695392573880590e+06
4037,2323,2321,2324,0,silica,-3.54976196087295159e+00,4.05787602558215832e-01,-3.38128608174204780e+06,-3.32787412834718218e+06
4038,779,778,2448,0,silica,-3.96492841407176533e+00,5.00623723126673359e-01,-3.09960756385199539e+06,-2.78051329268011078e+06
4039,2378,2376,2379,0,silica,-2.58113210152663664e+00,3.90873093467125121e-01,-4.52787763101691194e+06,-4.56995639182864595e+06
4040,2326,2328,2329,0,silica,-1.04855613543037607e+00,3.90903126040495541e-01,-7.24766730816627480e+06,-7.68273227727497555e+06
4041,2317,2439,2451,0,silica,-1.65033989052713537e+00,6.05298109850719523e-01,-6.18124654942860547e+06,-5.66512163131899759e+06
4042,2305,2431,2456,0,silica,-1.21626059079277662e-01,4.35453485590455547e-01,-9.61047981407873146e+06,-1.02192431562815513e+07
4043,2331,2317,2451,0,silica,-1.50430191504869826e+00,6.09178984255191125e-01,-6.90447938372269366e+06,-5.78367296031409223e+06
4044,796,797,2431,0,silica,-3.34521703743053331e-02,4.99390907111157523e-01,-1.01049435423235688e+07,-1.03713103980093375e+07
4045,2436,512,2442,0,silica,-3.38427218839907162e+00,1.91793614386757727e+00,-4.73252048402317241e+06,-1.20197624219009746e+06
4046,517,2437,2443,0,silica,-6.07116832402707973e-01,1.95574489224227110e+00,-1.14805375807382725e+07,-3.13740657558078971e+06
4047,2309,2288,2444,0,silica,-4.24627801715986297e-01,1.29139279484703029e+00,-1.10784238460268248e+07,-6.92462342721632402e+06
4048,2438,2337,2439,0,silica,-1.76392066982971851e+00,4.65815834142163432e-01,-5.87050326718135644e+06,-5.74298453212594986e+06
4049,2330,2342,2413,0,silica,-8.47557707111295078e-01,4.75698501397049778e-01,-7.78605079213506356e+06,-7.86820114198923018e+06
4050,2288,2307,2450,0,silica,-3.36078130925121288e-01,8.99265546430505491e-01,-1.01991918132103216e+07,-7.74838749728114530e+06
4051,2409,2380,2410,0,silica,-2.80402479302835195e+00,4.52773971531883757e-01,-4.29532667025324237e+06,-4.02736949529087031e+06
4052,2314,2292,2448,0,silica,-3.83127552900604229e+00,5.54959449408200078e-01,-3.20825981339004962e+06,-2.80306344301564666e+06
4053,2452,2373,2453,0,silica,-3.34795240712580044e+00,5.34272532314769122e-01,-3.70316027273118449e+06,-3.38227455168536399e+06
4054,2457,2350,2458,0,silica,-1.29477142821955127e+00,3.65080624948616095e-01,-6.68624351279303245e+06,-6.97628931166528631e+06
4055,2351,2457,2458,0,silica,-1.33057872806232980e+00,3.70780135495659302e-01,-6.53411134943941981e+06,-6.96864388379424997e+06
4056,2388,2434,2435,0,silica,-3.08609674811093226e+00,4.67789658496467808e-01,-3.90842259588257782e+06,-3.84219105297204480e+06
4057,799,800,2288,0,silica,-9.22647865069748246e-02,1.08751887870332187e+00,-1.17713190640616082e+07,-8.47838200027042814e+06
4058,782,781,2289,0,silica,-3.91458396406793385e+00,1.09357704519154653e+00,-3.66657937272687396e+06,-2.21298300081896782e+06
4059,2337,2336,2451,0,silica,-1.61573836309347141e+00,4.51081672566807812e-01,-6.06864880522542633e+06,-6.14986335137291905e+06
4060,2441,2324,2452,0,silica,-3.49553247135053935e+00,5.45890199616310245e-01,-3.60158729846254317e+06,-3.23231701735281898e+06
4061,801,2443,2444,0,silica,-2.37154342836831594e-01,1.63438040351861535e+00,-1.35767319324410483e+07,-5.73573310758423992e+06
4062,2374,2435,2453,0,silica,-3.22878617559593017e+00,4.85179809662618922e-01,-3.81206872239257069e+06,-3.43873461961219274e+06
4063,797,798,2291,0,silica,-4.08368837340284327e-02,6.37994680274437953e-01,-1.04900444976605121e+07,-9.92006835904968716e+06
4064,780,779,2292,0,silica,-3.95379902712490150e+00,6.53874130600341608e-01,-3.24721903235847456e+06,-2.67850310530992504e+06
4065,2350,2401,2458,0,silica,-1.25735932180081034e+00,3.97801081631564746e-01,-6.90353626876190118e+06,-7.16741032322516385e+06
4066,2446,2316,2459,0,silica,-3.46279832322595904e-01,5.59541547599839872e-01,-9.27713311211752333e+06,-9.15940764325861819e+06
4067,2307,2446,2459,0,silica,-4.49107567964076415e-01,6.53618683963946956e-01,-9.85995935968049429e+06,-8.52098133290681988e+06
4068,2291,2316,2431,0,silica,-1.62242059584848275e-01,5.43791780489644272e-01,-9.76261397601264901e+06,-9.74295039833221398e+06
4069,2388,2389,2434,0,silica,-3.02271250823932158e+00,4.60225204394186072e-01,-3.95244681734797219e+06,-3.82704247700554831e+06
4070,2378,2379,2398,0,silica,-2.58927132134299498e+00,4.47417415578681144e-01,-4.49834868229935411e+06,-4.39371732321149763e+06
4071,2329,2328,2414,0,silica,-1.05320587076886163e+00,4.52397216126430746e-01,-7.30609984684019536e+06,-7.33134676665072422e+06
4072,2345,2348,2445,0,silica,-4.35526667403613732e-01,3.90813993456454734e-01,-8.77702597098269314e+06,-9.41051144680566713e+06
4073,2427,2346,2445,0,silica,-5.15807651117940913e-01,3.90660924229519313e-01,-8.55276262638258934e+06,-9.19065154706946388e+06
4074,2383,2406,2449,0,silica,-2.30175403725628414e+00,3.98854054333388774e-01,-5.04577309141319245e+06,-5.00250717562926281e+06
4075,2424,2384,2449,0,silica,-2.38928817634465096e+00,4.08062017787097775e-01,-4.79030379543434083e+06,-4.84918609933605138e+06
4076,2338,2438,2439,0,silica,-1.83295223223989545e+00,4.92400706914128961e-01,-5.84824965163272806e+06,-5.74995644067741372e+06
4077,2305,796,2431,0,silica,-5.96647492556230050e-02,4.45741186595481009e-01,-1.00830681464799643e+07,-1.03269493802975453e+07
4078,798,799,2450,0,silica,-5.30326033001513666e-02,8.27831814759672824e-01,-1.11333329463090561e+07,-9.37265603861228935e+06
4079,2288,800,2444,0,silica,-1.90998274822557518e-01,1.25565823018617118e+00,-1.25832157262832448e+07,-7.00679224646809790e+06
4080,2445,2348,2446,0,silica,-4.40551635863059232e-01,4.48740631709963367e-01,-8.78981099615939334e+06,-9.03646793796398118e+06
4081,2306,2447,2448,0,silica,-3.88815178356808078e+00,4.37520362434066945e-01,-3.08362100498380419e+06,-2.88644028615282988e+06
4082,2292,779,2448,0,silica,-3.91872744119666683e+00,5.80308138086874870e-01,-3.12200906642393582e+06,-2.81855708678478235e+06
4083,2316,2291,2459,0,silica,-2.33944899289671410e-01,5.97238674722167406e-01,-1.00648649298430961e+07,-9.42527806824562885e+06
4084,2439,2337,2451,0,silica,-1.68157175218412558e+00,5.00100840242300060e-01,-6.22827044018508866e+06,-5.94281069520125538e+06
4085,778,2306,2448,0,silica,-3.93984002523497923e+00,4.47174176289779235e-01,-3.03923092005486460e+06,-2.89995185667777993e+06
4086,797,2291,2431,0,silica,-7.42890541083337658e-02,5.63195871745455379e-01,-1.04462062353642508e+07,-9.84965603476667404e+06
4087,2308,2452,2453,0,silica,-3.34434660895329516e+00,6.64756332911039194e-01,-3.73578907059617015e+06,-3.09915195680917380e+06
4088,799,2288,2450,0,silica,-1.45297389807126170e-01,9.50462236228720059e-01,-1.17612752526154518e+07,-8.45972705849934928e+06
4089,2308,2441,2452,0,silica,-3.45082158675033712e+00,6.80832546467738164e-01,-3.56370376219684118e+06,-3.14010941932794545e+06
4090,2291,798,2450,0,silica,-9.38694870341797993e-02,7.27386862215517627e-01,-1.09944563539617490e+07,-9.17075139778800495e+06
4091,2291,2450,2459,0,silica,-1.99024497113308274e-01,7.06034947919058298e-01,-1.00228983346367441e+07,-8.98551877579696663e+06
4092,781,780,2292,0,silica,-3.95379902712490150e+00,7.79743865506852152e-01,-3.20725093380660983e+06,-2.51945900454408629e+06
4093,783,782,2289,0,silica,-3.91458396406793385e+00,1.33281721605475556e+00,-3.48772927548783273e+06,-1.87233277463820204e+06
4094,2322,2320,2323,0,silica,-3.64083761270461759e+00,3.74498531814267566e-01,-3.20435029893991444e+06,-3.25094046924968716e+06
4095,2401,2329,2414,0,silica,-1.11789504398126804e+00,4.57695390664880353e-01,-7.13663058016420063e+06,-7.38904513798524812e+06
4096,2336,2333,2403,0,silica,-1.54425326691862153e+00,3.64553781621220263e-01,-6.22505989658612199e+06,-6.36815283863408025e+06
4097,2343,2427,2446,0,silica,-5.55321041630131962e-01,4.67226465615954378e-01,-8.61297598269302770e+06,-9.00425608923939243e+06
4098,2348,2347,2420,0,silica,-3.53221730765944930e-01,3.70025895051105058e-01,-8.93556349221181870e+06,-9.59659621184127219e+06
4099,2366,2364,2412,0,silica,-1.97868082760168029e+00,3.81887180651207636e-01,-5.38903764198866766e+06,-5.52271532021647040e+06
4100,2398,2379,2424,0,silica,-2.53034022211058751e+00,4.55013146650377898e-01,-4.69227114220853802e+06,-4.53097294438655302e+06
4101,2412,2399,2438,0,silica,-1.86058742099855334e+00,3.73309482402661097e-01,-5.51852824481368996e+06,-5.86408310231214482e+06
4102,2420,2402,2456,0,silica,-2.30094727073635430e-01,3.69616627774665141e-01,-9.12121766988171078e+06,-1.01965086124097724e+07
4103,2522,2524,2649,0,silica,1.93475499349963975e+00,6.50815619491078912e-01,-1.85844981019648574e+07,-2.17539216497154497e+07
4104,2491,2510,2513,0,silica,3.85783320812584618e+00,1.98886731899181979e+00,-7.05715562805544287e+07,-7.44495229072228670e+07
4105,2480,2506,2637,0,silica,1.91650616343078717e+00,1.46733867085698466e+00,-2.40135768449144065e+07,-1.63884119071769267e+07
4106,2506,2507,2637,0,silica,1.83709717831153685e+00,1.19782377362652537e+00,-2.42851304157250412e+07,-1.83958225459097512e+07
4107,2570,2574,2627,0,silica,7.04743693538928295e-01,4.08320435944205140e-01,-1.21411125465840902e+07,-1.36984273468877785e+07
4108,2575,2574,2644,0,silica,5.72810110652496207e-01,4.75087219129941563e-01,-1.23656129731554072e+07,-1.32672239489201959e+07
4109,2511,2495,2512,0,silica,3.85450398484517409e+00,2.12161971838401131e+00,-9.19945872228850275e+07,-6.49737474817465171e+07
4110,2494,2501,2634,0,silica,3.55693902285476105e+00,1.76376886690780244e+00,-4.81894919325432405e+07,-5.02936948099816069e+07
4111,2523,2518,2639,0,silica,2.49968947814725206e+00,5.46444612988647105e-01,-1.86828567707351856e+07,-2.70378762360845432e+07
4112,2533,2534,2535,0,silica,2.92993753207302143e+00,4.86072528720472075e-01,-1.93314006614191011e+07,-3.15826322373812161e+07
4113,2612,2527,2619,0,silica,3.43236959660021723e+00,3.98645532951382331e-01,-1.69088520875551105e+07,-3.78188798734594807e+07
4114,2521,2522,2649,0,silica,2.06291195085780332e+00,6.10513219460082190e-01,-1.79151726116373092e+07,-2.22757209229627587e+07
4115,2498,2478,2644,0,silica,4.08818858724476597e-01,6.64825158209476297e-01,-1.25055953327252194e+07,-1.21922981480791420e+07
4116,2512,2495,2596,0,silica,3.81957081994038328e+00,2.13748582413703092e+00,-9.80893700431152433e+07,-6.27352149742449149e+07
4117,2501,2513,2640,0,silica,3.71692568078759855e+00,1.99996966026347245e+00,-6.68312562809638232e+07,-5.04873357835774273e+07
4118,2506,2480,2665,0,silica,1.68825055782532263e+00,1.68010464326102071e+00,-2.73326724716868214e+07,-1.18783821520955786e+07
4119,2554,2563,2614,0,silica,1.98243823709234435e+00,3.72580113489504428e-01,-1.61567429944604002e+07,-2.26382513441446461e+07
4120,2522,2523,2637,0,silica,2.26794794676491929e+00,9.10258596882126514e-01,-2.11064324962337166e+07,-2.20954034990392812e+07
4121,2501,2494,2646,0,silica,3.72040193646541306e+00,1.79644546486444945e+00,-5.92106018056830540e+07,-5.39471475003218204e+07
4122,2510,2490,2511,0,silica,3.90353686903323904e+00,2.07113621527027192e+00,-8.18663453435850888e+07,-7.76875078553113043e+07
4123,801,2474,2636,0,silica,2.37886024984816175e-01,1.53856031233343948e+00,-1.49068023834812660e+07,-7.92713525058124028e+06
4124,2523,2503,2637,0,silica,2.52608247391300589e+00,1.00034350936696170e+00,-2.66186226530592889e+07,-2.51963190427710824e+07
4125,2546,2545,2629,0,silica,3.89618731687460640e+00,3.14599871252543295e-01,-1.28888805121738240e+07,-4.20273288066263869e+07
4126,2505,2595,2630,0,silica,1.02075466350355817e-01,3.16531504144491660e-01,-1.00574584802614395e+07,-1.15274257707578652e+07
4127,2533,2535,2645,0,silica,2.87172572055893660e+00,4.74344583068466663e-01,-1.85416735439448133e+07,-3.11947024945370257e+07
4128,2574,2575,2627,0,silica,6.46056142354853757e-01,4.23629972596241355e-01,-1.19918632175958809e+07,-1.37333773335184474e+07
4129,2542,2641,2666,0,silica,2.69928718408880863e+00,3.25462499068027100e-01,-1.75751508797734454e+07,-2.95706229410875216e+07
4130,2534,2599,2609,0,silica,3.05407662893575216e+00,3.87108029644744944e-01,-1.76468008514686190e+07,-3.33430894775576852e+07
4131,2570,2571,2574,0,silica,7.68233002971611678e-01,4.26442778811865153e-01,-1.28270955838597715e+07,-1.40042477059695050e+07
4132,2625,2572,2626,0,silica,9.83293549681011569e-01,3.71535612463949283e-01,-1.30797466902241223e+07,-1.53263538718674928e+07
4133,2551,2518,2598,0,silica,2.46625400881448131e+00,3.88013472058460651e-01,-1.75566451620620713e+07,-2.66739760644874163e+07
4134,2594,2585,2603,0,silica,1.57095158699561477e+00,3.69269324825121537e-01,-1.50986169344126973e+07,-1.91145253487511054e+07
4135,2500,2498,2573,0,silica,8.57936804683405718e-01,7.59107912831513354e-01,-1.49863606568593159e+07,-1.40245047967550177e+07
4136,2529,2611,2616,0,silica,3.27544575821916339e+00,3.82822664944880653e-01,-1.70898378055293262e+07,-3.59544940085534155e+07
4137,2586,2605,2621,0,silica,1.31588430757398633e+00,3.70571502623980920e-01,-1.40942411936946195e+07,-1.76939268589737490e+07
4138,2587,2608,2622,0,silica,1.76056451997069363e+00,3.77826189671812862e-01,-1.55672072400437724e+07,-2.08961453083980829e+07
4139,2512,2596,2640,0,silica,3.77833234080926417e+00,2.10877352024764342e+00,-8.32349954895098805e+07,-5.25538781765027270e+07
4140,2610,2611,2613,0,silica,3.16663980509130516e+00,5.12531641315167152e-01,-1.86464570677673332e+07,-3.46166522392262742e+07
4141,2573,2498,2574,0,silica,7.33164573712883683e-01,6.35699934812368306e-01,-1.39368057564062681e+07,-1.26968302381536756e+07
4142,2519,2553,2615,0,silica,2.19951856901536003e+00,3.72160433981834293e-01,-1.67946599666759484e+07,-2.45469790735927075e+07
4143,2520,2518,2523,0,silica,2.42100167045918768e+00,5.78901840584311045e-01,-1.95792743645700626e+07,-2.68420097538198270e+07
4144,2510,2511,2512,0,silica,3.86496693927984936e+00,2.08010214995762865e+00,-8.95296154274667501e+07,-7.69197567648114860e+07
4145,2495,2511,2631,0,silica,3.88254200027639174e+00,2.14721569139788659e+00,-1.11035932796808228e+08,-7.83759316361296475e+07
4146,67,801,2636,0,silica,1.48102371958643925e-01,1.88245900689776824e+00,-1.57990934151915964e+07,-4.55041076178686135e+06
4147,2500,2573,2578,0,silica,1.00627703901344634e+00,6.71906602635559125e-01,-1.41109542522499319e+07,-1.46294351064857822e+07
4148,2535,2536,2645,0,silica,2.81960140782898483e+00,4.80695358248101445e-01,-1.86410462885615155e+07,-3.11983008018417247e+07
4149,2497,2503,2613,0,silica,3.13624566599464183e+00,8.40003114594850442e-01,-2.53337423886123374e+07,-3.37173500877637044e+07
4150,2473,818,2494,0,silica,3.82822435657561755e+00,1.31726870550539465e+00,-2.70903879125639088e+07,-5.09332580946965441e+07
4151,2511,2490,2623,0,silica,3.92591120408142658e+00,2.10175150521978571e+00,-9.52184424421144724e+07,-9.52286228510897160e+07
4152,2497,2502,2503,0,silica,3.19243945934259932e+00,1.06811156025011722e+00,-2.69806481235003211e+07,-3.88450075709851682e+07
4153,2534,2610,2613,0,silica,3.09267628488069635e+00,5.15133171250234945e-01,-1.87243009614029191e+07,-3.46216187465801761e+07
4154,2496,2546,2629,0,silica,3.90693643053081807e+00,3.54622971123066844e-01,-1.31250621480906755e+07,-4.31316989447110966e+07
4155,2595,2493,2630,0,silica,8.91628820596537669e-02,3.57979756545951544e-01,-1.01712816764347740e+07,-1.11252744209403116e+07
4156,2587,2604,2608,0,silica,1.71682923203753823e+00,4.16201755667611473e-01,-1.61209089353081826e+07,-2.02386679324278533e+07
4157,2627,2575,2662,0,silica,6.11044593673722658e-01,3.68574967211436400e-01,-1.18660786868397035e+07,-1.35295285331698600e+07
4158,2539,2475,2540,0,silica,3.67134909407729282e+00,3.31153192862327195e-01,-1.52049291380740628e+07,-4.03119207706980780e+07
4159,2467,2531,2532,0,silica,2.92700280211951203e+00,3.28117557726681386e-01,-1.76381195083771124e+07,-3.20059157643645555e+07
4160,2527,2469,2528,0,silica,3.44708763389780648e+00,3.23093120976393922e-01,-1.62339506113292873e+07,-3.78149774038068801e+07
4161,2526,2527,2529,0,silica,3.36809713067969163e+00,3.27959954866828995e-01,-1.66843555354978163e+07,-3.70717664082804397e+07
4162,2465,2515,2516,0,silica,2.33321654337174600e+00,3.28865516416553927e-01,-1.70809945312253349e+07,-2.58263341155888997e+07
4163,2471,2556,2557,0,silica,4.07214257866788332e-01,3.27438900310504211e-01,-1.11586136152598746e+07,-1.28229177933757491e+07
4164,2556,2555,2558,0,silica,4.82964595295285015e-01,3.26947405240990141e-01,-1.13965133272446431e+07,-1.31742216049617846e+07
4165,2486,2563,2564,0,silica,1.88972324589828666e+00,3.28699001516213007e-01,-1.58912716891150177e+07,-2.19377450882442854e+07
4166,2568,2460,2569,0,silica,8.55754915217108336e-01,3.23050628287615049e-01,-1.24792144499011226e+07,-1.50500510946353227e+07
4167,2567,2568,2570,0,silica,7.85607183336692660e-01,3.28085814121630737e-01,-1.23608147804549783e+07,-1.45491269835564699e+07
4168,2462,2582,2583,0,silica,1.44432785007425113e+00,3.28865182887258967e-01,-1.45293186112077422e+07,-1.86568177101284377e+07
4169,2461,2577,2579,0,silica,1.14788805151195050e+00,3.27307768433792390e-01,-1.35777370047885701e+07,-1.67096510025272649e+07
4170,2604,2594,2608,0,silica,1.65958508550541617e+00,3.90612240620348883e-01,-1.53166520127312746e+07,-1.97569334638717286e+07
4171,2491,2509,2510,0,silica,3.90737770632281567e+00,1.99331752263977413e+00,-7.00836147439577281e+07,-7.43645961557962894e+07
4172,444,445,2464,0,silica,2.03703691758607475e+00,2.41383825175742167e-01,-1.52608460987289604e+07,-2.32508316822949760e+07
4173,447,448,2537,0,silica,2.25903428440417775e+00,2.41542935207215731e-01,-1.57548055219445787e+07,-2.52016295147994198e+07
4174,463,464,2469,0,silica,3.44449265454437059e+00,2.41455657410769575e-01,-1.49708201951192077e+07,-3.76940131434634775e+07
4175,446,447,2482,0,silica,2.18518518518039606e+00,2.41383343303375714e-01,-1.56025120467309933e+07,-2.45410246516290642e+07
4176,449,450,2514,0,silica,2.40739937238630519e+00,2.41447689881939875e-01,-1.60055438621730991e+07,-2.66129128108051270e+07
4177,454,455,2484,0,silica,2.77800335704935142e+00,2.41196691907108601e-01,-1.63016383625349421e+07,-3.03860838402048647e+07
4178,456,457,2467,0,silica,2.92587771582169820e+00,2.41455657410769908e-01,-1.62531017320223227e+07,-3.19745036283816695e+07
4179,466,467,2475,0,silica,3.66671487676717822e+00,2.41455657410769881e-01,-1.38212950213120636e+07,-3.98574137025009096e+07
4180,450,451,2481,0,silica,2.48148148147747305e+00,2.41428166926802718e-01,-1.61100094565812107e+07,-2.73322013827354424e+07
4181,460,461,2468,0,silica,3.22222222222016841e+00,2.41383343303375741e-01,-1.57562134474061951e+07,-3.52634265460734516e+07
4182,465,466,2538,0,silica,3.59262483457226267e+00,2.41426415922880194e-01,-1.42395984016314112e+07,-3.91781905462190434e+07
4183,452,453,2466,0,silica,2.62895509603265864e+00,2.40994206201068845e-01,-1.62372236738723367e+07,-2.88290129354930855e+07
4184,453,454,2542,0,silica,2.70317992366196869e+00,2.40766122068889810e-01,-1.62764752492739279e+07,-2.95775443386450559e+07
4185,457,458,2530,0,silica,2.99999198488809649e+00,2.41440299590105018e-01,-1.61868953511065468e+07,-3.27947122662594765e+07
4186,458,459,2483,0,silica,3.07407419351744471e+00,2.41383825175794625e-01,-1.60805265844869800e+07,-3.36174107080242336e+07
4187,468,469,2492,0,silica,3.81481481481432505e+00,2.41383343303375880e-01,-1.28061817596150953e+07,-4.11946485793664306e+07
4188,448,449,2465,0,silica,2.33328512322754156e+00,2.41455657410770352e-01,-1.58887261220479198e+07,-2.59055733542676531e+07
4189,461,462,2541,0,silica,3.29589321604908747e+00,2.41499139366228910e-01,-1.55447245282507315e+07,-3.60708614475024566e+07
4190,462,463,2526,0,silica,3.37033019528421329e+00,2.41467709762002353e-01,-1.52783828501094226e+07,-3.69002850205007717e+07
4191,459,460,2543,0,silica,3.14814828749934916e+00,2.41428179128182485e-01,-1.59481677750297543e+07,-3.44455416006049290e+07
4192,451,452,2550,0,silica,2.55544313328618378e+00,2.41370781346989388e-01,-1.61884691823532097e+07,-2.80987048702833354e+07
4193,455,456,2547,0,silica,2.85188762431392817e+00,2.41346093503603948e-01,-1.62924468794443123e+07,-3.11825373916325532e+07
4194,445,446,2552,0,silica,2.11111109119848628e+00,2.41428247238863164e-01,-1.54393300402492899e+07,-2.38860142288390696e+07
4195,469,470,2545,0,silica,3.88898979161345304e+00,2.39402148249863278e-01,-1.22474671589135155e+07,-4.17199080810234249e+07
4196,467,468,2549,0,silica,3.74147361749560448e+00,2.42576711303216758e-01,-1.33571694316612799e+07,-4.06174366526905000e+07
4197,464,465,2548,0,silica,3.51898863072035750e+00,2.40695179154406663e-01,-1.46241952172685228e+07,-3.84515882320319340e+07
4198,423,424,2555,0,silica,4.81521656565102651e-01,2.41467709761935101e-01,-1.07714504898550976e+07,-1.33008722662249357e+07
4199,422,423,2471,0,silica,4.07359197305241727e-01,2.41455657410702407e-01,-1.05608317124027815e+07,-1.29482085302213281e+07
4200,421,422,2560,0,silica,3.33273330826861502e-01,2.41408577670433777e-01,-1.03482810262910258e+07,-1.26019600183937065e+07
4201,420,421,2485,0,silica,2.59235247885674647e-01,2.41369756402327468e-01,-1.01346249174280353e+07,-1.22814305009402260e+07
4202,418,419,2505,0,silica,1.11020454373131128e-01,2.39427079487042671e-01,-9.70101636215703934e+06,-1.16432927341725528e+07
4203,419,420,2561,0,silica,1.85166073833010564e-01,2.41099858473855955e-01,-9.91817812047128566e+06,-1.19426572008595839e+07
4204,443,444,2562,0,silica,1.96295478858748140e+00,2.41440231479340489e-01,-1.50769904901734143e+07,-2.26523440327800177e+07
4205,424,425,2566,0,silica,5.55802943542999306e-01,2.40927737700684208e-01,-1.09794157403173819e+07,-1.36649979714200590e+07
4206,431,432,2589,0,silica,1.07407407407150157e+00,2.41383343303257059e-01,-1.25371329070903584e+07,-1.64082726101184078e+07
4207,442,443,2486,0,silica,1.88884067878252360e+00,2.41455657410684754e-01,-1.48905660702698696e+07,-2.20584490971532054e+07
4208,428,429,2460,0,silica,8.51900061951341936e-01,2.41455657410683561e-01,-1.18461019225453362e+07,-1.51491183117041569e+07
4209,430,431,2487,0,silica,9.99999999997643774e-01,2.41383343303257031e-01,-1.23058332506060582e+07,-1.59679291908535752e+07
4210,425,426,2470,0,silica,6.29629629628354448e-01,2.40980608297904714e-01,-1.11918196610610001e+07,-1.40132566031718049e+07
4211,427,428,2567,0,silica,7.77737602691558227e-01,2.41467709761921251e-01,-1.16251050890456196e+07,-1.47747034457200225e+07
4212,432,433,2461,0,silica,1.14809993804394472e+00,2.41455657410683561e-01,-1.27668477698261254e+07,-1.68518904035722129e+07
4213,434,435,2488,0,silica,1.29627228492000324e+00,2.41369756402305263e-01,-1.32183928987482246e+07,-1.77987925444875509e+07
4214,438,439,2489,0,silica,1.59259259258850583e+00,2.41428166926703769e-01,-1.40872965074776262e+07,-1.98093190430536047e+07
4215,440,441,2463,0,silica,1.74071672936314958e+00,2.41369756402304736e-01,-1.45004232144053634e+07,-2.09283880807242952e+07
4216,441,442,2580,0,silica,1.81460870795285145e+00,2.41536324907252936e-01,-1.46970696269273181e+07,-2.14739066058683954e+07
4217,435,436,2592,0,silica,1.37014162181016030e+00,2.41540281606563628e-01,-1.34401818490472585e+07,-1.82771000646350645e+07
4218,436,437,2462,0,silica,1.44439623433937570e+00,2.41455657410683394e-01,-1.36568941422777548e+07,-1.87874477901786231e+07
4219,433,434,2576,0,silica,1.22221018530680281e+00,2.41437954794449933e-01,-1.29954063536199760e+07,-1.73165258596584313e+07
4220,426,427,2591,0,silica,7.04589083991526977e-01,2.42136577358573302e-01,-1.14113422458286844e+07,-1.43977738215626888e+07
4221,429,430,2590,0,silica,9.26181019035706043e-01,2.41405603900022303e-01,-1.20742951255415715e+07,-1.55603135310308058e+07
4222,439,440,2593,0,silica,1.66666266476685188e+00,2.41433373047119620e-01,-1.43014225123300534e+07,-2.03629655451342762e+07
4223,437,438,2581,0,silica,1.51851048349774587e+00,2.41447689881849475e-01,-1.38701666750188619e+07,-1.92973658208016753e+07
4224,2618,2539,2652,0,silica,3.60180725183444572e+00,3.74197849468969890e-01,-1.55315130292674955e+07,-4.02188250582782030e+07
4225,2538,2475,2539,0,silica,3.63014049037208686e+00,3.02643858105201558e-01,-1.46187096123075671e+07,-3.99288126616407335e+07
4226,2467,2530,2531,0,silica,2.96399455843015103e+00,3.06571490187365681e-01,-1.69314155637296475e+07,-3.24347020270981379e+07
4227,2526,2469,2527,0,silica,3.40741544242274097e+00,3.05957345570758488e-01,-1.58121319407274555e+07,-3.75726984131156132e+07
4228,2465,2514,2515,0,silica,2.37140194261041914e+00,3.06580112194506815e-01,-1.65604975662575997e+07,-2.61421233851554841e+07
4229,2543,2468,2544,0,silica,3.18629663379388006e+00,3.06414894400702187e-01,-1.65615479828424957e+07,-3.50209025338570401e+07
4230,2552,2482,2553,0,silica,2.15012729279612502e+00,3.06407749986196576e-01,-1.60885032740628906e+07,-2.40658703848913349e+07
4231,2481,2550,2551,0,silica,2.51626510508934986e+00,3.09840259975645016e-01,-1.68160729024826363e+07,-2.75707922460108362e+07
4232,2492,2545,2546,0,silica,3.85467398912376780e+00,3.01212280554765399e-01,-1.30076822341141384e+07,-4.20822828011450320e+07
4233,2471,2555,2556,0,silica,4.44435195310367182e-01,3.05964073114392943e-01,-1.09716427674357835e+07,-1.29302638087313455e+07
4234,2505,2561,2595,0,silica,1.43619542155939944e-01,3.02588605012520773e-01,-1.00723810860290434e+07,-1.15221399682547934e+07
4235,2486,2562,2563,0,silica,1.92777245999533964e+00,3.06430212616498832e-01,-1.54985107120797653e+07,-2.21920733191595078e+07
4236,2567,2460,2568,0,silica,8.17339973654636176e-01,3.01608170014648458e-01,-1.20598452058133464e+07,-1.48096438376541119e+07
4237,2462,2581,2582,0,silica,1.48251305372199749e+00,3.06580112194189514e-01,-1.42055204137170203e+07,-1.88532684161940180e+07
4238,2461,2576,2577,0,silica,1.18506681584773887e+00,3.05866677788987185e-01,-1.32836911117949393e+07,-1.68782252812324874e+07
4239,2489,2593,2594,0,silica,1.62676283677434896e+00,3.07709891900845911e-01,-1.46750065866047479e+07,-1.98435106149369031e+07
4240,2474,799,2478,0,silica,1.43738761277839161e-01,9.33591407222372660e-01,-1.22714219052114040e+07,-9.98452749687092379e+06
4241,2643,2575,2644,0,silica,5.01430070997083033e-01,4.44221640963921416e-01,-1.18907023393233586e+07,-1.26363378631968778e+07
4242,466,2475,2538,0,silica,3.62971008171078902e+00,2.62882073333650101e-01,-1.46193397044221871e+07,-3.93964221271350831e+07
4243,2482,447,2537,0,silica,2.22199724736704285e+00,2.62926278510591471e-01,-1.62571634493818656e+07,-2.49189878151757605e+07
4244,2468,461,2541,0,silica,3.25885617901195301e+00,2.62882482669604678e-01,-1.63652607629089728e+07,-3.56150601776285619e+07
4245,450,2481,2514,0,silica,2.44443640942344009e+00,2.62875856808742647e-01,-1.66820925571451560e+07,-2.70025999589598365e+07
4246,2467,457,2530,0,silica,2.96290673774956970e+00,2.62895957000874925e-01,-1.69313730923391692e+07,-3.23663079841227978e+07
4247,454,2484,2542,0,silica,2.74044253997390364e+00,2.61962813975998465e-01,-1.69554466308508292e+07,-2.99983255688995719e+07
4248,448,2465,2537,0,silica,2.29602311133991988e+00,2.62998592617986082e-01,-1.64297594172758088e+07,-2.55954761150882691e+07
4249,458,2483,2530,0,silica,3.03702914137104640e+00,2.62824124765899669e-01,-1.68468565786832422e+07,-3.31749755691738762e+07
4250,463,2469,2526,0,silica,3.40741544242274097e+00,2.62923367172771927e-01,-1.58119546225916278e+07,-3.72081307198073342e+07
4251,2466,453,2542,0,silica,2.66546835303148022e+00,2.61760328269958709e-01,-1.68853085384865738e+07,-2.92309430033912621e+07
4252,2465,449,2514,0,silica,2.37031412524777751e+00,2.62903347292710254e-01,-1.65605463825765606e+07,-2.62936512236127928e+07
4253,452,2466,2550,0,silica,2.59180563672996511e+00,2.62364987548058259e-01,-1.68535232878983878e+07,-2.84863982946670800e+07
4254,2484,455,2547,0,silica,2.81507616655159287e+00,2.62542785410712576e-01,-1.69884803231490329e+07,-3.07788146070196405e+07
4255,462,2526,2541,0,silica,3.33289007800172854e+00,2.62966849128231261e-01,-1.61250318113025278e+07,-3.64149774477329627e+07
4256,2483,459,2543,0,silica,3.11111136990802928e+00,2.62812004303977165e-01,-1.67323560600195117e+07,-3.39937325097262561e+07
4257,460,2468,2543,0,silica,3.18518532453648362e+00,2.62811522431558253e-01,-1.65611444927865025e+07,-3.47986993903443664e+07
4258,468,2492,2549,0,silica,3.77851065453273982e+00,2.63960054606592665e-01,-1.35945002303166371e+07,-4.07395126980999187e+07
4259,2481,451,2550,0,silica,2.51840609624904888e+00,2.62798948273792132e-01,-1.68164661412417032e+07,-2.77392211476437747e+07
4260,2475,467,2549,0,silica,3.70448479055986191e+00,2.64032368713986665e-01,-1.42474801823702417e+07,-4.01016848832006976e+07
4261,456,2467,2547,0,silica,2.88887645124967074e+00,2.62801750914373911e-01,-1.69615971220358275e+07,-3.15684242496199012e+07
4262,2469,464,2548,0,silica,3.48199980378461538e+00,2.62150836565176293e-01,-1.54261309261770621e+07,-3.79549778602664545e+07
4263,465,2538,2548,0,silica,3.55605790973823765e+00,2.62121595077286884e-01,-1.50622421785828397e+07,-3.87029538237910345e+07
4264,2492,469,2545,0,silica,3.85195275457631903e+00,2.60785491553239213e-01,-1.29430651603478622e+07,-4.12736782476271242e+07
4265,446,2482,2552,0,silica,2.14814812823562029e+00,2.62811590542238904e-01,-1.60888567441999614e+07,-2.42602334096286073e+07
4266,2464,445,2552,0,silica,2.07407393471555457e+00,2.62812072414605358e-01,-1.59006601457161885e+07,-2.36202237442807928e+07
4267,444,2464,2562,0,silica,1.99999170617868138e+00,2.62824056655082683e-01,-1.56878393813099656e+07,-2.30043149360483550e+07
4268,2471,423,2555,0,silica,4.44436409426721524e-01,2.62923367172637534e-01,-1.09715186538885497e+07,-1.31854423896075152e+07
4269,422,2471,2560,0,silica,3.70262157762430988e-01,2.62864235081136266e-01,-1.07543727988485135e+07,-1.28372790234707724e+07
4270,2485,421,2560,0,silica,2.96212282416817796e-01,2.62778334072761244e-01,-1.05190585464187432e+07,-1.25039564331419561e+07
4271,420,2485,2561,0,silica,2.22179099496904175e-01,2.62469614876183421e-01,-1.03169158640966024e+07,-1.21763226833223421e+07
4272,2505,419,2561,0,silica,1.48038380058286428e-01,2.60526937960898708e-01,-1.00491427558979690e+07,-1.18661474725241940e+07
4273,2555,424,2566,0,silica,5.18806081590561408e-01,2.62395447462619336e-01,-1.11878653609051891e+07,-1.35395653959592432e+07
4274,2486,443,2562,0,silica,1.92586954144912492e+00,2.62895888890025298e-01,-1.54986464590023402e+07,-2.24097075445603430e+07
4275,425,2470,2566,0,silica,5.92839980579929593e-01,2.61908345998588976e-01,-1.13851006202125736e+07,-1.38995237386636436e+07
4276,434,2488,2576,0,silica,1.25922321097066003e+00,2.62807711196755223e-01,-1.35251729910165016e+07,-1.76219050655612461e+07
4277,2463,441,2580,0,silica,1.77754765954285077e+00,2.62906081309557671e-01,-1.50749112174034864e+07,-2.12609252698913924e+07
4278,438,2489,2581,0,silica,1.55554752053467493e+00,2.62875856808553243e-01,-1.44230973501900658e+07,-1.96158498848971054e+07
4279,440,2463,2593,0,silica,1.70367569043070888e+00,2.62803129449424355e-01,-1.48914425371410362e+07,-2.07029287893535420e+07
4280,2487,431,2589,0,silica,1.03703703703457273e+00,2.62766686606514144e-01,-1.28028316663213335e+07,-1.62548713599525243e+07
4281,428,2460,2567,0,silica,8.14822849829901164e-01,2.62923367172604838e-01,-1.20599502368235383e+07,-1.50255885478014555e+07
4282,436,2462,2592,0,silica,1.40713044874567483e+00,2.62995939017247105e-01,-1.39886705531150419e+07,-1.85972876837075613e+07
4283,430,2487,2590,0,silica,9.63218056072634998e-01,2.62788947203279388e-01,-1.25482071469440069e+07,-1.58279945565587133e+07
4284,432,2461,2589,0,silica,1.11106290100701610e+00,2.62839000713940674e-01,-1.30371561413030419e+07,-1.66969611589914877e+07
4285,2470,426,2591,0,silica,6.67552046954598133e-01,2.63117185656478070e-01,-1.16266154827506915e+07,-1.42691047451458443e+07
4286,442,2486,2580,0,silica,1.85159753488836709e+00,2.62991982317937689e-01,-1.52986789899211116e+07,-2.18245361554275490e+07
4287,2488,435,2592,0,silica,1.33308057340016006e+00,2.62910038008868918e-01,-1.37467681989720725e+07,-1.81046378123504147e+07
4288,427,2567,2591,0,silica,7.41585945943944114e-01,2.63604287120494607e-01,-1.18691771379548255e+07,-1.46347989291293323e+07
4289,2460,429,2590,0,silica,8.89192192100191181e-01,2.62861261310705918e-01,-1.23156436460705549e+07,-1.54182396272106152e+07
4290,2461,433,2576,0,silica,1.18512493816845943e+00,2.62893612205133520e-01,-1.32838860769281574e+07,-1.71505582711228468e+07
4291,2489,439,2593,0,silica,1.62962562772992303e+00,2.62861539973823388e-01,-1.46749423991181552e+07,-2.01478868531659693e+07
4292,2462,437,2581,0,silica,1.48142523635940293e+00,2.62903347292532896e-01,-1.42056013214239869e+07,-1.91044092238962911e+07
4293,2528,2469,2548,0,silica,3.48459478313805127e+00,3.00754321732814134e-01,-1.54427005947144106e+07,-3.85021577338035107e+07
4294,2540,2475,2549,0,silica,3.70868859920867910e+00,3.13968119393992495e-01,-1.42127974384823795e+07,-4.08867587951416969e+07
4295,2467,2532,2547,0,silica,2.88891371686690368e+00,3.05788118043794632e-01,-1.69613650225356668e+07,-3.16205523608917221e+07
4296,2526,2529,2541,0,silica,3.33065701339720599e+00,3.06425115835071427e-01,-1.61253921461921874e+07,-3.67022201724626198e+07
4297,2465,2516,2537,0,silica,2.29486671412148224e+00,3.06731686721973096e-01,-1.64291881093060095e+07,-2.54326929411756955e+07
4298,2471,2557,2560,0,silica,3.70118432440331879e-01,3.05806772039182606e-01,-1.07548457246745285e+07,-1.25891307169050965e+07
4299,2558,2555,2566,0,silica,5.20250234437098169e-01,3.04834436999918912e-01,-1.11829784138873275e+07,-1.33142241131286323e+07
4300,2462,2583,2592,0,silica,1.40597424711795527e+00,3.06728699592166032e-01,-1.39877603089034837e+07,-1.83297578171559051e+07
4301,2569,2460,2590,0,silica,8.90529921541222458e-01,3.05771429345593815e-01,-1.23151131306525990e+07,-1.51543440368951503e+07
4302,2567,2570,2591,0,silica,7.46938402764343423e-01,3.11537588638160556e-01,-1.18630857528830320e+07,-1.44183634847702682e+07
4303,2461,2579,2589,0,silica,1.11090913679574244e+00,3.05718046153195810e-01,-1.30380393565049730e+07,-1.63959797370251063e+07
4304,2486,2564,2580,0,silica,1.85057718345791522e+00,3.06701002696992353e-01,-1.52978936966962609e+07,-2.15826301553335190e+07
4305,2552,2553,2597,0,silica,2.11202639215625121e+00,3.28841454389474874e-01,-1.65453921103938092e+07,-2.37706296718436591e+07
4306,2515,2514,2598,0,silica,2.40848718974894860e+00,3.27892791339816192e-01,-1.73145313490259908e+07,-2.65237294269663617e+07
4307,2531,2530,2599,0,silica,3.00032357345650125e+00,3.27052251593962229e-01,-1.76664308764026836e+07,-3.28065806043073349e+07
4308,2551,2550,2600,0,silica,2.55219864004608921e+00,3.32582385157545291e-01,-1.76090334685372896e+07,-2.80148115786467157e+07
4309,2481,2551,2598,0,silica,2.47934049031777581e+00,3.31237815184735329e-01,-1.74333089363658130e+07,-2.73248755062864013e+07
4310,2595,2561,2602,0,silica,1.83780650390503508e-01,3.33637805551658950e-01,-1.04459963827415071e+07,-1.18206037026585098e+07
4311,2577,2576,2605,0,silica,1.22413189902291619e+00,3.27676406040403878e-01,-1.38071249078549761e+07,-1.71794203089261502e+07
4312,2582,2581,2603,0,silica,1.51822904348785914e+00,3.24428112539394686e-01,-1.47467682400487121e+07,-1.91271864360030815e+07
4313,2489,2594,2603,0,silica,1.58836054426045048e+00,3.25580176609614858e-01,-1.49510960765849296e+07,-1.97317213303058892e+07
4314,2594,2593,2608,0,silica,1.66524139607922894e+00,3.32929832444932350e-01,-1.52866268928699009e+07,-2.02406649949072823e+07
4315,2543,2544,2609,0,silica,3.14722586499832779e+00,3.29788653682201338e-01,-1.73751347591901682e+07,-3.45271835205368847e+07
4316,2563,2562,2614,0,silica,1.96586728008427869e+00,3.24844758181020932e-01,-1.61342762032959349e+07,-2.24923323060669117e+07
4317,2637,2503,2638,0,silica,2.58479678923098533e+00,1.27217677140684415e+00,-2.69260055772952288e+07,-2.61169595733915046e+07
4318,2599,2483,2609,0,silica,3.07128422964684944e+00,3.28077346578036055e-01,-1.75979178145608902e+07,-3.37488565176102966e+07
4319,2464,2597,2614,0,silica,2.03698262693391818e+00,3.25071075857603031e-01,-1.62929331944773272e+07,-2.31876626805520505e+07
4320,2464,2552,2597,0,silica,2.07301007111281477e+00,3.06629120121259424e-01,-1.59010838221683465e+07,-2.33847283979458213e+07
4321,2514,2481,2598,0,silica,2.44443640942344098e+00,3.05644193364822347e-01,-1.66820037387397662e+07,-2.68902316880151555e+07
4322,2550,2466,2600,0,silica,2.59070213464956955e+00,3.06535279656761250e-01,-1.68520470179160349e+07,-2.83918055341161340e+07
4323,2530,2483,2599,0,silica,3.03627290925886939e+00,3.04760543583266152e-01,-1.68470743120777793e+07,-3.32702028403827660e+07
4324,2561,2485,2602,0,silica,2.25212513956743604e-01,3.12945894902364297e-01,-1.03200833756314442e+07,-1.18866033776015565e+07
4325,2576,2488,2605,0,silica,1.26120304700749397e+00,3.06073096858855420e-01,-1.35244633125214800e+07,-1.73650892195364162e+07
4326,2581,2489,2603,0,silica,1.55417826316219343e+00,3.02179514564441865e-01,-1.44228685939553138e+07,-1.93264397976098433e+07
4327,2593,2463,2608,0,silica,1.70511721269866001e+00,3.09451236920214645e-01,-1.48908088008907977e+07,-2.04571577659738511e+07
4328,2483,2543,2609,0,silica,3.10907763814961102e+00,3.07569106888852084e-01,-1.67321097801803108e+07,-3.41308339018328413e+07
4329,2562,2464,2614,0,silica,2.00100127912926418e+00,3.02694259630289564e-01,-1.56874101269517317e+07,-2.28163513580430187e+07
4330,2553,2482,2615,0,silica,2.18726540519984347e+00,3.24782803846735468e-01,-1.67673439599752408e+07,-2.43826790117900260e+07
4331,2538,2539,2618,0,silica,3.59465242593634704e+00,3.23800651762912450e-01,-1.54281920932681840e+07,-3.93661885926261768e+07
4332,2544,2468,2616,0,silica,3.22203409313575717e+00,3.26538135203124524e-01,-1.71878169201139063e+07,-3.53375419456770495e+07
4333,2492,2546,2617,0,silica,3.82148982810693250e+00,3.21576291398923797e-01,-1.37004793476053793e+07,-4.15341512083152533e+07
4334,2537,2516,2615,0,silica,2.25797894264468368e+00,3.25079330410604828e-01,-1.69355035779650100e+07,-2.51722525031784140e+07
4335,2541,2529,2616,0,silica,3.29236071310275635e+00,3.26508826003673924e-01,-1.70659755841107555e+07,-3.62517975269881710e+07
4336,2528,2548,2618,0,silica,3.52318079277657992e+00,3.21911115390525360e-01,-1.58037709915541261e+07,-3.87082315295227095e+07
4337,2540,2549,2617,0,silica,3.74963120488958035e+00,3.32278621077244318e-01,-1.42866994802820385e+07,-4.09107311986867562e+07
4338,2569,2590,2626,0,silica,9.27057423684842341e-01,3.23854893218596340e-01,-1.27872714161821734e+07,-1.54016375365361292e+07
4339,2482,2537,2615,0,silica,2.22209830282598597e+00,3.02729579609993582e-01,-1.62584185719999280e+07,-2.47265700912377909e+07
4340,2468,2541,2616,0,silica,3.25755674067014445e+00,3.04433902600209583e-01,-1.63644337980539817e+07,-3.57885164386083931e+07
4341,2548,2538,2618,0,silica,3.55765509244102418e+00,3.04734046145767767e-01,-1.50480775376520827e+07,-3.91727632765517756e+07
4342,2549,2492,2617,0,silica,3.78246443327789805e+00,3.03726213700614311e-01,-1.36325361105451472e+07,-4.15031345851977542e+07
4343,2560,2557,2620,0,silica,3.36072485482603434e-01,3.24482127184439306e-01,-1.09242536329880320e+07,-1.24926657648147289e+07
4344,2592,2583,2621,0,silica,1.36995764863428060e+00,3.24808759049444118e-01,-1.42572193028685935e+07,-1.81911187908703685e+07
4345,2580,2564,2622,0,silica,1.81462629494930172e+00,3.25985560513045169e-01,-1.56727568817391191e+07,-2.13876736942470334e+07
4346,2590,2487,2626,0,silica,9.62756731280740019e-01,3.02328068486965529e-01,-1.25479585603144988e+07,-1.55551119909729753e+07
4347,2485,2560,2620,0,silica,2.99155162394658836e-01,3.02909346628720433e-01,-1.05193944338463563e+07,-1.22906345042746346e+07
4348,2488,2592,2621,0,silica,1.33405280185199970e+00,3.02445754876830397e-01,-1.37483605828817487e+07,-1.78759789393561333e+07
4349,2463,2580,2622,0,silica,1.77858559796975269e+00,3.03646296536295213e-01,-1.50763928140273858e+07,-2.10429198272826001e+07
4350,2474,2499,2636,0,silica,4.99806548320053556e-01,1.42881100524420845e+00,-1.58276721863767579e+07,-7.65130042939325795e+06
4351,2563,2554,2565,0,silica,1.94901151900981007e+00,3.99765035818931358e-01,-1.66353540722028054e+07,-2.21341750800765604e+07
4352,2602,2485,2620,0,silica,2.65211542323355032e-01,3.31977048984467504e-01,-1.08192540593063720e+07,-1.20458949422566071e+07
4353,2605,2488,2621,0,silica,1.29922434940867704e+00,3.24170858932366912e-01,-1.40840812430894841e+07,-1.76294102093997262e+07
4354,2608,2463,2622,0,silica,1.74319619005800241e+00,3.28758079099832512e-01,-1.55270360447676647e+07,-2.07309986064537615e+07
4355,521,520,2480,0,silica,2.09396212232948420e+00,2.07764535860338606e+00,-3.35293390826140344e+07,-1.28086737308432292e+07
4356,823,824,2490,0,silica,3.98028645300627915e+00,2.06756980454316563e+00,-7.68385169363578558e+07,-1.02980808567244202e+08
4357,824,825,2623,0,silica,3.98283081513242010e+00,2.12894097325532661e+00,-9.59402071960158348e+07,-1.23454423648077607e+08
4358,2547,2532,2624,0,silica,2.85160730317277711e+00,3.28136022680176498e-01,-1.77297356266311817e+07,-3.11821473620027415e+07
4359,2589,2579,2625,0,silica,1.07151482666185194e+00,3.27785019322557158e-01,-1.32758692500465196e+07,-1.62610875720319171e+07
4360,2591,2570,2627,0,silica,7.08412531535254630e-01,3.36581624126752688e-01,-1.21161228709331974e+07,-1.42534490877726171e+07
4361,2484,2547,2624,0,silica,2.81475857979320976e+00,3.06346347457864376e-01,-1.69885764886866473e+07,-3.07630436587781496e+07
4362,2487,2589,2625,0,silica,1.03463155383619698e+00,3.06289317186559107e-01,-1.28028316663197428e+07,-1.59459078626740258e+07
4363,2470,2591,2627,0,silica,6.66023037677926255e-01,3.09628930906991562e-01,-1.16403441325490698e+07,-1.39653474083192237e+07
4364,2487,2625,2626,0,silica,9.97133192007372826e-01,3.24445095166988107e-01,-1.29856220341628827e+07,-1.58638378291382492e+07
4365,529,528,2495,0,silica,3.84917532126323536e+00,2.20078054068073614e+00,-1.17406197208641812e+08,-5.74727736596148983e+07
4366,2632,2501,2640,0,silica,3.65719449581766121e+00,2.04310207734516558e+00,-7.49538955592942238e+07,-4.51421933387826160e+07
4367,2511,2623,2631,0,silica,3.91537928975925453e+00,2.13631341292101817e+00,-1.00034771989144638e+08,-8.19799896590107679e+07
4368,2542,2484,2641,0,silica,2.73860347613619481e+00,3.05221974478601721e-01,-1.69575594954818375e+07,-2.98734845161904506e+07
4369,2558,2566,2662,0,silica,5.56489127038322207e-01,3.22187111029204554e-01,-1.15975917773866076e+07,-1.35291111328140162e+07
4370,2470,2627,2662,0,silica,6.27342651000468821e-01,3.26312737339639003e-01,-1.17394452116958033e+07,-1.39233616696673576e+07
4371,2490,824,2623,0,silica,3.96311726813869925e+00,2.09853247195998449e+00,-7.98356233675381243e+07,-9.71286711667734683e+07
4372,2534,2609,2610,0,silica,3.08702873270115541e+00,4.22040027227839731e-01,-1.86781220064799972e+07,-3.41390354607921094e+07
4373,2546,2496,2653,0,silica,3.86518839754157506e+00,3.84360238303896651e-01,-1.38221941542616934e+07,-4.23804063332655430e+07
4374,2524,2588,2604,0,silica,1.63230992281103959e+00,5.48686681361948314e-01,-1.64954927684779204e+07,-1.96735119913606159e+07
4375,2502,2634,2638,0,silica,3.08742672385780059e+00,1.53921782478183755e+00,-3.65965949495151266e+07,-3.64402554407950416e+07
4376,2611,2529,2612,0,silica,3.31926249397616191e+00,4.15642727671392376e-01,-1.81688365157294944e+07,-3.68160246135618761e+07
4377,2553,2519,2633,0,silica,2.16538281746854899e+00,3.98149801589686547e-01,-1.73750949845695496e+07,-2.40252484793293476e+07
4378,2624,2536,2641,0,silica,2.77264762540366050e+00,3.78047585847704593e-01,-1.77311136121706776e+07,-3.02393541218084581e+07
4379,2506,2500,2668,0,silica,1.34377269435345337e+00,1.01592302554556935e+00,-1.72066044819609523e+07,-1.49337952018883210e+07
4380,795,794,2630,0,silica,2.01652079042159565e-02,3.25542716570934865e-01,-9.87802529491722025e+06,-1.09929629196745474e+07
4381,812,813,2629,0,silica,3.97978493268894740e+00,3.25083487457950848e-01,-1.22819417368141934e+07,-4.32036681071130708e+07
4382,2605,2586,2606,0,silica,1.28497914589439399e+00,3.95982526732676698e-01,-1.44709148320304770e+07,-1.72788745674635693e+07
4383,2572,2625,2654,0,silica,1.01701212779046091e+00,3.97494039419248046e-01,-1.35001486366011128e+07,-1.57270190988169666e+07
4384,2466,2542,2666,0,silica,2.66341467729602899e+00,3.03197544766492688e-01,-1.68841687172781080e+07,-2.91067977356940061e+07
4385,2499,2498,2500,0,silica,8.25893767062896522e-01,1.00098327804502074e+00,-1.54133958716495484e+07,-1.11508154523829333e+07
4386,2497,2473,2502,0,silica,3.47895493844477022e+00,1.10168377945044704e+00,-2.91219045843206868e+07,-3.93806998162704185e+07
4387,2509,2490,2510,0,silica,3.92135983153127343e+00,2.03693207636076190e+00,-7.70347176044591218e+07,-8.72532148509382308e+07
4388,2484,2624,2641,0,silica,2.77584670645325948e+00,3.28259414456863630e-01,-1.77282575363194644e+07,-3.03768736533313729e+07
4389,2606,2607,2655,0,silica,1.22483655849880102e+00,4.62687003471917546e-01,-1.43392594490645304e+07,-1.69289380405639671e+07
4390,518,67,2636,0,silica,3.49738780730357579e-01,2.07079734481590405e+00,-1.68189664969432987e+07,-5.56276286984993890e+06
4391,2503,2502,2638,0,silica,2.94929481250185388e+00,1.29284515047753668e+00,-3.39835826063684672e+07,-2.89849250971931778e+07
4392,2474,2478,2498,0,silica,3.51155330507916974e-01,8.89624138527600361e-01,-1.31837959667306039e+07,-9.79340009319221601e+06
4393,2499,2500,2506,0,silica,1.11097249902058359e+00,1.18359872124955867e+00,-1.90136787488030046e+07,-1.34028095086315963e+07
4394,2566,2470,2662,0,silica,5.92082011228715732e-01,3.00728729789809801e-01,-1.13856112009574436e+07,-1.36634639788307175e+07
4395,530,529,2631,0,silica,3.90926361605231287e+00,2.20384097675638602e+00,-1.41799938927636832e+08,-7.65236419271901995e+07
4396,528,527,2596,0,silica,3.78505264142357456e+00,2.19846027971378355e+00,-1.01004965047008187e+08,-4.70604851542978436e+07
4397,2539,2540,2652,0,silica,3.65379659382998945e+00,3.81521149080494892e-01,-1.52554067944805268e+07,-4.01706942040282637e+07
4398,2507,2506,2668,0,silica,1.59947126944517670e+00,1.05343678638999205e+00,-2.07773269187699668e+07,-1.49787322206516899e+07
4399,529,2495,2631,0,silica,3.87942078257913536e+00,2.18462151743712241e+00,-1.14008227765303165e+08,-5.91840393165054917e+07
4400,52,418,2657,0,silica,4.19340293990195859e-02,2.36895175738541131e-01,-9.46070270226802677e+06,-1.14194137554643247e+07
4401,470,53,2660,0,silica,3.95810242767792930e+00,2.36839291069419811e-01,-1.15741460949668884e+07,-4.21057152446082681e+07
4402,794,52,2657,0,silica,1.72426713743748274e-02,2.60394908988786922e-01,-9.64942254780029133e+06,-1.12268123686106298e+07
4403,53,812,2660,0,silica,3.98279378570268605e+00,2.60276709895706504e-01,-1.18628275182417855e+07,-4.24006869516720772e+07
4404,2522,2507,2524,0,silica,1.90013169801644555e+00,7.97745322653653388e-01,-1.93101440113609880e+07,-1.93395409282951616e+07
4405,2595,2602,2658,0,silica,1.73241915153587112e-01,3.79377927329565268e-01,-1.05726457435446735e+07,-1.13368063228265755e+07
4406,2508,2602,2647,0,silica,2.71400331285803875e-01,4.23646026608217319e-01,-1.11582666761634909e+07,-1.15552936022989582e+07
4407,825,68,2656,0,silica,3.98565731348702634e+00,2.18536580404068692e+00,-1.38286748400868356e+08,-1.92368626965261698e+08
4408,68,530,2656,0,silica,3.96549367260976204e+00,2.20567823369019100e+00,-2.11418273735640943e+08,-1.19130276373416930e+08
4409,2518,2551,2639,0,silica,2.50381122731856154e+00,4.27549859423919598e-01,-1.86354816580820829e+07,-2.74803091180175096e+07
4410,2607,2588,2668,0,silica,1.41621924369821617e+00,6.32590477866966983e-01,-1.55474681924009789e+07,-1.74258856957371123e+07
4411,2473,2494,2502,0,silica,3.59173567404761940e+00,1.34629884533087796e+00,-3.39730467438018546e+07,-5.08943841709638759e+07
4412,2551,2600,2639,0,silica,2.55283124377859538e+00,3.93516327732094606e-01,-1.75986274521899931e+07,-2.79215573200406134e+07
4413,2525,2523,2639,0,silica,2.57552662127806187e+00,5.67240825505603841e-01,-1.95403887772253864e+07,-2.72340154725287221e+07
4414,2597,2554,2614,0,silica,2.02885417099276566e+00,3.72862837469684905e-01,-1.63933244711597431e+07,-2.26123570460710414e+07
4415,2504,2540,2653,0,silica,3.75976458153953397e+00,4.23891648890132811e-01,-1.46633032400578875e+07,-4.20692618576964214e+07
4416,2641,2601,2666,0,silica,2.69641307195768709e+00,3.67069886650073063e-01,-1.75909802656570785e+07,-2.93542352763449438e+07
4417,2495,528,2596,0,silica,3.81736337405570092e+00,2.17924082039451994e+00,-9.96561438978751898e+07,-4.77899041867223680e+07
4418,2634,2472,2638,0,silica,2.98581947305132545e+00,1.76094135869302915e+00,-4.16430451604391783e+07,-2.30212361396235451e+07
4419,2502,2494,2634,0,silica,3.44335210630139521e+00,1.55909930043484923e+00,-4.27925953903905079e+07,-3.63665125033853278e+07
4420,2510,2512,2513,0,silica,3.83324540358091426e+00,2.04144780740016474e+00,-7.61642433687615097e+07,-6.37248310493382439e+07
4421,2513,2501,2646,0,silica,3.73692453977377070e+00,1.92940115997494210e+00,-6.26353768168624118e+07,-6.18231242800653279e+07
4422,2491,2513,2646,0,silica,3.82613063354622307e+00,1.93110408324028460e+00,-6.39838466818749681e+07,-6.17494576142544299e+07
4423,2535,2525,2536,0,silica,2.76024049803781635e+00,5.11008831975087952e-01,-1.99268880117650405e+07,-3.05706705439670235e+07
4424,519,518,2635,0,silica,9.40162499593445999e-01,2.07992973567575312e+00,-2.09005927798379287e+07,-7.02109459011870809e+06
4425,2600,2466,2666,0,silica,2.62579791821681230e+00,3.26601714806305843e-01,-1.75252671219435297e+07,-2.87628841343906857e+07
4426,2619,2618,2652,0,silica,3.55913037692757639e+00,3.95676136593697603e-01,-1.65144696012650859e+07,-3.96152927389113232e+07
4427,2587,2565,2649,0,silica,1.87871929872382881e+00,4.65360417155937789e-01,-1.64991197009865288e+07,-2.16980439890271649e+07
4428,2474,2498,2499,0,silica,5.59120745591487611e-01,1.10646788295218745e+00,-1.48491571154249161e+07,-1.13281103582828157e+07
4429,2587,2524,2604,0,silica,1.73300503690703889e+00,5.13469624387179580e-01,-1.60614923952468093e+07,-1.99120997546239160e+07
4430,796,795,2493,0,silica,2.40337960084974628e-02,4.02713798310233517e-01,-1.02205592433742899e+07,-1.07277428800445069e+07
4431,813,814,2496,0,silica,3.97381297934393451e+00,4.00880039764642648e-01,-1.29775983190113828e+07,-4.41126437271009013e+07
4432,2611,2612,2664,0,silica,3.33443963812991084e+00,4.93592797162809516e-01,-1.82558134268794507e+07,-3.80162305110786408e+07
4433,2545,470,2660,0,silica,3.92116629336565259e+00,2.56241439319283115e-01,-1.23278986274131387e+07,-4.17706687146190703e+07
4434,418,2505,2657,0,silica,7.88804096982191200e-02,2.56322255225583884e-01,-9.81105697311807610e+06,-1.15738767347507849e+07
4435,2504,2479,2651,0,silica,3.72632589542150461e+00,5.74963955547381778e-01,-1.78435573073558509e+07,-4.26645096310691983e+07
4436,2564,2587,2622,0,silica,1.80748536232152923e+00,3.74887102580077347e-01,-1.57402585697821993e+07,-2.08730658879135102e+07
4437,2583,2586,2621,0,silica,1.36213098595867099e+00,3.71038877536799705e-01,-1.43554136586475167e+07,-1.76632348018610850e+07
4438,2572,2569,2626,0,silica,9.37654046271179986e-01,3.70923149918792161e-01,-1.27745816287781224e+07,-1.53154629772031587e+07
4439,2516,2519,2615,0,silica,2.24576572328593072e+00,3.72297368641863635e-01,-1.70400848680535033e+07,-2.45486196425772570e+07
4440,2534,2531,2599,0,silica,3.00781546532523825e+00,3.86026460246360781e-01,-1.77077645392042920e+07,-3.33495942364944331e+07
4441,2518,2515,2598,0,silica,2.42010010128730935e+00,3.84648925258404273e-01,-1.73201235800318532e+07,-2.66690314230907597e+07
4442,2585,2582,2603,0,silica,1.52551947926454479e+00,3.68097737799755631e-01,-1.47340159569305405e+07,-1.90623497270051464e+07
4443,2611,2544,2616,0,silica,3.22940741603156978e+00,3.82967770207184532e-01,-1.72460932582384273e+07,-3.59703210566818416e+07
4444,2644,2508,2647,0,silica,3.41740023994772713e-01,4.71138738366250143e-01,-1.17245769667335879e+07,-1.21870178553511892e+07
4445,2658,2508,2659,0,silica,1.70252257622029918e-01,4.68254996430972847e-01,-1.10340918759896848e+07,-1.12085139705227837e+07
4446,2628,2504,2653,0,silica,3.81711503097580618e+00,4.62788391372430663e-01,-1.52640614332131688e+07,-4.25931315302692726e+07
4447,2480,2637,2638,0,silica,2.31596861006819532e+00,1.52737166576835981e+00,-3.15680610897423476e+07,-1.81051561617006063e+07
4448,2499,2506,2635,0,silica,1.08966909780149468e+00,1.49291175639680795e+00,-1.91762530507979281e+07,-9.30930054638608173e+06
4449,2535,2534,2613,0,silica,2.99551165265039643e+00,5.59288687209427482e-01,-2.06379849272709489e+07,-3.35165381649321392e+07
4450,822,823,2509,0,silica,3.98061689844076172e+00,2.00061088359776251e+00,-6.63346908762279451e+07,-9.11047326712296158e+07
4451,2540,2504,2652,0,silica,3.69311228058251340e+00,4.31207061337086861e-01,-1.62037849023925774e+07,-4.16462086221917346e+07
4452,2578,2572,2654,0,silica,1.02949540220409763e+00,4.61890987833798394e-01,-1.34758486614744179e+07,-1.54432942751822080e+07
4453,2519,2521,2633,0,silica,2.16102978925567024e+00,4.58167218305090607e-01,-1.74343911066238694e+07,-2.33472049887954704e+07
4454,520,519,2665,0,silica,1.51227306578700804e+00,2.11138961892921406e+00,-2.64033258245558068e+07,-9.01065002123265155e+06
4455,2585,2594,2604,0,silica,1.60369756893570070e+00,4.09081448291769068e-01,-1.55366177991963085e+07,-1.96956429610051326e+07
4456,522,521,2642,0,silica,2.60659647065824762e+00,2.12310916420876650e+00,-4.19815746602050066e+07,-1.67302496487669032e+07
4457,2480,520,2665,0,silica,1.80066448295232284e+00,1.96903497753260015e+00,-2.67576075590224229e+07,-8.68178598481656797e+06
4458,519,2635,2665,0,silica,1.24261711275073483e+00,1.97131935460496699e+00,-2.31061682385341674e+07,-5.95004472621074785e+06
4459,2612,2619,2663,0,silica,3.45998441994788619e+00,4.47765741238615622e-01,-1.74241476791590378e+07,-3.93372503155497536e+07
4460,2559,2644,2647,0,silica,3.96266934398313397e-01,4.46024886417697608e-01,-1.14190080561009683e+07,-1.25223306241651569e+07
4461,2536,2601,2641,0,silica,2.73253028295547340e+00,3.96617533451488591e-01,-1.84230908738026693e+07,-2.99595443021610826e+07
4462,2588,2585,2604,0,silica,1.56024660137182347e+00,4.69888020313800447e-01,-1.59576946505868509e+07,-1.85995198883692361e+07
4463,2493,795,2630,0,silica,4.41990039127134193e-02,3.62918315209191711e-01,-9.97400154635847919e+06,-1.11548183431241214e+07
4464,813,2496,2629,0,silica,3.95359791203288191e+00,3.61071316752050953e-01,-1.24263720252457224e+07,-4.29624569696115255e+07
4465,2623,825,2656,0,silica,3.96848812861944689e+00,2.15524406624455489e+00,-1.03774928768667057e+08,-1.09741348163430974e+08
4466,823,2490,2509,0,silica,3.96090335144704042e+00,2.03658469889345728e+00,-6.84994907911296189e+07,-8.71181953602240235e+07
4467,2507,2522,2637,0,silica,2.04695976384702982e+00,9.99119659655139380e-01,-2.15588555028292835e+07,-2.20137978707495183e+07
4468,2574,2498,2644,0,silica,5.86648193999868894e-01,6.06965270150788938e-01,-1.23190275699006114e+07,-1.23074616688490175e+07
4469,521,2480,2642,0,silica,2.35581709167916031e+00,1.98075452281215258e+00,-3.49897979881316423e+07,-1.17240151707821842e+07
4470,2575,2558,2662,0,silica,5.64635039747691025e-01,3.64502211498222428e-01,-1.15918883527092636e+07,-1.34936649771404732e+07
4471,2602,2508,2658,0,silica,2.11896723029765255e-01,4.26028095137172491e-01,-1.07539309382421970e+07,-1.16241486209608614e+07
4472,2586,2584,2588,0,silica,1.42912339970819247e+00,4.59625299759392814e-01,-1.49581660774053335e+07,-1.82977611043219157e+07
4473,2517,2518,2520,0,silica,2.36313635645472653e+00,4.79124832810580326e-01,-1.82480937567412928e+07,-2.53713080478451513e+07
4474,2500,2578,2607,0,silica,1.13691588506544861e+00,6.51235174152368423e-01,-1.49342819045047741e+07,-1.46234134070559330e+07
4475,2635,2506,2665,0,silica,1.33183959639526006e+00,1.68238902033338822e+00,-2.19368747280150242e+07,-1.22253662916828971e+07
4476,2480,2638,2642,0,silica,2.45038617819816951e+00,1.75185718345194830e+00,-3.26704941439994983e+07,-2.06566156679197587e+07
4477,2501,2477,2634,0,silica,3.46025668156485855e+00,1.92015509033169374e+00,-5.61678752391758487e+07,-3.41154928983999267e+07
4478,2612,2663,2664,0,silica,3.41640953364365751e+00,5.07934005540593758e-01,-1.81130850730899796e+07,-3.80014170240759626e+07
4479,527,526,2476,0,silica,3.70921106425877456e+00,2.20073046533467975e+00,-8.86011484340497851e+07,-4.05658738539303541e+07
4480,2613,2611,2664,0,silica,3.24615344508633052e+00,5.57071561112963076e-01,-2.04678364267891049e+07,-3.58543163950177804e+07
4481,2505,2630,2657,0,silica,7.43542595777903076e-02,2.91365012831410752e-01,-9.84619863470065966e+06,-1.13003983012188710e+07
4482,2629,2545,2660,0,silica,3.92564258407935673e+00,2.91012373320436890e-01,-1.24265741293671783e+07,-4.25303129803374484e+07
4483,2493,2595,2658,0,silica,1.20168222628321497e-01,3.89776979191887030e-01,-1.04002420532550421e+07,-1.13799913798553739e+07
4484,2630,794,2657,0,silica,3.74078792785907874e-02,2.95437666594613846e-01,-9.68740385570142604e+06,-1.13259710494660363e+07
4485,2513,2512,2640,0,silica,3.78154397001511988e+00,2.05425307193715945e+00,-8.14489025492687970e+07,-6.20851202260767668e+07
4486,812,2629,2660,0,silica,3.96257871839163345e+00,2.95047643896860279e-01,-1.18502059067531768e+07,-4.24336008569588438e+07
4487,2607,2578,2655,0,silica,1.16608185084333726e+00,5.05659841489855655e-01,-1.49776620061866995e+07,-1.62058054619976990e+07
4488,2596,2476,2640,0,silica,3.74005695283316753e+00,2.13125898183981244e+00,-8.87833889484439492e+07,-4.85372858549563959e+07
4489,2504,2651,2652,0,silica,3.64911672258148512e+00,5.14496696510538309e-01,-1.64763813472894616e+07,-4.09516554311590865e+07
4490,530,2631,2656,0,silica,3.93524821129386870e+00,2.18951921044657727e+00,-1.27910649779829010e+08,-8.51893463511084914e+07
4491,2499,2635,2636,0,silica,7.45276168572373554e-01,1.63263943548429080e+00,-1.84421436933208592e+07,-9.64998622102607787e+06
4492,2650,2497,2651,0,silica,3.58354343437980605e+00,7.63813342376718385e-01,-2.23200616295992285e+07,-4.13623248668366000e+07
4493,2476,2632,2640,0,silica,3.68353739706908501e+00,2.11987095061102204e+00,-7.53139768175117970e+07,-4.60400878288941756e+07
4494,2578,2654,2655,0,silica,1.09572435147338099e+00,4.65125161766238249e-01,-1.40322591477527320e+07,-1.54234641366833225e+07
4495,2556,2558,2643,0,silica,4.82834996922226978e-01,3.68489506489060537e-01,-1.13898589571387842e+07,-1.28851760677065458e+07
4496,2579,2577,2655,0,silica,1.15094285250704842e+00,3.77560145555766891e-01,-1.35788287200709805e+07,-1.64218366543709543e+07
4497,2583,2582,2584,0,silica,1.44638714815797087e+00,3.73609501192995186e-01,-1.45288504419047646e+07,-1.84316160837812200e+07
4498,2568,2569,2571,0,silica,8.55938610210157491e-01,3.66229058995104939e-01,-1.25418021488430332e+07,-1.47017830433000550e+07
4499,2564,2563,2565,0,silica,1.89439134790469144e+00,3.74298469410162093e-01,-1.58905855725506097e+07,-2.18292893541653231e+07
4500,2557,2556,2559,0,silica,4.09605595259307564e-01,3.69581225810478531e-01,-1.11593854175816365e+07,-1.26276744772544280e+07
4501,2529,2527,2612,0,silica,3.37361756614224051e+00,3.80863727761943327e-01,-1.66953919741380848e+07,-3.77721150440653861e+07
4502,2516,2515,2517,0,silica,2.33086509419955989e+00,3.73568916498633163e-01,-1.70805177388753146e+07,-2.55983409177112170e+07
4503,2532,2531,2533,0,silica,2.92681910712654414e+00,3.71295988434226232e-01,-1.76350111782019623e+07,-3.21220189362668581e+07
4504,2586,2588,2607,0,silica,1.37023323725337209e+00,4.99457552005575345e-01,-1.55481044215153437e+07,-1.75477910084627979e+07
4505,2558,2575,2643,0,silica,5.28266548773408950e-01,3.88691638717007237e-01,-1.18866001580264270e+07,-1.32203302995642181e+07
4506,2597,2553,2633,0,silica,2.11502875301315862e+00,3.73205875857866021e-01,-1.65440437118976694e+07,-2.36013268570797145e+07
4507,2577,2605,2606,0,silica,1.23124803974450647e+00,3.71185192222611093e-01,-1.38084503105711918e+07,-1.70582274413060732e+07
4508,2609,2544,2610,0,silica,3.14238456026096946e+00,3.85228890954480097e-01,-1.73750891998743229e+07,-3.45260842974729240e+07
4509,2528,2618,2619,0,silica,3.51750125136503300e+00,3.62456008132397811e-01,-1.57783548727073260e+07,-3.88584444239903018e+07
4510,2620,2557,2647,0,silica,3.35695533606458874e-01,3.67531461236812629e-01,-1.09652145443599317e+07,-1.21779075642717350e+07
4511,2617,2546,2653,0,silica,3.82125512286852853e+00,3.64701149277531556e-01,-1.36792063562178575e+07,-4.22895501674352810e+07
4512,2631,2623,2656,0,silica,3.93824266730355355e+00,2.15939747265044524e+00,-1.25523635479525506e+08,-1.05850664956421465e+08
4513,2624,2532,2645,0,silica,2.85022631200257193e+00,3.75476491767070597e-01,-1.77275407056448348e+07,-3.11148752196689956e+07
4514,2625,2579,2654,0,silica,1.06773504294247723e+00,3.71899224258284977e-01,-1.32659056076771896e+07,-1.58439692038938887e+07
4515,2619,2652,2663,0,silica,3.53576530152294533e+00,4.45217872210436683e-01,-1.66248940213168412e+07,-3.92283329673047736e+07
4516,821,822,2491,0,silica,3.96630432779782049e+00,1.91699618368078784e+00,-5.92019771780889109e+07,-7.97930011001380831e+07
4517,2500,2607,2668,0,silica,1.27587980017343727e+00,7.44218921113084075e-01,-1.73445857269039825e+07,-1.60976534939313326e+07
4518,2554,2597,2633,0,silica,2.06788397602857010e+00,3.98785303201732388e-01,-1.71217243826644979e+07,-2.31699020565798283e+07
4519,2536,2525,2601,0,silica,2.71070025533405001e+00,4.52358409266370110e-01,-1.87068955135757998e+07,-2.91318038301127590e+07
4520,2564,2565,2587,0,silica,1.84810435283654795e+00,4.01202012657973672e-01,-1.64700369145970810e+07,-2.13828779773829542e+07
4521,2571,2569,2572,0,silica,9.01310239120609591e-01,3.96018116753279525e-01,-1.30930647520449813e+07,-1.50431261678463928e+07
4522,2583,2584,2586,0,silica,1.40020688252606607e+00,3.97703136385257894e-01,-1.49510428516514953e+07,-1.81401043159119114e+07
4523,2516,2517,2519,0,silica,2.28030204559054317e+00,3.98653125035311140e-01,-1.77834150291415490e+07,-2.52503577047136202e+07
4524,2524,2587,2649,0,silica,1.82998833889474088e+00,5.42221268041662263e-01,-1.76563914299947210e+07,-2.01741463777108900e+07
4525,2584,2582,2585,0,silica,1.49186278758240376e+00,3.94994055760286678e-01,-1.51179348250700850e+07,-1.87303640046511441e+07
4526,2533,2531,2534,0,silica,2.97130275530591925e+00,4.08724129547309134e-01,-1.87232410175175741e+07,-3.28315669611299932e+07
4527,2517,2515,2518,0,silica,2.38066340497659468e+00,4.08039646195174133e-01,-1.79802053245028369e+07,-2.62319459435634315e+07
4528,527,2476,2596,0,silica,3.74898469933216028e+00,2.17919074504846355e+00,-8.80782496771577448e+07,-4.09523359692829773e+07
4529,2610,2544,2611,0,silica,3.18882865195233478e+00,4.18284766677040842e-01,-1.86310924858803153e+07,-3.52169759379242957e+07
4530,2477,2501,2632,0,silica,3.56630690494475511e+00,2.03840420027051605e+00,-6.34821420501011014e+07,-4.40957282278887704e+07
4531,2536,2624,2645,0,silica,2.81017850757340559e+00,4.03474987935599494e-01,-1.85991424107722268e+07,-3.07184266842938513e+07
4532,2496,2628,2653,0,silica,3.87463870502970265e+00,4.32765942464674147e-01,-1.40307264536854643e+07,-4.38481492107176930e+07
4533,2503,2535,2613,0,silica,2.94852018976314767e+00,7.47991309875460808e-01,-2.10713076756936386e+07,-3.11144839171120524e+07
4534,2639,2600,2667,0,silica,2.59347588338736301e+00,4.12332171729280939e-01,-1.83696113541261852e+07,-2.81383295520424135e+07
4535,2646,2494,2661,0,silica,3.81108834711225652e+00,1.75623488024732821e+00,-5.07004729766176343e+07,-5.52825945784524158e+07
4536,2635,518,2636,0,silica,6.84992054008849993e-01,1.93072708049165698e+00,-1.86740674928367995e+07,-4.89715108912342787e+06
4537,2522,2520,2523,0,silica,2.30928554485991588e+00,6.79730235207484768e-01,-2.13725378026654571e+07,-2.47549125816274993e+07
4538,820,821,2661,0,silica,3.96778464467221070e+00,1.79120642361663229e+00,-5.12533935365297645e+07,-7.25358250091420710e+07
4539,814,815,2628,0,silica,3.96278882598606330e+00,4.96155433139830515e-01,-1.39879198153579608e+07,-4.53900981020121276e+07
4540,797,796,2659,0,silica,3.54630231260277609e-02,5.00759845005661175e-01,-1.06376071889413819e+07,-1.03713103980099950e+07
4541,2571,2573,2574,0,silica,8.09930526860578315e-01,5.05213133739992215e-01,-1.30426288442488275e+07,-1.43904661150084715e+07
4542,526,525,2632,0,silica,3.60684232223521883e+00,2.18707224848499315e+00,-7.70302834674334973e+07,-3.57679647929738015e+07
4543,2588,2524,2668,0,silica,1.57713539839434991e+00,6.70474226094723069e-01,-1.74471311805914305e+07,-1.74692725195656531e+07
4544,2601,2525,2667,0,silica,2.66575765247126961e+00,4.47230701667459762e-01,-1.82828109703753255e+07,-2.90400372622089349e+07
4545,523,522,2472,0,silica,2.98571219999658011e+00,2.14101555950706191e+00,-5.02420564368495643e+07,-2.02860175693405718e+07
4546,2565,2554,2649,0,silica,1.95201183689580549e+00,4.64098136969476716e-01,-1.66635431894423813e+07,-2.16471645206339806e+07
4547,2573,2572,2578,0,silica,9.69214055522051532e-01,5.23097096040606502e-01,-1.41655983811889496e+07,-1.48091957535134908e+07
4548,2519,2520,2521,0,silica,2.22800797023382424e+00,5.07136501115038940e-01,-1.89520766910323240e+07,-2.45217539349795468e+07
4549,2473,2497,2650,0,silica,3.63577517547122619e+00,9.33277306632127712e-01,-2.30508908492945544e+07,-4.69585295800789669e+07
4550,2652,2651,2663,0,silica,3.56291137644106293e+00,5.17203186167614848e-01,-1.75595450912293606e+07,-4.11270343406957686e+07
4551,2606,2586,2607,0,silica,1.28784863044659370e+00,4.58749369033178755e-01,-1.45031073745659925e+07,-1.68886957929164581e+07
4552,2663,2651,2664,0,silica,3.48224863502479565e+00,5.66787908736934409e-01,-1.93946956526200362e+07,-3.97258522569880188e+07
4553,2521,2554,2633,0,silica,2.09126533400369219e+00,4.58581831654440053e-01,-1.71435298431112841e+07,-2.34008036533883549e+07
4554,2638,2472,2642,0,silica,2.75395934348847504e+00,1.81522738435562458e+00,-4.23843670368396342e+07,-2.25105164742584862e+07
4555,2523,2525,2535,0,silica,2.67053150639495840e+00,6.05960033943718890e-01,-2.07977169785748906e+07,-2.82984635326405317e+07
4556,800,799,2474,0,silica,8.97836530261722499e-02,1.12152337738215224e+00,-1.36751738254257478e+07,-8.47838200027042814e+06
4557,2503,2523,2535,0,silica,2.74111276481296384e+00,7.76077128534771177e-01,-2.18777322288679630e+07,-3.10430649886873402e+07
4558,817,818,2473,0,silica,3.91367455964018207e+00,1.09735317083176631e+00,-2.60170965241879001e+07,-5.36392893523140550e+07
4559,525,524,2477,0,silica,3.45679845891821325e+00,2.16737035971669867e+00,-6.77529273712760359e+07,-3.03283713847320229e+07
4560,2479,2504,2628,0,silica,3.82767190285880510e+00,5.30571062856228015e-01,-1.52904750474613365e+07,-4.45895760758339688e+07
4561,2497,2613,2664,0,silica,3.29980844278304764e+00,6.92294319884570686e-01,-2.10960347300733067e+07,-3.90409570773285031e+07
4562,2600,2666,2667,0,silica,2.62793906322209914e+00,3.71464664304276215e-01,-1.75205914672453739e+07,-2.87222685071775019e+07
4563,819,820,2494,0,silica,3.91454979693543548e+00,1.60289806014509018e+00,-3.94162669972723350e+07,-6.54239943619258776e+07
4564,798,797,2478,0,silica,5.39551082516669042e-02,6.51086752167984506e-01,-1.14268824968991280e+07,-9.92006835904968716e+06
4565,815,816,2479,0,silica,3.94859377158270286e+00,6.30348710702889115e-01,-1.57705803151144963e+07,-4.73525201206934452e+07
4566,2479,2650,2651,0,silica,3.73036814462992394e+00,6.83068477963456044e-01,-1.78732459098680727e+07,-4.54332132056307197e+07
4567,2491,822,2509,0,silica,3.94692122623858266e+00,1.96735980414487943e+00,-5.88250477551252022e+07,-8.14552606322051734e+07
4568,2554,2521,2649,0,silica,2.03143783442488113e+00,5.00656587824204524e-01,-1.79249841599490158e+07,-2.24297888696302809e+07
4569,2508,2478,2659,0,silica,1.73036817400813142e-01,5.53150293413923744e-01,-1.09909167868279535e+07,-1.06876057858539242e+07
4570,524,523,2648,0,silica,3.25647036514413868e+00,2.16344181155398596e+00,-5.87690178968622014e+07,-2.52485004513455741e+07
4571,2571,2572,2573,0,silica,8.97639774339705987e-01,4.79811605164184751e-01,-1.31661523222092409e+07,-1.43710010545005072e+07
4572,2519,2517,2520,0,silica,2.28971056967451103e+00,4.69681982448526825e-01,-1.77912837133763544e+07,-2.53553874469754472e+07
4573,2584,2585,2588,0,silica,1.49384392774959629e+00,4.56972214807683852e-01,-1.51005554404226504e+07,-1.82493889019208513e+07
4574,2559,2556,2643,0,silica,4.46696934329828377e-01,3.89648499862437714e-01,-1.15219769483150467e+07,-1.28040791789566036e+07
4575,2577,2606,2655,0,silica,1.19523775756442729e+00,3.99627841093169012e-01,-1.42728046401598826e+07,-1.66459805116479769e+07
4576,2654,2579,2655,0,silica,1.11018415407146565e+00,4.00084628210898074e-01,-1.38657279662648384e+07,-1.62675242889495846e+07
4577,2532,2533,2645,0,silica,2.88734903070372972e+00,3.96307017838233688e-01,-1.86025386413790882e+07,-3.15822691193563528e+07
4578,2521,2520,2522,0,silica,2.18971763141476794e+00,6.17407746100266053e-01,-1.93299021543052047e+07,-2.24880210697433837e+07
4579,2557,2559,2647,0,silica,3.72132817956706552e-01,3.90998431591530249e-01,-1.14165255470049176e+07,-1.24430239443841539e+07
4580,2472,522,2642,0,silica,2.80444520935094443e+00,2.04412472371582821e+00,-4.33376405684416443e+07,-1.56710547527960651e+07
4581,2496,814,2628,0,silica,3.93660180532999782e+00,4.42837398296435980e-01,-1.32911141348820869e+07,-4.35708842164520323e+07
4582,816,817,2650,0,silica,3.92033155449845827e+00,8.20602042803390219e-01,-1.92152248102742508e+07,-5.01364354053023458e+07
4583,796,2493,2659,0,silica,5.94968191345252237e-02,4.48416753915352517e-01,-1.03477564180284534e+07,-1.09466822850246038e+07
4584,2559,2643,2644,0,silica,4.45997181541036902e-01,4.44576785704896060e-01,-1.15138537172781769e+07,-1.24966632087831106e+07
4585,2634,2477,2648,0,silica,3.33341392743101705e+00,1.95963530981685641e+00,-5.78531424602191225e+07,-3.32163768207829706e+07
4586,2476,526,2632,0,silica,3.66286948651519806e+00,2.16780271381967315e+00,-8.04176645404287130e+07,-3.40452594095909223e+07
4587,2666,2601,2667,0,silica,2.66268171017019384e+00,3.89667881846509079e-01,-1.82748744305701442e+07,-2.89948671681815796e+07
4588,2494,820,2661,0,silica,3.88233444160764618e+00,1.70416414532227756e+00,-4.06811762887498140e+07,-6.26125199292831495e+07
4589,2524,2507,2668,0,silica,1.69249452996129435e+00,8.19616430185262534e-01,-1.87115558173209988e+07,-1.94838780446493626e+07
4590,2525,2639,2667,0,silica,2.62029301005813897e+00,4.67161915938062666e-01,-1.88235249946799465e+07,-2.88458713305992000e+07
4591,2493,2658,2659,0,silica,1.10667367607408917e-01,4.40418493460246196e-01,-1.05081423335409220e+07,-1.08890884768493827e+07
4592,2478,797,2659,0,silica,8.94181313776946651e-02,5.77656881533505584e-01,-1.08467148459610455e+07,-1.07327777304459270e+07
4593,2651,2497,2664,0,silica,3.45393373720776564e+00,6.87669459130757943e-01,-1.94765106783234775e+07,-3.92362175825986713e+07
4594,2491,2646,2661,0,silica,3.86284287797464154e+00,1.87091525928868685e+00,-5.79235720806136280e+07,-7.11667120438708216e+07
4595,815,2479,2628,0,silica,3.91138259756876616e+00,5.53866648791865979e-01,-1.46390388971118145e+07,-4.43767938299198896e+07
4596,525,2477,2632,0,silica,3.53662264191620013e+00,2.13444260820169207e+00,-6.87636541282442361e+07,-2.97609448646193817e+07
4597,2472,2634,2648,0,silica,3.17745053845101078e+00,1.93328050960721942e+00,-4.76273977025015056e+07,-3.15914406094519310e+07
4598,523,2472,2648,0,silica,3.12685739953379738e+00,2.08445737106104811e+00,-5.05491583916936442e+07,-2.00807483431664929e+07
4599,2477,524,2648,0,silica,3.35963996781292673e+00,2.11081217127068532e+00,-5.82960621646114066e+07,-2.55935413421155997e+07
4600,821,2491,2661,0,silica,3.93408897247003120e+00,1.86744193737303088e+00,-5.19535147368843779e+07,-7.09558593361523449e+07
4601,817,2473,2650,0,silica,3.83400611413863990e+00,9.57976837838930173e-01,-2.08871916935530081e+07,-4.68215300817707777e+07
4602,2479,816,2650,0,silica,3.86892532608116113e+00,7.15157647183325529e-01,-1.71928440908815451e+07,-4.51385569525506273e+07
4603,799,798,2478,0,silica,5.39551082516669042e-02,7.76956487074495050e-01,-1.12808069996223450e+07,-9.37265603861228935e+06
4604,801,800,2474,0,silica,8.97836530261722499e-02,1.36076354824536128e+00,-1.34086672830833662e+07,-7.06246738184941281e+06
4605,818,819,2494,0,silica,3.91454979693543548e+00,1.44373094433770954e+00,-3.68988487065388411e+07,-5.78759299134286419e+07
4606,2478,2508,2644,0,silica,2.85020975517517261e-01,5.58416103878156100e-01,-1.18812617994521856e+07,-1.11066691935310140e+07
4607,2527,2528,2619,0,silica,3.46652135261273342e+00,3.62877535461903544e-01,-1.63836614046404939e+07,-3.87370100089923441e+07
4608,2540,2617,2653,0,silica,3.77335498092038391e+00,3.74210110956011199e-01,-1.47179133472395074e+07,-4.19470992301430479e+07
4609,2570,2568,2571,0,silica,8.10570621540287028e-01,3.71252192477882936e-01,-1.24418154712187424e+07,-1.47405475791362561e+07
4610,2602,2620,2647,0,silica,2.89489957339096937e-01,3.75065204304947164e-01,-1.08869056032589097e+07,-1.22067688587583918e+07
4611,2705,2695,2723,0,silica,4.30470159584107659e+00,5.47612183670248442e-01,-9.31137059844308719e+06,-5.01764444010685608e+07
4612,2729,2690,2738,0,silica,4.17848177494219186e+00,1.91811444374537321e+00,-3.40265647649625763e+07,-8.62129050490040183e+07
4613,2699,2715,2722,0,silica,4.13754626424455640e+00,2.08156448667695315e+00,-3.67760640711619928e+07,-1.06613874782887444e+08
4614,2689,2688,2735,0,silica,4.47686336240629768e+00,1.91055552436370313e+00,-1.75983261724374369e+07,-9.04530396331140101e+07
4615,2719,2697,2721,0,silica,4.61048047684180240e+00,2.08281476029806401e+00,-1.19801390800874513e+07,-9.23929745167648196e+07
4616,2730,2693,2737,0,silica,4.24109349946551095e+00,2.06789139234640551e+00,-2.79325966923180595e+07,-1.03920620160769492e+08
4617,2708,2704,2723,0,silica,4.24077115803659677e+00,3.85956891677666114e-01,-8.52087484649028815e+06,-4.52122831840531528e+07
4618,2715,2714,2722,0,silica,4.14616102151475996e+00,2.12389656010093919e+00,-3.68697899190540463e+07,-1.16425768397334009e+08
4619,2715,2699,2730,0,silica,4.16912317454481141e+00,2.05829179086022807e+00,-3.70302248183946386e+07,-1.06429284701295972e+08
4620,2718,2719,2721,0,silica,4.60324293240051219e+00,2.12486489070830409e+00,-1.18764113443390261e+07,-9.49835324504335672e+07
4621,2694,2705,2706,0,silica,4.43466127287095357e+00,4.32214500962915693e-01,-6.52602861735609733e+06,-4.69195730056904927e+07
4622,2697,2719,2731,0,silica,4.57743069384305912e+00,2.06030693103508566e+00,-1.37630650066588204e+07,-9.36157999495667815e+07
4623,2692,2731,2736,0,silica,4.50549821958540431e+00,2.06655223210762795e+00,-1.59781927546443976e+07,-9.48107447437385470e+07
4624,2715,2730,2737,0,silica,4.20727795040771912e+00,2.08363869787212819e+00,-2.94101663342324048e+07,-1.03223734811882854e+08
4625,2686,2673,2735,0,silica,4.61264102704653922e+00,1.78325731614722915e+00,-1.19217481656229291e+07,-8.10824798056801111e+07
4626,2701,2687,2726,0,silica,4.64509234370987567e+00,3.14903242770991687e-01,4.48140171339511871e+06,-4.56069486267460138e+07
4627,2683,2710,2725,0,silica,4.10653142902081481e+00,3.17268327231238934e-01,-1.07021620122572705e+07,-4.33960537531604543e+07
4628,2731,2719,2736,0,silica,4.53994393565928078e+00,2.08409777520407102e+00,-1.36553202940379903e+07,-9.36701799277635068e+07
4629,2695,817,2734,0,silica,4.15412821117535813e+00,7.66157909488100142e-01,-1.24464896231767051e+07,-4.91874880274518281e+07
4630,2685,2718,2721,0,silica,4.63147085019328575e+00,2.14618434436331107e+00,-1.05710435326685067e+07,-9.40106371856054217e+07
4631,2714,2684,2722,0,silica,4.11834006412571529e+00,2.14537072052588007e+00,-3.14580325132747144e+07,-1.20328247896094039e+08
4632,2732,2713,2737,0,silica,4.27813220173375974e+00,2.13085532503166464e+00,-2.37390270612790473e+07,-1.05133516210177362e+08
4633,2716,2733,2736,0,silica,4.47213790775069953e+00,2.12897612612148501e+00,-1.56760212883992568e+07,-9.75061554653197527e+07
4634,2697,2679,2721,0,silica,4.64999755031568984e+00,2.07047464174687157e+00,-1.07373164910891708e+07,-9.27786134036595672e+07
4635,2694,2706,2712,0,silica,4.48939029133939638e+00,3.99974155701654510e-01,-3.98719967292706436e+06,-4.81514431483550370e+07
4636,2693,2732,2737,0,silica,4.27668124571979114e+00,2.09429240484221246e+00,-2.37490556559907123e+07,-1.01349696670991763e+08
4637,2733,2692,2736,0,silica,4.47253920449441456e+00,2.09076448279439964e+00,-1.55904990063049495e+07,-9.50509072844486237e+07
4638,2711,2710,2723,0,silica,4.14462164250993848e+00,4.05463336639638960e-01,-1.09015466564573050e+07,-4.48067940278923661e+07
4639,2680,2699,2722,0,silica,4.09799195741079725e+00,2.06969168109098822e+00,-5.01883376084331870e+07,-1.10132509695237964e+08
4640,2688,2690,2729,0,silica,4.25538470717891926e+00,1.88095452510757877e+00,-2.89270789412725046e+07,-9.03309162659687996e+07
4641,2742,2693,2748,0,silica,4.31189710889703282e+00,2.03877933014505475e+00,-2.51003002437723950e+07,-9.64732136996140927e+07
4642,2688,2686,2735,0,silica,4.50804074382036379e+00,1.78488693676106891e+00,-2.00776357689057104e+07,-8.14948410267722905e+07
4643,2692,2741,2749,0,silica,4.43378526879912016e+00,2.03756066129623692e+00,-1.78036355569854788e+07,-9.45820036594390869e+07
4644,2694,2695,2705,0,silica,4.40310808249134755e+00,5.53352768216380242e-01,-5.67419756838950142e+06,-5.00069888255109042e+07
4645,2681,2701,2726,0,silica,4.65604243256080874e+00,3.54964472612396664e-01,3.29658056825489039e+06,-5.10622784603230730e+07
4646,2710,2711,2725,0,silica,4.09607318402751286e+00,3.57874689137078261e-01,-1.04766463568642233e+07,-4.42618387716800570e+07
4647,851,2673,2686,0,silica,4.67347197027527717e+00,1.71783370690419068e+00,-1.04205044722818360e+07,-8.17182026727270931e+07
4648,2682,849,2686,0,silica,4.61193940305584960e+00,1.31334307534866457e+00,-8.54623716678278707e+06,-6.92366549389364123e+07
4649,2748,2688,2749,0,silica,4.37128825305772395e+00,1.94822734049927759e+00,-2.26322838686068691e+07,-8.86924582530253828e+07
4650,2690,2693,2730,0,silica,4.24098581758120918e+00,2.01414802967975115e+00,-3.04423592342531756e+07,-9.56490313667927980e+07
4651,2704,2705,2723,0,silica,4.28781724624122074e+00,4.21543965928542430e-01,-8.63943458994855732e+06,-4.53041205463948324e+07
4652,2692,2689,2731,0,silica,4.49997381288751352e+00,2.02214925462192241e+00,-1.54949996038177293e+07,-9.20209181404732019e+07
4653,2721,2679,2727,0,silica,4.67740300910149998e+00,2.10066103339616417e+00,-1.03926696864474099e+07,-9.23257410882290751e+07
4654,2709,2708,2710,0,silica,4.18457401832500064e+00,3.23384319489500471e-01,-9.58171716179797985e+06,-4.36339757078674734e+07
4655,473,474,2707,0,silica,4.26233567840511274e+00,2.41654674136740827e-01,-8.41894273689994775e+06,-4.32225508114613295e+07
4656,474,2670,2707,0,silica,4.29983567840511327e+00,2.63305309231353535e-01,-7.81950302089376375e+06,-4.28719799696960971e+07
4657,2670,475,2702,0,silica,4.37500000000000178e+00,2.63301270189223946e-01,-6.36171804116123170e+06,-4.26048352664224133e+07
4658,2670,2702,2703,0,silica,4.37250000000000227e+00,3.02272413359524761e-01,-6.36171804116123635e+06,-4.43652199374859408e+07
4659,2683,2709,2710,0,silica,4.14869952121589947e+00,3.02912295884400773e-01,-9.88519771029151045e+06,-4.38129590320268944e+07
4660,2707,2708,2709,0,silica,4.22271239972369372e+00,3.02341382523014068e-01,-8.92233574742208421e+06,-4.40138129473968595e+07
4661,475,476,2702,0,silica,4.41250000000000053e+00,2.41650635094611266e-01,-5.89878594861974660e+06,-4.28721092346699685e+07
4662,2670,2703,2704,0,silica,4.33401407043067710e+00,3.23947282706907647e-01,-7.15844862111516856e+06,-4.39052273226768449e+07
4663,478,2687,2700,0,silica,4.60017453774586205e+00,2.60771799772418544e-01,3.10370876333547570e+06,-3.97687563352916315e+07
4664,2670,2704,2707,0,silica,4.29884974883578952e+00,3.06630813673347713e-01,-7.81973490401218366e+06,-4.43166743350373805e+07
4665,471,472,2683,0,silica,4.11235039621783294e+00,2.39482517594496680e-01,-1.01231805289282035e+07,-4.29063264806406200e+07
4666,476,477,2675,0,silica,4.48750000000000071e+00,2.41650635094609573e-01,-3.84344508013452496e+06,-4.23818461651094034e+07
4667,2703,2702,2706,0,silica,4.40745161041013933e+00,3.28877233195147667e-01,-6.14098581415838189e+06,-4.41740602214655876e+07
4668,474,475,2670,0,silica,4.33750000000000124e+00,2.41650635094612681e-01,-7.32196463054946810e+06,-4.31592338932919279e+07
4669,2700,2687,2701,0,silica,4.60299508564144144e+00,3.01392633007378008e-01,2.62168737263199082e+06,-4.64716928428579271e+07
4670,2675,477,2700,0,silica,4.52502493396369498e+00,2.62939917272532575e-01,-1.63630893762840261e+06,-4.11075555190952942e+07
4671,478,479,2687,0,silica,4.63764960378216706e+00,2.39482517594495542e-01,6.65309550068412721e+06,-4.20733012011912316e+07
4672,473,2707,2709,0,silica,4.22448750639675907e+00,2.62386841323417608e-01,-8.96266623583013378e+06,-4.29128163780644685e+07
4673,477,478,2700,0,silica,4.56252493396369374e+00,2.41289282177922976e-01,-4.11110528460960370e+05,-4.18283655980331749e+07
4674,476,2675,2702,0,silica,4.45000000000000195e+00,2.63301270189220837e-01,-4.44653524160001706e+06,-4.20336518980400264e+07
4675,2707,2704,2708,0,silica,4.25957464216272275e+00,3.24934719778331382e-01,-8.69994459900844470e+06,-4.38423300788160563e+07
4676,472,473,2709,0,silica,4.18715182799164598e+00,2.40732167186676754e-01,-9.33060538749132119e+06,-4.31408362211698145e+07
4677,2702,2675,2706,0,silica,4.44745161041013848e+00,3.11556725119456368e-01,-4.44653524160089437e+06,-4.48078743972986937e+07
4678,2683,472,2709,0,silica,4.14950222420947856e+00,2.60214684781173433e-01,-9.93697125423665904e+06,-4.27854245728662834e+07
4679,2706,2675,2712,0,silica,4.48495161041013901e+00,3.33207360214056669e-01,-3.26580260793142300e+06,-4.41400207984883860e+07
4680,2700,2701,2712,0,silica,4.56534548185927580e+00,3.25211385602093950e-01,-2.29984316048068984e+05,-4.42153778124780431e+07
4681,2675,2700,2712,0,silica,4.52502493396369676e+00,3.06241187461744058e-01,-1.69320724349270132e+06,-4.50479591554731503e+07
4682,2680,2722,2728,0,silica,4.07198334468624967e+00,2.10015188109296247e+00,-4.64798961958023235e+07,-1.15559208723776773e+08
4683,2685,2721,2727,0,silica,4.66611385342038520e+00,2.13432060560236314e+00,-9.68768227076328173e+06,-9.42739509377257526e+07
4684,532,531,2684,0,silica,4.09316253753919579e+00,2.20261634984903854e+00,-1.83567523160391413e+07,-1.36511285736622125e+08
4685,534,533,2677,0,silica,4.21821276055676719e+00,2.20213345519621173e+00,-1.71830110566241816e+07,-1.11862339262608737e+08
4686,539,538,2671,0,silica,4.53178723944323192e+00,2.20213345519621173e+00,-1.18495341433717906e+07,-9.70990552282171398e+07
4687,541,540,2685,0,silica,4.65682493061036507e+00,2.20261115751218917e+00,-9.12341806631795876e+06,-9.52314247907720804e+07
4688,536,535,2669,0,silica,4.34416752029229869e+00,2.20206699376926984e+00,-1.54579224999920651e+07,-1.02793423316570997e+08
4689,533,532,2714,0,silica,4.15523532345020907e+00,2.20140322894774210e+00,-1.77776780832600966e+07,-1.20786904509312049e+08
4690,538,537,2716,0,silica,4.46874999999999911e+00,2.20195780408782449e+00,-1.31362439227817338e+07,-9.84896740461555719e+07
4691,540,539,2718,0,silica,4.59474504331743727e+00,2.20139509428667823e+00,-1.05771208500974458e+07,-9.60037965107353479e+07
4692,535,534,2713,0,silica,4.28125000000000000e+00,2.20195780408782715e+00,-1.64640933212817181e+07,-1.06397416352149934e+08
4693,537,536,2717,0,silica,4.40590206642308768e+00,2.20208519204951214e+00,-1.43543585722272489e+07,-1.00346382342780575e+08
4694,2722,2684,2728,0,silica,4.08371669413096594e+00,2.13349884710386783e+00,-5.05844066375366002e+07,-1.25676503831457928e+08
4695,824,823,2680,0,silica,4.01892918809448041e+00,2.06756011932614525e+00,-6.02269290493341610e+07,-1.02980808567244202e+08
4696,854,855,2679,0,silica,4.73061408629147895e+00,2.06724232079400227e+00,-9.33175173060985468e+06,-9.10088511878872365e+07
4697,2677,2714,2715,0,silica,4.18193157893521583e+00,2.14467887356805242e+00,-2.52789692084886134e+07,-1.12183929797062278e+08
4698,2718,2671,2719,0,silica,4.56762929557826158e+00,2.14482025334007309e+00,-1.20489241417235341e+07,-9.49164723555890322e+07
4699,2717,2669,2720,0,silica,4.37507852211709025e+00,2.14599606555462108e+00,-1.70915413987306170e+07,-9.96893556169353575e+07
4700,2688,2689,2749,0,silica,4.42434487719717406e+00,1.94154656944534953e+00,-1.83595453660097122e+07,-8.97497989628939629e+07
4701,2690,2688,2748,0,silica,4.31513867498753179e+00,1.93305838446582690e+00,-2.91674875949329361e+07,-9.06451538313362747e+07
4702,2678,2686,2688,0,silica,4.39010022513967879e+00,1.69409851047839832e+00,-2.09489927089841142e+07,-8.22192865581413209e+07
4703,2671,538,2716,0,silica,4.50053723944323192e+00,2.18409125928403647e+00,-1.36417201624319442e+07,-9.81978372031226903e+07
4704,532,2684,2714,0,silica,4.12339786098940397e+00,2.18401957879678088e+00,-3.19100567525946200e+07,-1.27931826829625294e+08
4705,2677,533,2714,0,silica,4.18594808400697627e+00,2.18353668414395408e+00,-2.51392389169856049e+07,-1.16261789463120878e+08
4706,2669,535,2713,0,silica,4.31291752029229869e+00,2.18402479785709724e+00,-1.89999561278983466e+07,-1.04933335278120399e+08
4707,539,2671,2718,0,silica,4.56403228276067008e+00,2.18352854948289021e+00,-1.21194387762534712e+07,-9.69498096294124573e+07
4708,534,2677,2713,0,silica,4.24946276055676719e+00,2.18409125928403869e+00,-2.14249965546633899e+07,-1.09261595169369444e+08
4709,536,2669,2717,0,silica,4.37506958671538637e+00,2.18415218581878268e+00,-1.70895515293806270e+07,-1.01883654074113593e+08
4710,2685,540,2718,0,silica,4.62656997392780323e+00,2.18400625179886765e+00,-1.04484238790867608e+07,-9.60689693423359543e+07
4711,2716,537,2717,0,silica,4.43715206642308768e+00,2.18404299613733688e+00,-1.53333116802081279e+07,-9.97581517073315829e+07
4712,2701,2681,2750,0,silica,4.62305032516019043e+00,3.84516735035916379e-01,7.92842160586538259e+05,-4.83129375181525573e+07
4713,813,812,2725,0,silica,4.01998373579656221e+00,3.25400751990311987e-01,-1.13947708538416661e+07,-4.32036681071130708e+07
4714,843,844,2726,0,silica,4.72962219203212708e+00,3.25112445398333672e-01,6.58024977544509806e+06,-5.57273890503383949e+07
4715,2696,2679,2697,0,silica,4.66344678117992562e+00,2.02914197888084979e+00,-1.18284789584241472e+07,-8.99997898081152141e+07
4716,855,856,2727,0,silica,4.73355471321120458e+00,2.12859406657718919e+00,-8.59467783462009393e+06,-9.27909781084458083e+07
4717,825,824,2728,0,silica,4.01644528678879187e+00,2.12859406657718919e+00,-6.51569146884920821e+07,-1.23454423648077607e+08
4718,2679,855,2727,0,silica,4.71416879950268353e+00,2.09785808153268327e+00,-8.47645487519811653e+06,-9.25995474912025928e+07
4719,824,2680,2728,0,silica,4.03537447488327228e+00,2.09817588006482625e+00,-6.83751586901414841e+07,-1.18243334036781743e+08
4720,479,54,2747,0,silica,4.70774856569847611e+00,2.36786923554743151e-01,3.02600956763802879e+07,-4.93031083542816341e+07
4721,53,471,2746,0,silica,4.04225143430151856e+00,2.36786923554745538e-01,-1.09006584775626753e+07,-4.26573839418507889e+07
4722,2691,2720,2742,0,silica,4.35951849600496733e+00,2.07204313923325856e+00,-2.20821911182207465e+07,-9.75850374030775726e+07
4723,2720,2691,2741,0,silica,4.39048529699150780e+00,2.07204313923327055e+00,-1.91587329122701250e+07,-9.75874181885365248e+07
4724,2699,2698,2738,0,silica,4.11300548721852710e+00,1.99896202383488641e+00,-4.67412510406304672e+07,-9.87068409625714868e+07
4725,2669,2713,2732,0,silica,4.31252437998314520e+00,2.14850425626527874e+00,-1.90128538501026258e+07,-1.02423138316260561e+08
4726,2716,2717,2733,0,silica,4.43854414459883895e+00,2.14792551012557320e+00,-1.53208343046707958e+07,-9.76834923903612792e+07
4727,531,68,2743,0,silica,4.03477732326642613e+00,2.20606612539090818e+00,-2.23919998536348715e+07,-1.61326567202993542e+08
4728,69,541,2744,0,silica,4.71522088646922466e+00,2.20606538362850157e+00,-7.75725902850339841e+06,-9.47734384486325383e+07
4729,54,843,2747,0,silica,4.73274856569847646e+00,2.60224342381029816e-01,1.53944747780306619e+07,-6.45800756582005098e+07
4730,812,53,2746,0,silica,4.01725143430151821e+00,2.60224342381032259e-01,-1.11504436650192831e+07,-4.24006869516733885e+07
4731,68,825,2743,0,silica,4.01394398993309309e+00,2.18575369574140410e+00,-5.34115409183361009e+07,-1.92368626965261698e+08
4732,856,69,2744,0,silica,4.73605421980255770e+00,2.18575295397899749e+00,-8.06376018968776613e+06,-9.44666917316635251e+07
4733,2713,2677,2737,0,silica,4.24673810259968043e+00,2.14850932181969512e+00,-2.14054372531555332e+07,-1.06881914903284252e+08
4734,2671,2716,2736,0,silica,4.50253306901818195e+00,2.14722706732946067e+00,-1.36583418510757703e+07,-9.61755612830573171e+07
4735,2691,2748,2749,0,silica,4.37172499806295178e+00,2.01348567238048703e+00,-2.25204199663030207e+07,-9.56035017489226907e+07
4736,2723,2695,2734,0,silica,4.22266040545434507e+00,6.11099487238329853e-01,-1.28061469178769775e+07,-4.82675384135459512e+07
4737,2696,2697,2735,0,silica,4.62200175165970872e+00,1.97504300439566571e+00,-1.20469928898129556e+07,-9.02423367650163174e+07
4738,2680,2698,2699,0,silica,4.08428139145842550e+00,2.03410140605204637e+00,-4.58211870291902125e+07,-1.00058607255284458e+08
4739,2694,2712,2750,0,silica,4.53856876556077093e+00,4.16070855136475293e-01,-1.60236968134717923e+06,-4.77253236531645358e+07
4740,2720,2669,2732,0,silica,4.34378331538484819e+00,2.12839033191328930e+00,-2.05861646587465666e+07,-1.01418786371515557e+08
4741,2717,2720,2733,0,silica,4.40730308000054194e+00,2.12781158577358687e+00,-1.77983263805991523e+07,-9.93380881785230786e+07
4742,2720,2732,2742,0,silica,4.33829906126594267e+00,2.09429418277705182e+00,-2.03503767847800180e+07,-9.95189941156901419e+07
4743,2733,2720,2741,0,silica,4.41271774740405309e+00,2.09369723835711907e+00,-1.80703709270343371e+07,-9.63734214370846897e+07
4744,2689,2692,2749,0,silica,4.45643995784957880e+00,2.00832264722291054e+00,-1.92292277441140339e+07,-9.29893283449282646e+07
4745,2693,2690,2748,0,silica,4.28288150288225289e+00,2.00148318538102377e+00,-2.59062066120027341e+07,-9.71904332683763951e+07
4746,2719,2671,2736,0,silica,4.53738008183577346e+00,2.12656096709881837e+00,-1.38536895075679198e+07,-9.60834478100624084e+07
4747,2677,2715,2737,0,silica,4.21147159752792000e+00,2.12769370715596606e+00,-2.83882678512916937e+07,-1.10125616406389743e+08
4748,2697,2731,2735,0,silica,4.57550273779672878e+00,1.99386783799870937e+00,-1.37128356297271699e+07,-8.96065794484926164e+07
4749,471,2683,2746,0,silica,4.07960183051935132e+00,2.56269441149242272e-01,-1.06780052411203180e+07,-4.25546108980016857e+07
4750,2687,479,2747,0,silica,4.67039816948064423e+00,2.56269441149238719e-01,1.00002198916767873e+07,-3.99514854646632373e+07
4751,814,813,2711,0,silica,4.02689215122453081e+00,4.01543671144591829e-01,-1.16960197108248137e+07,-4.41126437270995900e+07
4752,844,845,2681,0,silica,4.72359969263310031e+00,4.00998539080156424e-01,2.06363235377637856e+06,-5.44669014037379250e+07
4753,2672,2729,2738,0,silica,4.11953401002296005e+00,1.90532484335151930e+00,-4.47579294143102318e+07,-8.69159373974463791e+07
4754,817,2695,2745,0,silica,4.19224196611929134e+00,9.12200116359075719e-01,-1.64230304100813735e+07,-5.59311867096611261e+07
4755,823,822,2698,0,silica,4.02289830385060565e+00,1.99798171523666634e+00,-5.39073348910490200e+07,-9.11047326712296158e+07
4756,853,854,2696,0,silica,4.72668344046305133e+00,1.99306627824493021e+00,-1.02063477427686304e+07,-8.88539369692273438e+07
4757,2710,2708,2723,0,silica,4.19095438461234071e+00,3.85328998338899276e-01,-9.77766196903226152e+06,-4.53503310669087917e+07
4758,541,2685,2744,0,silica,4.68454581707958972e+00,2.18867654114069099e+00,-8.91849222552074306e+06,-9.53474087061835080e+07
4759,2684,531,2743,0,silica,4.06543986080562192e+00,2.18868247523994697e+00,-4.36529706333119199e+07,-1.50814478294994026e+08
4760,2711,813,2725,0,silica,4.04687588702109302e+00,3.62052212664361273e-01,-1.18027683181335926e+07,-4.38953926965201125e+07
4761,844,2681,2726,0,silica,4.70322188466522917e+00,3.61218774007947552e-01,3.75040000056355447e+06,-5.09518216538240388e+07
4762,2676,2723,2734,0,silica,4.13229193496022784e+00,5.33089740445353510e-01,-1.11465100849372484e+07,-4.73750959228553250e+07
4763,854,2679,2696,0,silica,4.70729752675453117e+00,2.02871260979146095e+00,-9.01319151403023675e+06,-9.03935077538783401e+07
4764,2683,2725,2746,0,silica,4.07458556631591318e+00,2.91357639682757186e-01,-1.05829470579307359e+07,-4.32633863202553317e+07
4765,2726,2687,2747,0,silica,4.67502036151277256e+00,2.91069333090775373e-01,8.62583234684944153e+06,-5.01992314213319719e+07
4766,2725,812,2746,0,silica,4.03723517009807953e+00,2.95312540914547228e-01,-1.14340341140382085e+07,-4.31363226900696307e+07
4767,843,2726,2747,0,silica,4.71237075773060443e+00,2.95024234322566525e-01,9.77379422991310991e+06,-4.99999884246158972e+07
4768,2732,2693,2742,0,silica,4.30558916985027107e+00,2.07784518693958908e+00,-2.44321658551874533e+07,-1.00938980889279261e+08
4769,2692,2733,2741,0,silica,4.44436010874606513e+00,2.07559951938202003e+00,-1.82516623671290576e+07,-9.62966055569365174e+07
4770,2682,2686,2739,0,silica,4.44787927634704783e+00,1.35650742722096052e+00,-1.94373043258262016e+07,-6.74537407242736071e+07
4771,2727,856,2744,0,silica,4.71960893301376228e+00,2.15528430950472805e+00,-7.84934410335416719e+06,-9.39978477124837786e+07
4772,825,2728,2743,0,silica,4.03038927672188496e+00,2.15528505126713510e+00,-7.65194538475030512e+07,-1.41853031627816498e+08
4773,2685,2727,2744,0,silica,4.68893386362412734e+00,2.15820789666642154e+00,-9.24057229623344354e+06,-9.37875309030197412e+07
4774,2728,2684,2743,0,silica,4.06105181426108075e+00,2.15821383076567797e+00,-4.06852742713768333e+07,-1.36432217099933386e+08
4775,2680,823,2698,0,silica,4.04182749194508606e+00,2.03394584531534006e+00,-6.04722748506697044e+07,-1.02532258109167486e+08
4776,2712,2701,2750,0,silica,4.57445063252709172e+00,3.68274257789227288e-01,-6.61320673093793332e+05,-4.86922649712070078e+07
4777,2704,2703,2705,0,silica,4.34178505196223430e+00,3.77838263062767632e-01,-7.55096355445153639e+06,-4.60223180976564437e+07
4778,2724,2694,2750,0,silica,4.57836026726037826e+00,4.62647075330266500e-01,-3.24999289040487679e+06,-4.97581382948044911e+07
4779,2730,2699,2738,0,silica,4.15829296347115474e+00,2.01127960305710296e+00,-3.66511521566607878e+07,-9.66033976999456733e+07
4780,822,821,2672,0,silica,4.02155322857271358e+00,1.90921676782176952e+00,-4.77181254308428541e+07,-7.97930011001380831e+07
4781,852,853,2673,0,silica,4.72915649931748394e+00,1.88667213071596040e+00,-9.83376757327108271e+06,-8.60269140867983103e+07
4782,2676,2711,2723,0,silica,4.12095429503993316e+00,4.54149700927135580e-01,-1.07012442307135388e+07,-4.51760438060298637e+07
4783,2686,2678,2739,0,silica,4.35148388233956673e+00,1.53055466513790317e+00,-1.96086036894981712e+07,-6.72206275160193294e+07
4784,2678,2688,2729,0,silica,4.24611225177754914e+00,1.77434400977671269e+00,-2.96405775134379491e+07,-7.58617483389614820e+07
4785,2681,2724,2750,0,silica,4.63502127896421978e+00,4.33773392183959661e-01,1.09066738711280821e+05,-5.21481277091673017e+07
4786,815,814,2676,0,silica,4.02552994953641452e+00,4.98706915368250847e-01,-1.22117881509987824e+07,-4.53900981020121276e+07
4787,818,817,2745,0,silica,4.07634354608876048e+00,1.07973494661242930e+00,-1.78440926020781137e+07,-5.36392893523137271e+07
4788,2731,2689,2735,0,silica,4.53249157291505966e+00,1.97325570468198941e+00,-1.75224118898784518e+07,-9.03702882085879892e+07
4789,845,846,2724,0,silica,4.71479150169960803e+00,4.97200430360529577e-01,-5.36976973281211802e+05,-5.47290481170498505e+07
4790,2690,2730,2738,0,silica,4.19634005744976157e+00,1.98288314740234850e+00,-3.52462602659409717e+07,-9.78078992168265283e+07
4791,2691,2742,2748,0,silica,4.34459102600753955e+00,2.03561286111106732e+00,-2.16374794395305142e+07,-9.63864996725504994e+07
4792,2741,2691,2749,0,silica,4.40212693315194148e+00,2.03604291539988536e+00,-2.04423016334308125e+07,-9.41249390137425512e+07
4793,2698,2672,2738,0,silica,4.09210481627790212e+00,1.95777596778627783e+00,-4.27312813704717606e+07,-9.01720743385191262e+07
4794,2694,2674,2695,0,silica,4.49354773759509651e+00,6.16840071784461652e-01,-6.60440294507321063e+06,-5.05933076624978483e+07
4795,822,2672,2698,0,silica,4.04445153242331923e+00,1.95695121992476451e+00,-5.47295783355951905e+07,-8.95931265915332139e+07
4796,821,820,2729,0,silica,4.05032749759566357e+00,1.80076515842032858e+00,-4.18673298172593489e+07,-7.25358250091420710e+07
4797,848,849,2682,0,silica,4.66762393209805726e+00,1.09134743401075962e+00,-1.12962474941666499e+07,-6.36077474974354208e+07
4798,820,819,2678,0,silica,4.07122853809057528e+00,1.61597810839041789e+00,-3.25136695854863226e+07,-6.54239943619255498e+07
4799,850,851,2686,0,silica,4.69431547095779234e+00,1.60497816680936656e+00,-1.37043191457522009e+07,-7.66897718377681226e+07
4800,846,847,2674,0,silica,4.71071063663530509e+00,6.37086757055662201e-01,-3.25228289628810855e+06,-5.62653291049830988e+07
4801,2673,2696,2735,0,silica,4.64500899655179911e+00,1.91103850288856614e+00,-1.45961345236510839e+07,-8.65632637954085469e+07
4802,2673,853,2696,0,silica,4.70583993978053616e+00,1.92949114582721926e+00,-9.37380133801580407e+06,-8.62794456084381789e+07
4803,816,815,2734,0,silica,4.03822979114482639e+00,6.37086757055662201e-01,-1.29824629236383326e+07,-4.73525201206934452e+07
4804,819,818,2739,0,silica,4.08593987329119823e+00,1.36617304568758491e+00,-2.41009040522736013e+07,-5.78759299134286419e+07
4805,2676,814,2711,0,silica,4.05242210076094622e+00,4.46052511904805493e-01,-1.23066858140970021e+07,-4.52459248903594166e+07
4806,2674,2694,2724,0,silica,4.59244081926417369e+00,5.37323839983764207e-01,-3.13290400176541321e+06,-5.35956753595315069e+07
4807,2681,845,2724,0,silica,4.68839119433271012e+00,4.44000894832648818e-01,6.53045728698062827e+05,-5.19901692661247626e+07
4808,847,848,2740,0,silica,4.69733672306768746e+00,8.24574735038758888e-01,-6.36948631373228040e+06,-5.87515519782471880e+07
4809,2682,2695,2740,0,silica,4.48085907519627735e+00,8.87602247151146440e-01,-7.70925027405851800e+06,-5.79132219377602562e+07
4810,2695,2682,2745,0,silica,4.35986589821734949e+00,9.71148461361089788e-01,-1.43397837438061945e+07,-5.52188387779626250e+07
4811,2682,2739,2745,0,silica,4.32990735147801598e+00,1.18184764348673932e+00,-1.35204467994797509e+07,-6.16592670845281631e+07
4812,2672,821,2729,0,silica,4.07188072616837715e+00,1.86922125631770886e+00,-4.30248534604300112e+07,-8.48867504648526758e+07
4813,846,2674,2724,0,silica,4.67550213833491402e+00,5.61649692365338127e-01,-1.36818864772893884e+06,-5.34491574365198091e+07
4814,815,2676,2734,0,silica,4.06375974068124091e+00,5.63156177373059452e-01,-1.33754433713720795e+07,-4.67809699246267825e+07
4815,820,2678,2729,0,silica,4.12155603568623885e+00,1.72680292837130200e+00,-3.70242472059390470e+07,-7.80904310780637562e+07
4816,2739,818,2745,0,silica,4.16228341937995783e+00,1.22209258263593301e+00,-2.26644984267236106e+07,-6.07358018239289299e+07
4817,2678,819,2739,0,silica,4.15716841138177440e+00,1.49997534445533343e+00,-3.04387707751895040e+07,-6.89784587967754751e+07
4818,2695,2674,2740,0,silica,4.52394577973352519e+00,7.29947552881840434e-01,-8.39337630085092410e+06,-5.61792661284777522e+07
4819,848,2682,2740,0,silica,4.61496065516574561e+00,9.55943793253292262e-01,-7.08082635328751523e+06,-5.77169999603415132e+07
4820,2674,847,2740,0,silica,4.65804735970299344e+00,7.25868385771467062e-01,-3.94651522896091454e+06,-5.52276541436076015e+07
4821,817,816,2734,0,silica,4.03822979114482639e+00,7.62078742377726659e-01,-1.48965979944099132e+07,-5.01364354053020179e+07
4822,849,850,2686,0,silica,4.69431547095779234e+00,1.44581105100198593e+00,-9.96461123450975306e+06,-6.98798143519678116e+07
4823,851,852,2673,0,silica,4.72915649931748394e+00,1.80279587853426881e+00,-1.03907414846902080e+07,-8.17046904724729061e+07
4824,2705,2703,2706,0,silica,4.39022259194169617e+00,3.82768213551009040e-01,-5.49978241854291875e+06,-4.58972959049145058e+07
4825,847,2756,2802,0,silica,4.85285475263433685e+00,5.93121049877621931e-01,-4.96880690783071506e+05,-5.61509186404045299e+07
4826,2779,2783,2784,0,silica,5.09340901547929992e+00,4.11760325940157490e-01,6.03159398096952355e+05,-5.71166027003008723e+07
4827,2783,2757,2784,0,silica,5.15024913915792482e+00,4.07411081237564421e-01,7.53330794912109268e+05,-5.71618182393237278e+07
4828,2755,2768,2769,0,silica,5.10229816168821859e+00,2.12530252821875543e+00,1.67575497352815606e+06,-9.23327866224513799e+07
4829,2771,2794,2798,0,silica,4.88351473627375388e+00,2.03143333650003788e+00,-4.75935295647737477e+06,-8.92175533903373182e+07
4830,546,545,2772,0,silica,5.03192704746289721e+00,2.19940296195908269e+00,-3.83788942376518215e+05,-9.33565145808372647e+07
4831,2766,2765,2793,0,silica,5.06598183360018428e+00,2.00330386231266777e+00,1.10916334654924390e+06,-8.81684890827612877e+07
4832,2768,2765,2769,0,silica,5.11025137799057649e+00,2.08251353778679293e+00,1.39646815502346028e+06,-9.04044590311620682e+07
4833,2765,2758,2769,0,silica,5.14923869111239707e+00,2.07125320142904235e+00,3.09705013389664609e+06,-9.08507959595564455e+07
4834,856,855,2775,0,silica,4.76928829948869293e+00,2.12504324363528418e+00,-6.78089254841388669e+06,-9.27909781084458083e+07
4835,2794,2771,2806,0,silica,4.91821653655411861e+00,2.03164705468987750e+00,-2.94983091144927964e+06,-8.91946228855167329e+07
4836,2771,2767,2806,0,silica,4.94837439236546217e+00,2.01750600674710912e+00,-2.12135437836336112e+06,-8.96678238227279037e+07
4837,2768,2755,2772,0,silica,5.06723218330864711e+00,2.14100427399705806e+00,3.53761502980270365e+05,-9.18861929822495431e+07
4838,2767,2766,2793,0,silica,5.02429007613132939e+00,1.99891710096882069e+00,-1.22645637742263777e+06,-8.78155245161221772e+07
4839,545,2751,2772,0,silica,5.00091019929755110e+00,2.17992105638149525e+00,-1.15277763523315429e+06,-9.37706974701693505e+07
4840,2755,546,2772,0,silica,5.06344863866155848e+00,2.18042318333777674e+00,5.03378046760425554e+05,-9.37760248340706974e+07
4841,856,2775,2801,0,silica,4.78462449606020979e+00,2.15046619893700219e+00,-7.00284576796291303e+06,-9.31033067270737737e+07
4842,2751,2782,2796,0,silica,4.96941324255998307e+00,2.12273495446114735e+00,-2.18075372165090544e+06,-9.23365601620172560e+07
4843,2783,2763,2786,0,silica,5.14677679770530716e+00,3.14536766688624125e-01,3.81469079437751730e+05,-5.69445834138599038e+07
4844,2755,2769,2789,0,silica,5.13017029319329065e+00,2.14804535019257514e+00,1.89476698766790377e+06,-9.21476766802497953e+07
4845,878,879,2762,0,silica,5.17126206571542291e+00,8.13349895687966673e-01,7.75997708078970900e+05,-6.00355532775695026e+07
4846,2765,2768,2793,0,silica,5.08011257293917584e+00,2.05966077074995946e+00,8.16638017154102214e+05,-9.07899234337672144e+07
4847,2787,2761,2791,0,silica,4.85037509410190903e+00,3.13453720953794590e-01,2.20158724414395308e+06,-5.83767967031554058e+07
4848,2769,2758,2781,0,silica,5.17542123755050643e+00,2.10255332600804179e+00,2.81967733009609208e+06,-9.11872684265955687e+07
4849,2772,2751,2796,0,silica,5.00134029002288116e+00,2.13823618685681494e+00,-1.04926761876442190e+06,-9.17956797994543016e+07
4850,2754,2771,2798,0,silica,4.85373551972212525e+00,2.00885931391460071e+00,-5.23211872341178823e+06,-8.95921432638363540e+07
4851,2788,2787,2791,0,silica,4.84017728762712007e+00,3.52870327499926695e-01,1.87617297962339385e+06,-5.66525939374243468e+07
4852,2753,2764,2765,0,silica,5.15503640765655380e+00,1.98665651183386327e+00,3.39745331033323240e+06,-8.75277908360289484e+07
4853,2774,2775,2798,0,silica,4.84240936527977794e+00,2.09385379968348628e+00,-5.13442101457501110e+06,-9.09495858787000328e+07
4854,2752,2777,2778,0,silica,4.99595680201650438e+00,3.19486402586156182e-01,5.41191301807422540e+05,-5.75192516212587804e+07
4855,2794,2774,2798,0,silica,4.87407959334523877e+00,2.07585878464531381e+00,-4.36705028727813717e+06,-9.13786314769527614e+07
4856,543,542,2760,0,silica,4.84453187920165274e+00,2.20228747260949076e+00,-4.81585972328905109e+06,-9.37985222912084162e+07
4857,545,544,2751,0,silica,4.96898315183465389e+00,2.20051809442241231e+00,-1.86061445668470371e+06,-9.34006994357786179e+07
4858,547,546,2755,0,silica,5.09402159119866127e+00,2.20102022137869380e+00,1.17892013896459574e+06,-9.33956005823233724e+07
4859,544,543,2773,0,silica,4.90641917183938503e+00,2.20165020282241342e+00,-3.28079879977546679e+06,-9.35434312473169863e+07
4860,480,481,2761,0,silica,4.85717428107488924e+00,2.39318365171279107e-01,1.42038220816211688e+05,-5.92529631571757644e+07
4861,482,483,2752,0,silica,4.99981422827950528e+00,2.40897722064282421e-01,-8.60758021636962803e+03,-5.76082510898812264e+07
4862,484,485,2763,0,silica,5.14281314935229528e+00,2.39003556210146823e-01,-7.52319965492820629e+04,-5.69973282057177499e+07
4863,483,484,2776,0,silica,5.07142857142856940e+00,2.40619652471055184e-01,-2.92317890593528718e+04,-5.72751716729130894e+07
4864,481,482,2780,0,silica,4.92837294276091953e+00,2.40193083460909951e-01,2.98869314711379993e+04,-5.81447763149621189e+07
4865,2757,2783,2786,0,silica,5.16392250951006471e+00,3.53587842736432567e-01,4.56082476125307032e+05,-5.66483145534909368e+07
4866,2782,2774,2794,0,silica,4.90534866962922322e+00,2.09535616834331906e+00,-3.59418511573001835e+06,-9.09259765284719467e+07
4867,885,886,2758,0,silica,5.23027085776890832e+00,2.06761148978954257e+00,4.40457403664457332e+06,-9.05795853540682346e+07
4868,2773,2760,2774,0,silica,4.87617452644944027e+00,2.14740659666615485e+00,-4.19482220504873991e+06,-9.22470141632748842e+07
4869,886,887,2781,0,silica,5.23232402060579727e+00,2.12859406657718964e+00,4.32051656900813989e+06,-9.22555531853211522e+07
4870,2774,2760,2775,0,silica,4.84321032076541602e+00,2.13173692642756718e+00,-5.34558655541696493e+06,-9.28498521418778449e+07
4871,2752,2776,2777,0,silica,5.03270765480538795e+00,2.99193257922066691e-01,2.70148877742899349e+05,-5.73695048771780133e+07
4872,2767,2793,2796,0,silica,5.01423402821522846e+00,2.05300804922215097e+00,-2.91929529616155603e+05,-9.02489623381832242e+07
4873,543,2760,2773,0,silica,4.87595105104103776e+00,2.18393767543190442e+00,-4.25336224195220880e+06,-9.41044946441558897e+07
4874,2751,544,2773,0,silica,4.93790232367403892e+00,2.18216829724482553e+00,-2.70744625954444846e+06,-9.38636215542385429e+07
4875,2773,2774,2782,0,silica,4.90664264724778665e+00,2.12902085362007965e+00,-3.55883111547563504e+06,-9.26094952438883632e+07
4876,2752,2778,2780,0,silica,4.96286488968011241e+00,3.02003602660337156e-01,4.64551616728706344e+05,-5.75680939007840231e+07
4877,482,2752,2780,0,silica,4.96390145675471128e+00,2.61090805525192426e-01,4.73740264955978375e+05,-5.78787413206129894e+07
4878,484,2763,2776,0,silica,5.10709886363800791e+00,2.59623208681202033e-01,1.78122682497768401e+05,-5.71554555129423216e+07
4879,2752,483,2776,0,silica,5.03552851399378909e+00,2.61517374535337632e-01,2.69245061460800178e+05,-5.74474973629067764e+07
4880,2761,481,2780,0,silica,4.89269008097866642e+00,2.59511448632189057e-01,1.01547339648204797e+06,-5.87161376573978439e+07
4881,2777,2776,2783,0,silica,5.06860771224015583e+00,3.19559388005207168e-01,4.58709939143400174e+05,-5.72067093125072122e+07
4882,2769,2781,2789,0,silica,5.16430605593375969e+00,2.13655648433961209e+00,3.23623874380820245e+06,-9.25803695051164627e+07
4883,2759,881,2770,0,silica,5.08543829243656287e+00,1.62510715000428907e+00,-7.63163797117066279e+04,-7.94915124432877898e+07
4884,2779,2784,2802,0,silica,5.04869440418760274e+00,4.84641498608266386e-01,7.03777443598251324e+05,-5.72808483819352314e+07
4885,2751,2773,2782,0,silica,4.93790232367403803e+00,2.14607002680824133e+00,-2.60981996382914530e+06,-9.20615615300625116e+07
4886,2758,886,2781,0,silica,5.21259487837470559e+00,2.09822725052822401e+00,4.81770310648421291e+06,-9.13902446877052635e+07
4887,2793,2768,2796,0,silica,5.04106785616348585e+00,2.07974467027854759e+00,-3.35629719874992326e+05,-9.02879692205199599e+07
4888,547,2755,2789,0,silica,5.12567726735082285e+00,2.18434413401179484e+00,2.08509401054775226e+06,-9.38799688406544328e+07
4889,2776,2763,2783,0,silica,5.10709886363799814e+00,3.00887060828624930e-01,1.85356644008699630e+05,-5.70490763722419515e+07
4890,542,69,2801,0,silica,4.78616952990484990e+00,2.20479809600268029e+00,-6.22807501591661386e+06,-9.41434149557839930e+07
4891,69,856,2801,0,silica,4.76533619657151508e+00,2.18448566635317620e+00,-6.54852099406745844e+06,-9.44666917316635251e+07
4892,2764,2758,2765,0,silica,5.16725518887522295e+00,2.03483364118559740e+00,2.50015430903778039e+06,-8.95520270344083011e+07
4893,548,547,2789,0,silica,5.15665567615216158e+00,2.20332391263310079e+00,2.64195286798473354e+06,-9.35185820642333180e+07
4894,844,843,2787,0,silica,4.76993645655278709e+00,3.25044047612405962e-01,3.97721508626123378e+06,-5.57273890503383949e+07
4895,874,875,2786,0,silica,5.23015412454349882e+00,3.24581911787851451e-01,2.59693888864402747e+05,-5.58108072328221649e+07
4896,2766,2771,2790,0,silica,4.94029881325207665e+00,1.90670497681425211e+00,-1.69815096268982626e+06,-8.55190858838376254e+07
4897,70,548,2803,0,silica,5.21423570869789454e+00,2.20521372677832650e+00,4.04727586593034724e+06,-9.37064793075131476e+07
4898,887,70,2803,0,silica,5.23506904203122758e+00,2.18490129712882242e+00,4.25638363626960758e+06,-9.39176332124316096e+07
4899,2753,2765,2766,0,silica,5.10134635602602504e+00,1.96359903811851599e+00,1.18941444250760064e+06,-8.82368976196279079e+07
4900,485,55,2805,0,silica,5.20910511770403417e+00,2.36981555914004577e-01,-2.95173464971847483e+05,-5.68079812053156793e+07
4901,54,480,2804,0,silica,4.79089488229596494e+00,2.36981555914001080e-01,5.82182885415744735e+05,-6.13046952813765258e+07
4902,55,874,2805,0,silica,5.23291464151355878e+00,2.60418974740291242e-01,-1.82120163801097864e+05,-5.66942368471218050e+07
4903,843,54,2804,0,silica,4.76708535848644122e+00,2.60418974740287801e-01,3.83766359732585866e+06,-6.45800756582005098e+07
4904,2796,2782,2806,0,silica,4.96219614805504161e+00,2.08683492409398497e+00,-1.77719182986817346e+06,-9.08005437943588197e+07
4905,2780,2778,2791,0,silica,4.92441025597007620e+00,3.20509742222961247e-01,9.74245122131137759e+05,-5.78403281284171715e+07
4906,2761,2780,2791,0,silica,4.88976396126242108e+00,2.98915310259095623e-01,9.82743898040984175e+05,-5.78338548116200939e+07
4907,2775,2760,2801,0,silica,4.81665637526186163e+00,2.15306610119599684e+00,-5.44100358076950070e+06,-9.27752854563693702e+07
4908,882,883,2770,0,silica,5.19259143471108420e+00,1.77447934556742726e+00,2.38928215651047695e+06,-8.18862672973442078e+07
4909,2766,2767,2771,0,silica,4.97626114034384681e+00,1.97711212491384836e+00,-2.72279798269826872e+06,-8.84572522535047978e+07
4910,2768,2772,2796,0,silica,5.03614068283531591e+00,2.11829918309368326e+00,-1.51864281779136654e+05,-9.22494756880773306e+07
4911,855,854,2799,0,silica,4.76452895485660033e+00,2.06613291681150102e+00,-7.07038271448772401e+06,-9.10088511878872365e+07
4912,2788,2791,2797,0,silica,4.87498576681124174e+00,3.83931667949648336e-01,1.27825156015817635e+06,-5.72447596386898831e+07
4913,2775,855,2799,0,silica,4.78381725434529415e+00,2.09319785460827745e+00,-7.29450292642055452e+06,-9.12911926351311356e+07
4914,2798,2775,2799,0,silica,4.81504817806130969e+00,2.07822705977272415e+00,-6.24778358063552808e+06,-9.15658426310520619e+07
4915,878,2762,2792,0,silica,5.12936964391101480e+00,7.09064395321893248e-01,1.32148430108252750e+06,-5.83165379346469343e+07
4916,875,876,2757,0,silica,5.23138743258562489e+00,3.99509423902211058e-01,9.25793891727790819e+05,-5.64620263169375584e+07
4917,854,853,2754,0,silica,4.77117931100252601e+00,1.99763234350672447e+00,-7.10016618116638158e+06,-8.88539369692286551e+07
4918,845,844,2788,0,silica,4.77554790317152822e+00,4.00189763361666950e-01,2.06131622824110021e+06,-5.44669014037392363e+07
4919,884,885,2764,0,silica,5.23084285693862849e+00,1.99950250448384481e+00,4.39820967170333862e+06,-8.85288862105690837e+07
4920,2782,2794,2806,0,silica,4.92939125155053315e+00,2.07650531116431836e+00,-3.37493739553825371e+06,-9.10849616889257729e+07
4921,2760,542,2801,0,silica,4.81820140910650263e+00,2.18708556861217129e+00,-5.67671806859630533e+06,-9.43427902803860009e+07
4922,2762,847,2802,0,silica,4.91226174013799977e+00,6.89759652217652675e-01,-1.88227161528897984e+06,-5.81634498052891567e+07
4923,2763,485,2805,0,silica,5.17334683848490062e+00,2.55985112124151426e-01,2.45569845240211471e+04,-5.69345844690064415e+07
4924,480,2761,2804,0,silica,4.82664059194228301e+00,2.56299921085280213e-01,2.33767498581493367e+06,-6.06095752837593257e+07
4925,875,2757,2786,0,silica,5.21154155712912281e+00,3.59199125219519966e-01,8.03093827142629540e+05,-5.66663076987955272e+07
4926,2781,887,2803,0,silica,5.21739306263702485e+00,2.15443265265455386e+00,4.65566001022235863e+06,-9.28388402330307662e+07
4927,885,2758,2764,0,silica,5.21111371470753681e+00,2.03551800502591584e+00,4.98045939164737705e+06,-8.94876536002283990e+07
4928,844,2787,2788,0,silica,4.79548435972431619e+00,3.60341600503530424e-01,3.22201288760230038e+06,-5.69672195487147272e+07
4929,2767,2796,2806,0,silica,4.98081253142054070e+00,2.05677766413345386e+00,-2.37390322034786223e+06,-9.00237510490309596e+07
4930,850,849,2795,0,silica,4.83024316801084197e+00,1.36637300106354576e+00,-3.38950927200416522e+06,-6.98798143519681394e+07
4931,548,2789,2803,0,silica,5.18339138485005524e+00,2.18853763941142754e+00,3.39120108391067479e+06,-9.39683708316809982e+07
4932,854,2754,2799,0,silica,4.78570826585912723e+00,2.03216927107075440e+00,-7.75925901561469957e+06,-8.98876328319128007e+07
4933,883,2753,2770,0,silica,5.16064351126132426e+00,1.84619396893945531e+00,4.09283180191878276e+06,-8.50407996020531207e+07
4934,2787,843,2804,0,silica,4.78702181503922919e+00,2.95150468895896745e-01,5.90013905282870214e+06,-5.91217607891425267e+07
4935,874,2786,2805,0,silica,5.21306876605705671e+00,2.94688333071345732e-01,-1.98632816407184582e+05,-5.66505363235542849e+07
4936,2789,2781,2803,0,silica,5.18654873878918465e+00,2.15806899493715854e+00,3.22737232503410336e+06,-9.25888346545114964e+07
4937,2778,2777,2779,0,silica,5.00402321597733124e+00,3.60992557482422260e-01,5.75384038506274228e+05,-5.72865908194494396e+07
4938,2786,2763,2805,0,silica,5.17731048683792405e+00,2.90254470455205860e-01,5.97834551409530613e+04,-5.66092724031480774e+07
4939,2761,2787,2804,0,silica,4.82276752468554726e+00,2.91031415240889157e-01,2.07440364938192349e+06,-5.85072489715428501e+07
4940,849,848,2800,0,silica,4.83358420562104385e+00,1.08131724963288356e+00,-2.56925622257296043e+06,-6.36077474974354208e+07
4941,883,884,2753,0,silica,5.21805207655024095e+00,1.91247529329641774e+00,3.69700952924394561e+06,-8.55878249337749779e+07
4942,2791,2778,2797,0,silica,4.91982986799368582e+00,3.66109493367381911e-01,9.31521101151137264e+05,-5.71126841201339141e+07
4943,853,852,2785,0,silica,4.77210708250342552e+00,1.90923453724227699e+00,-7.14713584523008298e+06,-8.60269140867983103e+07
4944,2770,2766,2790,0,silica,4.99823162962624234e+00,1.83468543312777421e+00,-2.25803049737016670e+06,-8.48510577537592798e+07
4945,2754,2798,2799,0,silica,4.81693918957514189e+00,2.03765802214911451e+00,-5.78166468336713780e+06,-8.93013062965319753e+07
4946,846,845,2756,0,silica,4.77852174487842607e+00,5.00984409966290345e-01,2.43507522694416024e+05,-5.47290481170498505e+07
4947,876,877,2784,0,silica,5.21648075419135804e+00,4.95415536809713064e-01,1.20191392240968696e+06,-5.71424214047043771e+07
4948,852,851,2790,0,silica,4.79515405627372715e+00,1.79089273766821822e+00,-6.07534516875646543e+06,-8.17046904724729061e+07
4949,879,880,2800,0,silica,5.16691753895437778e+00,1.08131724963288356e+00,5.46114084564843099e+05,-6.39912169730784222e+07
4950,2756,2788,2797,0,silica,4.85881458378686570e+00,4.38189276311505338e-01,9.77918478206005064e+05,-5.60023389635522217e+07
4951,2771,2785,2790,0,silica,4.86858642378073814e+00,1.90038366348791854e+00,-6.26579305139001831e+06,-8.50121641983471662e+07
4952,881,2759,2795,0,silica,5.05642335906965545e+00,1.49170941362043585e+00,2.07068332939356542e+06,-7.25439343731276691e+07
4953,2784,2792,2802,0,silica,5.08225467347619375e+00,5.55687389567490198e-01,4.83247495770692767e+05,-5.77787036859096140e+07
4954,877,878,2792,0,silica,5.20810757819559189e+00,6.31507605956880380e-01,1.22774971460881224e+06,-5.81933057029278874e+07
4955,2792,2762,2802,0,silica,5.03703598500025862e+00,6.57894865064098222e-01,8.14773128476052196e+05,-5.86449448451853693e+07
4956,2753,2766,2770,0,silica,5.08779631656942222e+00,1.87239173657428193e+00,1.52126877944924706e+06,-8.38310063018546551e+07
4957,2771,2754,2785,0,silica,4.84461167850953700e+00,1.96235783694484600e+00,-4.71685999322240334e+06,-8.71529279787429422e+07
4958,851,850,2759,0,silica,4.80951352439214563e+00,1.60751222217955991e+00,-5.17180483588640206e+06,-7.66897718377681226e+07
4959,2753,884,2764,0,silica,5.19889493348886855e+00,1.96173053464659120e+00,4.67313496379433572e+06,-8.81520522382250279e+07
4960,880,881,2795,0,silica,5.16357650134417678e+00,1.36637300106354576e+00,7.76277185096583329e+05,-7.02543310744841546e+07
4961,2778,2779,2797,0,silica,4.96635091566454978e+00,3.89109508701023898e-01,6.06720340279197670e+05,-5.73169514890378416e+07
4962,2756,845,2788,0,silica,4.80406964804995606e+00,4.46976098719920112e-01,1.10246822763484949e+06,-5.60129438411608562e+07
4963,2754,853,2785,0,silica,4.79328639350595243e+00,1.95661961761533010e+00,-8.00900759007923026e+06,-8.72639608129507154e+07
4964,2762,879,2800,0,silica,5.08817960466980068e+00,9.34688769524623986e-01,1.83761444042125205e+06,-6.17977365429711863e+07
4965,848,847,2762,0,silica,4.83792873238208898e+00,8.13349895687966673e-01,-1.71515858417472825e+06,-5.87515519782475159e+07
4966,2757,876,2784,0,silica,5.19786818677698292e+00,4.40726886103887050e-01,1.30432830076910020e+06,-5.68883795182827115e+07
4967,2797,2779,2802,0,silica,4.97029191906648737e+00,4.62341736381410850e-01,6.07145591225854703e+05,-5.73123753050458953e+07
4968,2759,850,2795,0,silica,4.88975669240298938e+00,1.49170941362043585e+00,-6.30065266063423548e+06,-7.46609327231427133e+07
4969,2785,852,2790,0,silica,4.81726113877715267e+00,1.85936660498610595e+00,-7.38600077377910540e+06,-8.57612426244427264e+07
4970,2756,2797,2802,0,silica,4.90759968837124827e+00,4.93599329409625753e-01,-1.06899959587826714e+05,-5.70231065953270420e+07
4971,2795,849,2800,0,silica,4.91382737363188671e+00,1.22387484103234834e+00,-4.78671855007266998e+06,-6.72943585713764578e+07
4972,2759,2770,2790,0,silica,4.96392568204362394e+00,1.72605954923306260e+00,-7.25076045936655952e+05,-7.88639601024234742e+07
4973,2784,877,2792,0,silica,5.17458833238694993e+00,5.54285647715739849e-01,1.52800877887221333e+06,-5.75858351738924161e+07
4974,848,2762,2800,0,silica,4.92151293800313372e+00,9.34688769524623986e-01,-3.48803786990074348e+06,-6.20378676583073437e+07
4975,851,2759,2790,0,silica,4.85466758066587278e+00,1.70846462140833322e+00,-7.18502064134413656e+06,-8.02313348687698096e+07
4976,880,2795,2800,0,silica,5.08049404029855456e+00,1.22387484103234834e+00,2.38997199730739556e+06,-6.70382955770045966e+07
4977,847,846,2756,0,silica,4.77852174487842607e+00,5.91719308025871582e-01,-7.84305698894348112e+05,-5.62653291049837545e+07
4978,881,882,2770,0,silica,5.19259143471108420e+00,1.65893785325477938e+00,3.96418172688388778e+06,-7.67476997675472647e+07
4979,2779,2777,2783,0,silica,5.05267883067096779e+00,3.61343612494700428e-01,4.70162384367256134e+05,-5.72917108894339949e+07
4980,71,549,2818,0,silica,5.31452225530733102e+00,2.20476567776286947e+00,6.45206594320426881e+06,-9.42581583857583553e+07
4981,918,71,2818,0,silica,5.33118892197399763e+00,2.18445324811336539e+00,6.67442405699535273e+06,-9.45327223448958695e+07
4982,55,486,2817,0,silica,5.28340252403638733e+00,2.36561300076146702e-01,-1.38434142368376143e+07,-4.48395935213913918e+07
4983,486,56,2817,0,silica,5.31673585736972054e+00,2.36561300076146702e-01,2.17607152476936691e+07,-4.49883423961399198e+07
4984,874,55,2817,0,silica,5.26673585736972161e+00,2.59998718902433368e-01,-2.11241647102815611e+06,-5.66942368471231237e+07
4985,56,905,2817,0,silica,5.33340252403638715e+00,2.59998718902433368e-01,7.15645415059524495e+06,-5.96245044976015612e+07
4986,549,70,2818,0,silica,5.28118892197399692e+00,2.20476567776286947e+00,5.51309963094749395e+06,-9.41259877519293576e+07
4987,70,887,2818,0,silica,5.26452225530733120e+00,2.18445324811336539e+00,5.73167037820049282e+06,-9.39176332124316096e+07
4988,916,917,2809,0,silica,5.33333333333333126e+00,2.06743610323201876e+00,7.31555687017810810e+06,-9.10901197667326331e+07
4989,886,885,2809,0,silica,5.26666666666666483e+00,2.06743610323201876e+00,6.46776735817989334e+06,-9.05795853540682346e+07
4990,917,918,2808,0,silica,5.33297593144011017e+00,2.12773545565309119e+00,7.01184027178058587e+06,-9.28751756821991652e+07
4991,887,886,2808,0,silica,5.26630926477344374e+00,2.12773545565309119e+00,6.09275566146434750e+06,-9.22555531853211522e+07
4992,917,2808,2809,0,silica,5.31630926477344090e+00,2.09719325304660131e+00,7.67071803202351555e+06,-9.16687594611146152e+07
4993,2808,886,2809,0,silica,5.28297593144010857e+00,2.09719325304660131e+00,5.77798436589494627e+06,-9.17034014204826057e+07
4994,882,881,2807,0,silica,5.26666666666666661e+00,1.60787088577842341e+00,7.37139949438470788e+06,-7.67476997675472647e+07
4995,912,913,2807,0,silica,5.33333333333333304e+00,1.60787088577842341e+00,7.37139949437812716e+06,-7.63888757728778124e+07
4996,905,906,2814,0,silica,5.33333333333333126e+00,3.25468830185195568e-01,2.45170008264587400e+06,-5.62006621967849880e+07
4997,875,874,2814,0,silica,5.26666666666666483e+00,3.25468830185195568e-01,1.07080702085803985e+06,-5.58108072328221649e+07
4998,2808,918,2818,0,silica,5.31416485341410816e+00,2.15312599271499794e+00,7.08948725918975752e+06,-9.29951837211172432e+07
4999,915,916,2810,0,silica,5.33333333333333215e+00,1.99709633171489820e+00,7.47287119546611700e+06,-8.88507462912139893e+07
5000,885,884,2810,0,silica,5.26666666666666572e+00,1.99709633171489820e+00,6.89494918805797491e+06,-8.85288862105690837e+07
5001,887,2808,2818,0,silica,5.28083152008077494e+00,2.15312599271499794e+00,5.47191946275781561e+06,-9.31748034918158203e+07
5002,916,2809,2810,0,silica,5.31666666666666288e+00,2.03293644569944520e+00,8.17701050121376943e+06,-8.96866125161107033e+07
5003,2809,885,2810,0,silica,5.28333333333333055e+00,2.03293644569944520e+00,5.91967279483903851e+06,-8.96866125161107033e+07
5004,906,907,2813,0,silica,5.33333333333333215e+00,4.03409346645201339e-01,1.75933665937334043e+06,-5.63166163218088523e+07
5005,876,875,2813,0,silica,5.26666666666666572e+00,4.03409346645201339e-01,1.62061305518045416e+06,-5.64620263169375584e+07
5006,883,882,2812,0,silica,5.26666666666666661e+00,1.78118312424739500e+00,7.65340028544845525e+06,-8.18862672973442078e+07
5007,913,914,2812,0,silica,5.33333333333333304e+00,1.78118312424739500e+00,7.65340028544582333e+06,-8.19937028354540616e+07
5008,878,877,2811,0,silica,5.26666666666666661e+00,6.37086757055662201e-01,2.47975030386217078e+06,-5.81933057029278874e+07
5009,908,909,2811,0,silica,5.33333333333333304e+00,6.37086757055662201e-01,2.47975030386348721e+06,-5.77712788077880070e+07
5010,906,2813,2814,0,silica,5.31666666666666377e+00,3.63985966359854363e-01,2.19480789131672820e+06,-5.58353077776156217e+07
5011,2813,875,2814,0,silica,5.28333333333333055e+00,3.63985966359854363e-01,1.05357991668030736e+06,-5.58353077776169330e+07
5012,2814,874,2817,0,silica,5.28340252403638644e+00,2.95154995630831918e-01,-7.09285942597160232e+05,-5.32791427732434645e+07
5013,905,2814,2817,0,silica,5.31673585736971965e+00,2.95154995630831918e-01,4.51959269154287316e+06,-5.32596864547104761e+07
5014,884,883,2815,0,silica,5.26666666666666483e+00,1.90699750251993194e+00,7.34429139090190828e+06,-8.55878249337756336e+07
5015,914,915,2815,0,silica,5.33333333333333126e+00,1.90699750251993194e+00,7.52642259716537409e+06,-8.58518679246646464e+07
5016,877,876,2816,0,silica,5.26666666666666483e+00,5.00984409966290012e-01,1.93713927808902715e+06,-5.71424214047043771e+07
5017,907,908,2816,0,silica,5.33333333333333126e+00,5.00984409966290012e-01,1.95486300258825277e+06,-5.67913859228071049e+07
5018,883,914,2815,0,silica,5.29999999999999805e+00,1.87171866334763504e+00,7.57508394718500040e+06,-8.58058900796245188e+07
5019,915,2810,2815,0,silica,5.31666666666666288e+00,1.95384657110115900e+00,8.75129979421008006e+06,-8.70091973850240856e+07
5020,2810,884,2815,0,silica,5.28333333333333055e+00,1.95384657110115900e+00,5.83996028755119257e+06,-8.70091973850240856e+07
5021,908,877,2816,0,silica,5.29999999999999805e+00,5.39148035916325985e-01,2.14695294273347827e+06,-5.69591634294108525e+07
5022,2813,907,2816,0,silica,5.31666666666666288e+00,4.50195682003454223e-01,2.05363019183054916e+06,-5.67051194960882068e+07
5023,876,2813,2816,0,silica,5.28333333333333055e+00,4.50195682003454223e-01,1.43646848405968654e+06,-5.67051194960868880e+07
5024,914,883,2812,0,silica,5.29999999999999982e+00,1.82978053725678969e+00,7.57508394718500040e+06,-8.19399850664001256e+07
5025,882,913,2812,0,silica,5.29999999999999982e+00,1.73258571123800031e+00,7.73171662370796129e+06,-8.19399850663987994e+07
5026,877,908,2811,0,silica,5.29999999999999982e+00,5.84515484946116826e-01,2.14695294273282029e+06,-5.79822922553566322e+07
5027,909,878,2811,0,silica,5.29999999999999982e+00,6.89658029165207687e-01,2.81254766499217972e+06,-5.79822922553566322e+07
5028,913,882,2807,0,silica,5.29999999999999982e+00,1.67481496508167638e+00,7.73171662370796129e+06,-7.65682877702151686e+07
5029,881,912,2807,0,silica,5.29999999999999982e+00,1.54092680647517022e+00,7.01108236505553219e+06,-7.65682877702105641e+07
5030,909,879,878,0,silica,5.28333333333333321e+00,7.88364378432499291e-01,2.81254766499217972e+06,-6.00355532775698304e+07
5031,910,880,879,0,silica,5.28333333333333321e+00,1.03239908900874533e+00,3.94344788929378474e+06,-6.39912169730780944e+07
5032,909,910,879,0,silica,5.31666666666666643e+00,8.60785091645018485e-01,3.94344788929378474e+06,-5.95150299014357403e+07
5033,880,912,881,0,silica,5.28333333333333321e+00,1.41523173031941663e+00,7.01108236505553219e+06,-7.02543310744841546e+07
5034,910,911,880,0,silica,5.31666666666666643e+00,1.13159237315995331e+00,5.37210581706275884e+06,-6.35111246832309067e+07
5035,911,912,880,0,silica,5.31666666666666643e+00,1.32300869381528874e+00,5.37210581706275884e+06,-6.96619351431558877e+07
5036,554,553,2839,0,silica,5.63159847812554393e+00,2.19656424831146557e+00,1.30480597928241901e+07,-9.96846692796092480e+07
5037,2840,2819,2842,0,silica,5.56850621557676551e+00,2.11730940854633465e+00,1.46251314914829247e+07,-9.66464962400358766e+07
5038,2855,2834,2864,0,silica,5.51113286160621385e+00,1.93757254196023365e+00,1.59673049686885849e+07,-8.97236491180584431e+07
5039,2856,2853,2862,0,silica,5.42682823594232744e+00,2.10659599220930538e+00,1.06924220941740982e+07,-9.26192842678517103e+07
5040,2839,2819,2840,0,silica,5.60137966940674925e+00,2.13288597432056415e+00,1.46804345128214825e+07,-9.66204756598465294e+07
5041,2853,2852,2862,0,silica,5.45124874793254577e+00,2.08012184984456416e+00,1.11245971555094719e+07,-9.31668967319117486e+07
5042,2840,2836,2841,0,silica,5.59877246228949144e+00,2.04792885772344091e+00,1.73233037920388579e+07,-9.49403694263835400e+07
5043,2837,2823,2838,0,silica,5.70063569639392043e+00,2.11906519765041912e+00,2.11201933182937428e+07,-1.00728081081507191e+08
5044,2823,554,2839,0,silica,5.66358099901851375e+00,2.17675146704060518e+00,1.67230997369410507e+07,-1.01263496173890769e+08
5045,553,2819,2839,0,silica,5.60036610995716710e+00,2.17685302969166061e+00,1.42373258943725377e+07,-9.91383833336850852e+07
5046,2834,2833,2841,0,silica,5.65570680587275376e+00,1.98627411020575906e+00,2.23545075565602779e+07,-9.10825838867203891e+07
5047,2833,2826,2837,0,silica,5.74978978236958671e+00,2.06244316320289478e+00,2.64136684339021668e+07,-9.85851207539357692e+07
5048,2838,2823,2839,0,silica,5.66570476319844563e+00,2.13298239931613542e+00,1.63230706646012869e+07,-9.89207866563964337e+07
5049,2834,2836,2864,0,silica,5.55650413906470408e+00,1.97686047891182226e+00,1.51765123957277853e+07,-9.11948286149955839e+07
5050,2836,2840,2842,0,silica,5.56560181529807707e+00,2.07314026880285818e+00,1.53021280310018342e+07,-9.34872120876139253e+07
5051,2842,2819,2843,0,silica,5.53624265612718336e+00,2.14323426800526251e+00,1.26190593463819884e+07,-9.54294852807893306e+07
5052,2833,2837,2838,0,silica,5.70914268878061026e+00,2.06935334117689385e+00,2.02333046092003435e+07,-9.75849100163752288e+07
5053,2829,2850,2858,0,silica,5.44986529787319984e+00,3.13775577801403693e-01,1.80100468312637322e+06,-5.65189330897828043e+07
5054,2836,2842,2852,0,silica,5.52365820826692033e+00,2.06122589067571882e+00,1.38556087953002341e+07,-9.39993722352489382e+07
5055,2823,2837,2859,0,silica,5.72996874677004353e+00,2.14614089179305134e+00,1.81848465211676769e+07,-1.03023044078664258e+08
5056,940,941,2830,0,silica,5.76416093964350296e+00,8.05296834901840897e-01,7.42120681006034277e+06,-5.38824250853032470e+07
5057,2836,2834,2841,0,silica,5.60191385747936099e+00,1.99191838958686418e+00,1.73911817638976648e+07,-9.01237040308546424e+07
5058,2828,2856,2862,0,silica,5.43793652228853386e+00,2.13878381598716549e+00,1.01678414867399018e+07,-9.46822431506930292e+07
5059,2827,2821,2834,0,silica,5.68217843741267092e+00,1.82428675408793084e+00,2.49470878579314984e+07,-8.12350739934342355e+07
5060,2831,2857,2860,0,silica,5.75161497381516806e+00,3.15869980114211191e-01,-2.00634817324247357e+05,-5.39295915105393752e+07
5061,2837,2826,2849,0,silica,5.77495762302905558e+00,2.10149915647301144e+00,2.29000455147528648e+07,-1.03306790896896571e+08
5062,944,2821,2827,0,silica,5.76135681610655315e+00,1.75369327917337237e+00,2.47753126340164505e+07,-8.11368729022417814e+07
5063,2838,2839,2840,0,silica,5.63473580175505884e+00,2.10882812521589891e+00,1.77377075953215957e+07,-9.80725636441590637e+07
5064,2852,2842,2862,0,silica,5.49232962041751183e+00,2.09043053369709808e+00,1.28409501038247291e+07,-9.28672654572747797e+07
5065,2821,2832,2833,0,silica,5.76284421795491131e+00,1.95897675282340011e+00,2.78369080415758304e+07,-8.86246372431553900e+07
5066,2845,2820,2846,0,silica,5.60189687912377376e+00,3.25941119382751276e-01,1.30902413474189746e+06,-5.50334703925344646e+07
5067,2857,2825,2860,0,silica,5.76378296367881138e+00,3.56793977469832158e-01,2.93973379838390334e+05,-5.21339218851761818e+07
5068,551,550,2828,0,silica,5.44375243815680232e+00,2.20286682246256227e+00,9.22691974047815241e+06,-9.54977224541746825e+07
5069,553,552,2819,0,silica,5.56876763183162193e+00,2.20028878138019524e+00,1.18485787855605111e+07,-9.78781535693163723e+07
5070,555,554,2823,0,silica,5.69448252089296858e+00,2.20018721872913936e+00,1.42225466182173137e+07,-1.02670625003627867e+08
5071,552,551,2843,0,silica,5.50624999999999787e+00,2.20195780408783071e+00,1.06408818534989543e+07,-9.65169801926304102e+07
5072,2822,2852,2853,0,silica,5.43289710921870750e+00,2.04129697978441049e+00,1.18952545436762236e+07,-9.05521046652306616e+07
5073,487,488,2829,0,silica,5.45718685064770170e+00,2.39003556210145102e-01,2.03904878182125074e+05,-5.68877809193302318e+07
5074,489,490,2820,0,silica,5.60018577172048904e+00,2.40897722064281533e-01,1.33153737016067491e+05,-5.51821802326079160e+07
5075,491,492,2831,0,silica,5.74282571892510774e+00,2.39318365171277359e-01,-2.40781329060745229e+04,-5.45732682742498964e+07
5076,488,489,2844,0,silica,5.52857142857142492e+00,2.40619652471052659e-01,1.56643824740810378e+05,-5.59105380822548643e+07
5077,490,491,2848,0,silica,5.67170378140547360e+00,2.40554355565461536e-01,9.00445156926155032e+04,-5.46645456902424395e+07
5078,2850,2851,2858,0,silica,5.43942818290051822e+00,3.53046724876963758e-01,1.75624175536909094e+06,-5.63181311160728633e+07
5079,917,916,2853,0,silica,5.37014415181059679e+00,2.06896973417271468e+00,9.54886745123096369e+06,-9.10901197667326331e+07
5080,947,948,2826,0,silica,5.83027085776890885e+00,2.06761148978954346e+00,2.99521243143771142e+07,-1.03230854309715256e+08
5081,948,949,2849,0,silica,5.83232402060579336e+00,2.12859406657718964e+00,2.62921122949277684e+07,-1.11177524267652154e+08
5082,2838,2840,2841,0,silica,5.63503299491649035e+00,2.06804014836225170e+00,1.77077264544740468e+07,-9.47496679151293337e+07
5083,2844,2820,2845,0,silica,5.56468568133650887e+00,3.03480342091339950e-01,7.72482924335769494e+05,-5.53359660328760669e+07
5084,2819,552,2843,0,silica,5.53751763183162016e+00,2.18224658546802619e+00,1.24484740120073874e+07,-9.75605940119293183e+07
5085,551,2828,2843,0,silica,5.47500243815679966e+00,2.18482462655039322e+00,1.07757084749093056e+07,-9.64391380064640939e+07
5086,2842,2843,2862,0,silica,5.50200966799908553e+00,2.12826977128316530e+00,1.23227641572562400e+07,-9.55586518688838333e+07
5087,2846,2820,2848,0,silica,5.63767217948465316e+00,3.04532507392207108e-01,5.64882351351756952e+05,-5.45901293356807381e+07
5088,489,2820,2844,0,silica,5.56447148600620078e+00,2.61517374535334246e-01,7.75004137438201811e+05,-5.55535275892623663e+07
5089,2820,490,2848,0,silica,5.63617526741167740e+00,2.61452077629743096e-01,5.59813679133338854e+05,-5.49429185724937469e+07
5090,2829,488,2844,0,silica,5.49290113636198374e+00,2.59623208681197815e-01,9.94557374439353822e+05,-5.63943076957302168e+07
5091,491,2831,2848,0,silica,5.70738664318772493e+00,2.59872720736738949e-01,1.07950204521102904e+05,-5.46544147407516837e+07
5092,2844,2845,2850,0,silica,5.52559531461027209e+00,3.22727326225410949e-01,1.52334852147474280e+06,-5.57623153616836146e+07
5093,2837,2849,2859,0,silica,5.76364357981620135e+00,2.13548502858964273e+00,2.33733284234982766e+07,-1.04679089977207944e+08
5094,2826,948,2849,0,silica,5.81259487837470346e+00,2.09822725052822534e+00,3.03779671130209900e+07,-1.04066461059716374e+08
5095,555,2823,2859,0,silica,5.72593933544902445e+00,2.18349384514730227e+00,1.84479595844247416e+07,-1.04735933985714585e+08
5096,2829,2844,2850,0,silica,5.48971082707052460e+00,2.99767914879550290e-01,9.80138974561539828e+05,-5.61822776777720824e+07
5097,2832,2826,2833,0,silica,5.76944506274904967e+00,2.02469410943919037e+00,2.57774792122813202e+07,-9.78048075157639086e+07
5098,918,917,2856,0,silica,5.36798277376153976e+00,2.12965541991796314e+00,8.83156953275138699e+06,-9.28751756821991652e+07
5099,556,555,2859,0,silica,5.75645681455605551e+00,2.20330662641816222e+00,1.51969951979116052e+07,-1.06804812331155151e+08
5100,917,2853,2856,0,silica,5.38812692557213690e+00,2.10064684825216963e+00,8.80006751581274904e+06,-9.28246751070941687e+07
5101,906,905,2858,0,silica,5.36967828032648153e+00,3.24939868849703106e-01,2.34095240515296906e+06,-5.62006621967836693e+07
5102,936,937,2857,0,silica,5.83064417503299115e+00,3.25292983016191750e-01,-1.47661085701749800e+06,-5.06095406898197904e+07
5103,72,556,2870,0,silica,5.81423570869790041e+00,2.20521372677832561e+00,1.58812476425714474e+07,-1.11621154010920018e+08
5104,949,72,2870,0,silica,5.83506904203123344e+00,2.18490129712882153e+00,2.17137877620501705e+07,-1.17510765955019012e+08
5105,2821,2833,2834,0,silica,5.70164781422721489e+00,1.93410123643368181e+00,2.20138973869552501e+07,-9.06761882407653630e+07
5106,550,71,2873,0,silica,5.38566671926850216e+00,2.20531380100554264e+00,7.87967069733650144e+06,-9.49357342153966129e+07
5107,56,487,2872,0,silica,5.39089488229596459e+00,2.36981555914000386e-01,4.35704745346183772e+05,-5.80666248671036884e+07
5108,492,57,2871,0,silica,5.80910511770404003e+00,2.36981555914002939e-01,-4.33887006399764970e+05,-5.53142170191712156e+07
5109,2827,2834,2835,0,silica,5.58021182509000102e+00,1.79434864217292644e+00,1.56310462505742628e+07,-8.32148317398683131e+07
5110,71,918,2873,0,silica,5.36483338593516823e+00,2.18500137135603856e+00,8.27868361004093103e+06,-9.45327223448958695e+07
5111,905,56,2872,0,silica,5.36708535848644175e+00,2.60418974740287079e-01,1.98411943465816486e+06,-5.96245044976015612e+07
5112,57,936,2871,0,silica,5.83291464151356465e+00,2.60418974740289633e-01,-2.11142426185283624e+06,-5.70020084988726974e+07
5113,2846,2848,2860,0,silica,5.67753624952599356e+00,3.25205970711464620e-01,9.43148907183036674e+05,-5.44107352608738542e+07
5114,2848,2831,2860,0,silica,5.71172219923526825e+00,3.01443906120277993e-01,1.52355882745714189e+05,-5.38100216360967606e+07
5115,2863,2854,2867,0,silica,5.68292479229969061e+00,4.83056644368645982e-01,3.35978097924559563e+06,-5.37499749554538876e+07
5116,2843,2828,2862,0,silica,5.47203708186032500e+00,2.15014891120849150e+00,1.08652993529846575e+07,-9.43860901893715560e+07
5117,2846,2860,2863,0,silica,5.68124666188940619e+00,3.72822430095177682e-01,9.85215048154474469e+05,-5.36679890242363885e+07
5118,2833,2838,2841,0,silica,5.67450894874656964e+00,2.04248256598896294e+00,2.13159596465403549e+07,-9.68479215423668474e+07
5119,2835,2834,2855,0,silica,5.50051697605265932e+00,1.87051946694819393e+00,1.56370829080949873e+07,-8.32212279401458651e+07
5120,2851,2850,2866,0,silica,5.47407729596896697e+00,3.84122118416323655e-01,2.12430014673139574e+06,-5.59302268629602045e+07
5121,940,2830,2861,0,silica,5.72265727969595783e+00,7.00599214044098750e-01,7.43371765962099470e+06,-5.38190013539327979e+07
5122,937,938,2825,0,silica,5.82642228021732311e+00,4.01697154171154258e-01,9.25660836048259633e+05,-4.98123632257043794e+07
5123,907,906,2851,0,silica,5.37532116424644979e+00,3.99729494929961016e-01,2.15314664835731499e+06,-5.63166163218075335e+07
5124,916,915,2822,0,silica,5.37034967165635280e+00,1.99872026314445317e+00,1.02996270982355103e+07,-8.88507462912139893e+07
5125,946,947,2832,0,silica,5.83201802503381384e+00,1.99711884142855323e+00,3.08919953708549850e+07,-9.44624420956595987e+07
5126,2828,550,2873,0,silica,5.41691915742530394e+00,2.18818062346810471e+00,9.23830865556037799e+06,-9.54907965760187507e+07
5127,916,2822,2853,0,silica,5.39049382346694994e+00,2.03609400806969632e+00,9.24782801457921974e+06,-9.05746070660143644e+07
5128,2831,492,2871,0,silica,5.77335940805772108e+00,2.56299921085280380e-01,-9.14971951367511647e+05,-5.51237224189822152e+07
5129,487,2829,2872,0,silica,5.42665316151509547e+00,2.55985112124145486e-01,1.44386645711877802e+06,-5.76674243429178372e+07
5130,2851,906,2858,0,silica,5.39499944457293168e+00,3.59777153309121578e-01,2.20168192719637835e+06,-5.64244247665335238e+07
5131,937,2825,2857,0,silica,5.80706645525031462e+00,3.62097926716803464e-01,-4.62176446593360859e+05,-5.22602932533582076e+07
5132,2849,949,2870,0,silica,5.81739306263702805e+00,2.15443265265455297e+00,2.49331712102247588e+07,-1.08812409406888947e+08
5133,947,2826,2832,0,silica,5.81228888280272304e+00,2.03313434197062559e+00,3.30897104405293725e+07,-9.72817015976420343e+07
5134,2860,2825,2863,0,silica,5.72760060146232686e+00,3.89984362859612077e-01,1.51586073957332596e+06,-5.34235156412461549e+07
5135,2836,2852,2864,0,silica,5.51141913684367779e+00,2.02095656892125941e+00,1.48118816755090412e+07,-9.06966058359286785e+07
5136,556,2859,2870,0,silica,5.78319252325395627e+00,2.18852035319648808e+00,2.02321448081364408e+07,-1.09884365581625059e+08
5137,918,2856,2873,0,silica,5.38281615969670657e+00,2.15559408022254351e+00,8.15636234302614164e+06,-9.42102260462244302e+07
5138,2858,905,2872,0,silica,5.38676363881292275e+00,2.95046290133193168e-01,2.90382482536105113e+06,-5.71905159641519114e+07
5139,936,2857,2871,0,silica,5.81355881654655615e+00,2.95399404299684420e-01,-3.34380389356069546e+06,-5.37405315925002992e+07
5140,2859,2849,2870,0,silica,5.78634987719308302e+00,2.15805170872221908e+00,2.00031225529707521e+07,-1.07949460240930930e+08
5141,2856,2828,2873,0,silica,5.41406859785351013e+00,2.15877333233460966e+00,9.47107356993409991e+06,-9.39289605331718326e+07
5142,2852,2822,2864,0,silica,5.46173891028043190e+00,2.01133634188248456e+00,1.25247240966565125e+07,-9.13400017605069876e+07
5143,2845,2846,2847,0,silica,5.60199838068257083e+00,3.68880613521022305e-01,1.29854607477074326e+06,-5.47981890561413914e+07
5144,2857,2831,2871,0,silica,5.77781310690023719e+00,2.91280350644675112e-01,-6.99992780259876163e+05,-5.34070282504623979e+07
5145,2829,2858,2872,0,silica,5.42252191803205363e+00,2.90612427517051575e-01,1.36778324032070138e+06,-5.69648053180408850e+07
5146,911,910,2869,0,silica,5.43271683823542162e+00,1.08253205737067382e+00,8.84679579879724421e+06,-6.35111246832309067e+07
5147,2850,2845,2866,0,silica,5.52039889848139609e+00,3.67810382686624138e-01,1.51890139606151450e+06,-5.56957549649198875e+07
5148,945,946,2821,0,silica,5.82367001297477049e+00,1.89493506603236295e+00,2.96667867456266768e+07,-8.61186669139582068e+07
5149,2847,2846,2863,0,silica,5.64148409340686552e+00,3.95088460914191197e-01,2.08699132835884090e+06,-5.43000393539129719e+07
5150,2847,2863,2867,0,silica,5.62642963344155245e+00,4.54495619801497552e-01,2.16222933345144475e+06,-5.47776187515769377e+07
5151,942,943,2865,0,silica,5.76547342310236477e+00,1.38171490827641463e+00,1.69813670184186026e+07,-6.27717311023400798e+07
5152,915,914,2855,0,silica,5.37465862076110934e+00,1.90816337303175221e+00,1.07247295816937257e+07,-8.58518679246646464e+07
5153,908,907,2824,0,silica,5.37999591142576605e+00,4.96816996718366433e-01,2.49223834716639481e+06,-5.67913859228071049e+07
5154,938,939,2854,0,silica,5.82344909880409300e+00,4.99721180747227933e-01,3.32580509014766663e+06,-5.02954308722508401e+07
5155,941,942,2869,0,silica,5.76605017156875466e+00,1.08253205737067382e+00,1.15145949290215429e+07,-5.70115030658695474e+07
5156,2824,2851,2866,0,silica,5.45964446906714596e+00,4.33471468958810668e-01,2.19968226242300030e+06,-5.62245926760063916e+07
5157,914,913,2835,0,silica,5.38837006731876667e+00,1.78112070193566718e+00,1.19702165613976754e+07,-8.19937028354540616e+07
5158,2867,2830,2874,0,silica,5.55100896667226795e+00,6.35191899186515863e-01,3.68914604128111806e+06,-5.57802454327341169e+07
5159,912,911,2865,0,silica,5.43214008976903173e+00,1.38171490827641463e+00,1.20090166514494941e+07,-6.96619351431558877e+07
5160,939,940,2861,0,silica,5.80849634005245274e+00,6.31095485465211881e-01,5.61557180212383252e+06,-5.14811160696897060e+07
5161,909,908,2874,0,silica,5.38850081301633832e+00,6.28515137031185334e-01,3.48611655915856315e+06,-5.77712788077880070e+07
5162,2861,2830,2867,0,silica,5.63767116037504845e+00,6.37772247620542410e-01,5.27569801249524578e+06,-5.57632789699359462e+07
5163,943,944,2827,0,silica,5.78768680313178319e+00,1.63257480376214570e+00,2.32042475011334307e+07,-6.99716433780619502e+07
5164,2821,946,2832,0,silica,5.80568803800858557e+00,1.94180664432724526e+00,3.38693523522381559e+07,-8.98441410937568545e+07
5165,913,912,2868,0,silica,5.39733001691819769e+00,1.60899503884939210e+00,1.23803494272605311e+07,-7.63888757728778124e+07
5166,2854,2861,2867,0,silica,5.69695931953563939e+00,5.47923476847575142e-01,3.45869252101241099e+06,-5.31771017046854794e+07
5167,2845,2847,2866,0,silica,5.55959076676642905e+00,3.91502892690824222e-01,2.12730259163715364e+06,-5.52519972301810682e+07
5168,2824,907,2851,0,silica,5.40531707567221620e+00,4.42348417040290265e-01,2.21128437482027989e+06,-5.62263299618940279e+07
5169,2822,915,2855,0,silica,5.39500829241746249e+00,1.95663637304253424e+00,9.52226131151550263e+06,-8.76517963382570446e+07
5170,2830,941,2869,0,silica,5.68021111121225886e+00,9.27850516476288578e-01,1.05202509110689033e+07,-5.86765752217035145e+07
5171,910,909,2830,0,silica,5.43082760631016992e+00,8.05296834901840897e-01,5.23347280320739746e+06,-5.95150299014357403e+07
5172,2825,938,2854,0,silica,5.79987137902141825e+00,4.47220260310344953e-01,2.22071720613967860e+06,-5.19420869490162507e+07
5173,2866,2847,2867,0,silica,5.56962854735330826e+00,4.52027513784588830e-01,2.15749752164381323e+06,-5.47778562653380632e+07
5174,2827,2835,2868,0,silica,5.54005355403541611e+00,1.69140728067771007e+00,1.81634761744714305e+07,-7.81519215446509272e+07
5175,2824,2866,2867,0,silica,5.51600385216645339e+00,4.77684354322875759e-01,3.00099990662160842e+06,-5.54050827445711419e+07
5176,2822,2855,2864,0,silica,5.44399424528978315e+00,1.96404948006585145e+00,1.33824792079883181e+07,-8.70911368705029041e+07
5177,914,2835,2855,0,silica,5.41302868807987547e+00,1.84852340504303014e+00,1.00676777109912857e+07,-8.49903022260971814e+07
5178,943,2827,2865,0,silica,5.70316022623414920e+00,1.53211390241589096e+00,2.08403203549020626e+07,-7.25036834790352881e+07
5179,2830,909,2874,0,silica,5.46932841932650859e+00,6.98018865610072314e-01,4.60847824297070503e+06,-5.65315989767954275e+07
5180,2825,2854,2863,0,silica,5.74433319183792346e+00,4.40811418245774078e-01,1.87544003116504662e+06,-5.19740118018009886e+07
5181,2854,939,2861,0,silica,5.78194543885654699e+00,5.58179171161586107e-01,5.07752130112646986e+06,-5.25814740073438734e+07
5182,910,2830,2869,0,silica,5.51354444454559189e+00,9.27850516476288578e-01,5.86622149424526840e+06,-5.85933292553117424e+07
5183,942,2865,2869,0,silica,5.68152359467112067e+00,1.24043155598300747e+00,1.58406836866750140e+07,-6.44141135697076991e+07
5184,2865,911,2869,0,silica,5.51485692800445548e+00,1.24043155598300747e+00,8.28724624162176065e+06,-6.44545383050345629e+07
5185,912,2865,2868,0,silica,5.47947010668723067e+00,1.50853413750313714e+00,1.03805050941521563e+07,-7.36529485314386785e+07
5186,2835,913,2868,0,silica,5.43570008423696560e+00,1.70017540234561437e+00,1.03273378771503195e+07,-7.93927527389276475e+07
5187,2824,2867,2874,0,silica,5.50017727178786231e+00,5.42438944384687094e-01,3.26134924301181035e+06,-5.64406795905739069e+07
5188,2865,2827,2868,0,silica,5.58382357648568117e+00,1.56671009513848580e+00,1.52698431438295264e+07,-7.11541865211628377e+07
5189,908,2824,2874,0,silica,5.41849672444210473e+00,5.52694638698698171e-01,2.83299614300072193e+06,-5.63517437358616367e+07
5190,944,945,2821,0,silica,5.82367001297477049e+00,1.81105881385067136e+00,3.14044193099124506e+07,-7.79149764842864722e+07
5191,977,978,2878,0,silica,5.97230002873250410e+00,1.99947014285194657e+00,4.89033733388813138e+07,-8.87447267154973894e+07
5192,978,2876,2878,0,silica,5.95464524543229246e+00,2.03531025683649469e+00,5.41480798528556973e+07,-1.01197536410611436e+08
5193,2884,2887,2889,0,silica,5.91110014007575568e+00,2.11126878967190068e+00,4.45513942983032316e+07,-1.11318939782743543e+08
5194,2876,2884,2889,0,silica,5.93008311047763925e+00,2.08819890537720987e+00,4.60779526413724124e+07,-1.12727557088004172e+08
5195,942,941,2879,0,silica,5.87499999999999911e+00,1.08199573108434932e+00,1.55937947185999472e+07,-5.70115030658695474e+07
5196,972,973,2879,0,silica,5.97499999999999876e+00,1.08199573108434932e+00,1.55937947185973153e+07,-5.37919116729129106e+07
5197,968,969,2882,0,silica,5.97399575229450974e+00,3.99265570079261778e-01,1.84275287942350376e+06,-4.49426440209198147e+07
5198,978,979,2876,0,silica,5.98234521669978836e+00,2.06743610323201921e+00,5.52929793538485691e+07,-9.92216418648011833e+07
5199,967,968,2877,0,silica,5.98043081836132995e+00,3.23260672496164636e-01,-4.20153494243488298e+05,-4.21316685638591722e+07
5200,979,980,2884,0,silica,5.98260661776767311e+00,2.12805874048919996e+00,6.01081717404595688e+07,-1.18633329827353522e+08
5201,2884,980,2892,0,silica,5.97073032714341867e+00,2.15566904351063160e+00,7.38454041440602690e+07,-1.40981552217367172e+08
5202,2875,2884,2892,0,silica,5.94540892292088685e+00,2.16222509198387058e+00,3.98030045026953444e+07,-1.30541243577622816e+08
5203,2877,968,2882,0,silica,5.95442657065584058e+00,3.57634032104883814e-01,1.74529516717698076e+06,-4.51743921041049063e+07
5204,493,58,2891,0,silica,5.95805358933175366e+00,2.36172732901788279e-01,-2.33673070883079525e+06,-3.77058080932813436e+07
5205,58,967,2891,0,silica,5.98305358933175313e+00,2.59610151728074945e-01,-2.05203260939735407e+06,-3.74074904905150160e+07
5206,2876,979,2884,0,silica,5.96495183446746235e+00,2.09751653788271097e+00,6.32497836622670665e+07,-1.12953682294088393e+08
5207,980,73,2892,0,silica,5.98812370937574556e+00,2.18667301407288983e+00,4.77443182106450200e+07,-1.83457499162067920e+08
5208,72,949,2893,0,silica,5.86094150174837925e+00,2.18731685859308156e+00,2.46904529431014620e+07,-1.17510765955019012e+08
5209,949,948,2887,0,silica,5.86336224629790337e+00,2.13127796309015638e+00,3.34846683604361303e+07,-1.11177524267652154e+08
5210,558,557,2875,0,silica,5.92467859577758293e+00,2.20624361882373465e+00,1.71690862202408984e+07,-1.38183369447189540e+08
5211,948,947,2889,0,silica,5.86513127601017725e+00,2.06834824368347370e+00,3.98790376129694358e+07,-1.03230854309715256e+08
5212,943,942,2881,0,silica,5.87499999999999911e+00,1.36912021206735268e+00,2.25847804209916852e+07,-6.27717311023400798e+07
5213,973,974,2881,0,silica,5.97499999999999876e+00,1.36912021206735268e+00,2.25847804209864214e+07,-5.86541403057103530e+07
5214,57,493,2894,0,silica,5.89081315625153490e+00,2.35838482380486658e-01,-2.33226515716636255e+07,-4.50579341620961949e+07
5215,2887,2875,2893,0,silica,5.89898234382375364e+00,2.16608815910501828e+00,3.07260743710124567e+07,-1.21116296405315548e+08
5216,2887,948,2889,0,silica,5.87849352230808098e+00,2.10164790093512188e+00,3.43994015223207101e+07,-1.12129454471717998e+08
5217,936,57,2894,0,silica,5.86581315625153366e+00,2.59275901206773352e-01,-1.13594477731883805e+07,-5.70020084988726974e+07
5218,938,937,2882,0,silica,5.87399575229450921e+00,3.99265570079261778e-01,9.08345685892867972e+05,-4.98123632257043794e+07
5219,947,946,2878,0,silica,5.87230002873250267e+00,1.99947014285194657e+00,4.12157230915498286e+07,-9.44624420956595987e+07
5220,2894,2877,2895,0,silica,5.90955306398720825e+00,3.04058036277810417e-01,-2.49753569977512350e+06,-4.62743330562727526e+07
5221,949,2887,2893,0,silica,5.87430374804628475e+00,2.15953211063177974e+00,2.76572848426779546e+07,-1.21598243860615760e+08
5222,2891,2877,2894,0,silica,5.92929756394461904e+00,2.84959334321642554e-01,-6.66810702934587467e+06,-4.27111947082224488e+07
5223,2878,2876,2889,0,silica,5.91977652144246935e+00,2.04645217024490611e+00,4.68659350087214410e+07,-9.78567313128600270e+07
5224,2884,2875,2887,0,silica,5.92064745984304608e+00,2.14745490030017416e+00,4.14635463417454138e+07,-1.29777959392162278e+08
5225,937,936,2895,0,silica,5.86330908937434270e+00,3.25583988314753159e-01,-3.04700678401634190e+06,-5.06095406898184717e+07
5226,967,2877,2891,0,silica,5.96348440769308397e+00,2.92558270767442563e-01,-2.11175812613239279e+05,-4.17016768578207716e+07
5227,947,2878,2889,0,silica,5.88743130474268117e+00,2.03622239728794874e+00,3.79786639011463150e+07,-1.00650051704088017e+08
5228,2882,937,2895,0,silica,5.88730484166885315e+00,3.59957347923472337e-01,-2.10847171992101648e+05,-4.73565522037178352e+07
5229,2877,2882,2895,0,silica,5.91773566003018292e+00,3.46030332332329660e-01,-2.49728364880720107e+06,-4.62724755609089434e+07
5230,557,72,2893,0,silica,5.87760816841491263e+00,2.20762928824258564e+00,1.65177578922158424e+07,-1.24739255224011481e+08
5231,73,558,2892,0,silica,5.97145704270932853e+00,2.20698544372239391e+00,2.22020274398349375e+07,-1.60149161794826776e+08
5232,558,2875,2892,0,silica,5.94613563848679760e+00,2.19322906254612882e+00,4.10537513938864470e+07,-1.53210250866429687e+08
5233,2875,557,2893,0,silica,5.90228676419238152e+00,2.19387290706632010e+00,2.97432208898236044e+07,-1.30859998982735693e+08
5234,976,977,2880,0,silica,5.97499999999999876e+00,1.90699750251993216e+00,4.28621140603724644e+07,-7.86963241094616205e+07
5235,946,945,2880,0,silica,5.87499999999999734e+00,1.90699750251993216e+00,3.96610847960700393e+07,-8.61186669139582068e+07
5236,936,2894,2895,0,silica,5.87912224562587671e+00,2.94547336064729548e-01,-6.44899499580279272e+06,-4.67835052137849405e+07
5237,977,2878,2880,0,silica,5.94730002873250285e+00,1.95622038223820760e+00,4.93400176534884125e+07,-8.78773285658118874e+07
5238,969,970,2883,0,silica,5.97499999999999876e+00,5.00984409966290567e-01,4.49144397246465646e+06,-4.68672394884907082e+07
5239,939,938,2883,0,silica,5.87499999999999734e+00,5.00984409966290567e-01,4.18022311945936177e+06,-5.02954308722508401e+07
5240,944,943,2890,0,silica,5.87499999999999911e+00,1.60787088577842341e+00,2.95177317284601368e+07,-6.99716433780619502e+07
5241,974,975,2890,0,silica,5.97499999999999876e+00,1.60787088577842341e+00,2.95177317284561880e+07,-6.52877578475744948e+07
5242,493,2891,2894,0,silica,5.92386674558328874e+00,2.52011215282274992e-01,-6.80832041697944608e+06,-3.54790757662081718e+07
5243,941,940,2885,0,silica,5.87499999999999911e+00,8.24574735038758888e-01,1.05906958097799681e+07,-5.38824250853032470e+07
5244,971,972,2885,0,silica,5.97499999999999876e+00,8.24574735038758888e-01,1.05906958097760193e+07,-5.13838574937528223e+07
5245,2878,946,2880,0,silica,5.89730002873250214e+00,1.95622038223820760e+00,3.77192794688676149e+07,-8.88707491433663070e+07
5246,975,976,2886,0,silica,5.97499999999999876e+00,1.78118312424739500e+00,3.59846912018111795e+07,-7.17523364340978414e+07
5247,945,944,2886,0,silica,5.87499999999999734e+00,1.78118312424739500e+00,3.53117076180571690e+07,-7.79149764842864722e+07
5248,2882,969,2883,0,silica,5.94899575229450850e+00,4.46051905437515106e-01,3.72844857587367995e+06,-4.78668764171068370e+07
5249,940,939,2888,0,silica,5.87499999999999734e+00,6.37086757055662201e-01,7.17858526998161245e+06,-5.14811160696897060e+07
5250,970,971,2888,0,silica,5.97499999999999876e+00,6.37086757055662201e-01,7.24678575241086911e+06,-4.84974906679378152e+07
5251,944,975,2886,0,silica,5.92499999999999805e+00,1.73258571123800031e+00,3.26533157724621929e+07,-7.51798598587555438e+07
5252,938,2882,2883,0,silica,5.89899575229450779e+00,4.46051905437515106e-01,2.29594626915979385e+06,-4.78267492370642796e+07
5253,971,940,2888,0,silica,5.92499999999999805e+00,6.89658029165207687e-01,8.78121533988072351e+06,-4.99568709776566848e+07
5254,976,2880,2886,0,silica,5.94999999999999840e+00,1.84741995684293792e+00,4.28081814095621333e+07,-7.87727617872250825e+07
5255,2880,945,2886,0,silica,5.89999999999999769e+00,1.84741995684293792e+00,3.44779846852501780e+07,-7.87727617872244269e+07
5256,975,944,2890,0,silica,5.92499999999999982e+00,1.67481496508167638e+00,3.26533157724621929e+07,-6.76297006128193736e+07
5257,943,974,2890,0,silica,5.92499999999999982e+00,1.54092680647517022e+00,2.63821476844554506e+07,-6.76297006128173918e+07
5258,941,972,2879,0,silica,5.92499999999999982e+00,9.82802446933141449e-01,1.24001762796759214e+07,-5.54017073693905696e+07
5259,973,942,2879,0,silica,5.92499999999999982e+00,1.18118901523555708e+00,1.87874131575226560e+07,-5.54017073693918884e+07
5260,2883,970,2888,0,silica,5.94999999999999840e+00,5.65433671971099172e-01,6.37131195560638886e+06,-4.93301448549809009e+07
5261,939,2883,2888,0,silica,5.89999999999999769e+00,5.65433671971099172e-01,4.91699940941811539e+06,-4.93301448549809009e+07
5262,974,943,2881,0,silica,5.92499999999999982e+00,1.46134324857148035e+00,2.63821476844554506e+07,-6.07129357040265352e+07
5263,940,971,2885,0,silica,5.92499999999999982e+00,7.52154021826239805e-01,8.78121533988072351e+06,-5.26331412895272151e+07
5264,972,941,2885,0,silica,5.92499999999999982e+00,8.96995448251277971e-01,1.24001762796759214e+07,-5.26331412895291895e+07
5265,942,973,2881,0,silica,5.92499999999999982e+00,1.27689717556322502e+00,1.87874131575220004e+07,-6.07129357040238976e+07
5266,565,2931,2948,0,silica,6.52813412383003300e+00,2.07469339480765314e+00,6.09853408798180521e+07,-3.26757301337294728e+07
5267,2907,2919,2920,0,silica,6.14384956249387049e+00,2.12069149830062331e+00,8.48321835033869892e+07,-6.29448477002239004e+07
5268,2907,2920,2922,0,silica,6.18096814162735697e+00,2.13574547864938680e+00,8.99521719515155107e+07,-6.11490031215661764e+07
5269,2917,2931,2936,0,silica,6.31464404144154745e+00,2.02376678368596741e+00,6.80168103651103824e+07,-5.12488832604093179e+07
5270,567,2897,2905,0,silica,7.14894146512089623e+00,2.01678080632970724e+00,3.65648114339723364e+07,-1.69707235502631254e+07
5271,2918,2911,2948,0,silica,6.58088632941767671e+00,1.71275464014556689e+00,3.67066176204815060e+07,-3.81427149015195742e+07
5272,2929,2910,2935,0,silica,9.32084775316541858e+00,1.21281805358181161e+00,6.79957242695036810e+06,-1.55105435835636444e+07
5273,2916,2917,2930,0,silica,6.19174022205026109e+00,1.94763534649432013e+00,5.53338748500130698e+07,-6.13054060172131285e+07
5274,2911,2928,2937,0,silica,6.64884370406412639e+00,1.27907110538702695e+00,2.90509761860994436e+07,-3.66016339530654028e+07
5275,970,2903,2940,0,silica,6.08840480079080226e+00,4.93346970075377367e-01,8.48409487165715173e+06,-4.51751169241854399e+07
5276,2915,2916,2930,0,silica,6.13396922140633638e+00,1.99029799505891170e+00,6.59192900898871347e+07,-7.35522390578543246e+07
5277,2928,2898,2937,0,silica,6.47061328288442894e+00,1.08262939356505039e+00,1.94950627634337656e+07,-4.74461450875650197e+07
5278,2922,2920,2936,0,silica,6.21928654857671415e+00,2.10451920619775024e+00,7.68156353172435313e+07,-5.16329492366378903e+07
5279,2902,2915,2919,0,silica,6.09250917968990979e+00,2.07029151053495797e+00,7.52024162826609015e+07,-7.61760075974436849e+07
5280,2909,2929,2935,0,silica,9.19031951024675209e+00,9.36020959185484558e-01,5.15808476426823717e+06,-1.93576296088172346e+07
5281,2910,2934,2935,0,silica,9.18373828474176257e+00,1.49550764246978418e+00,5.79281926380611956e+06,-1.31339658215254769e+07
5282,2911,2897,2948,0,silica,6.77028319359720143e+00,1.81677848159334165e+00,4.50685928253697008e+07,-3.17416049408332743e+07
5283,2901,2913,2937,0,silica,7.22501037106590172e+00,9.02603315772729786e-01,1.99072516734230369e+07,-2.94906080929366089e+07
5284,2911,2918,2928,0,silica,6.49468420972213067e+00,1.53040530078968717e+00,3.40127942675146386e+07,-4.96661157841660306e+07
5285,2937,2898,2941,0,silica,6.51418080649214559e+00,8.48190044641542795e-01,1.99298406661400758e+07,-4.30827129157503396e+07
5286,2919,2915,2920,0,silica,6.13136184722092548e+00,2.07809936351526670e+00,8.17851174246026725e+07,-7.57127181770909727e+07
5287,2919,2907,2927,0,silica,6.11582942366609483e+00,2.14690650212316436e+00,1.02491489242477790e+08,-7.70558282444020212e+07
5288,2905,2897,2911,0,silica,7.03536635041993730e+00,1.79641293134574442e+00,3.27043733228571042e+07,-2.93841281599814110e+07
5289,2913,2901,2925,0,silica,7.58447439239052112e+00,8.25137488082990811e-01,1.39591171682042871e+07,-2.84516957680329941e+07
5290,2902,2919,2923,0,silica,6.07192679012607428e+00,2.10226363742924027e+00,8.81547678180852681e+07,-9.24412052533006668e+07
5291,2913,2911,2937,0,silica,7.04327672692266393e+00,1.23217130291021193e+00,2.29292148873195387e+07,-3.63673102914154679e+07
5292,2930,2917,2936,0,silica,6.24630807423819334e+00,1.99331681714236697e+00,6.52982087566964701e+07,-5.15993413678908050e+07
5293,2898,972,2899,0,silica,6.15328701352901319e+00,8.79631289002048788e-01,1.58112556478382275e+07,-4.78407792246420011e+07
5294,979,978,2902,0,silica,6.01925307911112384e+00,2.06788733439981121e+00,7.09859020888467878e+07,-9.92216418648011833e+07
5295,570,569,2906,0,silica,8.48439098067759723e+00,2.05563370703765402e+00,1.65517516069717519e+07,-1.19328916027205139e+07
5296,980,979,2923,0,silica,6.01691772248088785e+00,2.12899150376624702e+00,8.88742394190709293e+07,-1.18633329827353522e+08
5297,2905,2911,2913,0,silica,7.22779758817156459e+00,1.54110374599939814e+00,2.95454944156589992e+07,-2.35536293527912684e+07
5298,561,560,2907,0,silica,6.15080603170351647e+00,2.20054880060586200e+00,1.08653579767319292e+08,-5.59352786909837127e+07
5299,501,502,2925,0,silica,7.89954957130882196e+00,3.75446002171970827e-01,9.88105463898809813e+06,-2.67657668538278788e+07
5300,502,503,2924,0,silica,8.49918763131053190e+00,3.77462421384185898e-01,7.47191039297306258e+06,-2.33307210618039668e+07
5301,569,568,2926,0,silica,7.89006097943255469e+00,2.05932679451516121e+00,2.49695885123677030e+07,-1.48623799911987502e+07
5302,503,504,2909,0,silica,9.11002929556296870e+00,3.59496173711013223e-01,4.74507221513510216e+06,-2.11747688482137956e+07
5303,2923,2919,2927,0,silica,6.08275931882931342e+00,2.13628649423209005e+00,9.30485737183527052e+07,-7.96200918264172524e+07
5304,2913,2925,2932,0,silica,7.84897287704641844e+00,1.03940587548908825e+00,1.80422870828055069e+07,-2.54201545417467244e+07
5305,494,495,2912,0,silica,6.10521841104778673e+00,2.39989783328183437e-01,6.37643510488718003e+06,-3.85624118296370283e+07
5306,979,2902,2923,0,silica,6.03617080159201169e+00,2.09890053232755003e+00,7.35793690001943409e+07,-9.41153361708737165e+07
5307,571,570,2934,0,silica,9.09946178171557207e+00,2.08118208672965510e+00,9.61075518647988699e+06,-9.78155501286464371e+06
5308,2906,2932,2935,0,silica,8.52222843259804641e+00,1.38466518662176141e+00,1.17889454599945378e+07,-1.53743601688841507e+07
5309,2906,2926,2932,0,silica,8.17514529200003004e+00,1.55929302683746762e+00,1.83839240964121073e+07,-1.93151358683790043e+07
5310,2926,2913,2932,0,silica,7.84605429891470951e+00,1.38995333449894520e+00,1.80936985779880434e+07,-1.94774262267885469e+07
5311,503,2909,2924,0,silica,8.80795238802736158e+00,5.16958595095199147e-01,7.48988951734625082e+06,-2.33190418140385635e+07
5312,571,2934,2945,0,silica,9.37126657292247423e+00,1.97001049103030645e+00,5.74278754084796179e+06,-7.16258270465944242e+06
5313,560,559,2927,0,silica,6.09057653044587166e+00,2.20361945571464890e+00,1.31923414305545241e+08,-7.40120536538658142e+07
5314,968,967,2933,0,silica,6.01913990254974607e+00,3.27019954702872262e-01,3.46314453465476958e+06,-4.21316685638591722e+07
5315,562,561,2922,0,silica,6.21568269728117162e+00,2.19779222615141601e+00,9.29876610511053056e+07,-4.60450001681497172e+07
5316,2907,560,2927,0,silica,6.12040071688636989e+00,2.18416825632051159e+00,1.05509168469833612e+08,-5.74969679212326556e+07
5317,2934,2910,2945,0,silica,9.41282825075273877e+00,1.71963709247098007e+00,6.58609204657444172e+06,-1.21700373729762398e+07
5318,967,58,2943,0,silica,6.01699478428364554e+00,2.60534824217345640e-01,2.91606386106445268e+06,-3.74074904905150160e+07
5319,2932,2924,2935,0,silica,8.52778925700071255e+00,1.03982723430162660e+00,1.17979678324167822e+07,-2.15109738702945597e+07
5320,58,494,2943,0,silica,6.04004738930583418e+00,2.37097405391058946e-01,3.42816485585226025e+06,-3.79165177808407918e+07
5321,73,980,2944,0,silica,6.01419757221640694e+00,2.18549327429245377e+00,1.29687269008917719e+08,-1.83457499162067920e+08
5322,559,73,2944,0,silica,6.03436121309357620e+00,2.20580570394195785e+00,1.98458066198746145e+08,-1.14670829115884736e+08
5323,502,2924,2925,0,silica,8.19404356354804086e+00,5.32908423556156752e-01,1.13793931501162853e+07,-2.57502554332602732e+07
5324,2921,2904,2938,0,silica,6.19271559868885646e+00,3.18835179218062925e-01,8.38007410005874094e+06,-4.00472599037249535e+07
5325,2905,2913,2926,0,silica,7.57617518361578224e+00,1.60079841549852220e+00,2.48646620686042830e+07,-2.45205189262581691e+07
5326,561,2907,2922,0,silica,6.18335331761672702e+00,2.17834102675727870e+00,9.16837892855102271e+07,-4.67720737248138413e+07
5327,2902,2914,2915,0,silica,6.07426104685460100e+00,2.03583373449216731e+00,6.92228125532043427e+07,-8.55497750689125508e+07
5328,2906,569,2926,0,silica,8.18002266527550681e+00,1.89496050155281526e+00,1.85418660202126093e+07,-1.07525958805402815e+07
5329,2925,2924,2932,0,silica,8.18362469453440688e+00,8.63907615507475857e-01,1.13400846096764915e+07,-2.17957259871553630e+07
5330,2909,504,2946,0,silica,9.37982543442797301e+00,4.69760574688145194e-01,3.72127223814365361e+06,-2.18412752659419551e+07
5331,74,571,2945,0,silica,9.66689556489181001e+00,2.10882840430065066e+00,3.08474078113349667e+06,-8.84026701235507987e+06
5332,2915,2914,2916,0,silica,6.08874634982257046e+00,1.98987819308654745e+00,6.32757834744076803e+07,-7.32624537811747044e+07
5333,570,2906,2934,0,silica,8.79367121502335003e+00,1.91681579376730937e+00,1.12053668014766257e+07,-8.54504244399452396e+06
5334,992,993,2910,0,silica,9.83992526905856835e+00,1.46962660143942059e+00,2.53329239729197742e+06,-1.31982307462864332e+07
5335,991,992,2929,0,silica,9.84148047645432023e+00,9.65159164507135015e-01,2.08729060030420288e+06,-1.69595425563786365e+07
5336,504,59,2946,0,silica,9.67042840828807293e+00,3.30264400977131889e-01,1.55196384498774982e+06,-2.04639808328097723e+07
5337,500,501,2901,0,silica,7.37714474726060399e+00,3.36730804545221585e-01,1.16691441255751904e+07,-3.09367203633909188e+07
5338,2920,2915,2930,0,silica,6.15833658596938260e+00,2.04406138944484006e+00,6.97895233232683390e+07,-6.30029512184787914e+07
5339,2903,2938,2940,0,silica,6.13566827951663374e+00,4.25761300519629682e-01,6.80215982902188692e+06,-4.20044140017279461e+07
5340,2929,2909,2946,0,silica,9.42109515440793643e+00,7.14919739196494763e-01,4.35515406347187981e+06,-1.83539304278241768e+07
5341,2924,2909,2935,0,silica,8.84697288273118154e+00,8.48324216061321024e-01,7.91216933973328583e+06,-1.83534987263414003e+07
5342,2938,2904,2940,0,silica,6.20216288712012087e+00,3.91814994475225442e-01,7.71790603405529633e+06,-4.23972555024808198e+07
5343,969,968,2903,0,silica,6.02072170285852071e+00,4.09301034981851053e-01,5.44321561526801996e+06,-4.49426440209198147e+07
5344,2920,2930,2936,0,silica,6.20914270819168390e+00,2.05542725177856012e+00,7.39524185023939013e+07,-6.23322018884469569e+07
5345,2934,2906,2935,0,silica,8.83638604021927598e+00,1.58151474806676440e+00,1.20066025463435631e+07,-1.51873468528202381e+07
5346,568,567,2905,0,silica,7.38050201011489282e+00,2.09517760628422911e+00,3.40647237880578190e+07,-1.82281121049310230e+07
5347,978,977,2914,0,silica,6.01750785569875291e+00,2.00050131830637090e+00,6.08800962285607830e+07,-8.87447267154973894e+07
5348,2931,2917,2948,0,silica,6.41492226879562555e+00,1.96998741206356787e+00,5.09967858071121722e+07,-4.17080480602394417e+07
5349,2940,2904,2942,0,silica,6.29498066382695853e+00,4.05471183862832207e-01,1.06614675627587698e+07,-4.14203671432492808e+07
5350,2897,565,2948,0,silica,6.70145155637662526e+00,2.03714635657730447e+00,4.45753179677842110e+07,-2.95497028653691858e+07
5351,2933,2912,2938,0,silica,6.10128152983670002e+00,3.21854797982292384e-01,5.26258375476253498e+06,-4.00949539499523044e+07
5352,2901,501,2925,0,silica,7.62463221763928800e+00,4.92176806717192494e-01,1.41485902307996377e+07,-2.92815386649424918e+07
5353,2903,968,2933,0,silica,6.03986160540826678e+00,3.71428779214180771e-01,3.16547995604716288e+06,-4.26919970866133273e+07
5354,980,2923,2944,0,silica,6.03111529469729479e+00,2.15542206700724259e+00,9.62457792842067033e+07,-1.05854099646014661e+08
5355,2916,2900,2917,0,silica,6.16914128953805108e+00,1.87151941966088375e+00,5.46474606773233786e+07,-6.63655156019701287e+07
5356,568,2905,2926,0,silica,7.61530449085815064e+00,1.93450440079939057e+00,2.71288230152557604e+07,-1.36562923974268977e+07
5357,494,2912,2943,0,silica,6.07492553786695666e+00,2.57087188719242465e-01,4.58922998853143677e+06,-3.75051381428988650e+07
5358,2896,2922,2936,0,silica,6.25848822140845140e+00,2.12670969252974595e+00,8.10039141815879047e+07,-4.93627416964473650e+07
5359,992,2910,2929,0,silica,9.68140574551288857e+00,1.21478576594817844e+00,1.30905994389156811e+06,-1.55604394572703801e+07
5360,563,562,2896,0,silica,6.29153749049076794e+00,2.19959493822410357e+00,8.09880836829502434e+07,-4.02179249649260864e+07
5361,977,976,2916,0,silica,6.03373838207909330e+00,1.91497272585280087e+00,5.36040773306219056e+07,-7.86963241094616205e+07
5362,2941,2940,2942,0,silica,6.35371421889822585e+00,5.16992381488746822e-01,1.07618167904446777e+07,-4.12063329683150724e+07
5363,2899,2940,2941,0,silica,6.26783579323063567e+00,6.30217519548581850e-01,1.33205279067420810e+07,-4.50089917630721033e+07
5364,2933,967,2943,0,silica,6.03613468683339160e+00,2.97242225463420884e-01,1.96161591333646770e+06,-3.99659451605778113e+07
5365,2927,559,2944,0,silica,6.06444682090793918e+00,2.18942515965660700e+00,1.19552155926074624e+08,-8.15055297236639112e+07
5366,2902,978,2914,0,silica,6.03676093480987674e+00,2.03679266345871079e+00,6.31241745291521326e+07,-8.50504589976266623e+07
5367,993,74,2945,0,silica,9.86853197366350798e+00,1.94216173763357536e+00,2.62954885860868683e+06,-8.30197138673078269e+06
5368,59,991,2946,0,silica,9.87021765181371613e+00,4.96931067643428814e-01,1.62265112046107044e+06,-2.03807811734768897e+07
5369,495,496,2921,0,silica,6.18507561838779107e+00,2.39777628516838232e-01,8.12917887783001829e+06,-3.91633671060484871e+07
5370,2910,993,2945,0,silica,9.70845724272207633e+00,1.69178833907424919e+00,1.44292431324137445e+06,-1.11130892799326330e+07
5371,991,2929,2946,0,silica,9.71169812826803458e+00,7.42090232151778384e-01,1.04798621094426501e+06,-1.90584697296708785e+07
5372,2923,2927,2944,0,silica,6.06120090251165777e+00,2.15935395237139538e+00,1.16683534139400318e+08,-1.02352551802149862e+08
5373,2903,2933,2938,0,silica,6.08712508413409825e+00,3.69711257991704123e-01,6.08750962401998509e+06,-4.28404312325407565e+07
5374,2912,2933,2943,0,silica,6.07101283539451320e+00,2.93794589965317654e-01,5.04172386423574388e+06,-4.03028751566821858e+07
5375,2898,2899,2941,0,silica,6.29923687906228746e+00,7.87317155635308463e-01,1.29737546738511510e+07,-4.62042599334651232e+07
5376,2896,562,2922,0,silica,6.25249919412354060e+00,2.17738716437552027e+00,8.03630662656666636e+07,-4.06770827954217270e+07
5377,499,500,2947,0,silica,6.97277737869917136e+00,3.02923724586215692e-01,1.18678716653353497e+07,-3.53078053438497707e+07
5378,2908,2937,2941,0,silica,6.64662301314659754e+00,6.79137265568360626e-01,1.59469972712934911e+07,-3.74744144956479743e+07
5379,2901,2937,2947,0,silica,7.05245413251486308e+00,6.52566358993147078e-01,1.57739293504398670e+07,-3.62466517193940580e+07
5380,2917,2918,2948,0,silica,6.39884283716269398e+00,1.82841653238544422e+00,5.10233503134596944e+07,-5.16575955209326819e+07
5381,564,563,2931,0,silica,6.39556558752294979e+00,2.17915023827582655e+00,6.97732916824306846e+07,-3.60179664691418558e+07
5382,2937,2908,2947,0,silica,6.82493227384637979e+00,6.16639855235470935e-01,1.38464544477303885e+07,-3.69548926025944054e+07
5383,974,973,2928,0,silica,6.10238234192555762e+00,1.36594062522084836e+00,2.67311504928231649e+07,-5.86541403057103530e+07
5384,2917,2900,2918,0,silica,6.25039017031190003e+00,1.78545772075240738e+00,4.45308724004750624e+07,-5.33047322603952810e+07
5385,976,975,2900,0,silica,6.04013179477030970e+00,1.78003976106371975e+00,4.24849546984246448e+07,-7.17523364340978414e+07
5386,2931,2896,2936,0,silica,6.31668034822677615e+00,2.10806770465415649e+00,6.65989047580568418e+07,-4.50795624772061035e+07
5387,973,972,2898,0,silica,6.09908418376393247e+00,1.04452090058362690e+00,1.65393083345007841e+07,-5.37919116729129106e+07
5388,496,497,2904,0,silica,6.29053259366070439e+00,2.53899937293190991e-01,9.46257806137344241e+06,-3.96185573637088388e+07
5389,2899,970,2940,0,silica,6.12188592769736228e+00,5.97539667593257717e-01,8.28008083369254041e+06,-4.58660212179708555e+07
5390,500,2901,2947,0,silica,7.16443068346079759e+00,4.19654529131437304e-01,1.49997835287357960e+07,-3.31601255717661642e+07
5391,2912,495,2921,0,silica,6.14040161552661612e+00,2.59767411845021723e-01,6.69090374679948762e+06,-3.83671920342240706e+07
5392,2912,2921,2938,0,silica,6.14037743678797110e+00,3.04925025253055426e-01,6.66892467117142119e+06,-4.07870277806566432e+07
5393,971,970,2899,0,silica,6.05420282976508073e+00,6.70096778892583678e-01,1.11587997665221877e+07,-4.84974906679378152e+07
5394,975,974,2939,0,silica,6.05150027990976280e+00,1.60696821275722690e+00,3.44822210443954468e+07,-6.52877578475741595e+07
5395,566,565,2897,0,silica,6.79816924177760029e+00,2.14160320004547788e+00,5.10930084818332195e+07,-2.15767489095976762e+07
5396,2914,977,2916,0,silica,6.05124623777784620e+00,1.96522678102550064e+00,5.32732222194198668e+07,-7.98513623415184021e+07
5397,497,498,2942,0,silica,6.44819312368273767e+00,2.78813802795640442e-01,1.05458690096000563e+07,-3.96047342709721476e+07
5398,976,2900,2916,0,silica,6.07387017684940300e+00,1.85425181699213137e+00,4.51456922633142695e+07,-6.75553440038548261e+07
5399,498,499,2908,0,silica,6.68326907121729352e+00,3.00804300787545331e-01,1.13563585712605175e+07,-3.77623251103532985e+07
5400,496,2904,2921,0,silica,6.22500427138532242e+00,2.73677565810029277e-01,8.01127487854848802e+06,-3.92904441193745956e+07
5401,563,2896,2931,0,silica,6.34028697799452789e+00,2.15874517649993036e+00,7.30040199356672466e+07,-3.45031272489304841e+07
5402,2908,2941,2942,0,silica,6.51755751138432871e+00,5.05039238502291377e-01,1.30138860764343590e+07,-4.13589357126206979e+07
5403,974,2928,2939,0,silica,6.15388262183531953e+00,1.49073302835540566e+00,2.82681175583482757e+07,-5.54617126391719133e+07
5404,2918,2900,2939,0,silica,6.20661933753301565e+00,1.68521799240143699e+00,4.09155281444689035e+07,-6.10358675973877385e+07
5405,2908,499,2947,0,silica,6.82318046097668418e+00,3.83728025373761106e-01,1.38397141242665853e+07,-3.66599781850693077e+07
5406,2900,975,2939,0,silica,6.09163207468007073e+00,1.69706763538150174e+00,3.67739508329157680e+07,-6.18542825859851912e+07
5407,973,2898,2928,0,silica,6.20146652568949008e+00,1.18664611614039450e+00,2.20585794446538351e+07,-4.75111809497478083e+07
5408,2904,497,2942,0,silica,6.35106169767107698e+00,3.12713740088831460e-01,9.69449059424377419e+06,-3.93685304170922711e+07
5409,498,2908,2942,0,silica,6.55595538232472119e+00,3.59618103583185800e-01,1.22784491353677884e+07,-3.83006998157305643e+07
5410,2928,2918,2939,0,silica,6.26886988468826178e+00,1.54582746467859411e+00,3.70099685734595209e+07,-5.00280351133903265e+07
5411,565,564,2931,0,silica,6.49213569121122891e+00,2.17915023827582655e+00,6.00446579674595818e+07,-3.08929984285979718e+07
5412,567,566,2897,0,silica,6.98057599369913362e+00,2.14160320004547788e+00,4.26102616558230519e+07,-2.36414710087266229e+07
5413,970,969,2903,0,silica,6.02072170285852071e+00,4.75169183315122090e-01,4.81782794655578583e+06,-4.68672394884900525e+07
5414,972,971,2899,0,silica,6.05420282976508073e+00,7.95088764214648136e-01,1.15168815148316845e+07,-5.13838574937528223e+07
5415,60,572,75,0,silica,-9.80952380952380842e+00,2.31333333333333302e+00,-1.04180810330632914e+05,-1.87076037006483064e+05
5416,60,505,572,0,silica,-9.61904761904761862e+00,2.26666666666666616e+00,-1.03188733183429227e+05,-1.91125331484489434e+05
5417,577,61,76,0,silica,-6.19047619047619246e+00,2.31333333333333302e+00,-1.65447461006485089e+06,-3.55522836490945774e+05
5418,61,577,510,0,silica,-6.38095238095238315e+00,2.26666666666666661e+00,-1.64153280293992977e+06,-3.02699133940086351e+05
5419,505,506,572,0,silica,-9.23809523809523725e+00,2.26666666666666616e+00,-3.17625232606655336e+05,-1.91125331484489434e+05
5420,506,507,573,0,silica,-8.66666666666666607e+00,2.26666666666666616e+00,-5.30566667797851493e+05,-1.94710266305494297e+05
5421,572,506,573,0,silica,-9.04761904761904567e+00,2.31333333333333302e+00,-3.18503541637794930e+05,-1.94710266306152334e+05
5422,575,507,508,0,silica,-7.90476190476190865e+00,2.26666666666666661e+00,-7.67044291144012124e+05,-2.29500055691385263e+05
5423,573,507,574,0,silica,-8.47619047619047805e+00,2.31333333333333302e+00,-5.34660144656460267e+05,-2.11418335116491304e+05
5424,507,575,574,0,silica,-8.09523809523809845e+00,2.31333333333333302e+00,-7.71474312684831559e+05,-2.11418335116491304e+05
5425,576,508,509,0,silica,-7.33333333333333659e+00,2.26666666666666661e+00,-1.01811822341822134e+06,-2.62911875349054288e+05
5426,576,575,508,0,silica,-7.52380952380952817e+00,2.31333333333333302e+00,-1.02630411923449510e+06,-2.29500055691385263e+05
5427,577,509,510,0,silica,-6.76190476190476630e+00,2.26666666666666661e+00,-1.31039470378958341e+06,-3.02699133940086351e+05
5428,577,576,509,0,silica,-6.95238095238095610e+00,2.31333333333333302e+00,-1.32014258214427112e+06,-2.62911875349054288e+05
5429,61,62,2949,0,silica,-5.92499999999999805e+00,2.24333333333333274e+00,-1.87045815138583654e+06,-3.78726231419448799e+05
5430,77,76,2949,0,silica,-5.92499999999999805e+00,2.33666666666666645e+00,-1.91377115524645313e+06,-3.78726231414184556e+05
5431,76,61,2949,0,silica,-5.97499999999999876e+00,2.28999999999999959e+00,-1.89211465331811900e+06,-3.55522836490945774e+05
5432,62,77,2949,0,silica,-5.87499999999999911e+00,2.28999999999999959e+00,-1.89211465331482864e+06,-4.01929626341371506e+05
5433,63,77,62,0,silica,-5.68333333333333268e+00,2.26666666666666661e+00,-2.14665243277090788e+06,-4.01929626341371506e+05
5434,78,77,63,0,silica,-5.51666666666666572e+00,2.31333333333333302e+00,-2.15909269708163710e+06,-4.46359141737327562e+05
5435,64,79,2950,0,silica,-5.26666666666666572e+00,2.29000000000000004e+00,-2.39875360282979952e+06,-4.94224819125165930e+05
5436,78,63,2950,0,silica,-5.33333333333333215e+00,2.29000000000000004e+00,-2.39875360283506382e+06,-4.46359141736669524e+05
5437,63,64,2950,0,silica,-5.29999999999999982e+00,2.24333333333333318e+00,-2.36524762865956267e+06,-4.70291980432891811e+05
5438,79,78,2950,0,silica,-5.29999999999999982e+00,2.33666666666666645e+00,-2.43225957700398425e+06,-4.70291980430259660e+05
5439,65,79,64,0,silica,-5.08333333333333304e+00,2.26666666666666661e+00,-2.69481990737738367e+06,-4.94224819125165930e+05
5440,80,79,65,0,silica,-4.91666666666666696e+00,2.31333333333333302e+00,-2.71117191751745204e+06,-5.52624855339860893e+05
5441,511,80,65,0,silica,-4.62499999999999911e+00,2.26666666666666661e+00,-3.12732469948086934e+06,-5.52624855339860893e+05
5442,81,511,66,0,silica,-4.12500000000000000e+00,2.26666666666666661e+00,-3.65450261196561763e+06,-7.02653142249183613e+05
5443,578,80,511,0,silica,-4.49999999999999911e+00,2.31333333333333302e+00,-3.15826781474661781e+06,-6.35508199802198331e+05
5444,81,578,511,0,silica,-4.25000000000000000e+00,2.31333333333333302e+00,-3.67957005714573339e+06,-6.35508199802198331e+05
5445,66,579,81,0,silica,-3.80952380952328085e+00,2.31333333333333302e+00,-4.29741744137937017e+06,-7.02653142249183613e+05
5446,66,512,579,0,silica,-3.61904761904656169e+00,2.26666666666666616e+00,-4.26192452425070945e+06,-8.47522191753330175e+05
5447,584,67,82,0,silica,-1.90476190476984414e-01,2.31333333333333302e+00,-1.38346626176307946e+07,-2.77959103473426774e+06
5448,67,584,517,0,silica,-3.80952380953968828e-01,2.26666666666666661e+00,-1.37121769304094296e+07,-2.27964945423663128e+06
5449,512,513,579,0,silica,-3.23809523809497435e+00,2.26666666666666616e+00,-5.20826559782190062e+06,-8.47522191753988154e+05
5450,513,514,580,0,silica,-2.66666666667036845e+00,2.26666666666666616e+00,-6.31632078596310131e+06,-1.00355191512147896e+06
5451,579,513,580,0,silica,-3.04761904762010616e+00,2.31333333333333302e+00,-5.24649288004723471e+06,-1.00355191512213694e+06
5452,582,514,515,0,silica,-1.90476190476878227e+00,2.26666666666666661e+00,-7.65158365663140453e+06,-1.42730630865154252e+06
5453,580,514,581,0,silica,-2.47619047619550114e+00,2.31333333333333302e+00,-6.36471682089899480e+06,-1.20108675159270270e+06
5454,514,582,581,0,silica,-2.09523809524470783e+00,2.31333333333333302e+00,-7.70700744811061304e+06,-1.20108675159270270e+06
5455,583,515,516,0,silica,-1.33333333333889037e+00,2.26666666666666661e+00,-9.19290202900185436e+06,-1.80068541981064784e+06
5456,583,582,515,0,silica,-1.52380952381587353e+00,2.31333333333333302e+00,-9.28437991123561561e+06,-1.42730630865154252e+06
5457,517,583,516,0,silica,-9.52380952384922375e-01,2.26666666666666661e+00,-1.11694121320221722e+07,-1.80068541981064784e+06
5458,584,583,517,0,silica,-7.61904761907937877e-01,2.31333333333333302e+00,-1.12867583204560578e+07,-2.27964945423663128e+06
5459,2957,2959,2960,0,silica,3.89389215910420861e+00,2.30213573866603260e+00,-1.32242908941887274e+08,-2.06763400541447625e+07
5460,2952,2957,2960,0,silica,3.86730960285427727e+00,2.28296793016828481e+00,-1.31143234886989847e+08,-1.95250558522634096e+07
5461,528,529,2952,0,silica,3.84494747822213734e+00,2.23520892309018038e+00,-1.17406197208641812e+08,-3.62916856329981983e+07
5462,529,530,2957,0,silica,3.90821028417357175e+00,2.23630571173566572e+00,-1.41799938927636832e+08,-4.09794965114937946e+07
5463,2957,530,2962,0,silica,3.93551909343543471e+00,2.24746352723644760e+00,-1.70899284905889243e+08,-6.08514073520960957e+07
5464,595,594,2954,0,silica,3.78825122714246154e+00,2.34282840564085593e+00,-1.01024648357950568e+08,-1.77940127537176870e+07
5465,530,68,2962,0,silica,3.96681788663007007e+00,2.23115781550078118e+00,-2.11418273735640943e+08,-3.49041242175032049e+07
5466,83,597,2961,0,silica,3.96754729304067588e+00,2.34988313058233311e+00,-1.75389173896104008e+08,8.30734643014846742e+06
5467,2951,2957,2962,0,silica,3.94205280592127361e+00,2.27139133744913302e+00,-1.60019490447333634e+08,-2.22169588707619831e+07
5468,2952,529,2957,0,silica,3.87413960765929621e+00,2.25151463482584591e+00,-1.29799522177250788e+08,-4.76241390208940506e+07
5469,2954,2952,2960,0,silica,3.82966775280573613e+00,2.29615729074014174e+00,-1.13312369425307170e+08,-2.72932590597410761e+07
5470,595,2954,2960,0,silica,3.82341114756548217e+00,2.32761503431662753e+00,-1.14774538398018196e+08,-1.10280289524538703e+07
5471,826,827,2951,0,silica,3.98637007160857415e+00,2.29059447687929429e+00,-1.81266826560564280e+08,-3.63807926688491786e+06
5472,2959,2951,2961,0,silica,3.94642924438490539e+00,2.31485433904961413e+00,-1.56831920058266759e+08,-5.58000574175056443e+06
5473,597,596,2959,0,silica,3.91185731622659816e+00,2.34771006492126144e+00,-1.31731312141574815e+08,2.44856726529418910e+06
5474,528,2952,2963,0,silica,3.81348793887703730e+00,2.24801545058579322e+00,-1.08831240262484536e+08,-3.98192280004740953e+07
5475,596,595,2960,0,silica,3.85202450905413007e+00,2.34478662867577148e+00,-1.14197933222960979e+08,-1.05226680171504579e+07
5476,2952,2954,2963,0,silica,3.80503821826565414e+00,2.27751052289331612e+00,-1.10887333110354528e+08,-2.47968988644824401e+07
5477,594,593,2953,0,silica,3.71098168352916735e+00,2.33580517013616928e+00,-8.97999455295295715e+07,-2.15923238021223433e+07
5478,2957,2951,2959,0,silica,3.92741951727233030e+00,2.29461025353628001e+00,-1.63396334880148292e+08,-1.43890610910649095e+07
5479,597,2959,2961,0,silica,3.93989553189906694e+00,2.33759319550359468e+00,-1.60441979878176481e+08,1.99416566513590589e+07
5480,2959,596,2960,0,silica,3.88486367054431492e+00,2.33249669359703304e+00,-1.35176285844222486e+08,-1.10448935372674931e+06
5481,527,528,2963,0,silica,3.78540504928600896e+00,2.23280652749561304e+00,-1.01004965047009498e+08,-3.29161225141801052e+07
5482,526,527,2953,0,silica,3.71098168352916735e+00,2.24247183680283557e+00,-8.86011484340497851e+07,-2.80977383881066665e+07
5483,594,2953,2954,0,silica,3.75395390432143872e+00,2.31863357577702534e+00,-9.94893268058304936e+07,-1.65980069447726421e+07
5484,523,524,2956,0,silica,3.25932232787891918e+00,2.24333333333333274e+00,-5.87690178968622014e+07,-1.79955956635140032e+07
5485,591,590,2956,0,silica,3.25932232787891918e+00,2.33666666666666645e+00,-6.14144444689010307e+07,-1.79955956635166332e+07
5486,827,83,2961,0,silica,3.98771093391794018e+00,2.33432757502672006e+00,-1.76210338710991740e+08,9.30482383722244203e+06
5487,68,826,2962,0,silica,3.98698152750733437e+00,2.24671337105633695e+00,-1.96002939109842777e+08,-1.69181564644895531e+07
5488,2953,527,2963,0,silica,3.75110772646498658e+00,2.25527836429844930e+00,-9.95053787129277885e+07,-3.41491829802606553e+07
5489,2951,827,2961,0,silica,3.97408100552651433e+00,2.31158871857273907e+00,-1.81631857771057546e+08,-2.94545211259197211e+06
5490,826,2951,2962,0,silica,3.97335159911590852e+00,2.27064118126902281e+00,-1.93668687600906521e+08,-2.38281576654597446e+07
5491,592,525,2955,0,silica,3.56530890371530562e+00,2.28993720870768946e+00,-7.85978461875884533e+07,-2.31800916908234023e+07
5492,2954,2953,2963,0,silica,3.76448429020437780e+00,2.28477343660597176e+00,-9.65994398274229318e+07,-2.72336532930753678e+07
5493,525,526,2955,0,silica,3.60598206868304461e+00,2.24327054204102261e+00,-7.70302834674334973e+07,-2.47339426781664267e+07
5494,593,592,2955,0,silica,3.60598206868304461e+00,2.33660387537435632e+00,-7.82980440935814828e+07,-2.28845071770463362e+07
5495,524,525,2958,0,silica,3.45839650490902173e+00,2.24333333333333318e+00,-6.77529273712760359e+07,-2.16765195601734333e+07
5496,592,591,2958,0,silica,3.45839650490902173e+00,2.33666666666666645e+00,-7.02635013324294090e+07,-2.16765195601668544e+07
5497,2953,593,2955,0,silica,3.66377985223341618e+00,2.31240904551052573e+00,-8.47576522129446864e+07,-1.80234890422085933e+07
5498,525,592,2958,0,silica,3.51429344362996554e+00,2.29000000000000004e+00,-6.90082143518514037e+07,-2.31800916908234023e+07
5499,526,2953,2955,0,silica,3.66377985223341618e+00,2.26574237884385887e+00,-8.50515364692647457e+07,-3.08027131325656399e+07
5500,591,524,2958,0,silica,3.40249956618807703e+00,2.29000000000000004e+00,-6.90082143518566638e+07,-2.01729474295162298e+07
5501,524,591,2956,0,silica,3.33614150717804314e+00,2.28999999999999959e+00,-6.00917311828835905e+07,-2.01729474295155704e+07
5502,590,523,2956,0,silica,3.18250314857979566e+00,2.28999999999999959e+00,-6.00917311828809604e+07,-1.58182438975137509e+07
5503,67,585,82,0,silica,2.01636408771713710e-01,2.31333333333333302e+00,-1.70013937144965120e+07,-2.77959103473426774e+06
5504,518,585,67,0,silica,4.03272817543427420e-01,2.26666666666666661e+00,-1.68189664969432987e+07,-3.56781894208365399e+06
5505,519,585,518,0,silica,8.06545635086667434e-01,2.26666666666666661e+00,-2.09005927798379287e+07,-3.56781894208365399e+06
5506,520,586,519,0,silica,1.41145486140124543e+00,2.26666666666666661e+00,-2.64033258245558068e+07,-4.77922385050432198e+06
5507,586,585,519,0,silica,1.00818204385819388e+00,2.31333333333333302e+00,-2.11809599486642852e+07,-4.77922385050432198e+06
5508,520,521,587,0,silica,2.00720711393569440e+00,2.26666666666666616e+00,-3.35293390826140344e+07,-6.48561685405025445e+06
5509,586,520,587,0,silica,1.61309127017277087e+00,2.31333333333333302e+00,-2.67982528815490715e+07,-6.48561685405025445e+06
5510,521,522,589,0,silica,2.68227588868144773e+00,2.26666666666666616e+00,-4.19815746602050066e+07,-1.26983055737382304e+07
5511,587,521,588,0,silica,2.19968654892709248e+00,2.31333333333333302e+00,-3.42198588247343525e+07,-9.33370649291610718e+06
5512,521,589,588,0,silica,2.53722093629996959e+00,2.31333333333333302e+00,-4.30640239057762548e+07,-9.33370649291610718e+06
5513,522,523,589,0,silica,2.93291841368536188e+00,2.26666666666666616e+00,-5.02420564368492290e+07,-1.26983055737382304e+07
5514,589,523,590,0,silica,3.03850598630779745e+00,2.31333333333333302e+00,-5.16209793362025544e+07,-1.58182438975144085e+07
5515,2970,2973,2979,4,tin_heater,4.24032345645695852e+00,2.29383256203197794e+00,-3.42560999286943913e+08,-4.05768300999221802e+07
5516,2970,2979,2983,4,tin_heater,4.26474105391577840e+00,2.27539228299272134e+00,-3.33752245372261047e+08,-5.13440551792297363e+07
5517,2975,2976,2982,4,tin_heater,4.63924206122666227e+00,2.30334803649481445e+00,-1.93501317441551208e+08,-3.14234037991886139e+07
5518,2977,2974,2980,4,tin_heater,4.10932203157111431e+00,2.30275167590241425e+00,-3.56247127742641449e+08,-3.51052912943639755e+07
5519,2969,2975,2982,4,tin_heater,4.61206697037647739e+00,2.28428778223553808e+00,-2.03937854111100197e+08,-4.30214887159881592e+07
5520,2974,2967,2980,4,tin_heater,4.13649712242130008e+00,2.28369142164313788e+00,-3.52350374201747894e+08,-3.92381813618392944e+07
5521,606,605,2971,4,tin_heater,4.53072826631006631e+00,2.34301099939582880e+00,-2.41714911370674133e+08,1.77915034937286377e+06
5522,602,601,2970,4,tin_heater,4.28125000000000000e+00,2.34195780408782372e+00,-3.33052743482246399e+08,6.05738883438110352e+06
5523,604,603,2972,4,tin_heater,4.40624999999999911e+00,2.34195780408782372e+00,-2.91691776352005005e+08,2.65618620643615723e+06
5524,535,536,2966,4,tin_heater,4.34375000000000089e+00,2.23804219591217501e+00,-3.13639007246215820e+08,-8.34869974594535828e+07
5525,532,533,2967,4,tin_heater,4.15990213582952872e+00,2.23545168238594583e+00,-3.60706511834262848e+08,-9.52058136303634644e+07
5526,537,538,2968,4,tin_heater,4.46874999999999911e+00,2.23804219591217546e+00,-2.66532485389774323e+08,-8.16964192684440613e+07
5527,539,540,2969,4,tin_heater,4.59009786417047039e+00,2.23545168238594583e+00,-2.14608249132411957e+08,-8.30082687869873047e+07
5528,601,600,2973,4,tin_heater,4.21588646708269899e+00,2.34401269219007258e+00,-3.49394284886024475e+08,1.15324299080352783e+07
5529,2970,601,2973,4,tin_heater,4.24713646708269899e+00,2.32597049627789643e+00,-3.38805076935264587e+08,2.73627756673622131e+06
5530,68,531,2989,4,tin_heater,4.03427245397521261e+00,2.23123103381306853e+00,-4.54330431812881470e+08,-2.00618615620170593e+08
5531,541,69,2988,4,tin_heater,4.71572754602478739e+00,2.23123103381306853e+00,-1.57393661447868347e+08,-8.53667694517135620e+07
5532,598,83,2986,4,tin_heater,4.03352583616177451e+00,2.34994561441544336e+00,-3.87595452919464111e+08,9.52416192250366211e+07
5533,84,608,2987,4,tin_heater,4.71647416383822460e+00,2.34994561441544336e+00,-1.57844406916126251e+08,6.45172049298095703e+06
5534,531,532,2974,4,tin_heater,4.09479346737986560e+00,2.23649458918884436e+00,-3.72455844093547821e+08,-1.10219488646018982e+08
5535,540,541,2975,4,tin_heater,4.65520653262013440e+00,2.23649458918884436e+00,-1.85112830331089020e+08,-8.20763592117233276e+07
5536,531,2974,2989,4,tin_heater,4.06656592135507822e+00,2.24772562300191359e+00,-3.45485472553138733e+08,-1.28958001597087860e+08
5537,2975,541,2988,4,tin_heater,4.68343407864492178e+00,2.24772562300191359e+00,-1.74057811926361084e+08,-7.43955378615455627e+07
5538,2970,2966,2978,4,tin_heater,4.32291666666666874e+00,2.30091645080601426e+00,-3.16561177057563782e+08,-2.89082135117950439e+07
5539,2966,2970,2983,4,tin_heater,4.30280406454151976e+00,2.27890574648414868e+00,-3.27825014014369965e+08,-5.10833387499313354e+07
5540,2971,2969,2982,4,tin_heater,4.57092203739974323e+00,2.29747085910918925e+00,-2.23338546038837433e+08,-3.63232127453231812e+07
5541,2973,2967,2979,4,tin_heater,4.20230892561982117e+00,2.28065977366343331e+00,-3.48398607006713867e+08,-4.29143810511398315e+07
5542,2967,2973,2980,4,tin_heater,4.17425678879080042e+00,2.29787619131103282e+00,-3.52321946457592010e+08,-3.92255018957748413e+07
5543,2968,2971,2981,4,tin_heater,4.48906159964340024e+00,2.30196964611402244e+00,-2.58932968453495026e+08,-3.00154229377136230e+07
5544,2971,2968,2985,4,tin_heater,4.50989493297673416e+00,2.28013674450198600e+00,-2.47726748860168457e+08,-4.95776961380004883e+07
5545,2972,2968,2981,4,tin_heater,4.44791666666666696e+00,2.30091645080601737e+00,-2.73317729281745911e+08,-3.00154229376602173e+07
5546,2968,2972,2984,4,tin_heater,4.42708333333333304e+00,2.27908354919398093e+00,-2.83600988748058319e+08,-5.02600844501571655e+07
5547,2969,2971,2985,4,tin_heater,4.54790946381387062e+00,2.27754623097575637e+00,-2.33647804157821655e+08,-4.91521384132003784e+07
5548,2972,2966,2984,4,tin_heater,4.38541666666666785e+00,2.27908354919398093e+00,-2.96181926457695007e+08,-5.02600844501571655e+07
5549,2966,2972,2978,4,tin_heater,4.36458333333333570e+00,2.30091645080601426e+00,-3.07027592057743073e+08,-2.89082135117950439e+07
5550,2974,2964,2989,4,tin_heater,4.05980139051793998e+00,2.27183064732285667e+00,-3.53455204401969910e+08,-1.00409980923095703e+08
5551,2965,2975,2988,4,tin_heater,4.69019860948205913e+00,2.27183064732285622e+00,-1.68631492917186737e+08,-5.49581627783889771e+07
5552,2969,540,2975,4,tin_heater,4.62030439679060478e+00,2.25194627157478999e+00,-2.02643546327110291e+08,-7.21143715084228516e+07
5553,532,2967,2974,4,tin_heater,4.12969560320939433e+00,2.25194627157478999e+00,-3.55068680389671326e+08,-1.00339075829296112e+08
5554,602,2970,2978,4,tin_heater,4.31250000000000089e+00,2.32954092156050541e+00,-3.24700330846870422e+08,1.23512115095520020e+06
5555,535,2966,2983,4,tin_heater,4.31322073120818672e+00,2.25028127572965797e+00,-3.19442271851364136e+08,-8.01364810775527954e+07
5556,606,2971,2982,4,tin_heater,4.56415750656260588e+00,2.32868584338990958e+00,-2.26545864446235657e+08,-7.98746936849975586e+06
5557,2967,533,2979,4,tin_heater,4.19475579187045522e+00,2.24998041480669375e+00,-3.50522631208694458e+08,-9.07474528634185791e+07
5558,604,2972,2981,4,tin_heater,4.43749999999999911e+00,2.32954092156050807e+00,-2.80375409999145508e+08,-3.87732095359039307e+06
5559,2971,605,2981,4,tin_heater,4.49947826631006631e+00,2.33059411686851314e+00,-2.53294137201400757e+08,-4.96495815862274170e+06
5560,2968,538,2985,4,tin_heater,4.50000000000000000e+00,2.25045907843949067e+00,-2.54527844710334778e+08,-7.47655367405815125e+07
5561,2973,600,2980,4,tin_heater,4.18102131962793866e+00,2.32909117559175316e+00,-3.49825757955638885e+08,1.13285823407859802e+07
5562,537,2968,2984,4,tin_heater,4.43749999999999911e+00,2.25045907843949067e+00,-2.76697337350662231e+08,-7.58277392524986267e+07
5563,539,2969,2985,4,tin_heater,4.55884786417047039e+00,2.24786856491326015e+00,-2.28762123702812195e+08,-7.68119000935382843e+07
5564,2966,536,2984,4,tin_heater,4.37500000000000089e+00,2.25045907843949022e+00,-3.03586588478073120e+08,-7.76832307776336670e+07
5565,2972,603,2978,4,tin_heater,4.37500000000000089e+00,2.32954092156050541e+00,-2.99762974734596252e+08,-2.00372235242462158e+06
5566,2976,2965,2987,4,tin_heater,4.69467831636268418e+00,2.31522924204827563e+00,-1.67740873414646149e+08,-2.18936832171478271e+07
5567,2964,2977,2986,4,tin_heater,4.05532168363731316e+00,2.31522924204827607e+00,-3.42209144290645599e+08,-2.00743678494262695e+06
5568,2964,2974,2977,4,tin_heater,4.07492264818873728e+00,2.29511155015501034e+00,-3.23337189137145996e+08,-2.82865444001464844e+07
5569,2975,2965,2976,4,tin_heater,4.67507735181126094e+00,2.29511155015500989e+00,-1.77034636378812790e+08,-3.48352038544769287e+07
5570,827,826,2964,4,tin_heater,4.01406880249619480e+00,2.29077169098755240e+00,-2.77450832218505859e+08,-7.38161010672302246e+07
5571,857,858,2965,4,tin_heater,4.73593119750380342e+00,2.29077169098755240e+00,-1.46654130545913696e+08,-4.03969523435287476e+07
5572,608,607,2976,4,tin_heater,4.65893962168732312e+00,2.34784526997855592e+00,-1.85068154426479340e+08,5.94065298291778564e+06
5573,599,598,2977,4,tin_heater,4.09106037831267688e+00,2.34784526997855503e+00,-3.59539197636745453e+08,3.70215797815399170e+07
5574,608,2976,2987,4,tin_heater,4.68791378552554772e+00,2.33779088439399940e+00,-1.70171653855369568e+08,-3.52939939544677734e+06
5575,2977,598,2986,4,tin_heater,4.06208621447445051e+00,2.33779088439399896e+00,-3.34976175000633240e+08,5.26368653866539001e+07
5576,603,602,2978,4,tin_heater,4.34375000000000089e+00,2.34758311747268200e+00,-3.14162037077411652e+08,1.00758179353637695e+07
5577,534,535,2983,4,tin_heater,4.28197073120818583e+00,2.23223907981748271e+00,-3.34054067388298035e+08,-9.17121083772659302e+07
5578,600,599,2980,4,tin_heater,4.15263485254523967e+00,2.34507848340168046e+00,-3.58674417877632141e+08,1.96496367343597412e+07
5579,533,534,2979,4,tin_heater,4.22235365604092650e+00,2.23452873242074812e+00,-3.48640804047447205e+08,-9.25634284981994629e+07
5580,536,537,2984,4,tin_heater,4.40624999999999911e+00,2.23241688252731452e+00,-2.91247855088668823e+08,-8.80343372267379761e+07
5581,605,604,2981,4,tin_heater,4.46874999999999911e+00,2.34758311747268467e+00,-2.67483016643795013e+08,6.93825725793457031e+06
5582,538,539,2985,4,tin_heater,4.53124999999999911e+00,2.23241688252731452e+00,-2.40425330445224762e+08,-8.65962994089584351e+07
5583,607,606,2982,4,tin_heater,4.59592924025253868e+00,2.34567484399408110e+00,-2.13101008576351166e+08,3.83440210078430176e+06
5584,599,2977,2980,4,tin_heater,4.11869523085791567e+00,2.33292375338023605e+00,-3.47958433924304962e+08,2.45341918834533691e+07
5585,2976,607,2982,4,tin_heater,4.62986886193986091e+00,2.33352011397263714e+00,-1.96092065784687042e+08,-5.94628821566009521e+06
5586,2979,534,2983,4,tin_heater,4.25432438724911233e+00,2.24676781223823108e+00,-3.38397241822822571e+08,-8.77598781085090637e+07
5587,83,827,2986,4,tin_heater,4.01269250282844059e+00,2.33439005885983031e+00,-3.13488165571907043e+08,1.88793527132049561e+08
5588,858,84,2987,4,tin_heater,4.73730749717155764e+00,2.33439005885983031e+00,-1.47794465313278198e+08,-6.23517232078552246e+06
5589,826,68,2989,4,tin_heater,4.01343912064187958e+00,2.24678658936862385e+00,-3.35119642048423767e+08,-3.43266942757759094e+08
5590,69,857,2988,4,tin_heater,4.73656087935812042e+00,2.24678658936862385e+00,-1.48519597270759583e+08,-7.47480124392776489e+07
5591,2965,858,2987,4,tin_heater,4.72323869467536195e+00,2.31182841651410653e+00,-1.55180219978240967e+08,-2.32758586599731445e+07
5592,827,2964,2986,4,tin_heater,4.02676130532463628e+00,2.31182841651410742e+00,-2.35863425504550934e+08,9.69485575018310547e+06
5593,857,2965,2988,4,tin_heater,4.72249207686192474e+00,2.27089161368956738e+00,-1.55100656017127991e+08,-5.42963538028259277e+07
5594,2964,826,2989,4,tin_heater,4.02750792313807437e+00,2.27089161368956782e+00,-2.58466673957019806e+08,-1.05055980464065552e+08
5595,2998,2997,3000,4,tin_heater,4.86075793877333595e+00,2.30334803649481623e+00,-8.83460004151725769e+07,-3.15653055502319336e+07
5596,2999,2996,3003,4,tin_heater,5.13820636760989036e+00,2.27578126853289264e+00,4.28479053820571899e+07,-5.01695440102949142e+07
5597,2997,2992,3000,4,tin_heater,4.88793302962352172e+00,2.28428778223553985e+00,-7.74773928043363094e+07,-4.36435493191070557e+07
5598,2996,2995,3003,4,tin_heater,5.11103127675970725e+00,2.29484152279217968e+00,3.30003899618167877e+07,-3.91859257639617920e+07
5599,612,611,2994,4,tin_heater,4.96927173368993280e+00,2.34301099939582924e+00,-3.67484865605010986e+07,-5.46554668556213379e+05
5600,614,613,2995,4,tin_heater,5.09009786417047216e+00,2.34454831761405291e+00,2.22840776088638306e+07,7.93603965072631836e+04
5601,543,544,2992,4,tin_heater,4.90990213582952872e+00,2.23545168238594583e+00,-6.65669321693572998e+07,-8.16211811601181030e+07
5602,545,546,2993,4,tin_heater,5.03125000000000000e+00,2.23804219591217546e+00,-7.78702201923370361e+06,-7.92941263965301514e+07
5603,548,70,3007,4,tin_heater,5.21647416383822549e+00,2.23005438558453539e+00,8.21186407580070496e+07,-8.72466808410491943e+07
5604,69,542,3006,4,tin_heater,4.78427245397521261e+00,2.23123103381306853e+00,-1.26366739453380585e+08,-8.50545856045532227e+07
5605,609,84,3004,4,tin_heater,4.78352583616177451e+00,2.34994561441544336e+00,-1.26176245544128418e+08,6.00486448648071289e+06
5606,85,615,3005,4,tin_heater,5.21572754602478827e+00,2.34876896618691111e+00,8.27849942498397827e+07,3.86712499600982666e+06
5607,615,614,2996,4,tin_heater,5.15520653262013440e+00,2.34350541081114505e+00,5.35278694383697510e+07,1.21340220611572266e+05
5608,542,543,2997,4,tin_heater,4.84479346737986560e+00,2.23649458918884525e+00,-9.77130958348503113e+07,-8.14131754215164185e+07
5609,542,2997,3006,4,tin_heater,4.81656592135507822e+00,2.24772562300191359e+00,-1.08963386267295837e+08,-7.35966826952171326e+07
5610,615,2996,3005,4,tin_heater,5.18343407864492267e+00,2.33227437699805629e+00,6.49946475384750366e+07,-7.84556411410522461e+06
5611,2993,2994,3002,4,tin_heater,4.99010506702326584e+00,2.28013674450198822e+00,-2.76106034199333191e+07,-4.95421797818832397e+07
5612,2992,2994,3000,4,tin_heater,4.92907796260025588e+00,2.29747085910919058e+00,-5.58337429777832031e+07,-3.61708705047874451e+07
5613,2994,2993,3001,4,tin_heater,5.01031231992868076e+00,2.30217349789241643e+00,-1.69279421449584961e+07,-3.08938625124588013e+07
5614,2993,2995,3001,4,tin_heater,5.04780511707588708e+00,2.30371081611063966e+00,1.33568352615737915e+06,-3.01971230080718994e+07
5615,2994,2992,3002,4,tin_heater,4.95209053618612760e+00,2.27754623097575903e+00,-4.55237361799011230e+07,-4.90007278348693848e+07
5616,2995,2993,3003,4,tin_heater,5.07040807747290589e+00,2.28271164122654335e+00,1.24763347877235413e+07,-4.47278149384269714e+07
5617,2997,2990,3006,4,tin_heater,4.80980139051793998e+00,2.27183064732285755e+00,-1.14187811324748993e+08,-5.48825029240417480e+07
5618,2996,2991,3005,4,tin_heater,5.19019860948206091e+00,2.30816935267708168e+00,7.01606315622215271e+07,-2.63504048678588867e+07
5619,614,2995,2996,4,tin_heater,5.12030439679060745e+00,2.32805372842519809e+00,3.42620613650779724e+07,-1.08266292270469666e+07
5620,543,2992,2997,4,tin_heater,4.87969560320939433e+00,2.25194627157479133e+00,-7.86764499237670898e+07,-7.05954294422721863e+07
5621,545,2993,3002,4,tin_heater,5.00000000000000000e+00,2.25045907843949244e+00,-2.17545781085510254e+07,-7.12299541284217834e+07
5622,2995,613,3001,4,tin_heater,5.05822178374255227e+00,2.33233528686513081e+00,5.50627015151214600e+06,-7.26572948363494873e+06
5623,2994,611,3000,4,tin_heater,4.93584249343739412e+00,2.32868584338991136e+00,-5.29846857415466309e+07,-1.10002623968582153e+07
5624,612,2994,3001,4,tin_heater,4.99989565326201379e+00,2.33079796864690714e+00,-2.22405499441528320e+07,-8.99643725991821289e+06
5625,2992,544,3002,4,tin_heater,4.94115213582952872e+00,2.24786856491326326e+00,-5.00049369851150513e+07,-7.43705708802967072e+07
5626,2993,546,3003,4,tin_heater,5.06364354663576677e+00,2.25149665694582346e+00,7.04855653273391724e+06,-7.07288011259727478e+07
5627,2990,2998,3004,4,tin_heater,4.80532168363731227e+00,2.31522924204827651e+00,-1.15373099922336578e+08,-2.21330231583099365e+07
5628,2991,2999,3007,4,tin_heater,5.19467831636268684e+00,2.26477075795166005e+00,7.11047401432876587e+07,-5.91054120210876465e+07
5629,2990,2997,2998,4,tin_heater,4.82492264818873728e+00,2.29511155015501167e+00,-1.05976188545782089e+08,-3.52181774683914185e+07
5630,2991,2996,2999,4,tin_heater,5.17507735181126272e+00,2.28488844984493644e+00,6.18588708546543121e+07,-4.62305830986938477e+07
5631,858,857,2990,4,tin_heater,4.76406880249619480e+00,2.29077169098755240e+00,-1.36745700713340759e+08,-4.03969523435287476e+07
5632,888,889,2991,4,tin_heater,5.23593119750380520e+00,2.28922830901230068e+00,9.25988852841949463e+07,-4.06139000258026123e+07
5633,610,609,2998,4,tin_heater,4.84106037831267688e+00,2.34784526997855592e+00,-9.79582706264343262e+07,4.97804908969879150e+06
5634,547,548,2999,4,tin_heater,5.15893962168732312e+00,2.23215473002143261e+00,5.36048407996902466e+07,-8.61322055602874756e+07
5635,2999,548,3007,4,tin_heater,5.18791378552554860e+00,2.24220911560596825e+00,6.88065305629959106e+07,-7.64681373040504456e+07
5636,2998,609,3004,4,tin_heater,4.81208621447445051e+00,2.33779088439399940e+00,-1.13054893760871887e+08,-4.61922586332321167e+06
5637,544,545,3002,4,tin_heater,4.96875000000000000e+00,2.23241688252731718e+00,-3.77515976718902588e+07,-8.46500392491455078e+07
5638,546,547,3003,4,tin_heater,5.09489354663576677e+00,2.23345446103364820e+00,2.39201187616004944e+07,-8.52250234289474487e+07
5639,613,612,3001,4,tin_heater,5.03062391957208099e+00,2.34778696925107822e+00,-6.51871133844757080e+06,3.60698771000671387e+06
5640,611,610,3000,4,tin_heater,4.90407075974746132e+00,2.34567484399408199e+00,-6.80990313747215271e+07,2.28956779152679443e+06
5641,610,2998,3000,4,tin_heater,4.87013113806013731e+00,2.33352011397263803e+00,-8.59469754616317749e+07,-7.97357531143188477e+06
5642,547,2999,3003,4,tin_heater,5.12883316832308989e+00,2.24560919105508061e+00,4.15163269335403442e+07,-7.30973172310638428e+07
5643,84,858,3004,4,tin_heater,4.76269250282843970e+00,2.33439005885983031e+00,-1.35872209476043701e+08,-6.23517232073211670e+06
5644,889,85,3005,4,tin_heater,5.23656087935812131e+00,2.33321341063129806e+00,9.10986924168090820e+07,-6.08109477663421631e+06
5645,70,888,3007,4,tin_heater,5.23730749717155941e+00,2.24560994114009116e+00,9.16852123694763184e+07,-7.51699869232406616e+07
5646,857,69,3006,4,tin_heater,4.76343912064187780e+00,2.24678658936862385e+00,-1.34979912502532959e+08,-7.47480124392776489e+07
5647,2991,889,3005,4,tin_heater,5.22249207686192651e+00,2.30910838631032300e+00,8.43529391441192627e+07,-2.70445671440734863e+07
5648,858,2990,3004,4,tin_heater,4.77676130532463628e+00,2.31182841651410742e+00,-1.28362282343643188e+08,-2.35623539694366455e+07
5649,888,2991,3007,4,tin_heater,5.22323869467536372e+00,2.26817158348578340e+00,8.41026095715904236e+07,-5.76751252909393311e+07
5650,2990,857,3006,4,tin_heater,4.77750792313807437e+00,2.27089161368956782e+00,-1.28364344894134521e+08,-5.41891121730957031e+07
5651,919,920,3008,4,tin_heater,5.33224740581459056e+00,2.28999999999992099e+00,1.37635855543937683e+08,-4.01523650781021118e+07
5652,919,3008,3010,4,tin_heater,5.31985942626848995e+00,2.27019148011257110e+00,1.31447574272186279e+08,-5.42769710082244873e+07
5653,3008,920,3009,4,tin_heater,5.31985942626848196e+00,2.30980851988730285e+00,1.31628707742847443e+08,-2.64411920191955566e+07
5654,920,86,3009,4,tin_heater,5.33761202045389194e+00,2.33314185322065759e+00,1.38912314838569641e+08,-5.22559539481353760e+06
5655,71,919,3010,4,tin_heater,5.33761202045389993e+00,2.24685814677925899e+00,1.38616193366249084e+08,-7.51576320677566528e+07
5656,549,71,3010,4,tin_heater,5.32094535378723332e+00,2.23130259122370367e+00,1.30911482905593872e+08,-8.36022262061157227e+07
5657,86,616,3009,4,tin_heater,5.32094535378722444e+00,2.34869740877627065e+00,1.31426632957641602e+08,2.97893683974456787e+06
5658,889,888,3008,4,tin_heater,5.26558073914792413e+00,2.28999999999992099e+00,1.03113187107124329e+08,-4.06139000258026123e+07
5659,70,549,3012,4,tin_heater,5.27730521858703128e+00,2.23003829602251402e+00,1.11859992511978149e+08,-8.59127453204269409e+07
5660,616,85,3011,4,tin_heater,5.27730521858702950e+00,2.34996170397746029e+00,1.12585605699165344e+08,5.00885102709960938e+06
5661,85,889,3011,4,tin_heater,5.26063855192036289e+00,2.33440614842184724e+00,1.02121384658142090e+08,-6.08109477663421631e+06
5662,888,70,3012,4,tin_heater,5.26063855192036467e+00,2.24559385157806979e+00,1.01723369624183655e+08,-7.51699869232406616e+07
5663,889,3008,3011,4,tin_heater,5.27621929106828702e+00,2.31107281508849249e+00,1.11410436851699829e+08,-2.39925349508666992e+07
5664,3008,888,3012,4,tin_heater,5.27621929106828791e+00,2.26892718491138190e+00,1.11221147977878571e+08,-5.68560744563446045e+07
5665,3008,3009,3011,4,tin_heater,5.29716464485551164e+00,2.31532577942037676e+00,1.19441898686683655e+08,-2.10069857438926697e+07
5666,3010,3008,3012,4,tin_heater,5.29716464485552141e+00,2.26467422057953049e+00,1.19097517449729919e+08,-5.97839709108047485e+07
5667,3009,616,3011,4,tin_heater,5.29825057237425412e+00,2.33865911275373151e+00,1.21943811706893921e+08,-6.10861671928405762e+05
5668,549,3010,3012,4,tin_heater,5.29825057237426478e+00,2.24134088724621838e+00,1.21586177837005615e+08,-8.00720567163810730e+07
5669,3021,3020,3023,4,tin_heater,5.46075793877333471e+00,2.30334803649481534e+00,1.95423258253028870e+08,-3.08214229442396164e+07
5670,3022,3019,3026,4,tin_heater,5.73820636760989800e+00,2.27578126853289620e+00,2.99988570078800201e+08,-4.87506977820796967e+07
5671,3020,3015,3023,4,tin_heater,5.48793302962351870e+00,2.28428778223553897e+00,2.05550154069994211e+08,-4.20754051174621582e+07
5672,3019,3018,3026,4,tin_heater,5.71103127675971312e+00,2.29484152279218412e+00,2.91592849350200653e+08,-3.93863670397109985e+07
5673,620,619,3017,4,tin_heater,5.56927173368993067e+00,2.34301099939583013e+00,2.42193762147724152e+08,3.51419374323272705e+06
5674,622,621,3018,4,tin_heater,5.69009786417047270e+00,2.34454831761405424e+00,2.86937631126834869e+08,7.45939762705993652e+06
5675,551,552,3015,4,tin_heater,5.50990213582952659e+00,2.23545168238594583e+00,2.15901950650703430e+08,-8.29117833186874390e+07
5676,553,554,3016,4,tin_heater,5.63124999999999787e+00,2.23804219591217546e+00,2.64743242173244476e+08,-8.15131832064552307e+07
5677,556,72,3030,4,tin_heater,5.81647416383822513e+00,2.23005438558453584e+00,3.22228213037654877e+08,-9.91707112523040771e+07
5678,71,550,3029,4,tin_heater,5.38427245397521137e+00,2.23123103381306853e+00,1.59877376467697144e+08,-8.54278416729049683e+07
5679,617,86,3027,4,tin_heater,5.38352583616177416e+00,2.34994561441544336e+00,1.60845530570831299e+08,7.38909776113128662e+06
5680,87,623,3028,4,tin_heater,5.81572754602478792e+00,2.34876896618691111e+00,3.21265545437343597e+08,1.78982396698074341e+07
5681,623,622,3019,4,tin_heater,5.75520653262013493e+00,2.34350541081114594e+00,3.07812889974258423e+08,9.74405960665130615e+06
5682,550,551,3020,4,tin_heater,5.44479346737986614e+00,2.23649458918884436e+00,1.87212864299556732e+08,-8.19207403395309448e+07
5683,550,3020,3029,4,tin_heater,5.41656592135507875e+00,2.24772562300191270e+00,1.76504662446586609e+08,-7.44808806845092773e+07
5684,623,3019,3028,4,tin_heater,5.78343407864492320e+00,2.33227437699805762e+00,3.08332186830108643e+08,9.38326180146408081e+06
5685,3016,3018,3024,4,tin_heater,5.64780511707588584e+00,2.30371081611064144e+00,2.69517665241699219e+08,-2.79130153343048096e+07
5686,3018,3016,3026,4,tin_heater,5.67040807747290998e+00,2.28271164122654691e+00,2.80591743820159912e+08,-4.23568768695716858e+07
5687,3017,3016,3024,4,tin_heater,5.61031231992867685e+00,2.30217349789241732e+00,2.58365929589241028e+08,-2.83384431715927124e+07
5688,3015,3017,3023,4,tin_heater,5.52907796260025108e+00,2.29747085910919102e+00,2.24090919977394104e+08,-3.56740268976058960e+07
5689,3016,3017,3025,4,tin_heater,5.59010506702326015e+00,2.28013674450199089e+00,2.46706287164802551e+08,-4.86922394385375977e+07
5690,3017,3015,3025,4,tin_heater,5.55209053618612192e+00,2.27754623097576081e+00,2.34249719419033051e+08,-4.83157205487518311e+07
5691,3020,3013,3029,4,tin_heater,5.40980139051794051e+00,2.27183064732285578e+00,1.70979997314964294e+08,-5.46912243464965820e+07
5692,3019,3014,3028,4,tin_heater,5.79019860948206233e+00,2.30816935267708301e+00,3.16751405231788635e+08,-2.07748445880279541e+07
5693,622,3018,3019,4,tin_heater,5.72030439679060887e+00,2.32805372842520031e+00,2.93414597995590210e+08,1.56210014347076416e+06
5694,551,3015,3020,4,tin_heater,5.47969560320939308e+00,2.25194627157478999e+00,2.04207117031154633e+08,-7.22636027315330505e+07
5695,3016,554,3026,4,tin_heater,5.66364354663577085e+00,2.25149665694582568e+00,2.73469471329692841e+08,-7.64750924539718628e+07
5696,3018,621,3024,4,tin_heater,5.65822178374255458e+00,2.33233528686513258e+00,2.75000479306449890e+08,2.23347920724296570e+06
5697,553,3016,3025,4,tin_heater,5.59999999999999698e+00,2.25045907843949378e+00,2.53873993036201477e+08,-7.52378192913055420e+07
5698,620,3017,3024,4,tin_heater,5.59989565326201255e+00,2.33079796864690847e+00,2.52027637248146057e+08,-2.21336712314605713e+06
5699,3017,619,3023,4,tin_heater,5.53584249343739021e+00,2.32868584338991136e+00,2.27452308349250793e+08,-5.97711932702636719e+06
5700,3015,552,3025,4,tin_heater,5.54115213582952393e+00,2.24786856491326370e+00,2.29164409362579346e+08,-7.71056640435962677e+07
5701,3013,3021,3027,4,tin_heater,5.40532168363731369e+00,2.31522924204827474e+00,1.70359650758071899e+08,-2.12700304584426880e+07
5702,3014,3022,3030,4,tin_heater,5.79467831636268915e+00,2.26477075795166050e+00,3.16412564137710571e+08,-6.27241909200057983e+07
5703,3013,3020,3021,4,tin_heater,5.42492264818873782e+00,2.29511155015500945e+00,1.79576705985710144e+08,-3.41047359382858276e+07
5704,3014,3019,3022,4,tin_heater,5.77507735181126680e+00,2.28488844984493733e+00,3.05550174964391708e+08,-4.75983657617950439e+07
5705,920,919,3013,4,tin_heater,5.36406880249619533e+00,2.29077169098755151e+00,1.49631582590499878e+08,-4.01523650781021118e+07
5706,950,951,3014,4,tin_heater,5.83593119750380485e+00,2.28922830901230112e+00,3.25617625548942566e+08,-4.04572495729904175e+07
5707,618,617,3021,4,tin_heater,5.44106037831267653e+00,2.34784526997855592e+00,1.87557632357887268e+08,6.99770256060791016e+06
5708,555,556,3022,4,tin_heater,5.75893962168732543e+00,2.23215473002143261e+00,3.08344830102554321e+08,-9.41064511399841309e+07
5709,3022,556,3030,4,tin_heater,5.78791378552555091e+00,2.24220911560596869e+00,3.12618262436599731e+08,-9.13897306696090698e+07
5710,3021,617,3027,4,tin_heater,5.41208621447445015e+00,2.33779088439399896e+00,1.72864948165328979e+08,-2.34277899867248535e+06
5711,554,555,3026,4,tin_heater,5.69489354663577085e+00,2.23345446103364997e+00,2.88573409644989014e+08,-8.94525538472518921e+07
5712,552,553,3025,4,tin_heater,5.56874999999999787e+00,2.23241688252731807e+00,2.40405946373691559e+08,-8.65363197342147827e+07
5713,621,620,3024,4,tin_heater,5.63062391957208064e+00,2.34778696925107822e+00,2.66811289529506683e+08,9.63796000113677979e+06
5714,619,618,3023,4,tin_heater,5.50407075974745919e+00,2.34567484399408155e+00,2.14754843523742676e+08,5.18758177545166016e+06
5715,618,3021,3023,4,tin_heater,5.47013113806013607e+00,2.33352011397263714e+00,1.98111790692131042e+08,-4.38271002105712891e+06
5716,555,3022,3026,4,tin_heater,5.72883316832309664e+00,2.24560919105508283e+00,2.98002138180805206e+08,-8.29540600589866638e+07
5717,86,920,3027,4,tin_heater,5.36269250282844112e+00,2.33439005885982986e+00,1.50852782037719727e+08,-5.22559539481353760e+06
5718,951,87,3028,4,tin_heater,5.83656087935812007e+00,2.33321341063129806e+00,3.24652241459861755e+08,1.38456994333877563e+07
5719,919,71,3029,4,tin_heater,5.36343912064187833e+00,2.24678658936862385e+00,1.51294592339523315e+08,-7.51576320677566528e+07
5720,72,950,3030,4,tin_heater,5.83730749717155817e+00,2.24560994114009160e+00,3.27329956771278381e+08,-9.27303478681259155e+07
5721,920,3013,3027,4,tin_heater,5.37676130532463592e+00,2.31182841651410564e+00,1.58378180278076172e+08,-2.25884725562057495e+07
5722,3014,951,3028,4,tin_heater,5.82249207686192705e+00,2.30910838631032300e+00,3.13562030199184418e+08,-2.06188485442657471e+07
5723,950,3014,3030,4,tin_heater,5.82323869467536515e+00,2.26817158348578340e+00,3.14419766163516998e+08,-6.29434785897216797e+07
5724,3013,919,3029,4,tin_heater,5.37750792313807491e+00,2.27089161368956693e+00,1.58083376163837433e+08,-5.40604356009674072e+07
5725,951,950,3032,4,tin_heater,5.86111111111110450e+00,2.28999999999992321e+00,3.13819171006538391e+08,-4.04572495729904175e+07
5726,981,982,3031,4,tin_heater,5.98888888888894666e+00,2.28999999999992321e+00,2.48122233632209778e+08,-7.27638048674926758e+07
5727,625,624,3033,4,tin_heater,5.92500000000015969e+00,2.34697343926947299e+00,3.26679665274490356e+08,3.92034346526565552e+07
5728,557,558,3034,4,tin_heater,5.92500000000016058e+00,2.23302656073050132e+00,3.48358271135322571e+08,-1.28084008981346130e+08
5729,3033,3032,3034,4,tin_heater,5.91111111111119403e+00,2.28999999999995607e+00,3.30665886420738220e+08,-4.83065708895111084e+07
5730,3031,3033,3034,4,tin_heater,5.93888888888903566e+00,2.28999999999995607e+00,2.79152164053096771e+08,-4.83065708895111084e+07
5731,72,557,3036,4,tin_heater,5.87722222222206714e+00,2.23038308992387435e+00,3.35142913755104065e+08,-1.08209119101242065e+08
5732,624,87,3035,4,tin_heater,5.87722222222206714e+00,2.34961691007610129e+00,3.28153315238563538e+08,2.74088939417266846e+07
5733,558,73,3038,4,tin_heater,5.97277777777809860e+00,2.23038308992387435e+00,4.50475919069114685e+08,-2.18562400808135986e+08
5734,88,625,3037,4,tin_heater,5.97277777777809860e+00,2.34961691007610129e+00,3.63871591441001892e+08,9.51463130465316772e+07
5735,625,3033,3037,4,tin_heater,5.94777777777814265e+00,2.33659034934557397e+00,2.98955539990913391e+08,5.69390735635833740e+07
5736,3034,558,3038,4,tin_heater,5.94777777777814265e+00,2.24340965065437636e+00,3.23628097034973145e+08,-1.43904361600738525e+08
5737,3033,624,3035,4,tin_heater,5.90222222222211190e+00,2.33659034934557397e+00,3.17783337082229614e+08,3.35122879405670166e+07
5738,557,3034,3036,4,tin_heater,5.90222222222211190e+00,2.24340965065437636e+00,3.25844742998611450e+08,-1.13681686038349152e+08
5739,87,951,3035,4,tin_heater,5.86055555555553553e+00,2.33406135452048780e+00,3.14811727721542358e+08,1.38456994333877563e+07
5740,982,88,3037,4,tin_heater,5.98944444444451474e+00,2.33406135452048780e+00,2.84731400664306641e+08,1.75601041507675171e+08
5741,950,72,3036,4,tin_heater,5.86055555555553553e+00,2.24593864547943012e+00,3.19917047832695007e+08,-9.27303478681259155e+07
5742,73,981,3038,4,tin_heater,5.98944444444451474e+00,2.24593864547943012e+00,3.25429944775077820e+08,-3.45685418939323425e+08
5743,3032,3033,3035,4,tin_heater,5.89666666666668515e+00,2.31325701601222233e+00,3.08320421350677490e+08,-1.81949449237670898e+07
5744,3034,3032,3036,4,tin_heater,5.89666666666668604e+00,2.26674298398769070e+00,3.17201088253913879e+08,-6.64510563513565063e+07
5745,3033,3031,3037,4,tin_heater,5.95333333333350634e+00,2.31325701601222233e+00,3.10488501568286896e+08,-6.07929696923828125e+06
5746,3031,3034,3038,4,tin_heater,5.95333333333350634e+00,2.26674298398769070e+00,3.28863796633197784e+08,-1.15295469160476685e+08
5747,3031,982,3037,4,tin_heater,5.97833333333346051e+00,2.31072802118713616e+00,1.98067124220314026e+08,-1.25650570763397217e+06
5748,951,3032,3035,4,tin_heater,5.87166666666664039e+00,2.31072802118713616e+00,3.30055476347209930e+08,-1.72625276577911377e+07
5749,981,3031,3038,4,tin_heater,5.97833333333346051e+00,2.26927197881274445e+00,2.14928657279850006e+08,-1.20183199656425476e+08
5750,3032,950,3036,4,tin_heater,5.87166666666664039e+00,2.26927197881274445e+00,3.32473456817642212e+08,-6.71062293032608032e+07
5751,3047,3045,3048,0,silica,6.10610784089527936e+00,2.30213573866599353e+00,1.22376386269444183e+08,-2.03588454877794310e+07
5752,3045,3040,3048,0,silica,6.13269039714507880e+00,2.28296793016827548e+00,1.21591733565623775e+08,-1.95373672889951691e+07
5753,560,561,3040,0,silica,6.15505252177712325e+00,2.23520892309019237e+00,1.08653579767319292e+08,-3.56171130008356422e+07
5754,559,560,3045,0,silica,6.09178971582599349e+00,2.23630571173564618e+00,1.31923414305545241e+08,-3.98497293493334204e+07
5755,559,3045,3050,0,silica,6.06448090656425887e+00,2.24746352723641829e+00,1.59719146152099699e+08,-5.88314035565407500e+07
5756,629,628,3042,0,silica,6.21174877285644111e+00,2.34282840564087058e+00,9.26596793235701174e+07,-1.81556230347421058e+07
5757,73,559,3050,0,silica,6.03318211336977317e+00,2.23115781550077230e+00,1.98458066198746145e+08,-3.40240291425819397e+07
5758,626,88,3049,0,silica,6.03245270695917046e+00,2.34988313058232423e+00,1.64077685637283742e+08,7.79340150407936051e+06
5759,3045,3039,3050,0,silica,6.05794719407845061e+00,2.27139133744907840e+00,1.49263099951236069e+08,-2.17016967589112073e+07
5760,560,3040,3045,0,silica,6.12586039234010027e+00,2.25151463482583880e+00,1.20312961207956553e+08,-4.62784486021801755e+07
5761,3040,3042,3048,0,silica,6.17033224719341167e+00,2.29615729074016661e+00,1.04402447688965201e+08,-2.70260596336120591e+07
5762,3042,628,3048,0,silica,6.17658885243364519e+00,2.32761503431664041e+00,1.05780251505853489e+08,-1.16993111232113168e+07
5763,982,981,3039,0,silica,6.01362992839136101e+00,2.29059447687926898e+00,1.69712886371362150e+08,-3.58621609704071004e+06
5764,3039,3047,3049,0,silica,6.05357075561483882e+00,2.31485433904956173e+00,1.46007661902164072e+08,-5.62629525123939477e+06
5765,627,626,3047,0,silica,6.08814268377298529e+00,2.34771006492124412e+00,1.21347847979535356e+08,1.97369776779647823e+06
5766,3040,561,3051,0,silica,6.18651206112204211e+00,2.24801545058586383e+00,1.00315340642833546e+08,-3.90472750373708680e+07
5767,628,627,3048,0,silica,6.14797549094516516e+00,2.34478662867576970e+00,1.04970087478598773e+08,-1.09892494236701187e+07
5768,3042,3040,3051,0,silica,6.19496178173335199e+00,2.27751052289340139e+00,1.02262220276397854e+08,-2.48228849889397994e+07
5769,630,629,3041,0,silica,6.28901831646917042e+00,2.33580517013620037e+00,8.18796998417214751e+07,-2.19349777225145511e+07
5770,3039,3045,3047,0,silica,6.07258048272732243e+00,2.29461025353621695e+00,1.52461633753417403e+08,-1.42871426844075378e+07
5771,3047,626,3049,0,silica,6.06010446810064707e+00,2.33759319550356848e+00,1.49509808755584866e+08,1.91324661273029111e+07
5772,627,3047,3048,0,silica,6.11513632945513219e+00,2.33249669359701395e+00,1.25137695323415399e+08,-1.93505258923124289e+06
5773,561,562,3051,0,silica,6.21459495071287904e+00,2.23280652749567121e+00,9.29876610511053056e+07,-3.25839519624500647e+07
5774,562,563,3041,0,silica,6.28901831646917042e+00,2.24247183680286710e+00,8.09880836829515547e+07,-2.81355718697420284e+07
5775,3041,629,3042,0,silica,6.24604609567721170e+00,2.31863357577707108e+00,9.12868013851277083e+07,-1.70861597766551375e+07
5776,565,566,3044,0,silica,6.74067767211770086e+00,2.24333333333333318e+00,5.10930084818332195e+07,-1.81799756257715039e+07
5777,633,632,3044,0,silica,6.74067767211770086e+00,2.33666666666666645e+00,5.35513367468851879e+07,-1.81799756257662363e+07
5778,88,982,3049,0,silica,6.01228906608200120e+00,2.33432757502671073e+00,1.64786678731466651e+08,8.65462276002113335e+06
5779,981,73,3050,0,silica,6.01301847249260391e+00,2.24671337105632807e+00,1.83899199879007757e+08,-1.70373527905809395e+07
5780,562,3041,3051,0,silica,6.24889227353365140e+00,2.25527836429853812e+00,9.13823072053092867e+07,-3.39039815708258003e+07
5781,982,3039,3049,0,silica,6.02591899447336221e+00,2.31158871857270398e+00,1.69979845300032914e+08,-3.07967584030494653e+06
5782,3039,981,3050,0,silica,6.02664840088396403e+00,2.27064118126898817e+00,1.81797308236917794e+08,-2.32595073936455138e+07
5783,564,631,3043,0,silica,6.43469109628215463e+00,2.28993720870769168e+00,7.15388110221125782e+07,-2.30436194723894969e+07
5784,3041,3042,3051,0,silica,6.23551570979435610e+00,2.28477343660607612e+00,8.85491296348199546e+07,-2.71616086684096493e+07
5785,631,630,3043,0,silica,6.39401793131463325e+00,2.33660387537435810e+00,7.15517010631593019e+07,-2.30563281778708622e+07
5786,563,564,3043,0,silica,6.39401793131463325e+00,2.24327054204102483e+00,6.97732916824300289e+07,-2.47936955196518861e+07
5787,564,565,3046,0,silica,6.54160349508803307e+00,2.24333333333333274e+00,6.00446579674595818e+07,-2.16234766192686073e+07
5788,632,631,3046,0,silica,6.54160349508803307e+00,2.33666666666666645e+00,6.24159267582850158e+07,-2.16234766192699224e+07
5789,630,3041,3043,0,silica,6.33622014776461384e+00,2.31240904551055904e+00,7.73253582217459977e+07,-1.87115054527961798e+07
5790,631,564,3046,0,silica,6.48570655636727622e+00,2.28999999999999959e+00,6.12302923628732860e+07,-2.30436194723894969e+07
5791,3041,563,3043,0,silica,6.33622014776461384e+00,2.26574237884389218e+00,7.76014343048864305e+07,-3.07163612987859808e+07
5792,565,632,3046,0,silica,6.59750043380878992e+00,2.28999999999999959e+00,6.12302923628706485e+07,-2.02033337661490329e+07
5793,632,565,3044,0,silica,6.66385849281867948e+00,2.29000000000000004e+00,5.23221726143577248e+07,-2.02033337661483735e+07
5794,566,633,3044,0,silica,6.81749685141672046e+00,2.29000000000000004e+00,5.23221726143616736e+07,-1.61566174853880480e+07
5795,638,74,89,0,silica,9.79836359122830203e+00,2.31333333333333302e+00,3.13989021472789720e+06,-5.35088831811166741e+06
5796,74,638,571,0,silica,9.59672718245660406e+00,2.26666666666666661e+00,3.08474078113333182e+06,-5.58917689816434775e+06
5797,566,567,633,0,silica,6.96149401368874354e+00,2.26666666666666616e+00,4.26102616558233798e+07,-1.61566174853880480e+07
5798,567,568,634,0,silica,7.31772411131564393e+00,2.26666666666666616e+00,3.40647237880578190e+07,-1.31642771057017986e+07
5799,633,567,634,0,silica,7.06708158631125638e+00,2.31333333333333302e+00,4.39327899381170198e+07,-1.31642771057011411e+07
5800,568,569,635,0,silica,7.80031345107116980e+00,2.26666666666666616e+00,2.49695885123675391e+07,-1.00234370645176787e+07
5801,634,568,635,0,silica,7.46277906369751776e+00,2.31333333333333302e+00,3.50751859118836597e+07,-1.00234370645176787e+07
5802,569,570,636,0,silica,8.38690872982642333e+00,2.26666666666666616e+00,1.65517516069715861e+07,-7.55321366524314787e+06
5803,635,569,636,0,silica,7.99279288606294802e+00,2.31333333333333302e+00,2.55684945304109119e+07,-7.55321366524314787e+06
5804,638,570,571,0,silica,9.19345436491320989e+00,2.26666666666666661e+00,9.61075518647988699e+06,-5.58917689816434775e+06
5805,636,570,637,0,silica,8.58854513859812130e+00,2.31333333333333302e+00,1.68832288116923757e+07,-6.12097352632435784e+06
5806,570,638,637,0,silica,8.99181795614151547e+00,2.31333333333333302e+00,9.73383402988898195e+06,-6.12097352632435784e+06
5807,577,76,3052,0,silica,-6.28571428571428736e+00,2.43333333333333313e+00,-1.65447461006485089e+06,-1.45791616680836654e+05
5808,91,644,3052,0,silica,-6.28571428571428736e+00,2.72666666666666657e+00,-1.67859000462111342e+06,-1.45791616680507635e+05
5809,576,577,3053,0,silica,-6.85714285714286120e+00,2.43333333333333313e+00,-1.32014258214418869e+06,-1.21738564247503266e+05
5810,572,573,3054,0,silica,-9.14285714285714413e+00,2.43333333333333313e+00,-3.18503541637794930e+05,-8.31353303532028076e+04
5811,644,643,3053,0,silica,-6.85714285714286120e+00,2.72666666666666657e+00,-1.33306888833642122e+06,-1.21738564245858186e+05
5812,643,642,3055,0,silica,-7.42857142857143327e+00,2.72666666666666657e+00,-1.03751341970994824e+06,-1.06066092384395597e+05
5813,575,576,3055,0,silica,-7.42857142857143327e+00,2.43333333333333313e+00,-1.02630411923449510e+06,-1.06066092384724616e+05
5814,639,90,3056,0,silica,-9.71428571428571352e+00,2.72666666666666657e+00,-1.05626642235413776e+05,-8.15236178212165833e+04
5815,75,572,3056,0,silica,-9.71428571428571352e+00,2.43333333333333313e+00,-1.04180810330632914e+05,-8.15236178225326439e+04
5816,573,574,3057,0,silica,-8.57142857142857295e+00,2.43333333333333313e+00,-5.34660144656460267e+05,-8.75009506320476503e+04
5817,574,575,3058,0,silica,-8.00000000000000355e+00,2.43333333333333313e+00,-7.71474312684831559e+05,-9.49905180539560242e+04
5818,640,639,3054,0,silica,-9.14285714285714413e+00,2.72666666666666657e+00,-3.19539747030765982e+05,-8.31353303528737888e+04
5819,641,640,3057,0,silica,-8.57142857142857295e+00,2.72666666666666657e+00,-5.40346994492722675e+05,-8.75009506313896127e+04
5820,642,641,3058,0,silica,-8.00000000000000355e+00,2.72666666666666657e+00,-7.77321396678689634e+05,-9.49905180536270054e+04
5821,574,641,3057,0,silica,-8.38095238095238315e+00,2.58000000000000007e+00,-5.37503569574303576e+05,-9.11937102657151117e+04
5822,643,576,3053,0,silica,-7.04761904761905100e+00,2.58000000000000007e+00,-1.32660573524092184e+06,-1.13344858926923262e+05
5823,90,75,3056,0,silica,-9.90476190476190510e+00,2.58000000000000007e+00,-1.04903726283516880e+05,-8.05847659355592623e+04
5824,76,91,3052,0,silica,-6.09523809523809579e+00,2.57999999999999963e+00,-1.66653230734265316e+06,-1.61450963795070624e+05
5825,573,640,3054,0,silica,-8.95238095238095077e+00,2.58000000000000007e+00,-3.19021644334444951e+05,-8.38081909977221367e+04
5826,641,574,3058,0,silica,-8.19047619047619335e+00,2.58000000000000007e+00,-7.74397854681801749e+05,-9.11937102657151117e+04
5827,644,577,3052,0,silica,-6.47619047619047894e+00,2.57999999999999963e+00,-1.66653230734331114e+06,-1.30132269566273681e+05
5828,576,643,3055,0,silica,-7.23809523809524169e+00,2.58000000000000007e+00,-1.03190876947209833e+06,-1.13344858926923262e+05
5829,642,575,3055,0,silica,-7.61904761904762307e+00,2.58000000000000007e+00,-1.03190876947209833e+06,-9.87873258420324273e+04
5830,577,644,3053,0,silica,-6.66666666666667052e+00,2.58000000000000007e+00,-1.32660573523993487e+06,-1.30132269566273681e+05
5831,572,639,3056,0,silica,-9.52380952380952372e+00,2.58000000000000007e+00,-1.04903726282529824e+05,-8.24624697081899649e+04
5832,639,572,3054,0,silica,-9.33333333333333393e+00,2.58000000000000007e+00,-3.19021644334280456e+05,-8.24624697081899649e+04
5833,575,642,3058,0,silica,-7.80952380952381375e+00,2.58000000000000007e+00,-7.74397854681801749e+05,-9.87873258420324273e+04
5834,640,573,3057,0,silica,-8.76190476190476097e+00,2.58000000000000007e+00,-5.37503569574797060e+05,-8.38081909977221367e+04
5835,77,91,76,0,silica,-5.94999999999999929e+00,2.50666666666666638e+00,-1.91377115524645313e+06,-1.61450963795070624e+05
5836,92,91,77,0,silica,-5.89999999999999858e+00,2.65333333333333288e+00,-1.92710942641449440e+06,-1.65998101693131903e+05
5837,77,78,3059,0,silica,-5.59999999999999876e+00,2.43333333333333313e+00,-2.15909269708163710e+06,-1.83610335694155685e+05
5838,93,92,3059,0,silica,-5.59999999999999876e+00,2.72666666666666657e+00,-2.19009022892200435e+06,-1.83610335692839610e+05
5839,78,93,3059,0,silica,-5.43333333333333268e+00,2.58000000000000007e+00,-2.17459146300132712e+06,-2.01222569693698868e+05
5840,92,77,3059,0,silica,-5.76666666666666572e+00,2.58000000000000007e+00,-2.17459146300198557e+06,-1.65998101693131903e+05
5841,79,93,78,0,silica,-5.31666666666666643e+00,2.50666666666666638e+00,-2.43225957700332627e+06,-2.01222569693698868e+05
5842,94,93,79,0,silica,-5.28333333333333321e+00,2.65333333333333288e+00,-2.44672830804299330e+06,-2.04510917657124985e+05
5843,79,80,3060,0,silica,-5.00000000000000000e+00,2.43333333333333313e+00,-2.71117191751761641e+06,-2.23710924992723449e+05
5844,95,94,3060,0,silica,-5.00000000000000000e+00,2.72666666666666657e+00,-2.74496393042844767e+06,-2.23710924993381486e+05
5845,94,79,3060,0,silica,-5.16666666666666696e+00,2.58000000000000007e+00,-2.72806792397229187e+06,-2.04510917657124985e+05
5846,80,95,3060,0,silica,-4.83333333333333304e+00,2.58000000000000007e+00,-2.72806792397360783e+06,-2.42910932328815456e+05
5847,81,96,3062,0,silica,-4.07432542988040680e+00,2.58000000000000007e+00,-3.65936624487286061e+06,-3.00357407921497826e+05
5848,95,80,3061,0,silica,-4.67838921282798736e+00,2.58000000000000007e+00,-3.21193650419128407e+06,-2.42910932328815456e+05
5849,645,95,3061,0,silica,-4.55338921282798736e+00,2.72666666666666657e+00,-3.18932467339732638e+06,-2.20830236839485151e+05
5850,96,645,3062,0,silica,-4.19932542988040680e+00,2.72666666666666657e+00,-3.71591706319064135e+06,-2.43041536809825891e+05
5851,80,578,3061,0,silica,-4.55338921282798736e+00,2.43333333333333313e+00,-3.15826781474661781e+06,-2.95318983659906371e+05
5852,578,81,3062,0,silica,-4.19932542988040680e+00,2.43333333333333313e+00,-3.67957005714573339e+06,-3.20834549272112839e+05
5853,3061,578,3062,0,silica,-4.37771464270839417e+00,2.50666666666666638e+00,-3.43010022092063399e+06,-4.93222413479347189e+05
5854,645,3061,3062,0,silica,-4.37771464270839417e+00,2.65333333333333332e+00,-3.43010022092063399e+06,-4.55372784236669540e+04
5855,583,584,3063,0,silica,-8.57142857146430237e-01,2.43333333333333313e+00,-1.12867583204560578e+07,-8.79082761737050954e+05
5856,651,650,3063,0,silica,-8.57142857146430237e-01,2.72666666666666657e+00,-1.14464776495229155e+07,-8.79082761735734879e+05
5857,97,651,3064,0,silica,-2.85714285715476635e-01,2.72666666666666657e+00,-1.40090439441406485e+07,-1.09603123938456061e+06
5858,584,82,3064,0,silica,-2.85714285715476635e-01,2.43333333333333313e+00,-1.38346626176307946e+07,-1.09603123938456061e+06
5859,582,583,3065,0,silica,-1.42857142857738206e+00,2.43333333333333313e+00,-9.28437991123561561e+06,-6.94530233834609971e+05
5860,650,649,3065,0,silica,-1.42857142857738206e+00,2.72666666666666657e+00,-9.40887147513553500e+06,-6.94530233835596940e+05
5861,81,579,3066,0,silica,-3.71428571428492083e+00,2.43333333333333313e+00,-4.29741744137937017e+06,-3.32953274578614219e+05
5862,646,96,3066,0,silica,-3.71428571428492083e+00,2.72666666666666657e+00,-4.34761507603016775e+06,-3.32953274577298143e+05
5863,581,582,3067,0,silica,-2.00000000000674483e+00,2.43333333333333313e+00,-7.70700744811061304e+06,-5.65744403359694406e+05
5864,649,648,3067,0,silica,-2.00000000000674483e+00,2.72666666666666657e+00,-7.78084606314203702e+06,-5.65744403360023513e+05
5865,579,580,3068,0,silica,-3.14285714285754025e+00,2.43333333333333313e+00,-5.24649288004723471e+06,-3.98941706726045581e+05
5866,647,646,3068,0,silica,-3.14285714285754025e+00,2.72666666666666657e+00,-5.29791743090377748e+06,-3.98941706725387543e+05
5867,580,581,3069,0,silica,-2.57142857143293480e+00,2.43333333333333313e+00,-6.36471682089882996e+06,-4.75065761479740089e+05
5868,648,647,3069,0,silica,-2.57142857143293480e+00,2.72666666666666657e+00,-6.43052331436408963e+06,-4.75065761479082052e+05
5869,82,97,3064,0,silica,-9.52380952384921931e-02,2.58000000000000007e+00,-1.39218532808855567e+07,-1.20926586698862771e+06
5870,584,651,3063,0,silica,-6.66666666669445518e-01,2.58000000000000007e+00,-1.13666179849886652e+07,-9.82796611780164181e+05
5871,649,582,3065,0,silica,-1.61904761905436523e+00,2.58000000000000007e+00,-9.34662569318532944e+06,-6.13691555977585260e+05
5872,650,583,3063,0,silica,-1.04761904762341462e+00,2.58000000000000007e+00,-1.13666179849903099e+07,-7.75368911692457157e+05
5873,583,650,3065,0,silica,-1.23809523810039868e+00,2.58000000000000007e+00,-9.34662569318598695e+06,-7.75368911692457157e+05
5874,651,584,3064,0,silica,-4.76190476192461076e-01,2.58000000000000007e+00,-1.39218532808855567e+07,-9.82796611780164181e+05
5875,579,646,3066,0,silica,-3.52380952380820212e+00,2.58000000000000007e+00,-4.32251625870460458e+06,-3.65549141234579030e+05
5876,96,81,3066,0,silica,-3.90476190476163998e+00,2.58000000000000007e+00,-4.32251625870493334e+06,-3.00357407921497826e+05
5877,582,649,3067,0,silica,-1.80952380953081970e+00,2.58000000000000007e+00,-7.74392675562632456e+06,-6.13691555977585260e+05
5878,648,581,3067,0,silica,-2.19047619048267039e+00,2.58000000000000007e+00,-7.74392675562632456e+06,-5.17797250742297154e+05
5879,580,647,3068,0,silica,-2.95238095238267206e+00,2.58000000000000007e+00,-5.27220515547550656e+06,-4.32334272216525045e+05
5880,647,580,3069,0,silica,-2.76190476190780254e+00,2.58000000000000007e+00,-6.39762006763137784e+06,-4.32334272216525045e+05
5881,581,648,3069,0,silica,-2.38095238095806705e+00,2.58000000000000007e+00,-6.39762006763137784e+06,-5.17797250742297154e+05
5882,646,579,3068,0,silica,-3.33333333333240889e+00,2.58000000000000007e+00,-5.27220515547583532e+06,-3.65549141234579030e+05
5883,586,587,3089,0,silica,1.50285704954173904e+00,2.43333333333333313e+00,-2.67982528815492354e+07,-2.33716533046669001e+06
5884,828,829,3079,0,silica,3.98104375832096524e+00,2.44759505496523566e+00,-8.86236787360149175e+07,5.72700722577878907e+07
5885,3081,3076,3090,0,silica,3.84452351983362073e+00,2.56760269243674699e+00,-8.10969587171335518e+07,6.01586190140763018e+06
5886,585,586,3088,0,silica,9.01714229725269156e-01,2.43333333333333313e+00,-2.11809599486642852e+07,-1.76165488026567921e+06
5887,591,3073,3082,0,silica,3.50491855440788092e+00,2.48429309590499736e+00,-7.39020964478094578e+07,-7.65524441815599892e+06
5888,82,585,3087,0,silica,3.00571409908516773e-01,2.43333333333333313e+00,-1.70013937144965120e+07,-1.34098679619143484e+06
5889,828,3079,3092,0,silica,3.96603058811510856e+00,2.42530310196355492e+00,-9.87766575508118123e+07,4.33042288783680722e+07
5890,587,588,3091,0,silica,2.09255365213320133e+00,2.43333333333333313e+00,-3.42198588247343525e+07,-3.24559141531023476e+06
5891,656,655,3086,0,silica,2.62192139565059446e+00,2.73507750466290078e+00,-4.43895861129502133e+07,-4.92453223767791688e+06
5892,3090,3079,3094,0,silica,3.93314618205688582e+00,2.49887908749283261e+00,-7.85343272438314706e+07,2.96045559333328605e+07
5893,3076,3075,3084,0,silica,3.76925386433840304e+00,2.53252377429248199e+00,-8.18738664106875807e+07,-5.49737250023746397e+05
5894,3078,3079,3090,0,silica,3.90622324459863357e+00,2.48566106977343004e+00,-9.33167552074393779e+07,2.04050807536537722e+07
5895,3084,3073,3085,0,silica,3.70177073772412646e+00,2.45688028436637040e+00,-8.25240152349413335e+07,-6.41274513241950981e+06
5896,652,97,3087,0,silica,2.93038596912301663e-01,2.72666666666666657e+00,-1.71955930167045072e+07,-1.33954186757710925e+06
5897,653,652,3088,0,silica,8.79115790736623715e-01,2.72666666666666657e+00,-2.12944362487551905e+07,-1.75914298265047069e+06
5898,658,3075,3081,0,silica,3.75012522617970356e+00,2.67288110614337882e+00,-7.44069818233705312e+07,-1.07714386743784533e+05
5899,654,653,3089,0,silica,1.46519298456066349e+00,2.72666666666666657e+00,-2.67028824060717598e+07,-2.34062522095210059e+06
5900,3078,3076,3083,0,silica,3.84095091447218939e+00,2.48753729701394244e+00,-9.19267108696442842e+07,7.12772255531730596e+06
5901,655,654,3091,0,silica,2.04898093494043243e+00,2.72666666666666657e+00,-3.39817302572889850e+07,-3.25475450193371763e+06
5902,596,597,3072,0,silica,3.90844617838030572e+00,2.37721456678963250e+00,-1.31731312141576126e+08,2.14554009877585582e+07
5903,595,596,3077,0,silica,3.84880609343206492e+00,2.37772305043183341e+00,-1.14197933222960979e+08,4.02213297088617273e+06
5904,3077,3072,3078,0,silica,3.87823411707595511e+00,2.43116372620262622e+00,-1.06727901865817860e+08,1.69960455220994540e+07
5905,3075,3073,3084,0,silica,3.70197040608016570e+00,2.50940498812921176e+00,-8.36557759543390721e+07,-1.57293094279532414e+06
5906,83,828,3092,0,silica,3.98498682979414331e+00,2.39306864017603749e+00,-1.16918762939576790e+08,1.14263211552783102e+08
5907,3070,3083,3084,0,silica,3.79360751698689525e+00,2.45920585478786480e+00,-9.06772589323050380e+07,-3.98041179993209837e+05
5908,597,83,3092,0,silica,3.96482318891687902e+00,2.37461510911691542e+00,-1.75389173896104008e+08,5.42002845725959390e+07
5909,3076,3078,3090,0,silica,3.86560863915210229e+00,2.50953933104672311e+00,-8.15794986360245645e+07,1.71403498546743952e+07
5910,596,3072,3077,0,silica,3.87823411707595689e+00,2.39493761722146603e+00,-1.06961466561066955e+08,8.12498533848272264e+06
5911,3078,3072,3079,0,silica,3.90965357757853349e+00,2.44567513755831056e+00,-9.26743695946461260e+07,2.38443748618077822e+07
5912,3071,3080,3090,0,silica,3.93036362182980570e+00,2.57498566127540096e+00,-7.54713672557788342e+07,1.47861848017468639e+07
5913,594,595,3070,0,silica,3.78766012035887423e+00,2.37952130768975012e+00,-1.01024648357950568e+08,-4.33123724520910252e+06
5914,3077,3078,3083,0,silica,3.85014605941614230e+00,2.44914762438496503e+00,-9.20296839551111907e+07,9.01391258435102366e+06
5915,658,657,3082,0,silica,3.53594339041745576e+00,2.74463249234079010e+00,-7.05603460879962593e+07,-2.96574015271717031e+06
5916,3070,595,3077,0,silica,3.81960162515983015e+00,2.39724435812158410e+00,-1.00217120274158075e+08,-3.95724990080695134e+06
5917,3075,3076,3081,0,silica,3.78555123960401874e+00,2.58232716253752281e+00,-7.87583124262934774e+07,6.12867254170692433e+06
5918,3080,3081,3090,0,silica,3.88252346859135189e+00,2.60378988372799336e+00,-7.11867004602546394e+07,1.32087256575253475e+07
5919,3075,658,3082,0,silica,3.65179345476853179e+00,2.66989079477965197e+00,-7.30284875729804337e+07,-7.94710504518650414e+04
5920,593,594,3085,0,silica,3.71210474842854055e+00,2.37940026534268645e+00,-8.97999455295295715e+07,-9.58997942092603631e+06
5921,3079,3072,3092,0,silica,3.93496768912720762e+00,2.42406413769406592e+00,-1.12896568683715999e+08,4.01443046840555146e+07
5922,3070,3077,3083,0,silica,3.82094159114390974e+00,2.43244282309355553e+00,-9.93442639471967369e+07,5.34090668250045739e+06
5923,3071,3090,3094,0,silica,3.93853017590136245e+00,2.53212987362390685e+00,-7.98851005542559922e+07,2.59319232261843085e+07
5924,657,656,3093,0,silica,3.10096550410661775e+00,2.72569327615353307e+00,-5.86511184585748613e+07,-5.09209179344577249e+06
5925,830,831,3071,0,silica,3.98642775216544187e+00,2.55838671871229595e+00,-7.09680080636620224e+07,2.43443805699970424e+07
5926,3079,829,3094,0,silica,3.96763941402468667e+00,2.47858565060667679e+00,-8.20867850559713095e+07,3.07505911019010507e+07
5927,3072,597,3092,0,silica,3.93376028992897808e+00,2.39182967590654849e+00,-1.14117232684630960e+08,3.26076071820011288e+07
5928,829,830,3094,0,silica,3.98659565570372143e+00,2.50174455149251473e+00,-7.51103058805185705e+07,3.82096839567075893e+07
5929,3083,3076,3084,0,silica,3.80356841988809258e+00,2.49579727015892594e+00,-8.68601438274863958e+07,7.22944279073521961e+06
5930,3070,3084,3085,0,silica,3.75909329308116602e+00,2.44340765515857994e+00,-9.15375324627182484e+07,-6.79851840253257658e+05
5931,3073,3075,3082,0,silica,3.61993600993460918e+00,2.55621806501052573e+00,-7.55077568315755576e+07,-8.56099444738836773e+06
5932,588,589,3086,0,silica,2.61655236368141741e+00,2.44174417132956778e+00,-4.30640239057762548e+07,-5.56521288621680252e+06
5933,3074,591,3082,0,silica,3.38740489789214516e+00,2.51038131126575648e+00,-6.48008309998802617e+07,-1.25138292935633454e+07
5934,653,586,3089,0,silica,1.28615501477778316e+00,2.58000000000000007e+00,-2.67456546542302892e+07,-2.40272341777475411e+06
5935,654,587,3091,0,silica,1.87747577815315769e+00,2.58000000000000007e+00,-3.40833978817196414e+07,-3.40440690283925040e+06
5936,3074,657,3093,0,silica,3.22114395167946865e+00,2.63810876174516595e+00,-5.81444512313575819e+07,-5.88207294350249227e+06
5937,652,585,3088,0,silica,6.92545007957527825e-01,2.58000000000000007e+00,-2.12407890356490314e+07,-1.68401146944507724e+06
5938,3073,593,3085,0,silica,3.66756765002730489e+00,2.41239420224022716e+00,-8.54869347824731618e+07,-1.36467515102056786e+07
5939,830,3071,3094,0,silica,3.97302340786916330e+00,2.53032273729251012e+00,-6.97083572646840960e+07,2.60384439103210829e+07
5940,97,82,3087,0,silica,9.89350011368030774e-02,2.58000000000000007e+00,-1.70990288759380654e+07,-1.20926586698862771e+06
5941,585,652,3087,0,silica,4.94675005684015401e-01,2.58000000000000007e+00,-1.70942613196315356e+07,-1.47104543852428789e+06
5942,586,653,3088,0,silica,1.08828501250436505e+00,2.58000000000000007e+00,-2.12324471684964597e+07,-1.83640576778340596e+06
5943,587,654,3089,0,silica,1.68189501932461916e+00,2.58000000000000007e+00,-2.67572959867764749e+07,-2.27559917535664374e+06
5944,588,655,3091,0,silica,2.26405880892047584e+00,2.58000000000000007e+00,-3.41171907449030206e+07,-3.09560329530202365e+06
5945,655,588,3086,0,silica,2.45052313309581526e+00,2.58841083799623428e+00,-4.41328742012556493e+07,-4.52791055360649340e+06
5946,831,832,3080,0,silica,3.97842910163216468e+00,2.63689974305617136e+00,-6.87630042421991676e+07,1.26679754853937905e+07
5947,592,593,3073,0,silica,3.60864680157756013e+00,2.39299393689754014e+00,-7.82980440935814828e+07,-1.03912325061711781e+07
5948,589,590,3093,0,silica,2.99863562345854007e+00,2.43235994282020007e+00,-5.16209793362025544e+07,-7.87294370572040975e+06
5949,590,591,3074,0,silica,3.26184692335307291e+00,2.41908215225829926e+00,-6.14144444689010307e+07,-1.04570243821810912e+07
5950,3071,831,3080,0,silica,3.96485685379760655e+00,2.59529327039099789e+00,-6.52119272453170046e+07,1.78465128320977576e+07
5951,657,3074,3082,0,silica,3.38657228906779784e+00,2.65704797793242298e+00,-6.89759271547383666e+07,-1.54718485795714613e+06
5952,594,3070,3085,0,silica,3.75448586243722593e+00,2.39892157303243714e+00,-9.14878912249864638e+07,-1.05773248413528726e+07
5953,3086,589,3093,0,silica,2.82732452583607419e+00,2.51410411414976753e+00,-4.89506418147355244e+07,-1.02981409104701821e+07
5954,656,3086,3093,0,silica,2.85366783600937524e+00,2.66077078081643448e+00,-4.81829323100707904e+07,4.54826292401247018e+05
5955,590,3074,3093,0,silica,3.14515738120469202e+00,2.49144209507849945e+00,-5.91535962814661488e+07,-1.20234192189243995e+07
5956,591,592,3073,0,silica,3.51207669788887733e+00,2.39299393689754014e+00,-7.02635013324294090e+07,-1.66573120704288762e+07
5957,98,658,3081,0,silica,3.84359073837710641e+00,2.74762280370451739e+00,-6.84578189443456084e+07,3.70691170558839757e+06
5958,832,98,3080,0,silica,3.97842910163216468e+00,2.70605830160248928e+00,-6.26468987102546841e+07,3.74885575316428160e+06
5959,3080,98,3081,0,silica,3.91701670055915274e+00,2.69325605138990776e+00,-7.14840042097181678e+07,7.25512192649950460e+06
5960,829,828,3118,0,silica,4.02083149800161177e+00,2.45145988248860158e+00,-6.06134708447263464e+07,5.72700722577878907e+07
5961,859,860,3114,0,silica,4.73061886788954222e+00,2.44753419613662260e+00,-8.78382019992330484e+06,1.16032245915535353e+07
5962,3111,3110,3136,0,silica,4.56538402159629708e+00,2.51985518123037444e+00,-1.41052263751533926e+07,1.06981436173754297e+07
5963,3108,3109,3135,0,silica,4.23343109830784048e+00,2.49346294715738992e+00,-2.89378296271795742e+07,2.87600399274684899e+07
5964,3109,3120,3135,0,silica,4.20629539909540728e+00,2.48398409862381842e+00,-2.91502863251853548e+07,2.86500705263843648e+07
5965,3104,3102,3129,0,silica,4.43541973473290785e+00,2.56450325444932714e+00,-1.91437718851015940e+07,1.32483987609479129e+07
5966,859,3114,3130,0,silica,4.71503583683504601e+00,2.42568652806016294e+00,-8.06715393028781842e+06,1.26155956456110757e+07
5967,3118,828,3131,0,silica,4.03641452905610354e+00,2.42961221441213793e+00,-6.33087862321206629e+07,6.04519959986173958e+07
5968,3109,3117,3120,0,silica,4.17277231648921632e+00,2.48668825359483892e+00,-3.52867879802220091e+07,2.99233271315056197e+07
5969,660,3103,3123,0,silica,4.56625256192744100e+00,2.69366709318566455e+00,-1.42462621356881037e+07,4.20596536623850744e+06
5970,3103,3102,3104,0,silica,4.47814858009002048e+00,2.60458450584731382e+00,-2.08400845276065506e+07,1.12933817132327836e+07
5971,3108,3115,3122,0,silica,4.29079334614418961e+00,2.46288110800890570e+00,-2.37816864105936810e+07,2.60687807373814024e+07
5972,3118,3098,3138,0,silica,4.04547363985185360e+00,2.50392786962545610e+00,-6.25483685886361301e+07,3.56774573299870193e+07
5973,3118,3117,3128,0,silica,4.10277775288544344e+00,2.49568919809497514e+00,-4.42406858713764325e+07,3.27318186756467037e+07
5974,3096,3111,3126,0,silica,4.50893965765965987e+00,2.46076887965078583e+00,-1.59844461414842028e+07,1.48745528485673778e+07
5975,3119,3096,3126,0,silica,4.48952054667574973e+00,2.43600268828889632e+00,-1.43435641712908726e+07,1.68076121702005006e+07
5976,3102,659,3106,0,silica,4.30972283811250723e+00,2.67361563098367050e+00,-2.69070839952986799e+07,7.44386872916321736e+06
5977,3115,3108,3135,0,silica,4.25979794418018276e+00,2.46009649845692158e+00,-2.63999767777867094e+07,2.56950652675474957e+07
5978,3117,3109,3128,0,silica,4.14853589849157611e+00,2.51429976994929349e+00,-3.84142224863950759e+07,3.39535183942307234e+07
5979,3129,3105,3133,0,silica,4.38069432114111823e+00,2.50367255218651419e+00,-2.19555455748217106e+07,1.88081856001342386e+07
5980,660,659,3102,0,silica,4.38349607722609580e+00,2.74245577374075156e+00,-2.76783062501065470e+07,6.77157496544116922e+06
5981,3107,3129,3133,0,silica,4.40483549286985632e+00,2.48071236876169587e+00,-1.94796188478635773e+07,1.68094415148981772e+07
5982,3107,3126,3129,0,silica,4.43666583048844654e+00,2.48211095419644101e+00,-1.74523169640082568e+07,1.69519553371537961e+07
5983,3108,3106,3109,0,silica,4.24912982122664928e+00,2.53706818422885894e+00,-3.25387937478197441e+07,2.06025131811632812e+07
5984,3098,3118,3128,0,silica,4.07442398289283325e+00,2.51980806421273940e+00,-5.22076812491575181e+07,3.79630795583805889e+07
5985,3102,3105,3129,0,silica,4.38854327793519339e+00,2.55743969870703980e+00,-2.32070988719027676e+07,1.26540141458589919e+07
5986,3132,3114,3137,0,silica,4.68279585302532819e+00,2.49731188282323391e+00,-1.04831966304323953e+07,1.13056959679058641e+07
5987,3106,659,3121,0,silica,4.23789304398017741e+00,2.67940117786179632e+00,-4.00276417421891168e+07,5.62176663506278023e+06
5988,3115,3097,3122,0,silica,4.31613749995205076e+00,2.43548015029479892e+00,-2.04960849512545504e+07,2.28731449191403762e+07
5989,3119,3107,3125,0,silica,4.43190451141106134e+00,2.42771996310384219e+00,-1.57177738975072857e+07,1.88181397889163196e+07
5990,3126,3104,3129,0,silica,4.45940111555742380e+00,2.51213469336354667e+00,-1.96394201421567537e+07,1.42650914900818188e+07
5991,3103,3104,3136,0,silica,4.53803318084430085e+00,2.58481994920826930e+00,-1.60507337978414707e+07,8.13543981511696707e+06
5992,3111,3096,3127,0,silica,4.54216835624294735e+00,2.45696002280568182e+00,-1.35256817369626220e+07,1.48886642733098567e+07
5993,607,608,3101,0,silica,4.65538924515731445e+00,2.37766782648767006e+00,-9.12121618244791031e+06,1.40598332538111862e+07
5994,602,603,3097,0,silica,4.34415757054035367e+00,2.37713084143996412e+00,-1.54837003988152873e+07,2.38833200868180059e+07
5995,598,599,3100,0,silica,4.09461075484268378e+00,2.37766782648767139e+00,-1.77201461692395955e+07,5.78236017063159347e+07
5996,600,601,3095,0,silica,4.21790966654611577e+00,2.37755971607570649e+00,-1.72201468979540616e+07,3.44122403667948470e+07
5997,605,606,3096,0,silica,4.52995975529180317e+00,2.38120661305509129e+00,-1.19130920604117960e+07,1.64401267420865241e+07
5998,601,602,3115,0,silica,4.28045648948008672e+00,2.38134341246473413e+00,-1.64147423573392853e+07,2.83695932412297800e+07
5999,599,600,3116,0,silica,4.15625000000000000e+00,2.37804219591217558e+00,-1.76775248811118677e+07,4.31378691970225498e+07
6000,606,607,3112,0,silica,4.59374999999999911e+00,2.37804219591216759e+00,-1.05028354226915929e+07,1.50224417174371704e+07
6001,604,605,3119,0,silica,4.46874999999999911e+00,2.37804219591216670e+00,-1.31830915345870387e+07,1.82750970332433097e+07
6002,3113,3114,3132,0,silica,4.65405965249973175e+00,2.48311051130087845e+00,-1.07476521555662435e+07,1.11389593527860641e+07
6003,84,859,3130,0,silica,4.73441696894550379e+00,2.39351292510125768e+00,-8.17391343678428605e+06,1.31057457770769298e+07
6004,828,83,3131,0,silica,4.01558303105449266e+00,2.39351292510125413e+00,-5.15881756523888335e+07,1.14263211552783102e+08
6005,660,3102,3103,0,silica,4.48184211694331580e+00,2.68770513156867485e+00,-2.03324124436368942e+07,2.53713402551502222e+06
6006,3100,3116,3117,0,silica,4.12786571020409720e+00,2.43263546420898358e+00,-3.06626929101589732e+07,4.17355874374417812e+07
6007,3112,3101,3113,0,silica,4.62362359608575169e+00,2.43068902835325140e+00,-1.07300027290927172e+07,1.30656868842979427e+07
6008,608,84,3130,0,silica,4.71358363561217075e+00,2.37505939404213606e+00,-7.77947434086622205e+06,1.35139000934827421e+07
6009,83,598,3131,0,silica,4.03641636438782569e+00,2.37505939404213207e+00,-1.91029187510307282e+07,8.06483950674209893e+07
6010,602,3097,3115,0,silica,4.31211406002044040e+00,2.39847425390469837e+00,-1.97835406265856139e+07,2.66002030105662607e+07
6011,3100,599,3116,0,silica,4.12586075484268378e+00,2.39571002239984665e+00,-3.08313273394253515e+07,5.07322205871950611e+07
6012,3095,601,3115,0,silica,4.24836615602620160e+00,2.39890312854044074e+00,-2.24214417524570823e+07,3.10778483668475226e+07
6013,600,3095,3116,0,silica,4.18665966654611577e+00,2.39560191198788175e+00,-2.52272985875522196e+07,3.87790053152889609e+07
6014,3096,606,3112,0,silica,4.56120975529180406e+00,2.39924880896725901e+00,-1.24474269768724814e+07,1.61451521747072116e+07
6015,605,3096,3119,0,silica,4.49870975529180406e+00,2.39924880896725812e+00,-1.44616535291483104e+07,1.75369189215054959e+07
6016,607,3101,3112,0,silica,4.62413924515731356e+00,2.39571002239983777e+00,-1.06954090041724760e+07,1.49112593083283026e+07
6017,3113,3101,3114,0,silica,4.65632579730862783e+00,2.44482043539998850e+00,-1.04936752623960674e+07,1.32031810669957343e+07
6018,3100,3117,3118,0,silica,4.09661387487237505e+00,2.45069255760769211e+00,-4.48749745988104194e+07,5.02676044219519570e+07
6019,3117,3116,3120,0,silica,4.15826600621480580e+00,2.45002058834181113e+00,-3.42725698650002256e+07,4.01275353600986451e+07
6020,3110,3111,3127,0,silica,4.56270950024982103e+00,2.48344231993853493e+00,-1.46794815060748383e+07,1.31296560489066690e+07
6021,3107,3119,3126,0,silica,4.45396530279500613e+00,2.44831837701200561e+00,-1.74636255130784214e+07,1.70122834618515000e+07
6022,3116,3095,3120,0,silica,4.18667071739950813e+00,2.43065486260838126e+00,-2.53270890047869831e+07,3.46438899198565260e+07
6023,3106,3108,3134,0,silica,4.28480262674332391e+00,2.53588277552607799e+00,-2.57074916971348561e+07,1.99363705793119073e+07
6024,3097,603,3125,0,silica,4.37540757054035367e+00,2.39328630685343935e+00,-1.74838477799361981e+07,2.27146870412916727e+07
6025,604,3119,3125,0,silica,4.43749999999999911e+00,2.39419766132564193e+00,-1.58057227769219391e+07,1.97892738869911171e+07
6026,3099,3123,3132,0,silica,4.67005707825751237e+00,2.57651226165239988e+00,-1.05928638274695966e+07,7.97096519748639036e+06
6027,3132,3123,3136,0,silica,4.62691030053901375e+00,2.58040018818134165e+00,-1.39243970638936609e+07,8.16539342122706957e+06
6028,3111,3104,3126,0,silica,4.49611969884789442e+00,2.50310830754100033e+00,-1.54989427158366386e+07,1.34157869361657128e+07
6029,3109,3121,3128,0,silica,4.16653055955725993e+00,2.57228231542570240e+00,-4.26674746490401253e+07,1.88137511202092580e+07
6030,3105,3102,3106,0,silica,4.34248617779483226e+00,2.58343144952002213e+00,-2.92532455136038959e+07,1.58770378502647299e+07
6031,603,604,3125,0,silica,4.40624999999999911e+00,2.37615546541347511e+00,-1.43762375487773884e+07,2.07109725657580942e+07
6032,3113,3110,3127,0,silica,4.59485807352768205e+00,2.47561293861789311e+00,-1.22304917565995399e+07,1.21948211737065688e+07
6033,3096,3112,3127,0,silica,4.56441591192570417e+00,2.43219383144379364e+00,-1.27653182349062767e+07,1.39226600890624225e+07
6034,3110,3113,3132,0,silica,4.61977501724220030e+00,2.49862581852991816e+00,-1.26257331883507911e+07,1.18377188871906269e+07
6035,3100,3118,3131,0,silica,4.06852528389878731e+00,2.42882650984068782e+00,-3.83902324780426547e+07,5.42359856963946521e+07
6036,3114,3101,3130,0,silica,4.68292508199236135e+00,2.42490082348871105e+00,-9.46946998530120775e+06,1.23043841771048345e+07
6037,3095,3115,3135,0,silica,4.24222752732713904e+00,2.43312441537855717e+00,-2.23453141136477850e+07,3.06577414578529336e+07
6038,3105,3122,3133,0,silica,4.34993390004595515e+00,2.48884367548001206e+00,-2.15295490600337200e+07,1.90007553200337961e+07
6039,3112,3113,3127,0,silica,4.59644050756233735e+00,2.44596622434211630e+00,-1.24537900321037285e+07,1.40733883567593377e+07
6040,829,3118,3138,0,silica,4.03015578781638428e+00,2.47979062381715121e+00,-6.14029228143474385e+07,3.69110468356249183e+07
6041,3097,3125,3133,0,silica,4.37605469097237432e+00,2.42864160074033242e+00,-1.75880038740294464e+07,2.05335101273564510e+07
6042,3114,860,3137,0,silica,4.71717275267690894e+00,2.47826104255327051e+00,-8.54604894074355066e+06,1.06296709955944046e+07
6043,3099,3132,3137,0,silica,4.68870444083465898e+00,2.53060823710376104e+00,-1.11596605037871543e+07,9.21659711602626741e+06
6044,861,862,3099,0,silica,4.73652745569887301e+00,2.55837142803313666e+00,-9.87322735405380093e+06,7.70219762198278401e+06
6045,831,830,3098,0,silica,4.01531785203547020e+00,2.55394577872060546e+00,-5.99307701787979826e+07,2.43443805699970424e+07
6046,3101,608,3130,0,silica,4.68147288076948609e+00,2.39272722052980624e+00,-9.20039883664478175e+06,1.40092907511277180e+07
6047,598,3100,3131,0,silica,4.06852711923050947e+00,2.39272722052980358e+00,-4.13353876176408008e+07,7.28972742966898084e+07
6048,3125,3107,3133,0,silica,4.40130163184308199e+00,2.44503306107856888e+00,-1.91090020480672047e+07,1.97595729015851766e+07
6049,3120,3095,3135,0,silica,4.21178208870044557e+00,2.44683395353432198e+00,-2.89221427381267510e+07,3.26781182972030602e+07
6050,3121,3124,3128,0,silica,4.12151181431735747e+00,2.60987236861255667e+00,-4.83504858206009716e+07,2.29365952868300043e+07
6051,3124,3098,3128,0,silica,4.07516338325906258e+00,2.57600868925391246e+00,-5.10402043802709952e+07,2.14205613260049373e+07
6052,860,861,3137,0,silica,4.73655388478736672e+00,2.50148080226772151e+00,-9.10551801968135685e+06,1.00167407909652330e+07
6053,3122,3097,3133,0,silica,4.34882813090398468e+00,2.44949203171695773e+00,-2.11857175101988204e+07,2.26371681512964815e+07
6054,830,829,3138,0,silica,4.00932428981477251e+00,2.49908469717962278e+00,-6.27785677334707230e+07,3.82096839567075893e+07
6055,3108,3122,3134,0,silica,4.30009930578852195e+00,2.49506214800659354e+00,-2.60662730784859620e+07,2.04397012181941196e+07
6056,3122,3105,3134,0,silica,4.32654922873835357e+00,2.50701283405554110e+00,-2.55396682641676702e+07,2.06286725150662400e+07
6057,3123,3103,3136,0,silica,4.59296657324114932e+00,2.61635831028737131e+00,-1.46533240321418233e+07,8.86030087431592867e+06
6058,3098,830,3138,0,silica,4.02464214185024272e+00,2.52322194298792768e+00,-6.43985661094208881e+07,3.64551043373147920e+07
6059,3110,3132,3136,0,silica,4.60533801096080619e+00,2.53300469634487824e+00,-1.22458531954692062e+07,1.09515824931760598e+07
6060,861,3099,3137,0,silica,4.72308134048624062e+00,2.53004369738855717e+00,-8.73761503565791994e+06,9.22052677259113267e+06
6061,3109,3106,3121,0,silica,4.22114935425458793e+00,2.58744437236033287e+00,-3.21038125389954150e+07,2.01075606067481227e+07
6062,832,831,3124,0,silica,4.02157089836784110e+00,2.63689974305617136e+00,-5.35832136018715650e+07,1.26679754853937905e+07
6063,862,863,3123,0,silica,4.71790652221022011e+00,2.63968423072852287e+00,-1.19451626205922496e+07,5.13419874391239136e+06
6064,831,3098,3124,0,silica,4.03688875040331041e+00,2.59085233039930740e+00,-6.09437746746680811e+07,2.34018853503854647e+07
6065,3099,862,3123,0,silica,4.70443397790909401e+00,2.59806246738418922e+00,-1.02858632011015303e+07,8.16400066669961903e+06
6066,659,98,3121,0,silica,4.14499961642709813e+00,2.74824132061887871e+00,-4.73603733953811973e+07,8.69137094148456492e+06
6067,98,832,3124,0,silica,4.02157089836784110e+00,2.70605830160248928e+00,-5.96993191338160485e+07,3.74885575316428160e+06
6068,3121,98,3124,0,silica,4.08323718146160530e+00,2.69387456830426864e+00,-4.74193131141299605e+07,8.62114903039089218e+06
6069,99,660,3123,0,silica,4.63457318887688707e+00,2.74841773535774125e+00,-1.45838938774948437e+07,3.87057486337657878e+06
6070,863,99,3123,0,silica,4.71790652221022011e+00,2.70884278927484035e+00,-1.05283451528281961e+07,1.34729164145547850e+06
6071,3104,3111,3136,0,silica,4.53202291877765706e+00,2.53571231198773583e+00,-1.68964468685995080e+07,1.25602086392924581e+07
6072,3105,3106,3134,0,silica,4.31125254969315552e+00,2.54783346157502599e+00,-2.54156939673148692e+07,2.00488654845794663e+07
6073,860,859,3154,0,silica,4.76868571239339101e+00,2.44705675773552711e+00,-6.91504196055868082e+06,1.16032245915535353e+07
6074,661,3151,3162,0,silica,4.98903372218217722e+00,2.66142204186513931e+00,-2.34044375027564028e+06,2.61293043482690305e+06
6075,3151,661,3160,0,silica,4.92256717537076316e+00,2.68899806431364041e+00,-5.33057519980204571e+06,3.66111402232313622e+06
6076,3159,661,3162,0,silica,5.06011085240738634e+00,2.66741184532819098e+00,2.47129858768089255e+06,3.35987806795852631e+06
6077,3154,859,3163,0,silica,4.78426874344788633e+00,2.42520908965906612e+00,-6.95869418740453664e+06,1.16648190588647444e+07
6078,3142,3156,3157,0,silica,5.10259255603482043e+00,2.45067669649797892e+00,1.65796780294143665e+06,1.12113565591644850e+07
6079,3140,893,3159,0,silica,5.19750490829015721e+00,2.59009453204086570e+00,4.96014264304924943e+06,7.58455011021606345e+06
6080,3157,3156,3158,0,silica,5.10190471843511872e+00,2.48807140897237788e+00,1.71139773835292435e+06,9.32075663840246201e+06
6081,3156,3142,3161,0,silica,5.13293827160124128e+00,2.43072876778051006e+00,2.02285337191577884e+06,1.09058786220216174e+07
6082,3146,3139,3147,0,silica,4.96976228973156342e+00,2.45158713484732260e+00,-1.84346147030593851e+06,1.10503579211562537e+07
6083,609,610,3143,0,silica,4.84460972254640421e+00,2.37754814826573790e+00,-4.82794333801712003e+06,1.23094218995959852e+07
6084,611,612,3139,0,silica,4.96888007459967884e+00,2.37823700051754683e+00,-1.81117540905326838e+06,1.19903306292038150e+07
6085,613,614,3142,0,silica,5.09452506001353900e+00,2.37812334234189038e+00,1.09828668215114577e+06,1.20978131365682594e+07
6086,610,611,3145,0,silica,4.90641496619101325e+00,2.37811491648011897e+00,-3.35630940346841794e+06,1.20801957805606257e+07
6087,612,613,3152,0,silica,5.03167392524325141e+00,2.37827503627440207e+00,-3.21279344537773111e+05,1.19817783684326932e+07
6088,859,84,3163,0,silica,4.76558303105449443e+00,2.39351292510125724e+00,-6.64484621418594290e+06,1.31057457770769298e+07
6089,3145,3139,3146,0,silica,4.93792850662278582e+00,2.43310518748295035e+00,-2.64289671503093233e+06,1.06007674037529361e+07
6090,3147,3152,3157,0,silica,5.03464469801163261e+00,2.45080299263126777e+00,-1.26884203320751185e+05,1.10836787854155339e+07
6091,3151,3160,3166,0,silica,4.87715715344816747e+00,2.61511809307168663e+00,-3.94719584836071916e+06,6.23418155956935789e+06
6092,3152,3142,3157,0,silica,5.06592100872538165e+00,2.43232947112866649e+00,5.18316260463814426e+05,1.06373179522195812e+07
6093,84,609,3163,0,silica,4.78641636438782836e+00,2.37505939404213562e+00,-6.21868638753204327e+06,1.26647677540316377e+07
6094,3147,3139,3152,0,silica,5.00130274914272199e+00,2.43310890063644036e+00,-1.05154177478908538e+06,1.05743683116752803e+07
6095,3143,610,3145,0,silica,4.87602468873741746e+00,2.39566306474585700e+00,-4.26943888617622387e+06,1.26135905079477578e+07
6096,3139,612,3152,0,silica,5.00055399984293025e+00,2.39651203679194857e+00,-1.05485898364105215e+06,1.24169314035104942e+07
6097,611,3139,3145,0,silica,4.93779504079069209e+00,2.39635191699766592e+00,-2.65391405236839270e+06,1.24776995042376705e+07
6098,613,3142,3152,0,silica,5.06369898525679041e+00,2.39639837861629212e+00,5.31281554973716731e+05,1.24479564098092448e+07
6099,3145,3146,3153,0,silica,4.90671680456007753e+00,2.45088497893444712e+00,-3.55541347251005145e+06,1.11092156434624940e+07
6100,3146,3147,3148,0,silica,4.97199547707665079e+00,2.48897011443689165e+00,-1.85748089777935832e+06,9.12782236821161211e+06
6101,3146,3150,3153,0,silica,4.90642326224810521e+00,2.48780940486480384e+00,-3.48329171873840317e+06,9.07247055037819780e+06
6102,614,615,3161,0,silica,5.15756773903501209e+00,2.37598316379490493e+00,2.63815927946382482e+06,1.23634058520914838e+07
6103,3149,3157,3158,0,silica,5.06658720758744252e+00,2.50264609954953698e+00,5.35048279054355575e+05,9.81814709555683099e+06
6104,3148,3147,3149,0,silica,5.00488997294957283e+00,2.50341379617248094e+00,-6.56732316367320949e+05,9.68341871787912212e+06
6105,3143,3153,3154,0,silica,4.84263047414343273e+00,2.44526110479259051e+00,-5.45935998740718793e+06,1.13793848521114532e+07
6106,3143,3145,3153,0,silica,4.87619306127438801e+00,2.43167985671490028e+00,-4.21628182957258448e+06,1.07247981423959527e+07
6107,3149,3147,3157,0,silica,5.03599873447339608e+00,2.48372490857773975e+00,-1.79835486804885848e+05,9.30955088227701187e+06
6108,3146,3148,3150,0,silica,4.93986815165590176e+00,2.50741259300287611e+00,-2.57030861315397220e+06,9.60563484061626345e+06
6109,891,892,3155,0,silica,5.23333720888675469e+00,2.49814602707903965e+00,4.79158104684745707e+06,9.82249441893116012e+06
6110,890,891,3144,0,silica,5.23382134073127503e+00,2.44348399074707734e+00,4.61312456337707490e+06,1.14434146013215240e+07
6111,3142,614,3161,0,silica,5.12709279904855109e+00,2.39410650613679543e+00,2.20092135675373068e+06,1.26844140854464229e+07
6112,3144,3155,3156,0,silica,5.18133735550405294e+00,2.47059126150016173e+00,3.19435655467414809e+06,1.04193256502494421e+07
6113,3144,3156,3161,0,silica,5.16806788565231034e+00,2.44072882300797955e+00,3.59952485061696032e+06,1.13557487182814013e+07
6114,3154,3153,3165,0,silica,4.84005853974835709e+00,2.47885471619569175e+00,-5.12442391596207581e+06,9.58484349493846856e+06
6115,3153,3150,3165,0,silica,4.87332758456734094e+00,2.50219789404835824e+00,-4.85626206131755747e+06,9.80287064809598774e+06
6116,615,85,3167,0,silica,5.21538122757923261e+00,2.37302998121446995e+00,4.08011757374210330e+06,1.26588209454644378e+07
6117,3143,3154,3163,0,silica,4.81637846599429054e+00,2.42430370686568253e+00,-5.45423786190788262e+06,1.13842448595690522e+07
6118,3154,3165,3168,0,silica,4.81122708077792360e+00,2.49106147086438456e+00,-6.46817272897636332e+06,1.03347544045889843e+07
6119,85,890,3167,0,silica,5.23621456091256565e+00,2.39148351227359157e+00,4.40512588502403256e+06,1.30026727288470827e+07
6120,3144,891,3155,0,silica,5.21715854961802972e+00,2.47087606197504384e+00,5.14025931239456125e+06,1.04724834546162412e+07
6121,3149,3158,3162,0,silica,5.05507567518894874e+00,2.53901781449856401e+00,9.17335200612745248e+05,8.12460634166782349e+06
6122,860,3154,3168,0,silica,4.78168929262659503e+00,2.47682677331414203e+00,-7.35368006741320528e+06,1.00303160064537041e+07
6123,3159,3158,3164,0,silica,5.13191812056463537e+00,2.55756052046375082e+00,2.03560810650752997e+06,6.95114059316222183e+06
6124,3158,3156,3164,0,silica,5.13086323178003667e+00,2.50574041090734179e+00,2.30233522023364995e+06,9.82660280846671946e+06
6125,3161,615,3167,0,silica,5.18544896661424470e+00,2.38901314500937501e+00,3.60680181116867019e+06,1.29148366207467839e+07
6126,892,893,3140,0,silica,5.23227121361953440e+00,2.55704552351409831e+00,4.84982867706035543e+06,7.73089286915021855e+06
6127,862,861,3141,0,silica,4.76679440062129700e+00,2.55888085496378848e+00,-7.18620411426052079e+06,7.70219762198278401e+06
6128,3156,3155,3164,0,silica,5.16619655158628621e+00,2.49606795837814088e+00,3.65199450092262262e+06,9.46873599497428909e+06
6129,609,3143,3163,0,silica,4.81852608693423168e+00,2.39260754230787320e+00,-5.67558547594745550e+06,1.28541142805798706e+07
6130,3165,3141,3168,0,silica,4.80933576900582960e+00,2.52534469047665944e+00,-6.14955150625207834e+06,8.52948882340072654e+06
6131,3144,3161,3167,0,silica,5.19010364067885277e+00,2.41713654257873456e+00,3.36934507036096556e+06,1.16165180803057477e+07
6132,3158,3159,3162,0,silica,5.09144807482122363e+00,2.57626323347781350e+00,5.71823309919319116e+05,7.71716188809242193e+06
6133,3148,3149,3162,0,silica,5.01568504805321158e+00,2.53911973978939054e+00,-1.01022646862744796e+06,8.06516952808668092e+06
6134,861,860,3168,0,silica,4.76300358023320314e+00,2.50052397142968852e+00,-7.34186611209079716e+06,1.00167407909652330e+07
6135,3151,3148,3162,0,silica,4.98098031746027647e+00,2.57037535530558836e+00,-7.91859839182891767e+05,7.80865540253016446e+06
6136,892,3140,3155,0,silica,5.21560842250628909e+00,2.52538301768083784e+00,5.37749946696407255e+06,8.79994715665477701e+06
6137,3141,861,3168,0,silica,4.77979798085450103e+00,2.52959629348117554e+00,-7.94995840112543013e+06,8.91387053175498918e+06
6138,3140,3159,3164,0,silica,5.16618544510366551e+00,2.56618651836785583e+00,4.38879885709871259e+06,7.18393471011835057e+06
6139,890,3144,3167,0,silica,5.22003590164384068e+00,2.41960690984295113e+00,4.85763300202217046e+06,1.18525018118764106e+07
6140,3150,3148,3151,0,silica,4.93805791693588869e+00,2.55311189025466279e+00,-2.50263155964679737e+06,6.88693627524124086e+06
6141,863,862,3160,0,silica,4.77841061092534947e+00,2.64447865861401654e+00,-6.92497690869850107e+06,5.13419874391239136e+06
6142,3165,3150,3166,0,silica,4.86941585677444078e+00,2.53896779750402812e+00,-4.46536648382028565e+06,7.55463253546205442e+06
6143,3155,3140,3164,0,silica,5.18428895931979739e+00,2.52358974945482073e+00,3.23202696591819730e+06,8.67496042401674390e+06
6144,3150,3151,3166,0,silica,4.90070129973519197e+00,2.57027860557225996e+00,-4.49474391381420102e+06,7.53140609620390832e+06
6145,3141,3165,3166,0,silica,4.83425550018336292e+00,2.54990783926363607e+00,-6.40822888142526615e+06,8.30732212570627127e+06
6146,862,3141,3160,0,silica,4.79520501154664647e+00,2.60336632220033470e+00,-8.00632151011490729e+06,6.50749644239882380e+06
6147,3160,3141,3166,0,silica,4.83312832295738470e+00,2.59864490950469884e+00,-5.55807379358425085e+06,5.66856354155107494e+06
6148,661,99,3160,0,silica,4.86174394425868339e+00,2.75321216324323537e+00,-4.90281995610736310e+06,3.15898603059328068e+06
6149,99,863,3160,0,silica,4.77841061092534947e+00,2.71363721716033446e+00,-7.88639751996025071e+06,1.34729164145547850e+06
6150,100,661,3159,0,silica,5.13190036133728977e+00,2.74177570453345609e+00,2.77190229701585742e+06,3.61062268671944598e+06
6151,894,100,3159,0,silica,5.21523369467062281e+00,2.70220075845055518e+00,5.79248042199628800e+06,1.80700547636426915e+06
6152,893,894,3159,0,silica,5.21523369467062281e+00,2.63304219990423727e+00,4.12230114278686512e+06,4.92057054403776117e+06
6153,85,616,3174,0,silica,5.28646345748946356e+00,2.37392614543010083e+00,5.54886199517314881e+06,1.36526409559168611e+07
6154,890,85,3174,0,silica,5.26979679082279784e+00,2.39237967648922245e+00,6.00608519544519391e+06,1.30026727288470827e+07
6155,921,922,3169,0,silica,5.33395878324719330e+00,2.44382685054130278e+00,7.41999753643054888e+06,1.24371886961634625e+07
6156,892,891,3171,0,silica,5.26677090831897576e+00,2.49888673184934218e+00,6.84225658480499219e+06,9.82249441893116012e+06
6157,922,923,3171,0,silica,5.33343757498564219e+00,2.49888673184934218e+00,7.96386997199523821e+06,1.07812376052001175e+07
6158,891,890,3169,0,silica,5.26729211658052598e+00,2.44382685054130278e+00,6.35884592705829535e+06,1.14434146013215240e+07
6159,616,86,3174,0,silica,5.31979679082279677e+00,2.37392614543010083e+00,6.47745548148376402e+06,1.34439247022111882e+07
6160,86,921,3174,0,silica,5.33646345748946427e+00,2.39237967648922245e+00,7.06015425397476181e+06,1.40103216814953797e+07
6161,3169,922,3171,0,silica,5.31739635823283496e+00,2.47195962653957135e+00,8.13619302435453329e+06,1.10761043691820335e+07
6162,891,3169,3171,0,silica,5.28406302489950175e+00,2.47195962653957135e+00,6.15168692000390030e+06,1.10190216903725043e+07
6163,3169,890,3174,0,silica,5.28708890740332293e+00,2.42084593385280744e+00,5.85033375701637194e+06,1.23216221403656378e+07
6164,923,924,3170,0,silica,5.33333333333333126e+00,2.55935220619055803e+00,8.41206112950187549e+06,8.51534727267820202e+06
6165,893,892,3170,0,silica,5.26666666666666483e+00,2.55935220619055803e+00,7.41411285457431711e+06,7.73089286915021855e+06
6166,921,3169,3174,0,silica,5.32042224073665704e+00,2.42084593385280744e+00,7.52827885451477021e+06,1.26106643351497632e+07
6167,3170,892,3171,0,silica,5.28343757498564059e+00,2.52843040512759964e+00,6.48181954016395565e+06,9.13612920290078968e+06
6168,923,3170,3171,0,silica,5.31677090831897292e+00,2.52843040512759964e+00,8.83209668830570206e+06,9.14846264482709765e+06
6169,925,894,3172,0,silica,5.29999999999999805e+00,2.66459930457533156e+00,8.79655913137407228e+06,5.48565289525234140e+06
6170,924,925,3172,0,silica,5.33333333333333215e+00,2.63501569211191500e+00,8.65931669866149873e+06,5.62281968999851216e+06
6171,894,893,3172,0,silica,5.26666666666666572e+00,2.63501569211191500e+00,8.23116517648692988e+06,4.92057054403776117e+06
6172,100,894,3173,0,silica,5.26666666666666572e+00,2.74063758087564802e+00,8.87722981725723110e+06,1.80700547636426915e+06
6173,925,101,3173,0,silica,5.33333333333333215e+00,2.74063758087564802e+00,8.87722981725459918e+06,1.94290068931612000e+06
6174,3170,924,3172,0,silica,5.31666666666666288e+00,2.59437470692500272e+00,9.55974147558362968e+06,6.78546023292211443e+06
6175,893,3170,3172,0,silica,5.28333333333333055e+00,2.59437470692500272e+00,6.78687279195296206e+06,6.78546023292211443e+06
6176,894,925,3173,0,silica,5.29999999999999982e+00,2.70106263479274711e+00,8.79655913137407228e+06,1.87495308283887850e+06
6177,101,100,3173,0,silica,5.29999999999999982e+00,2.78021252695854892e+00,8.95790050313907489e+06,1.87495308284151065e+06
6178,952,953,3190,0,silica,5.83120713090407694e+00,2.44718367968626005e+00,2.72519677855716683e+07,3.64687247328869253e+07
6179,662,3187,3196,0,silica,5.67699592847576451e+00,2.68952022042479877e+00,3.07801132712001204e+07,6.87176544605945982e+06
6180,3176,3191,3194,0,silica,5.43208110475653516e+00,2.52347508463516457e+00,1.27830760992242992e+07,1.07482207699828204e+07
6181,952,3190,3199,0,silica,5.81562409984958872e+00,2.42533601160980128e+00,2.40278930712367035e+07,3.19368153293764107e+07
6182,3192,3178,3193,0,silica,5.50032645420038691e+00,2.44773346256018209e+00,1.31614628533298485e+07,1.60608406004829016e+07
6183,924,3176,3195,0,silica,5.40642253634393644e+00,2.59409474709881804e+00,1.20016750165963266e+07,9.68222381526569277e+06
6184,3194,3185,3195,0,silica,5.49890787558878191e+00,2.56098141562886994e+00,1.56913113865793664e+07,1.00904430458982177e+07
6185,662,3195,3198,0,silica,5.54311439045614307e+00,2.68648184437138893e+00,1.63622162626678552e+07,4.79275082722560875e+06
6186,3192,3193,3194,0,silica,5.49095742762646211e+00,2.48275162772336788e+00,1.35121570340903010e+07,1.30783929868556205e+07
6187,3187,662,3198,0,silica,5.61236908478238572e+00,2.67707276595789390e+00,2.20741695490249433e+07,3.84889871831640229e+06
6188,3178,3192,3197,0,silica,5.47001307402315273e+00,2.42707798002554975e+00,1.12464648855445273e+07,1.44464075626146123e+07
6189,3175,3182,3183,0,silica,5.63023771026848596e+00,2.45158713484731328e+00,1.81468240868276022e+07,2.03358493352102563e+07
6190,618,619,3178,0,silica,5.50547493998645976e+00,2.37812334234189082e+00,1.05843458593844604e+07,1.69197053941019997e+07
6191,620,621,3175,0,silica,5.63111992540032968e+00,2.37823700051754194e+00,1.31499849839542564e+07,2.14391052131266594e+07
6192,622,623,3179,0,silica,5.75539027745358833e+00,2.37754814826572725e+00,1.51707781487326231e+07,2.94493111043530628e+07
6193,619,620,3188,0,silica,5.56832607475675445e+00,2.37827503627440739e+00,1.19366925629949756e+07,1.88858516809502766e+07
6194,621,622,3181,0,silica,5.69358503380898551e+00,2.37811491648010076e+00,1.41419261055368595e+07,2.48607334692719616e+07
6195,87,952,3199,0,silica,5.83441696894550876e+00,2.39351292510125901e+00,2.20472958995135874e+07,4.10300567273959294e+07
6196,3185,3184,3198,0,silica,5.58598679673411969e+00,2.56120723178612764e+00,1.92730418419399373e+07,1.13520498907611463e+07
6197,3175,3181,3182,0,silica,5.66207149337723781e+00,2.43310518748290994e+00,1.66176435315952152e+07,2.11958377852650248e+07
6198,3188,3183,3193,0,silica,5.56574458740269673e+00,2.45098900534059760e+00,1.54721963351688758e+07,1.78736939195748679e+07
6199,3196,3187,3201,0,silica,5.72240595039831401e+00,2.61564024918299864e+00,2.63563808266890310e+07,1.53489354361041058e+07
6200,3178,3188,3193,0,silica,5.53446827668892372e+00,2.43251548383798522e+00,1.29236335545743909e+07,1.61845413359446898e+07
6201,623,87,3199,0,silica,5.81358363561217661e+00,2.37505939404213740e+00,1.58338018822690770e+07,3.46005104948802516e+07
6202,3175,3183,3188,0,silica,5.59869725085731762e+00,2.43310890063645324e+00,1.47303149794997964e+07,1.82823294581496604e+07
6203,620,3175,3188,0,silica,5.59944600015708449e+00,2.39651203679194902e+00,1.47343892753155511e+07,2.05454209365488701e+07
6204,3178,619,3188,0,silica,5.53630101474321545e+00,2.39639837861629834e+00,1.29080939297523294e+07,1.83546919868967235e+07
6205,3175,621,3181,0,silica,5.66220495920931555e+00,2.39635191699764283e+00,1.66308878700314127e+07,2.34521655339487530e+07
6206,622,3179,3181,0,silica,5.72397531126257419e+00,2.39566306474582769e+00,1.87035162766365595e+07,2.75253371118467897e+07
6207,3182,3181,3189,0,silica,5.69329138661320044e+00,2.45095539967445442e+00,2.08367683882871233e+07,2.35467059626635909e+07
6208,3183,3182,3184,0,silica,5.62829940516180116e+00,2.49150526107820314e+00,1.81713138123510927e+07,1.69774833748149462e+07
6209,3186,3182,3189,0,silica,5.69363407596488713e+00,2.48830235004506228e+00,2.07262880535820760e+07,2.00954706778787300e+07
6210,617,618,3197,0,silica,5.44285388176847373e+00,2.37546162268705485e+00,9.24391188049587235e+06,1.54673922957134619e+07
6211,3183,3184,3185,0,silica,5.59501257840750199e+00,2.51029040832131889e+00,1.85921094855245017e+07,1.67999183495629393e+07
6212,3189,3179,3190,0,silica,5.75727056032729312e+00,2.44545844748335606e+00,2.41213232472799271e+07,2.77072209387716651e+07
6213,3181,3179,3189,0,silica,5.72381512989886687e+00,2.43175027745491468e+00,1.86275961614835523e+07,2.48277209709937461e+07
6214,3183,3185,3193,0,silica,5.56399822005956413e+00,2.48825238679457383e+00,1.55374898028201479e+07,1.48908231743249111e+07
6215,3193,3185,3194,0,silica,5.52335288277186631e+00,2.50479703045514679e+00,1.52808097877485082e+07,1.50240328455925360e+07
6216,3184,3182,3186,0,silica,5.66047587762223969e+00,2.51037026408440722e+00,2.21546924469663016e+07,1.92763971431142427e+07
6217,923,922,3191,0,silica,5.36994157642935388e+00,2.49834885333897994e+00,1.02376516521729454e+07,1.07812376052001175e+07
6218,922,921,3180,0,silica,5.36617865926872639e+00,2.44348399074707601e+00,9.21833352873744816e+06,1.24371886961634625e+07
6219,618,3178,3197,0,silica,5.47332882175493385e+00,2.39358496502894580e+00,1.09575131304315366e+07,1.67211806421328336e+07
6220,3191,3180,3192,0,silica,5.42447115463296559e+00,2.46766484111299000e+00,1.12171130678102858e+07,1.23070864231754914e+07
6221,3192,3180,3197,0,silica,5.43488345997208544e+00,2.43707803525301658e+00,1.06331429338049125e+07,1.47184197488536816e+07
6222,3189,3190,3200,0,silica,5.75968674673421699e+00,2.47931443203070723e+00,2.35489522082727812e+07,2.46153841039502323e+07
6223,3186,3189,3200,0,silica,5.72657400565747832e+00,2.50295321237287283e+00,2.58742035863803476e+07,2.27734341555416360e+07
6224,86,617,3202,0,silica,5.38461877242077147e+00,2.37302998121447573e+00,7.92738686384811345e+06,1.45457965807109065e+07
6225,3190,3179,3199,0,silica,5.78351437730317741e+00,2.42443062881640659e+00,2.03436295952132605e+07,3.12313687767309919e+07
6226,921,86,3202,0,silica,5.36378543908743755e+00,2.39148351227359734e+00,8.43351712443111278e+06,1.40103216814953797e+07
6227,922,3180,3191,0,silica,5.38612023569808063e+00,2.47107888823498234e+00,9.35942333952363953e+06,1.26970624609545134e+07
6228,3176,3194,3195,0,silica,5.44836178308980568e+00,2.56972814648354619e+00,1.21833697518690489e+07,9.57831631031012535e+06
6229,3190,953,3203,0,silica,5.81812569346303565e+00,2.47705882204771166e+00,2.95563735973770581e+07,2.79505098383323252e+07
6230,3200,3190,3203,0,silica,5.78843215732354910e+00,2.49155589274219347e+00,2.95462103329483755e+07,2.79540266348288134e+07
6231,617,3197,3202,0,silica,5.41497265418924467e+00,2.38849160390153026e+00,9.42502915419834107e+06,1.53558686987622064e+07
6232,924,923,3176,0,silica,5.37020028158131257e+00,2.55718661937676384e+00,1.12378459954218287e+07,8.51534727267820202e+06
6233,954,955,3177,0,silica,5.83307921803019980e+00,2.55901719378299708e+00,3.35391974048088416e+07,2.21807613029866777e+07
6234,3195,3185,3198,0,silica,5.53052743120309831e+00,2.59535359543310529e+00,1.72264231003276035e+07,1.15320630228636358e+07
6235,3179,623,3199,0,silica,5.78147391306576619e+00,2.39260754230786432e+00,2.06007176808356084e+07,3.29385745092574842e+07
6236,3197,3180,3202,0,silica,5.41031798012463838e+00,2.41661500147088892e+00,9.67586908592187800e+06,1.36467240416554622e+07
6237,3184,3187,3198,0,silica,5.62071737174269703e+00,2.58856122603965977e+00,2.35420572632958405e+07,1.39872809020340536e+07
6238,953,954,3203,0,silica,5.83691856255895747e+00,2.50062909821252477e+00,3.18849202054417394e+07,3.06174485019465052e+07
6239,3177,3200,3203,0,silica,5.79030424444967196e+00,2.52584852922294356e+00,2.86782594503458180e+07,2.32657885906923860e+07
6240,3176,923,3191,0,silica,5.39014185801066592e+00,2.52572693980344321e+00,1.02390912394869514e+07,1.07843096054968629e+07
6241,3180,921,3202,0,silica,5.37996409835616429e+00,2.41960690984295601e+00,8.37181749697454367e+06,1.38534951600504667e+07
6242,954,3177,3203,0,silica,5.81999778058915851e+00,2.52983775908322128e+00,3.51059361556792781e+07,2.46532061776227914e+07
6243,3184,3186,3187,0,silica,5.66191962587651876e+00,2.55650940558105555e+00,2.16599606323560476e+07,1.50368763448318858e+07
6244,955,956,3196,0,silica,5.82151897938689711e+00,2.64456097048033145e+00,3.46546241616850644e+07,1.38669711977712810e+07
6245,3186,3200,3201,0,silica,5.73047754227706907e+00,2.53965269508865221e+00,2.50761403419631831e+07,1.84048284993408956e+07
6246,3187,3186,3201,0,silica,5.69898136083875517e+00,2.57114097425748911e+00,2.70068836799020953e+07,1.68465891165949032e+07
6247,3200,3177,3201,0,silica,5.76546237047993060e+00,2.55030655122723671e+00,3.14510526076819599e+07,2.08584210024268888e+07
6248,3177,955,3196,0,silica,5.80459819741709726e+00,2.60358497288585866e+00,3.70720904327485636e+07,1.69334569009054750e+07
6249,3177,3196,3201,0,silica,5.76667488600631373e+00,2.59886356019037557e+00,2.93686404922119677e+07,1.43022671304365434e+07
6250,662,101,3195,0,silica,5.46955558809595743e+00,2.74563482372874290e+00,1.63935295080519803e+07,4.76561579585346207e+06
6251,101,925,3195,0,silica,5.38622225476262440e+00,2.70605987764584199e+00,1.21569792066944502e+07,1.94290068931612000e+06
6252,102,662,3196,0,silica,5.73818564605356318e+00,2.75329447510955028e+00,3.10445433879247420e+07,7.18231978602807969e+06
6253,956,102,3196,0,silica,5.82151897938689711e+00,2.71371952902664937e+00,3.72802164189666882e+07,3.37980750187708810e+06
6254,925,924,3195,0,silica,5.38622225476262440e+00,2.63690131909952452e+00,1.36595595803136919e+07,5.62281968999851216e+06
6255,3191,3192,3194,0,silica,5.45023174211010808e+00,2.49268295104870941e+00,1.19390856818690300e+07,1.33656768932103533e+07
6256,3205,3210,3211,0,silica,5.91585899685701122e+00,2.45895054594009821e+00,4.32912570478424206e+07,3.89784215788880736e+07
6257,3209,3205,3211,0,silica,5.93851024304144204e+00,2.48034684281956119e+00,4.76669583435612693e+07,4.36450279243917838e+07
6258,954,953,3205,0,silica,5.86599541629472210e+00,2.49845063718792648e+00,3.97007099238066077e+07,3.06174485019465052e+07
6259,984,985,3209,0,silica,5.98682157906876267e+00,2.49881675862667940e+00,5.74402844291014448e+07,3.40454614038382471e+07
6260,624,625,3204,0,silica,5.92500000000015259e+00,2.37230235403947276e+00,1.61006406456713099e+07,6.18215285195265114e+07
6261,953,952,3210,0,silica,5.86417033288433043e+00,2.44048063013298222e+00,3.16969008808249272e+07,3.64687247328869253e+07
6262,983,984,3211,0,silica,5.98569324767795763e+00,2.44304088976657674e+00,5.79702033408795521e+07,5.16257090828453004e+07
6263,3207,3205,3209,0,silica,5.93523622673461571e+00,2.51911728162755599e+00,4.79314854158407375e+07,2.85978788575831577e+07
6264,3205,953,3210,0,silica,5.88016574917905377e+00,2.46817731146983510e+00,3.44245595553940758e+07,3.97479093344258294e+07
6265,3210,3204,3211,0,silica,5.92486358056232643e+00,2.42510268758359615e+00,4.11462090358959958e+07,5.70108449251746312e+07
6266,984,3209,3211,0,silica,5.97251482674672030e+00,2.47110369254218298e+00,6.37380033831013218e+07,4.26823273114953190e+07
6267,985,986,3207,0,silica,5.98241923137113130e+00,2.55935220619055803e+00,5.40423849775983170e+07,2.26077586312014759e+07
6268,956,955,3206,0,silica,5.87453473616993804e+00,2.63445416039370750e+00,4.51848187256965190e+07,1.38669711977712810e+07
6269,88,983,3213,0,silica,5.98880531620231604e+00,2.39014076739661219e+00,4.30249081249222159e+07,1.08228984914146543e+08
6270,952,87,3214,0,silica,5.86116739991017965e+00,2.38962871546989319e+00,2.33875302798619047e+07,4.10300567273959294e+07
6271,3204,3210,3214,0,silica,5.90033773279454810e+00,2.40859757540550889e+00,2.83737949741829671e+07,4.62194254883704334e+07
6272,3211,3204,3213,0,silica,5.94949856388031062e+00,2.41166988696582241e+00,3.57219051611961350e+07,6.07827035223961174e+07
6273,3210,952,3214,0,silica,5.87533773279451044e+00,2.41474875242515807e+00,2.69671246340636425e+07,4.65223427644533888e+07
6274,983,3211,3213,0,silica,5.97449856388027367e+00,2.41782106398547159e+00,6.79159557618633211e+07,6.70473014149285108e+07
6275,985,3207,3209,0,silica,5.96924081043989307e+00,2.52836043190493642e+00,5.94032567713075951e+07,3.11313246727033965e+07
6276,955,954,3212,0,silica,5.86432392181844264e+00,2.55935220619055803e+00,4.27587560941287205e+07,2.21807613029866777e+07
6277,103,102,3208,0,silica,5.92493353373856113e+00,2.77492326096774589e+00,4.76578871687575132e+07,4.45725428465349134e+06
6278,3204,625,3213,0,silica,5.94713864953593685e+00,2.38398959037696345e+00,3.63802633102690876e+07,7.55584812198323160e+07
6279,624,3204,3214,0,silica,5.90283406657674892e+00,2.38347753845024402e+00,2.77451791690452546e+07,5.39337843757025450e+07
6280,87,624,3214,0,silica,5.87783406657671126e+00,2.37117518441077157e+00,1.61732705367577728e+07,4.82392911029344872e+07
6281,625,88,3213,0,silica,5.97213864953589990e+00,2.37168723633749057e+00,1.79336712924493775e+07,8.41952053001166880e+07
6282,954,3205,3212,0,silica,5.88031933811316687e+00,2.52799431046618395e+00,3.82217487954228967e+07,2.80580831100240871e+07
6283,986,987,3206,0,silica,5.97453473616993858e+00,2.63445416039370750e+00,5.13554438554882556e+07,1.28150615270013418e+07
6284,3205,3207,3212,0,silica,5.91273856948429710e+00,2.53905168318968144e+00,4.76401593612783551e+07,2.88335715659359917e+07
6285,3206,955,3212,0,silica,5.88885865798838193e+00,2.59381317520679566e+00,4.16947798464518413e+07,2.08024671123603620e+07
6286,987,103,3208,0,silica,5.97493353373856184e+00,2.73534831488484498e+00,4.91238313753153607e+07,2.99191060709060635e+06
6287,102,956,3208,0,silica,5.87493353373856042e+00,2.73534831488484498e+00,4.65742520901449174e+07,3.37980750187643012e+06
6288,986,3206,3207,0,silica,5.95695396754106898e+00,2.59381317520679522e+00,5.52061252927821279e+07,2.07574593117406070e+07
6289,3207,3206,3212,0,silica,5.92127788935951305e+00,2.58275580248329995e+00,4.76401593612783551e+07,1.82085424131080806e+07
6290,956,3206,3208,0,silica,5.89946826990850060e+00,2.67853597990777104e+00,4.26084977146616876e+07,1.01999798290168177e+07
6291,3206,987,3208,0,silica,5.94946826990850042e+00,2.67853597990777104e+00,5.32158143252128586e+07,1.00666855911745261e+07
6292,3215,3220,3221,0,silica,6.20604277203633004e+00,2.47166747773678219e+00,7.99948985979127586e+07,-5.04063204286708788e+05
6293,3215,3221,3224,0,silica,6.17346531148678945e+00,2.44199239277216895e+00,8.99497676712313145e+07,6.90228997213766072e+06
6294,636,637,3236,0,silica,8.49714295045714785e+00,2.43333333333333313e+00,1.68832288116923757e+07,-2.85097911353187542e+06
6295,663,3227,3228,0,silica,6.21750623529448898e+00,2.68271381322363744e+00,6.64176260372015312e+07,4.46581557381734834e+05
6296,637,638,3235,0,silica,9.09828577027428764e+00,2.43333333333333313e+00,9.73383402988898195e+06,-2.48732545204015728e+06
6297,638,89,3233,0,silica,9.69942859009142921e+00,2.43333333333333313e+00,3.13989021472789720e+06,-2.33399218034063792e+06
6298,3224,3221,3229,0,silica,6.13688966422027971e+00,2.45497836783997592e+00,8.56734051692757756e+07,8.09287316183926072e+06
6299,635,636,3237,0,silica,7.90744634786490508e+00,2.43333333333333313e+00,2.55684945304109119e+07,-3.62708491022606799e+06
6300,666,665,3231,0,silica,7.37807860434660512e+00,2.73507750466271515e+00,3.62989346332902312e+07,-5.17471695537536126e+06
6301,3217,3224,3229,0,silica,6.11067100527070917e+00,2.42904362611841229e+00,9.86896904627616256e+07,2.05926652492180243e+07
6302,3220,3218,3228,0,silica,6.29525486832483949e+00,2.53233224022473680e+00,7.38844010972918272e+07,-1.05048480468953121e+06
6303,104,669,3233,0,silica,9.70696140308732858e+00,2.72666666666666657e+00,3.09786606381710526e+06,-2.33430485859204736e+06
6304,669,668,3235,0,silica,9.12088420926198751e+00,2.72666666666666657e+00,9.51139758896389231e+06,-2.49224927811580151e+06
6305,668,667,3236,0,silica,8.53480701543664999e+00,2.72666666666666657e+00,1.65679653819405399e+07,-2.86241637370333634e+06
6306,667,666,3237,0,silica,7.95101906505628975e+00,2.72666666666666657e+00,2.50660428380424567e+07,-3.64641903896864876e+06
6307,627,628,3224,0,silica,6.14937104732312889e+00,2.37873386795894559e+00,1.04970087478598773e+08,3.91576496622934332e+06
6308,626,627,3217,0,silica,6.08922369526832341e+00,2.37578171561137497e+00,1.21347847979535356e+08,2.07160457487438582e+07
6309,3222,3227,3234,0,silica,6.12399316079472644e+00,2.57527045120062192e+00,7.32383725374002755e+07,1.25719008869879711e+07
6310,3221,3220,3222,0,silica,6.19296808182136971e+00,2.51460793531448301e+00,7.79338617991172671e+07,7.55804421247844677e+06
6311,3217,627,3224,0,silica,6.11761289732843494e+00,2.39451558357032113e+00,1.00908019595638096e+08,5.69931484358488023e+06
6312,628,629,3215,0,silica,6.21276916657674594e+00,2.38154206748028452e+00,9.26596793235701174e+07,-5.21010886910253484e+06
6313,985,984,3226,0,silica,6.01599541629472245e+00,2.49845063718792826e+00,7.12091155641777366e+07,3.40454614038382471e+07
6314,3226,3229,3234,0,silica,6.08411885727262103e+00,2.49830062981064893e+00,7.62918720204394907e+07,1.80618429675542451e+07
6315,3221,3222,3234,0,silica,6.14657582961583326e+00,2.52382135725750478e+00,7.47063872358802855e+07,7.83235111264522001e+06
6316,664,663,3230,0,silica,6.46153907758224477e+00,2.74694065615210370e+00,6.31342876873973534e+07,-3.45416637917544320e+06
6317,984,983,3225,0,silica,6.01544138640432724e+00,2.44304088976657630e+00,8.33756213088282347e+07,5.16257090828453004e+07
6318,628,3215,3224,0,silica,6.17900480253191375e+00,2.40027593543923023e+00,9.14699964769433737e+07,-4.68711205896655004e+06
6319,88,626,3239,0,silica,6.03303120086083222e+00,2.37238310865187074e+00,1.64077685637283742e+08,5.77312495440542176e+07
6320,3227,3216,3234,0,silica,6.08194777464310476e+00,2.57647938673107557e+00,6.80576155621995628e+07,1.22265544873252194e+07
6321,3229,3221,3234,0,silica,6.12307487256428384e+00,2.49386687474761137e+00,8.24711766514760554e+07,1.76999139938511066e+07
6322,983,88,3239,0,silica,6.01286755998366207e+00,2.39083663971099236e+00,1.15481141727231547e+08,1.08228984914146543e+08
6323,3219,3218,3220,0,silica,6.29892842027434252e+00,2.47204341803555883e+00,7.29584484077836126e+07,-6.43653701754083578e+06
6324,984,3225,3226,0,silica,6.03143680269905058e+00,2.47073757110343095e+00,7.20260579544706494e+07,3.26317298048237190e+07
6325,3226,3225,3229,0,silica,6.06482219239566334e+00,2.46835855153292627e+00,8.57540944371526241e+07,3.22199389430072308e+07
6326,3215,3219,3220,0,silica,6.24490550437907554e+00,2.45254379349558116e+00,8.27239548872541785e+07,-1.63860323566234577e+06
6327,665,664,3238,0,silica,6.89871484706908422e+00,2.72544137512532592e+00,5.09257347443475276e+07,-5.17134936728096008e+06
6328,3225,3217,3229,0,silica,6.07755954873775561e+00,2.43799005474832553e+00,8.93021433385249823e+07,2.29225436327205263e+07
6329,986,985,3216,0,silica,6.01484096059654139e+00,2.55859293138214339e+00,6.55714222425336391e+07,2.26077586312014759e+07
6330,626,3217,3239,0,silica,6.06176397349764695e+00,2.38816482426324583e+00,1.10891030021539181e+08,2.63938727401310317e+07
6331,663,3228,3230,0,silica,6.34236411301403979e+00,2.68315558476635196e+00,6.64576098286971599e+07,4.43537408867424121e+05
6332,3228,3218,3230,0,silica,6.37135120532284915e+00,2.57753061011994822e+00,6.75195932202252150e+07,-6.19883233478490822e+06
6333,629,630,3219,0,silica,6.28804423494602194e+00,2.38259277309173712e+00,8.18796998417214751e+07,-1.00483168673824873e+07
6334,634,635,3231,0,silica,7.38344763631585721e+00,2.44174417132938215e+00,3.50751859118836597e+07,-5.82658273395449575e+06
6335,3216,3226,3234,0,silica,6.06557442817254877e+00,2.52946404785099599e+00,7.27624743948493153e+07,2.38279931234970689e+07
6336,3216,985,3226,0,silica,6.03083637689126473e+00,2.52723503565777108e+00,6.50412296711317003e+07,2.33718382821818143e+07
6337,637,668,3236,0,silica,8.71384498522064632e+00,2.57999999999999963e+00,1.67093563688817490e+07,-3.06769259167243121e+06
6338,636,667,3237,0,silica,8.12252422184438494e+00,2.57999999999999963e+00,2.52805617028013840e+07,-3.96218586572719365e+06
6339,664,3223,3238,0,silica,6.77661850656405562e+00,2.63634545454790148e+00,5.06260040613229126e+07,-5.63581701615119167e+06
6340,638,669,3235,0,silica,9.30745499204188498e+00,2.57999999999999963e+00,9.61655694946007244e+06,-2.63952220105550997e+06
6341,89,104,3233,0,silica,9.90106499886312719e+00,2.57999999999999963e+00,3.11876225642961496e+06,-2.36249619731710199e+06
6342,3225,983,3239,0,silica,6.02830894638799020e+00,2.41851693629985087e+00,8.63944647612915188e+07,4.65735455599486530e+07
6343,669,638,3233,0,silica,9.50532499431563060e+00,2.57999999999999963e+00,3.11979394142226176e+06,-2.30584787729465915e+06
6344,3217,3225,3239,0,silica,6.05704171902480493e+00,2.41584512085210434e+00,1.07322502305612311e+08,4.30523012511189058e+07
6345,668,637,3235,0,silica,8.91171498749439195e+00,2.57999999999999963e+00,9.63290869196781516e+06,-2.34079863223414775e+06
6346,3222,3220,3228,0,silica,6.22815726221461219e+00,2.55577307326245950e+00,7.24713378498428166e+07,-6.81144513122549048e+05
6347,667,636,3236,0,silica,8.31810498067315329e+00,2.57999999999999963e+00,1.67478387860733159e+07,-2.64746165050488710e+06
6348,666,635,3237,0,silica,7.73594119107680900e+00,2.57999999999999963e+00,2.53518647030136511e+07,-3.31060971557667013e+06
6349,635,666,3231,0,silica,7.54947686690141406e+00,2.58841083799604865e+00,3.60859491765313148e+07,-4.84565294745880179e+06
6350,987,986,3227,0,silica,6.03236876276527934e+00,2.63776537998017035e+00,6.28432351374076009e+07,1.28150615270013418e+07
6351,630,631,3218,0,silica,6.38848284589546722e+00,2.40104169202026263e+00,7.15517010631593019e+07,-1.19451355571364481e+07
6352,3215,629,3219,0,silica,6.24609240787436804e+00,2.40413484057202176e+00,8.31222464344679266e+07,-1.06806210393174645e+07
6353,633,634,3238,0,silica,7.00104472771626352e+00,2.43210804179199291e+00,4.39327899381170198e+07,-8.09311773633537721e+06
6354,631,632,3232,0,silica,6.53801492853239541e+00,2.39844395218565509e+00,6.24159267582850158e+07,-1.28517907945561111e+07
6355,632,633,3223,0,silica,6.73623518371175933e+00,2.41757074608924194e+00,5.35513367468851879e+07,-1.11343727525635231e+07
6356,630,3218,3219,0,silica,6.32971098082229844e+00,2.42363446511200031e+00,7.73741664537731558e+07,-1.36576257943279687e+07
6357,3223,664,3230,0,silica,6.60899228599928890e+00,2.65784473557467926e+00,6.13094306176700145e+07,-1.66268430767410737e+06
6358,986,3216,3227,0,silica,6.04720972336181983e+00,2.59636511998484343e+00,6.09275572372632921e+07,1.67753584201652221e+07
6359,634,3231,3238,0,silica,7.17235582533898963e+00,2.51385221312137475e+00,4.11097548396185264e+07,-1.06784655696048401e+07
6360,3223,3230,3232,0,silica,6.57662264125849649e+00,2.54962202109366709e+00,5.82051213884066641e+07,-9.00411070261605270e+06
6361,3231,665,3238,0,silica,7.14601251516605362e+00,2.66051887978804125e+00,4.02930142132390514e+07,4.89302340944309195e+05
6362,3230,3218,3232,0,silica,6.45815652515026173e+00,2.53309296702468778e+00,6.69898563848940730e+07,-5.86382491884366982e+06
6363,3218,631,3232,0,silica,6.45351591366773025e+00,2.43948564420591785e+00,6.65195622346688136e+07,-1.54520479395047650e+07
6364,632,3223,3232,0,silica,6.62787896849672276e+00,2.45601469827489716e+00,5.99252259695767835e+07,-1.48950073673536759e+07
6365,3223,633,3238,0,silica,6.85260507703830068e+00,2.48967878788123498e+00,5.18230006794824377e+07,-1.24208384855516478e+07
6366,663,103,3227,0,silica,6.12736562331486123e+00,2.74649888460938874e+00,6.23261706474266574e+07,5.23601569085881207e+06
6367,103,987,3227,0,silica,6.03236876276527934e+00,2.70692393852648783e+00,5.86169734221278504e+07,2.99191060709060635e+06
6368,3227,3222,3228,0,silica,6.17939572149307015e+00,2.60052967161495596e+00,6.77393240624900907e+07,7.87144209353330545e+06
