node_id,y_um,z_um,jax_temperature_K,elmer_temperature_K,elmer_minus_jax_K
0,-1.00000000000000000e+01,-2.50000000000000000e+00,3.00000000000000000e+02,3.00000000000000000e+02,0.00000000000000000e+00
1,-6.00000000000000000e+00,-2.50000000000000000e+00,3.00000000000000000e+02,3.00000000000000000e+02,0.00000000000000000e+00
2,-5.84999999999999876e+00,-2.50000000000000000e+00,3.00000000000000000e+02,2.99999999999999943e+02,-5.68434188608080149e-14
3,-5.34999999999999964e+00,-2.50000000000000000e+00,3.00000000000000000e+02,3.00000000000000000e+02,0.00000000000000000e+00
4,-5.25000000000000000e+00,-2.50000000000000000e+00,3.00000000000000000e+02,3.00000000000000114e+02,1.13686837721616030e-13
5,-4.74999999999999911e+00,-2.50000000000000000e+00,3.00000000000000000e+02,2.99999999999999943e+02,-5.68434188608080149e-14
6,-4.00000000000000000e+00,-2.50000000000000000e+00,3.00000000000000000e+02,3.00000000000000114e+02,1.13686837721616030e-13
7,0.00000000000000000e+00,-2.50000000000000000e+00,3.00000000000000000e+02,3.00000000000000114e+02,1.13686837721616030e-13
8,4.00000000000000000e+00,-2.50000000000000000e+00,3.00000000000000000e+02,3.00000000000000000e+02,0.00000000000000000e+00
9,4.74999999999999911e+00,-2.50000000000000000e+00,3.00000000000000000e+02,3.00000000000000000e+02,0.00000000000000000e+00
10,5.25000000000000000e+00,-2.50000000000000000e+00,3.00000000000000000e+02,3.00000000000000114e+02,1.13686837721616030e-13
11,5.34999999999999964e+00,-2.50000000000000000e+00,3.00000000000000000e+02,3.00000000000000000e+02,0.00000000000000000e+00
12,5.84999999999999876e+00,-2.50000000000000000e+00,3.00000000000000000e+02,2.99999999999999943e+02,-5.68434188608080149e-14
13,6.00000000000000000e+00,-2.50000000000000000e+00,3.00000000000000000e+02,2.99999999999999943e+02,-5.68434188608080149e-14
14,1.00000000000000000e+01,-2.50000000000000000e+00,3.00000000000000000e+02,2.99999999999999943e+02,-5.68434188608080149e-14
15,-1.00000000000000000e+01,-2.00000000000000000e+00,3.00003900990407828e+02,3.00003900990408056e+02,2.27373675443232059e-13
16,-6.00000000000000000e+00,-2.00000000000000000e+00,3.00007909303086592e+02,3.00007909303087160e+02,5.68434188608080149e-13
17,-5.84999999999999876e+00,-2.00000000000000000e+00,3.00008225167889407e+02,3.00008225167890089e+02,6.82121026329696178e-13
18,-5.34999999999999964e+00,-2.00000000000000000e+00,3.00009338804914194e+02,3.00009338804914591e+02,3.97903932025656104e-13
19,-5.25000000000000000e+00,-2.00000000000000000e+00,3.00009597350921240e+02,3.00009597350921524e+02,2.84217094304040074e-13
20,-4.74999999999999911e+00,-2.00000000000000000e+00,3.00010992578749551e+02,3.00010992578750006e+02,4.54747350886464119e-13
21,-4.00000000000000000e+00,-2.00000000000000000e+00,3.00013631844371560e+02,3.00013631844371957e+02,3.97903932025656104e-13
22,0.00000000000000000e+00,-2.00000000000000000e+00,3.00048600795214327e+02,3.00048600795214440e+02,1.13686837721616030e-13
23,4.00000000000000000e+00,-2.00000000000000000e+00,3.00122834828849022e+02,3.00122834828849420e+02,3.97903932025656104e-13
24,4.74999999999999911e+00,-2.00000000000000000e+00,3.00130557107718573e+02,3.00130557107719142e+02,5.68434188608080149e-13
25,5.25000000000000000e+00,-2.00000000000000000e+00,3.00132484010890380e+02,3.00132484010890948e+02,5.68434188608080149e-13
26,5.34999999999999964e+00,-2.00000000000000000e+00,3.00132477516184679e+02,3.00132477516185247e+02,5.68434188608080149e-13
27,5.84999999999999876e+00,-2.00000000000000000e+00,3.00130755375635999e+02,3.00130755375636113e+02,1.13686837721616030e-13
28,6.00000000000000000e+00,-2.00000000000000000e+00,3.00129649300769927e+02,3.00129649300770097e+02,1.70530256582424045e-13
29,1.00000000000000000e+01,-2.00000000000000000e+00,3.00092212265687579e+02,3.00092212265687522e+02,-5.68434188608080149e-14
30,-1.00000000000000000e+01,0.00000000000000000e+00,3.01543516900310522e+02,3.01543516900390330e+02,7.98081600805744529e-11
31,-6.00000000000000000e+00,0.00000000000000000e+00,3.03316787491552304e+02,3.03316787491806394e+02,2.54090082307811826e-10
32,-5.84999999999999876e+00,0.00000000000000000e+00,3.03689869124889015e+02,3.03689869125193127e+02,3.04112290905322880e-10
33,-5.34999999999999964e+00,0.00000000000000000e+00,3.03714943498177718e+02,3.03714943498484843e+02,3.07124992104945704e-10
34,-5.25000000000000000e+00,0.00000000000000000e+00,3.04051361467279378e+02,3.04051361467578488e+02,2.99110070045571774e-10
35,-4.74999999999999911e+00,0.00000000000000000e+00,3.04077559769243862e+02,3.04077559769540755e+02,2.96893176710000262e-10
36,-4.00000000000000000e+00,0.00000000000000000e+00,3.05374209719579710e+02,3.05374209719755186e+02,1.75475634023314342e-10
37,0.00000000000000000e+00,0.00000000000000000e+00,3.19639777351256726e+02,3.19639777351348357e+02,9.16315912036225200e-11
38,4.00000000000000000e+00,0.00000000000000000e+00,3.54778829319670365e+02,3.54778829319855220e+02,1.84854798135347664e-10
39,4.74999999999999911e+00,0.00000000000000000e+00,3.62209635475797825e+02,3.62209635476053052e+02,2.55226950685027987e-10
40,5.25000000000000000e+00,0.00000000000000000e+00,3.62250526599303214e+02,3.62250526599559976e+02,2.56761722994269803e-10
41,5.34999999999999964e+00,0.00000000000000000e+00,3.61964487656052597e+02,3.61964487656329879e+02,2.77282197203021497e-10
42,5.84999999999999876e+00,0.00000000000000000e+00,3.61885287509351940e+02,3.61885287509626551e+02,2.74610556516563520e-10
43,6.00000000000000000e+00,0.00000000000000000e+00,3.58378108738512992e+02,3.58378108738752132e+02,2.39140263147419319e-10
44,1.00000000000000000e+01,0.00000000000000000e+00,3.37376967281959026e+02,3.37376967282060718e+02,1.01692876341985539e-10
45,-1.00000000000000000e+01,2.19999999999999973e-01,3.01682694732511379e+02,3.01682694732597952e+02,8.65725269250106066e-11
46,-6.00000000000000000e+00,2.19999999999999973e-01,3.03512019742157861e+02,3.03512019742418545e+02,2.60683918895665556e-10
47,-5.84999999999999876e+00,2.19999999999999973e-01,3.03696829475855452e+02,3.03696829476159849e+02,3.04396507999626920e-10
48,-5.34999999999999964e+00,2.19999999999999973e-01,3.03720471246474119e+02,3.03720471246781415e+02,3.07295522361528128e-10
49,-5.25000000000000000e+00,2.19999999999999973e-01,3.04057141114108106e+02,3.04057141114407273e+02,2.99166913464432582e-10
50,-4.74999999999999911e+00,2.19999999999999973e-01,3.04087613460459124e+02,3.04087613460756415e+02,2.97291080642025918e-10
51,-4.00000000000000000e+00,2.19999999999999973e-01,3.05858294175033052e+02,3.05858294175217566e+02,1.84513737622182816e-10
52,0.00000000000000000e+00,2.19999999999999973e-01,3.21495058208902265e+02,3.21495058209001570e+02,9.93054527498316020e-11
53,4.00000000000000000e+00,2.19999999999999973e-01,3.61345552112716234e+02,3.61345552112917119e+02,2.00884642254095525e-10
54,4.74999999999999911e+00,2.19999999999999973e-01,3.62396394620410945e+02,3.62396394620666740e+02,2.55795384873636067e-10
55,5.25000000000000000e+00,2.19999999999999973e-01,3.62378492798107231e+02,3.62378492798363993e+02,2.56761722994269803e-10
56,5.34999999999999964e+00,2.19999999999999973e-01,3.62091634065829794e+02,3.62091634066107588e+02,2.77793787972768769e-10
57,5.84999999999999876e+00,2.19999999999999973e-01,3.62062571614397484e+02,3.62062571614672436e+02,2.74951617029728368e-10
58,6.00000000000000000e+00,2.19999999999999973e-01,3.63457103260076508e+02,3.63457103260327131e+02,2.50622633757302538e-10
59,1.00000000000000000e+01,2.19999999999999973e-01,3.40931116939509479e+02,3.40931116939620438e+02,1.10958353616297245e-10
60,-1.00000000000000000e+01,2.21999999999999975e+00,3.02476170251409371e+02,3.02476170251531414e+02,1.22042820294154808e-10
61,-6.00000000000000000e+00,2.21999999999999975e+00,3.04831644642663889e+02,3.04831644642853007e+02,1.89118054549908265e-10
62,-5.84999999999999876e+00,2.21999999999999975e+00,3.05034955311292777e+02,3.05034955311484055e+02,1.91278104466618970e-10
63,-5.34999999999999964e+00,2.21999999999999975e+00,3.05812727931861957e+02,3.05812727932057044e+02,1.95086613530293107e-10
64,-5.25000000000000000e+00,2.21999999999999975e+00,3.05984122687561921e+02,3.05984122687757235e+02,1.95313987205736339e-10
65,-4.74999999999999911e+00,2.21999999999999975e+00,3.06960506711974006e+02,3.06960506712166989e+02,1.92983407032443210e-10
66,-4.00000000000000000e+00,2.21999999999999975e+00,3.08803394568345311e+02,3.08803394568526699e+02,1.81387349584838375e-10
67,0.00000000000000000e+00,2.21999999999999975e+00,3.32618129829696784e+02,3.32618129829835993e+02,1.39209532790118828e-10
68,4.00000000000000000e+00,2.21999999999999975e+00,4.55507036068456955e+02,4.55507036068795742e+02,3.38786776410415769e-10
69,4.74999999999999911e+00,2.21999999999999975e+00,4.63406917939567847e+02,4.63406917939917889e+02,3.50041773344855756e-10
70,5.25000000000000000e+00,2.21999999999999975e+00,4.63800984428026311e+02,4.63800984428375102e+02,3.48791218129917979e-10
71,5.34999999999999964e+00,2.21999999999999975e+00,4.63367463936209106e+02,4.63367463936555851e+02,3.46744855050928891e-10
72,5.84999999999999876e+00,2.21999999999999975e+00,4.58931553595248999e+02,4.58931553595586422e+02,3.37422534357756376e-10
73,6.00000000000000000e+00,2.21999999999999975e+00,4.56906594481038098e+02,4.56906594481372792e+02,3.34694050252437592e-10
74,1.00000000000000000e+01,2.21999999999999975e+00,3.62250148049231996e+02,3.62250148049393999e+02,1.62003743753302842e-10
75,-1.00000000000000000e+01,2.35999999999999988e+00,3.02495148979801343e+02,3.02495148979924238e+02,1.22895471577066928e-10
76,-6.00000000000000000e+00,2.35999999999999988e+00,3.04867712176800637e+02,3.04867712176988732e+02,1.88094873010413721e-10
77,-5.84999999999999876e+00,2.35999999999999988e+00,3.05075730780631773e+02,3.05075730780821857e+02,1.90084392670542002e-10
78,-5.34999999999999964e+00,2.35999999999999988e+00,3.05858010743342504e+02,3.05858010743536170e+02,1.93665528058772907e-10
79,-5.25000000000000000e+00,2.35999999999999988e+00,3.06034261437328269e+02,3.06034261437522105e+02,1.93836058315355331e-10
80,-4.74999999999999911e+00,2.35999999999999988e+00,3.07016570103095489e+02,3.07016570103287279e+02,1.91789695236366242e-10
81,-4.00000000000000000e+00,2.35999999999999988e+00,3.08874678220457554e+02,3.08874678220638373e+02,1.80818915396230295e-10
82,0.00000000000000000e+00,2.35999999999999988e+00,3.32900117325974122e+02,3.32900117326114241e+02,1.40119027491891757e-10
83,4.00000000000000000e+00,2.35999999999999988e+00,4.55887518596276834e+02,4.55887518596616303e+02,3.39468897436745465e-10
84,4.74999999999999911e+00,2.35999999999999988e+00,4.63609218168073596e+02,4.63609218168424150e+02,3.50553364114603028e-10
85,5.25000000000000000e+00,2.35999999999999988e+00,4.64004092730902073e+02,4.64004092731250978e+02,3.48904904967639595e-10
86,5.34999999999999964e+00,2.35999999999999988e+00,4.63568356590443443e+02,4.63568356590790813e+02,3.47370132658397779e-10
87,5.84999999999999876e+00,2.35999999999999988e+00,4.59130456758594903e+02,4.59130456758932269e+02,3.37365690938895568e-10
88,6.00000000000000000e+00,2.35999999999999988e+00,4.57311341451535100e+02,4.57311341451869907e+02,3.34807737090159208e-10
89,1.00000000000000000e+01,2.35999999999999988e+00,3.62792991791649115e+02,3.62792991791812312e+02,1.63197455549379811e-10
90,-1.00000000000000000e+01,2.79999999999999982e+00,3.02520842673288087e+02,3.02520842673412119e+02,1.24032339954283088e-10
91,-6.00000000000000000e+00,2.79999999999999982e+00,3.04919189295691808e+02,3.04919189295878141e+02,1.86332727025728673e-10
92,-5.84999999999999876e+00,2.79999999999999982e+00,3.05128657711606422e+02,3.05128657711794801e+02,1.88379090104717761e-10
93,-5.34999999999999964e+00,2.79999999999999982e+00,3.05922168664114395e+02,3.05922168664306241e+02,1.91846538655227050e-10
94,-5.25000000000000000e+00,2.79999999999999982e+00,3.06099467816871140e+02,3.06099467817063328e+02,1.92187599168391898e-10
95,-4.74999999999999911e+00,2.79999999999999982e+00,3.07094019965577104e+02,3.07094019965767245e+02,1.90141236089402810e-10
96,-4.00000000000000000e+00,2.79999999999999982e+00,3.08970444350519472e+02,3.08970444350699609e+02,1.80136794369900599e-10
97,0.00000000000000000e+00,2.79999999999999982e+00,3.33285680356028479e+02,3.33285680356169678e+02,1.41199052450247109e-10
98,4.00000000000000000e+00,2.79999999999999982e+00,4.45163071849868118e+02,4.45163071850191159e+02,3.23041149385971949e-10
99,4.74999999999999911e+00,2.79999999999999982e+00,4.61399045314176647e+02,4.61399045314524528e+02,3.47881723428145051e-10
100,5.25000000000000000e+00,2.79999999999999982e+00,4.61785081121983069e+02,4.61785081122329188e+02,3.46119577443460003e-10
101,5.34999999999999964e+00,2.79999999999999982e+00,4.61135957897117976e+02,4.61135957897462845e+02,3.44869022228522226e-10
102,5.84999999999999876e+00,2.79999999999999982e+00,4.52542104111614947e+02,4.52542104111944582e+02,3.29634985973825678e-10
103,6.00000000000000000e+00,2.79999999999999982e+00,4.47361898984576044e+02,4.47361898984897664e+02,3.21620063914451748e-10
104,1.00000000000000000e+01,2.79999999999999982e+00,3.63546251448764735e+02,3.63546251448929240e+02,1.64504854183178395e-10
105,-9.42857142857142705e+00,-2.50000000000000000e+00,3.00000000000000000e+02,3.00000000000000000e+02,0.00000000000000000e+00
106,-8.85714285714285587e+00,-2.50000000000000000e+00,3.00000000000000000e+02,2.99999999999999943e+02,-5.68434188608080149e-14
107,-8.28571428571428825e+00,-2.50000000000000000e+00,3.00000000000000000e+02,3.00000000000000000e+02,0.00000000000000000e+00
108,-7.71428571428571885e+00,-2.50000000000000000e+00,3.00000000000000000e+02,2.99999999999999943e+02,-5.68434188608080149e-14
109,-7.14285714285714679e+00,-2.50000000000000000e+00,3.00000000000000000e+02,2.99999999999999886e+02,-1.13686837721616030e-13
110,-6.57142857142857473e+00,-2.50000000000000000e+00,3.00000000000000000e+02,3.00000000000000000e+02,0.00000000000000000e+00
111,-4.37499999999999911e+00,-2.50000000000000000e+00,3.00000000000000000e+02,3.00000000000000000e+02,0.00000000000000000e+00
112,-3.42857142856984298e+00,-2.50000000000000000e+00,3.00000000000000000e+02,3.00000000000000000e+02,0.00000000000000000e+00
113,-2.85714285714523708e+00,-2.50000000000000000e+00,3.00000000000000000e+02,2.99999999999999943e+02,-5.68434188608080149e-14
114,-2.28571428572063295e+00,-2.50000000000000000e+00,3.00000000000000000e+02,3.00000000000000000e+02,0.00000000000000000e+00
115,-1.71428571429285692e+00,-2.50000000000000000e+00,3.00000000000000000e+02,2.99999999999999943e+02,-5.68434188608080149e-14
116,-1.14285714286190698e+00,-2.50000000000000000e+00,3.00000000000000000e+02,3.00000000000000000e+02,0.00000000000000000e+00
117,-5.71428571430953269e-01,-2.50000000000000000e+00,3.00000000000000000e+02,3.00000000000000171e+02,1.70530256582424045e-13
118,5.71428571427467169e-01,-2.50000000000000000e+00,3.00000000000000000e+02,3.00000000000000000e+02,0.00000000000000000e+00
119,1.14285714285437190e+00,-2.50000000000000000e+00,3.00000000000000000e+02,3.00000000000000000e+02,0.00000000000000000e+00
120,1.71428571428127507e+00,-2.50000000000000000e+00,3.00000000000000000e+02,2.99999999999999943e+02,-5.68434188608080149e-14
121,2.28571428570976298e+00,-2.50000000000000000e+00,3.00000000000000000e+02,3.00000000000000000e+02,0.00000000000000000e+00
122,2.85714285713984006e+00,-2.50000000000000000e+00,3.00000000000000000e+02,2.99999999999999943e+02,-5.68434188608080149e-14
123,3.42857142856991937e+00,-2.50000000000000000e+00,3.00000000000000000e+02,2.99999999999999943e+02,-5.68434188608080149e-14
124,4.37500000000000089e+00,-2.50000000000000000e+00,3.00000000000000000e+02,2.99999999999999943e+02,-5.68434188608080149e-14
125,6.57142857142857029e+00,-2.50000000000000000e+00,3.00000000000000000e+02,3.00000000000000000e+02,0.00000000000000000e+00
126,7.14285714285714146e+00,-2.50000000000000000e+00,3.00000000000000000e+02,3.00000000000000000e+02,0.00000000000000000e+00
127,7.71428571428571086e+00,-2.50000000000000000e+00,3.00000000000000000e+02,3.00000000000000000e+02,0.00000000000000000e+00
128,8.28571428571427937e+00,-2.50000000000000000e+00,3.00000000000000000e+02,3.00000000000000000e+02,0.00000000000000000e+00
129,8.85714285714285232e+00,-2.50000000000000000e+00,3.00000000000000000e+02,3.00000000000000000e+02,0.00000000000000000e+00
130,9.42857142857142527e+00,-2.50000000000000000e+00,3.00000000000000000e+02,3.00000000000000000e+02,0.00000000000000000e+00
131,-9.42857142857142705e+00,-2.00000000000000000e+00,3.00003969418171266e+02,3.00003969418171323e+02,5.68434188608080149e-14
132,-8.85714285714285587e+00,-2.00000000000000000e+00,3.00004192138064298e+02,3.00004192138064525e+02,2.27373675443232059e-13
133,-8.28571428571428825e+00,-2.00000000000000000e+00,3.00004568815338587e+02,3.00004568815338644e+02,5.68434188608080149e-14
134,-7.71428571428571885e+00,-2.00000000000000000e+00,3.00005121762455360e+02,3.00005121762455303e+02,-5.68434188608080149e-14
135,-7.14285714285714679e+00,-2.00000000000000000e+00,3.00005863350241725e+02,3.00005863350241839e+02,1.13686837721616030e-13
136,-6.57142857142857473e+00,-2.00000000000000000e+00,3.00006833388621772e+02,3.00006833388622113e+02,3.41060513164848089e-13
137,-4.37499999999999911e+00,-2.00000000000000000e+00,3.00012236913115544e+02,3.00012236913116055e+02,5.11590769747272134e-13
138,-3.42857142856984298e+00,-2.00000000000000000e+00,3.00016376902370610e+02,3.00016376902371007e+02,3.97903932025656104e-13
139,-2.85714285714523708e+00,-2.00000000000000000e+00,3.00019422072363056e+02,3.00019422072363398e+02,3.41060513164848089e-13
140,-2.28571428572063295e+00,-2.00000000000000000e+00,3.00023768912750597e+02,3.00023768912750995e+02,3.97903932025656104e-13
141,-1.71428571429285692e+00,-2.00000000000000000e+00,3.00028162011980328e+02,3.00028162011980839e+02,5.11590769747272134e-13
142,-1.14285714286190698e+00,-2.00000000000000000e+00,3.00034594135811460e+02,3.00034594135811687e+02,2.27373675443232059e-13
143,-5.71428571430953269e-01,-2.00000000000000000e+00,3.00040464406526269e+02,3.00040464406526496e+02,2.27373675443232059e-13
144,5.71428571427467169e-01,-2.00000000000000000e+00,3.00057248557196601e+02,3.00057248557196601e+02,0.00000000000000000e+00
145,1.14285714285437190e+00,-2.00000000000000000e+00,3.00066515512479782e+02,3.00066515512480066e+02,2.84217094304040074e-13
146,1.71428571428127507e+00,-2.00000000000000000e+00,3.00078560229065147e+02,3.00078560229065545e+02,3.97903932025656104e-13
147,2.28571428570976298e+00,-2.00000000000000000e+00,3.00089557211470492e+02,3.00089557211470890e+02,3.97903932025656104e-13
148,2.85714285713984006e+00,-2.00000000000000000e+00,3.00102612398190104e+02,3.00102612398190388e+02,2.84217094304040074e-13
149,3.42857142856991937e+00,-2.00000000000000000e+00,3.00112551444837095e+02,3.00112551444837436e+02,3.41060513164848089e-13
150,4.37500000000000089e+00,-2.00000000000000000e+00,3.00127378767152550e+02,3.00127378767152891e+02,3.41060513164848089e-13
151,6.57142857142857029e+00,-2.00000000000000000e+00,3.00124066262338545e+02,3.00124066262338999e+02,4.54747350886464119e-13
152,7.14285714285714146e+00,-2.00000000000000000e+00,3.00116216618150133e+02,3.00116216618150418e+02,2.84217094304040074e-13
153,7.71428571428571086e+00,-2.00000000000000000e+00,3.00108583076157743e+02,3.00108583076158084e+02,3.41060513164848089e-13
154,8.28571428571427937e+00,-2.00000000000000000e+00,3.00101846724896347e+02,3.00101846724896745e+02,3.97903932025656104e-13
155,8.85714285714285232e+00,-2.00000000000000000e+00,3.00096620714445010e+02,3.00096620714445180e+02,1.70530256582424045e-13
156,9.42857142857142527e+00,-2.00000000000000000e+00,3.00093277550175003e+02,3.00093277550175060e+02,5.68434188608080149e-14
157,-9.40063226942306862e+00,0.00000000000000000e+00,3.01575098638664599e+02,3.01575098638746397e+02,8.17976797407027334e-11
158,-8.80126453884613724e+00,0.00000000000000000e+00,3.01668852085696926e+02,3.01668852085785261e+02,8.83346729096956551e-11
159,-8.20189680826920764e+00,0.00000000000000000e+00,3.01829795440560417e+02,3.01829795440660121e+02,9.97033566818572581e-11
160,-7.61091957009858966e+00,0.00000000000000000e+00,3.02065466138301815e+02,3.02065466138419254e+02,1.17438503366429359e-10
161,-7.14336992442261653e+00,0.00000000000000000e+00,3.02309717358214016e+02,3.02309717358352373e+02,1.38356881507206708e-10
162,-6.80218483297572263e+00,0.00000000000000000e+00,3.02531926747457248e+02,3.02531926747616069e+02,1.58820512297097594e-10
163,-6.55304320942099761e+00,0.00000000000000000e+00,3.02720937536994199e+02,3.02720937537172631e+02,1.78431491804076359e-10
164,-6.37129239532919822e+00,0.00000000000000000e+00,3.02879253105409873e+02,3.02879253105606210e+02,1.96337168745230883e-10
165,-6.23865645426688875e+00,0.00000000000000000e+00,3.03011222569759468e+02,3.03011222569972006e+02,2.12537543120561168e-10
166,-6.14186297239342682e+00,0.00000000000000000e+00,3.03120524532868330e+02,3.03120524533095136e+02,2.26805241254623979e-10
167,-6.06915781506656860e+00,0.00000000000000000e+00,3.03213306585514601e+02,3.03213306585754140e+02,2.39538167079444975e-10
168,-5.92499999999999893e+00,0.00000000000000000e+00,3.03456123307764187e+02,3.03456123308037547e+02,2.73360001301625744e-10
169,-5.77857142857142758e+00,0.00000000000000000e+00,3.03694341363477292e+02,3.03694341363782314e+02,3.05021785607095808e-10
170,-5.70714285714285730e+00,0.00000000000000000e+00,3.03697786746284407e+02,3.03697786746590168e+02,3.05760750052286312e-10
171,-5.63571428571428612e+00,0.00000000000000000e+00,3.03701188854488009e+02,3.03701188854794509e+02,3.06499714497476816e-10
172,-5.56428571428571495e+00,0.00000000000000000e+00,3.03704664986221928e+02,3.03704664986528712e+02,3.06783931591780856e-10
173,-5.49285714285714199e+00,0.00000000000000000e+00,3.03708168226857651e+02,3.03708168227164720e+02,3.07068148686084896e-10
174,-5.42142857142857171e+00,0.00000000000000000e+00,3.03711604205861306e+02,3.03711604206168545e+02,3.07238678942667320e-10
175,-5.29999999999999893e+00,0.00000000000000000e+00,3.03854161725609913e+02,3.03854161725909705e+02,2.99792191071901470e-10
176,-5.17857142857142883e+00,0.00000000000000000e+00,3.04056438487501794e+02,3.04056438487800904e+02,2.99110070045571774e-10
177,-5.10714285714285765e+00,0.00000000000000000e+00,3.04060584390885253e+02,3.04060584391184534e+02,2.99280600302154198e-10
178,-5.03571428571428470e+00,0.00000000000000000e+00,3.04064605183727508e+02,3.04064605184026107e+02,2.98598479275824502e-10
179,-4.96428571428571530e+00,0.00000000000000000e+00,3.04068524250472137e+02,3.04068524250770224e+02,2.98086888506077230e-10
180,-4.89285714285714324e+00,0.00000000000000000e+00,3.04072197529383971e+02,3.04072197529681773e+02,2.97802671411773190e-10
181,-4.82142857142857206e+00,0.00000000000000000e+00,3.04075379098573194e+02,3.04075379098870656e+02,2.97461610898608342e-10
182,-4.67499999999999893e+00,0.00000000000000000e+00,3.04184572596633700e+02,3.04184572596901660e+02,2.67959876509848982e-10
183,-4.59999999999999876e+00,0.00000000000000000e+00,3.04309024633508784e+02,3.04309024633758952e+02,2.50167886406416073e-10
184,-4.52499999999999947e+00,0.00000000000000000e+00,3.04438640705724652e+02,3.04438640705960665e+02,2.36013875110074878e-10
185,-4.45000000000000018e+00,0.00000000000000000e+00,3.04569584568108098e+02,3.04569584568331948e+02,2.23849383473861963e-10
186,-4.37500000000000000e+00,0.00000000000000000e+00,3.04700987721785793e+02,3.04700987721999184e+02,2.13390194403473288e-10
187,-4.29999999999999982e+00,0.00000000000000000e+00,3.04832859012325684e+02,3.04832859012530037e+02,2.04352090804604813e-10
188,-4.22499999999999964e+00,0.00000000000000000e+00,3.04965620921845471e+02,3.04965620922041637e+02,1.96166638488648459e-10
189,-4.15000000000000036e+00,0.00000000000000000e+00,3.05099897669347570e+02,3.05099897669536347e+02,1.88776994036743417e-10
190,-4.07500000000000018e+00,0.00000000000000000e+00,3.05235868399386788e+02,3.05235868399568744e+02,1.81955783773446456e-10
191,-3.92592592592561784e+00,0.00000000000000000e+00,3.05513240696240530e+02,3.05513240696410435e+02,1.69904978974955156e-10
192,-3.85185185185123613e+00,0.00000000000000000e+00,3.05654833918129043e+02,3.05654833918293889e+02,1.64845914696343243e-10
193,-3.77777777777685309e+00,0.00000000000000000e+00,3.05799062770213766e+02,3.05799062770373553e+02,1.59786850417731330e-10
194,-3.70370370370247093e+00,0.00000000000000000e+00,3.05946129062261207e+02,3.05946129062416276e+02,1.55068846652284265e-10
195,-3.62962962962808922e+00,0.00000000000000000e+00,3.06096110134137405e+02,3.06096110134288267e+02,1.50862433656584471e-10
196,-3.55555555555370706e+00,0.00000000000000000e+00,3.06249323092576162e+02,3.06249323092723046e+02,1.46883394336327910e-10
197,-3.48148148147956515e+00,0.00000000000000000e+00,3.06405559626405477e+02,3.06405559626548609e+02,1.43131728691514581e-10
198,-3.40740740740596992e+00,0.00000000000000000e+00,3.06565274181543543e+02,3.06565274181683606e+02,1.40062184073030949e-10
199,-3.33333333333241022e+00,0.00000000000000000e+00,3.06728346256895577e+02,3.06728346257032172e+02,1.36594735522521660e-10
200,-3.25925925925885052e+00,0.00000000000000000e+00,3.06895018157688185e+02,3.06895018157821823e+02,1.33638877741759643e-10
201,-3.18518518518529037e+00,0.00000000000000000e+00,3.07065340369861644e+02,3.07065340369992441e+02,1.30796706798719242e-10
202,-3.11111111111173066e+00,0.00000000000000000e+00,3.07239470133956729e+02,3.07239470134084968e+02,1.28238752949982882e-10
203,-3.03703703703817096e+00,0.00000000000000000e+00,3.07417488823933581e+02,3.07417488824059262e+02,1.25680799101246521e-10
204,-2.96296296296461081e+00,0.00000000000000000e+00,3.07599563781934989e+02,3.07599563782058226e+02,1.23236532090231776e-10
205,-2.88888888889105111e+00,0.00000000000000000e+00,3.07785814065006036e+02,3.07785814065127056e+02,1.21019638754660264e-10
206,-2.81481481481749096e+00,0.00000000000000000e+00,3.07976295329612753e+02,3.07976295329731613e+02,1.18859588837949559e-10
207,-2.74074074074393215e+00,0.00000000000000000e+00,3.08171128372215662e+02,3.08171128372332419e+02,1.16756382340099663e-10
208,-2.66666666667037155e+00,0.00000000000000000e+00,3.08370412571820680e+02,3.08370412571935162e+02,1.14482645585667342e-10
209,-2.59259259259681141e+00,0.00000000000000000e+00,3.08574269902867229e+02,3.08574269902979893e+02,1.12663656182121485e-10
210,-2.51851851852325215e+00,0.00000000000000000e+00,3.08782889565352889e+02,3.08782889565463904e+02,1.11015197035158053e-10
211,-2.44444444444969200e+00,0.00000000000000000e+00,3.08996504440771787e+02,3.08996504440881267e+02,1.09480424725916237e-10
212,-2.37037037037613185e+00,0.00000000000000000e+00,3.09215250098744605e+02,3.09215250098852664e+02,1.08059339254396036e-10
213,-2.29629629630257304e+00,0.00000000000000000e+00,3.09439204557265896e+02,3.09439204557372534e+02,1.06638253782875836e-10
214,-2.22222222222901200e+00,0.00000000000000000e+00,3.09668456420755547e+02,3.09668456420861048e+02,1.05501385405659676e-10
215,-2.14814814815545319e+00,0.00000000000000000e+00,3.09903187003421067e+02,3.09903187003525204e+02,1.04137143353000283e-10
216,-2.07407407408189259e+00,0.00000000000000000e+00,3.10143423499625214e+02,3.10143423499728272e+02,1.03057118394644931e-10
217,-2.00000000000824585e+00,0.00000000000000000e+00,3.10389144947043633e+02,3.10389144947145667e+02,1.02033936855150387e-10
218,-1.92592592593394984e+00,0.00000000000000000e+00,3.10640339195585454e+02,3.10640339195686295e+02,1.00840225059073418e-10
219,-1.85185185185956791e+00,0.00000000000000000e+00,3.10897199711313419e+02,3.10897199711412838e+02,9.94191395875532180e-11
220,-1.77777777778518598e+00,0.00000000000000000e+00,3.11160007752060210e+02,3.11160007752158208e+02,9.79980541160330176e-11
221,-1.70370370371080382e+00,0.00000000000000000e+00,3.11429041872900029e+02,3.11429041872996947e+02,9.69180291576776654e-11
222,-1.62962962963642211e+00,0.00000000000000000e+00,3.11704683494978667e+02,3.11704683495074676e+02,9.60085344559047371e-11
223,-1.55555555556203906e+00,0.00000000000000000e+00,3.11986122487361115e+02,3.11986122487456328e+02,9.52127265918534249e-11
224,-1.48148148148765579e+00,0.00000000000000000e+00,3.12274273723591648e+02,3.12274273723686179e+02,9.45306055655237287e-11
225,-1.40740740741327275e+00,0.00000000000000000e+00,3.12569266676195582e+02,3.12569266676289487e+02,9.39053279580548406e-11
226,-1.33333333333889104e+00,0.00000000000000000e+00,3.12871427856732453e+02,3.12871427856825960e+02,9.35074240260291845e-11
227,-1.25925925926450799e+00,0.00000000000000000e+00,3.13180790390926916e+02,3.13180790391019798e+02,9.28821464185602963e-11
228,-1.18518518519012495e+00,0.00000000000000000e+00,3.13497273959922211e+02,3.13497273960014240e+02,9.20294951356481761e-11
229,-1.11111111111574168e+00,0.00000000000000000e+00,3.13820956792903928e+02,3.13820956792995275e+02,9.13473741093184799e-11
230,-1.03703703704135997e+00,0.00000000000000000e+00,3.14152043331494383e+02,3.14152043331585389e+02,9.10063135961536318e-11
231,-9.62962962966976033e-01,0.00000000000000000e+00,3.14490528741805008e+02,3.14490528741895218e+02,9.02105057321023196e-11
232,-8.88888888892593321e-01,0.00000000000000000e+00,3.14836794987848123e+02,3.14836794987937765e+02,8.96420715434942394e-11
233,-8.14814814818210831e-01,0.00000000000000000e+00,3.15189943659110213e+02,3.15189943659200026e+02,8.98126018000766635e-11
234,-7.40740740743827786e-01,0.00000000000000000e+00,3.15550895688763887e+02,3.15550895688853529e+02,8.96420715434942394e-11
235,-6.66666666669445185e-01,0.00000000000000000e+00,3.15919711510837260e+02,3.15919711510926788e+02,8.95283847057726234e-11
236,-5.92592592595062140e-01,0.00000000000000000e+00,3.16296728384681671e+02,3.16296728384771086e+02,8.94146978680510074e-11
237,-5.18518518520679539e-01,0.00000000000000000e+00,3.16682360811814135e+02,3.16682360811903550e+02,8.94146978680510074e-11
238,-4.44444444446296494e-01,0.00000000000000000e+00,3.17076951814409654e+02,3.17076951814499012e+02,8.93578544491901994e-11
239,-3.70370370371913893e-01,0.00000000000000000e+00,3.17480635320189435e+02,3.17480635320279077e+02,8.96420715434942394e-11
240,-2.96296296297531292e-01,0.00000000000000000e+00,3.17893428895622492e+02,3.17893428895712304e+02,8.98126018000766635e-11
241,-2.22222222223148191e-01,0.00000000000000000e+00,3.18315389933107497e+02,3.18315389933197650e+02,9.01536623132415116e-11
242,-1.48148148148765590e-01,0.00000000000000000e+00,3.18746766464243024e+02,3.18746766464333461e+02,9.04378794075455517e-11
243,-7.40740740743825871e-02,0.00000000000000000e+00,3.19187757865059098e+02,3.19187757865150161e+02,9.10631570150144398e-11
244,7.40740740739342790e-02,0.00000000000000000e+00,3.20101998625591250e+02,3.20101998625683450e+02,9.22000253922306001e-11
245,1.48148148147860509e-01,0.00000000000000000e+00,3.20574440158618870e+02,3.20574440158711866e+02,9.29958332562819123e-11
246,2.22222222221770987e-01,0.00000000000000000e+00,3.21056612502867438e+02,3.21056612502960832e+02,9.33937371883075684e-11
247,2.96296296295711692e-01,0.00000000000000000e+00,3.21548699605757861e+02,3.21548699605852050e+02,9.41895450523588806e-11
248,3.70370370369672297e-01,0.00000000000000000e+00,3.22050521512939099e+02,3.22050521513034141e+02,9.50421963352710009e-11
249,4.44444444443632847e-01,0.00000000000000000e+00,3.22562734669023541e+02,3.22562734669119322e+02,9.57811607804615051e-11
250,5.18518518517563365e-01,0.00000000000000000e+00,3.23084344886249255e+02,3.23084344886345889e+02,9.66338120633736253e-11
251,5.92592592591425604e-01,0.00000000000000000e+00,3.23616398586008131e+02,3.23616398586105504e+02,9.73727765085641295e-11
252,6.66666666665283514e-01,0.00000000000000000e+00,3.24158161631723146e+02,3.24158161631821088e+02,9.79412106971722096e-11
253,7.40740740739141201e-01,0.00000000000000000e+00,3.24709952010837583e+02,3.24709952010936377e+02,9.87938619800843298e-11
254,8.14814814812999000e-01,0.00000000000000000e+00,3.25271690315020408e+02,3.25271690315120111e+02,9.97033566818572581e-11
255,8.88888888886856798e-01,0.00000000000000000e+00,3.25843501374894117e+02,3.25843501374994503e+02,1.00385477708186954e-10
256,9.62962962960714708e-01,0.00000000000000000e+00,3.26425587544573261e+02,3.26425587544674443e+02,1.01181285572238266e-10
257,1.03703703703457295e+00,0.00000000000000000e+00,3.27018036831212100e+02,3.27018036831314475e+02,1.02374997368315235e-10
258,1.11111111110842997e+00,0.00000000000000000e+00,3.27620948697029633e+02,3.27620948697132917e+02,1.03284492070088163e-10
259,1.18518518518228810e+00,0.00000000000000000e+00,3.28234197086934103e+02,3.28234197087038694e+02,1.04591890703886747e-10
260,1.25925925925614601e+00,0.00000000000000000e+00,3.28857692293659682e+02,3.28857692293765353e+02,1.05671915662242100e-10
261,1.33333333333000392e+00,0.00000000000000000e+00,3.29491253630513768e+02,3.29491253630620690e+02,1.06922470877179876e-10
262,1.40740740740386072e+00,0.00000000000000000e+00,3.30134681654325050e+02,3.30134681654432939e+02,1.07888808997813612e-10
263,1.48148148147771885e+00,0.00000000000000000e+00,3.30788017798890337e+02,3.30788017798999476e+02,1.09139364212751389e-10
264,1.55555555555157676e+00,0.00000000000000000e+00,3.31450858138335718e+02,3.31450858138445938e+02,1.10219389171106741e-10
265,1.62962962962543467e+00,0.00000000000000000e+00,3.32122937152715167e+02,3.32122937152826410e+02,1.11242570710601285e-10
266,1.70370370369929280e+00,0.00000000000000000e+00,3.32804740569553928e+02,3.32804740569666137e+02,1.12208908831235021e-10
267,1.77777777777315005e+00,0.00000000000000000e+00,3.33495939935571698e+02,3.33495939935685101e+02,1.13402620627311990e-10
268,1.85185185184700796e+00,0.00000000000000000e+00,3.34196116821293288e+02,3.34196116821408111e+02,1.14823706098832190e-10
269,1.92592592592086587e+00,0.00000000000000000e+00,3.34904333034112994e+02,3.34904333034229182e+02,1.16187948151491582e-10
270,1.99999999999476685e+00,0.00000000000000000e+00,3.35619989209478035e+02,3.35619989209595758e+02,1.17722720460733399e-10
271,2.07407407406899269e+00,0.00000000000000000e+00,3.36343091134801739e+02,3.36343091134921337e+02,1.19598553283140063e-10
272,2.14814814814326205e+00,0.00000000000000000e+00,3.37073494257845084e+02,3.37073494257966502e+02,1.21417542686685920e-10
273,2.22222222221753096e+00,0.00000000000000000e+00,3.37810251822113059e+02,3.37810251822236239e+02,1.23179688671370968e-10
274,2.29629629629179988e+00,0.00000000000000000e+00,3.38551999749673087e+02,3.38551999749797915e+02,1.24828147818334401e-10
275,2.37037037036606879e+00,0.00000000000000000e+00,3.39298214829899734e+02,3.39298214830026552e+02,1.26817667478462681e-10
276,2.44444444444033815e+00,0.00000000000000000e+00,3.40048430397356071e+02,3.40048430397484822e+02,1.28750343719730154e-10
277,2.51851851851460795e+00,0.00000000000000000e+00,3.40801618620116699e+02,3.40801618620247666e+02,1.30967237055301666e-10
278,2.59259259258887642e+00,0.00000000000000000e+00,3.41557258546986532e+02,3.41557258547119659e+02,1.33127286972012371e-10
279,2.66666666666314711e+00,0.00000000000000000e+00,3.42314441214416661e+02,3.42314441214551778e+02,1.35116806632140651e-10
280,2.74074074073741691e+00,0.00000000000000000e+00,3.43072503950489306e+02,3.43072503950626754e+02,1.37447386805433780e-10
281,2.81481481481168583e+00,0.00000000000000000e+00,3.43830528002883170e+02,3.43830528003022948e+02,1.39777966978726909e-10
282,2.88888888888595607e+00,0.00000000000000000e+00,3.44586925703314478e+02,3.44586925703456359e+02,1.41881173476576805e-10
283,2.96296296296022499e+00,0.00000000000000000e+00,3.45340230895501122e+02,3.45340230895645107e+02,1.43984379974426702e-10
284,3.03703703703449435e+00,0.00000000000000000e+00,3.46089414157676458e+02,3.46089414157822375e+02,1.45917056215694174e-10
285,3.11111111110876504e+00,0.00000000000000000e+00,3.46832907453417704e+02,3.46832907453565952e+02,1.48247636388987303e-10
286,3.18518518518303351e+00,0.00000000000000000e+00,3.47568844614422346e+02,3.47568844614573038e+02,1.50691903400002047e-10
287,3.25925925925730420e+00,0.00000000000000000e+00,3.48295629878399495e+02,3.48295629878552688e+02,1.53193013829877600e-10
288,3.33333333333157267e+00,0.00000000000000000e+00,3.49012361404858552e+02,3.49012361405014474e+02,1.55921497935196385e-10
289,3.40740740740584291e+00,0.00000000000000000e+00,3.49717031179439346e+02,3.49717031179597939e+02,1.58593138621654361e-10
290,3.48148148148011316e+00,0.00000000000000000e+00,3.50410211718612629e+02,3.50410211718774292e+02,1.61662683240137994e-10
291,3.55555555555438207e+00,0.00000000000000000e+00,3.51088774768225733e+02,3.51088774768390692e+02,1.64959601534064859e-10
292,3.62962962962865143e+00,0.00000000000000000e+00,3.51751749659740483e+02,3.51751749659908569e+02,1.68085989571409300e-10
293,3.70370370370292079e+00,0.00000000000000000e+00,3.52397240923546917e+02,3.52397240923718186e+02,1.71269221027614549e-10
294,3.77777777777719059e+00,0.00000000000000000e+00,3.53023431330377662e+02,3.53023431330552285e+02,1.74622982740402222e-10
295,3.85185185185146084e+00,0.00000000000000000e+00,3.53629267301921573e+02,3.53629267302099606e+02,1.78033587872050703e-10
296,3.92592592592572975e+00,0.00000000000000000e+00,3.54214955485692769e+02,3.54214955485873986e+02,1.81216819328255951e-10
297,4.07500000000000018e+00,0.00000000000000000e+00,3.55327886954920302e+02,3.55327886955109193e+02,1.88890680874465033e-10
298,4.15000000000000036e+00,0.00000000000000000e+00,3.55853584512660575e+02,3.55853584512853786e+02,1.93210780707886443e-10
299,4.22499999999999964e+00,0.00000000000000000e+00,3.56359755298597577e+02,3.56359755298795335e+02,1.97758254216751084e-10
300,4.29999999999999982e+00,0.00000000000000000e+00,3.56849729756389650e+02,3.56849729756591955e+02,2.02305727725615725e-10
301,4.37500000000000000e+00,0.00000000000000000e+00,3.57331532513223635e+02,3.57331532513431057e+02,2.07421635423088446e-10
302,4.45000000000000018e+00,0.00000000000000000e+00,3.57821285137643940e+02,3.57821285137857103e+02,2.13162820728030056e-10
303,4.52499999999999947e+00,0.00000000000000000e+00,3.58352932849898025e+02,3.58352932850118123e+02,2.20097717829048634e-10
304,4.59999999999999876e+00,0.00000000000000000e+00,3.59002104130543444e+02,3.59002104130771443e+02,2.27998953050700948e-10
305,4.67499999999999893e+00,0.00000000000000000e+00,3.59972955153391410e+02,3.59972955153629471e+02,2.38060238189063966e-10
306,4.82142857142857117e+00,0.00000000000000000e+00,3.62248938049498634e+02,3.62248938049754145e+02,2.55511167779332027e-10
307,4.89285714285714235e+00,0.00000000000000000e+00,3.62263462429054300e+02,3.62263462429309982e+02,2.55681698035914451e-10
308,4.96428571428571441e+00,0.00000000000000000e+00,3.62270486232902385e+02,3.62270486233158465e+02,2.56079601967940107e-10
309,5.03571428571428381e+00,0.00000000000000000e+00,3.62273560827534936e+02,3.62273560827791414e+02,2.56477505899965763e-10
310,5.10714285714285676e+00,0.00000000000000000e+00,3.62273410722587414e+02,3.62273410722844005e+02,2.56591192737687379e-10
311,5.17857142857142794e+00,0.00000000000000000e+00,3.62268710340104121e+02,3.62268710340360769e+02,2.56648036156548187e-10
312,5.29999999999999893e+00,0.00000000000000000e+00,3.61551431172132595e+02,3.61551431172396974e+02,2.64378741121618077e-10
313,5.42142857142857082e+00,0.00000000000000000e+00,3.61975668823817159e+02,3.61975668824094441e+02,2.77282197203021497e-10
314,5.49285714285714199e+00,0.00000000000000000e+00,3.61974167997522841e+02,3.61974167997800009e+02,2.77168510365299881e-10
315,5.56428571428571228e+00,0.00000000000000000e+00,3.61968293651994088e+02,3.61968293652271143e+02,2.77054823527578264e-10
316,5.63571428571428434e+00,0.00000000000000000e+00,3.61959439053482470e+02,3.61959439053758729e+02,2.76259015663526952e-10
317,5.70714285714285641e+00,0.00000000000000000e+00,3.61947097872198810e+02,3.61947097872474558e+02,2.75747424893779680e-10
318,5.77857142857142758e+00,0.00000000000000000e+00,3.61928003640381974e+02,3.61928003640657266e+02,2.75292677542893216e-10
319,5.92499999999999893e+00,0.00000000000000000e+00,3.59489558454661108e+02,3.59489558454913606e+02,2.52498466579709202e-10
320,6.06915781506656860e+00,0.00000000000000000e+00,3.57655155288434457e+02,3.57655155288663764e+02,2.29306351684499532e-10
321,6.14186297239342682e+00,0.00000000000000000e+00,3.57041102819767616e+02,3.57041102819988225e+02,2.20609308598795906e-10
322,6.23865645426689142e+00,0.00000000000000000e+00,3.56297951074952948e+02,3.56297951075163837e+02,2.10889083973597735e-10
323,6.37129239532920177e+00,0.00000000000000000e+00,3.55331711393311650e+02,3.55331711393510886e+02,1.99236183107132092e-10
324,6.55304320942100116e+00,0.00000000000000000e+00,3.54026997044084794e+02,3.54026997044270900e+02,1.86105353350285441e-10
325,6.80218483297572529e+00,0.00000000000000000e+00,3.52232813706341403e+02,3.52232813706513127e+02,1.71723968378501013e-10
326,7.14336992442261653e+00,0.00000000000000000e+00,3.49700921222517536e+02,3.49700921222672832e+02,1.55296220327727497e-10
327,7.61091957009858877e+00,0.00000000000000000e+00,3.46395426184104849e+02,3.46395426184242638e+02,1.37788447318598628e-10
328,8.20189680826920586e+00,0.00000000000000000e+00,3.42643627336876477e+02,3.42643627336997724e+02,1.21247012430103496e-10
329,8.80126453884613724e+00,0.00000000000000000e+00,3.39794367625198674e+02,3.39794367625309008e+02,1.10333076008828357e-10
330,9.40063226942306862e+00,0.00000000000000000e+00,3.37977688227768112e+02,3.37977688227871909e+02,1.03796082839835435e-10
331,-9.40063226942306862e+00,2.19999999999999973e-01,3.01717757177175599e+02,3.01717757177264275e+02,8.86757334228605032e-11
332,-8.80126453884613724e+00,2.19999999999999973e-01,3.01817882630696829e+02,3.01817882630792155e+02,9.53264134295750409e-11
333,-8.20189680826920764e+00,2.19999999999999973e-01,3.01992593358623765e+02,3.01992593358730915e+02,1.07149844552623108e-10
334,-7.61091957009858966e+00,2.19999999999999973e-01,3.02244003466659251e+02,3.02244003466784704e+02,1.25453425425803289e-10
335,-7.14336992442261653e+00,2.19999999999999973e-01,3.02509964507704808e+02,3.02509964507851464e+02,1.46656020660884678e-10
336,-6.80218483297572263e+00,2.19999999999999973e-01,3.02749258104208764e+02,3.02749258104376111e+02,1.67347025126218796e-10
337,-6.55304320942099761e+00,2.19999999999999973e-01,3.02946935579819410e+02,3.02946935580006539e+02,1.87128534889779985e-10
338,-6.37129239532919822e+00,2.19999999999999973e-01,3.03109062707056751e+02,3.03109062707261273e+02,2.04522621061187238e-10
339,-6.23865645426688875e+00,2.19999999999999973e-01,3.03240465069213883e+02,3.03240465069434379e+02,2.20495621761074290e-10
340,-6.14186297239342682e+00,2.19999999999999973e-01,3.03344672387565652e+02,3.03344672387800188e+02,2.34535946219693869e-10
341,-6.06915781506656860e+00,2.19999999999999973e-01,3.03428283195536494e+02,3.03428283195783365e+02,2.46870968112489209e-10
342,-5.92499999999999893e+00,2.19999999999999973e-01,3.03604534854079304e+02,3.03604534854357780e+02,2.78475908999098465e-10
343,-5.77857142857142758e+00,2.19999999999999973e-01,3.03698783566184431e+02,3.03698783566489567e+02,3.05135472444817424e-10
344,-5.70714285714285730e+00,2.19999999999999973e-01,3.03701471658678713e+02,3.03701471658984303e+02,3.05590219795703888e-10
345,-5.63571428571428612e+00,2.19999999999999973e-01,3.03704621315666373e+02,3.03704621315972474e+02,3.06101810565451160e-10
346,-5.56428571428571495e+00,2.19999999999999973e-01,3.03708072665972566e+02,3.03708072666279293e+02,3.06727088172920048e-10
347,-5.49285714285714199e+00,2.19999999999999973e-01,3.03711725902634214e+02,3.03711725902941225e+02,3.07011305267224088e-10
348,-5.42142857142857171e+00,2.19999999999999973e-01,3.03715606632194294e+02,3.03715606632501704e+02,3.07409209199249744e-10
349,-5.29999999999999893e+00,2.19999999999999973e-01,3.03912578640536537e+02,3.03912578640838149e+02,3.01611180475447327e-10
350,-5.17857142857142883e+00,2.19999999999999973e-01,3.04060776009417566e+02,3.04060776009716733e+02,2.99166913464432582e-10
351,-5.10714285714285765e+00,2.19999999999999973e-01,3.04064615126516799e+02,3.04064615126815966e+02,2.99166913464432582e-10
352,-5.03571428571428470e+00,2.19999999999999973e-01,3.04068659391995254e+02,3.04068659392293966e+02,2.98712166113546118e-10
353,-4.96428571428571530e+00,2.19999999999999973e-01,3.04072823590479800e+02,3.04072823590777944e+02,2.98143731924938038e-10
354,-4.89285714285714324e+00,2.19999999999999973e-01,3.04077069790476628e+02,3.04077069790774431e+02,2.97802671411773190e-10
355,-4.82142857142857206e+00,2.19999999999999973e-01,3.04081546692286906e+02,3.04081546692584652e+02,2.97745827992912382e-10
356,-4.67499999999999893e+00,2.19999999999999973e-01,3.04411714209452100e+02,3.04411714209725687e+02,2.73587374977068976e-10
357,-4.59999999999999876e+00,2.19999999999999973e-01,3.04618410975200334e+02,3.04618410975457721e+02,2.57387000601738691e-10
358,-4.52499999999999947e+00,2.19999999999999973e-01,3.04793309038165148e+02,3.04793309038409006e+02,2.43858266912866384e-10
359,-4.45000000000000018e+00,2.19999999999999973e-01,3.04953961176043492e+02,3.04953961176275698e+02,2.32205366046400741e-10
360,-4.37500000000000000e+00,2.19999999999999973e-01,3.05107528154425722e+02,3.05107528154647753e+02,2.22030394070316106e-10
361,-4.29999999999999982e+00,2.19999999999999973e-01,3.05257766112202376e+02,3.05257766112415652e+02,2.13276507565751672e-10
362,-4.22499999999999964e+00,2.19999999999999973e-01,3.05406841606870614e+02,3.05406841607075876e+02,2.05261585506377742e-10
363,-4.15000000000000036e+00,2.19999999999999973e-01,3.05556024393400833e+02,3.05556024393598534e+02,1.97701410797890276e-10
364,-4.07500000000000018e+00,2.19999999999999973e-01,3.05706276266397708e+02,3.05706276266588418e+02,1.90709670278010890e-10
365,-3.92592592592561784e+00,2.19999999999999973e-01,3.06010586227821364e+02,3.06010586228000136e+02,1.78772552317241207e-10
366,-3.85185185185123613e+00,2.19999999999999973e-01,3.06165658613692983e+02,3.06165658613866583e+02,1.73599801200907677e-10
367,-3.77777777777685309e+00,2.19999999999999973e-01,3.06323476709030217e+02,3.06323476709198644e+02,1.68427050084574148e-10
368,-3.70370370370247093e+00,2.19999999999999973e-01,3.06484287763398584e+02,3.06484287763562236e+02,1.63652202900266275e-10
369,-3.62962962962808922e+00,2.19999999999999973e-01,3.06648187788078985e+02,3.06648187788238545e+02,1.59559476742288098e-10
370,-3.55555555555370706e+00,2.19999999999999973e-01,3.06815326722816621e+02,3.06815326722972259e+02,1.55637280840892345e-10
371,-3.48148148147956515e+00,2.19999999999999973e-01,3.06985907371153132e+02,3.06985907371304847e+02,1.51715084939496592e-10
372,-3.40740740740596992e+00,2.19999999999999973e-01,3.07160162289492860e+02,3.07160162289641164e+02,1.48304479807848111e-10
373,-3.33333333333241022e+00,2.19999999999999973e-01,3.07338197174655761e+02,3.07338197174800655e+02,1.44893874676199630e-10
374,-3.25925925925885052e+00,2.19999999999999973e-01,3.07520423328434674e+02,3.07520423328576328e+02,1.41653799801133573e-10
375,-3.18518518518529037e+00,2.19999999999999973e-01,3.07706555530198386e+02,3.07706555530337425e+02,1.39039002533536404e-10
376,-3.11111111111173066e+00,2.19999999999999973e-01,3.07897091238027656e+02,3.07897091238163910e+02,1.36253675009356812e-10
377,-3.03703703703817096e+00,2.19999999999999973e-01,3.08091816072287884e+02,3.08091816072421750e+02,1.33866251417202875e-10
378,-2.96296296296461081e+00,2.19999999999999973e-01,3.08290895018231765e+02,3.08290895018363130e+02,1.31365140987327322e-10
379,-2.88888888889105111e+00,2.19999999999999973e-01,3.08494524720084144e+02,3.08494524720213292e+02,1.29148247651755810e-10
380,-2.81481481481749096e+00,2.19999999999999973e-01,3.08702861651480873e+02,3.08702861651607918e+02,1.27045041153905913e-10
381,-2.74074074074393215e+00,2.19999999999999973e-01,3.08915987195085677e+02,3.08915987195210562e+02,1.24884991237195209e-10
382,-2.66666666667037155e+00,2.19999999999999973e-01,3.09134042129128318e+02,3.09134042129251270e+02,1.22952314995927736e-10
383,-2.59259259259681141e+00,2.19999999999999973e-01,3.09357082242027730e+02,3.09357082242148863e+02,1.21133325592381880e-10
384,-2.51851851852325215e+00,2.19999999999999973e-01,3.09585226907790684e+02,3.09585226907909998e+02,1.19314336188836023e-10
385,-2.44444444444969200e+00,2.19999999999999973e-01,3.09818747772502206e+02,3.09818747772619872e+02,1.17665877041872591e-10
386,-2.37037037037613185e+00,2.19999999999999973e-01,3.10058204444279852e+02,3.10058204444395869e+02,1.16017417894909158e-10
387,-2.29629629630257304e+00,2.19999999999999973e-01,3.10303037249103966e+02,3.10303037249218676e+02,1.14710019261110574e-10
388,-2.22222222222901200e+00,2.19999999999999973e-01,3.10553907251655005e+02,3.10553907251768408e+02,1.13402620627311990e-10
389,-2.14814814815545319e+00,2.19999999999999973e-01,3.10810562244286075e+02,3.10810562244398056e+02,1.11981535155791789e-10
390,-2.07407407408189259e+00,2.19999999999999973e-01,3.11073115221733133e+02,3.11073115221843750e+02,1.10617293103132397e-10
391,-2.00000000000824585e+00,2.19999999999999973e-01,3.11341566837140817e+02,3.11341566837250411e+02,1.09594111563637853e-10
392,-1.92592592593394984e+00,2.19999999999999973e-01,3.11616139077558728e+02,3.11616139077667185e+02,1.08457243186421692e-10
393,-1.85185185185956791e+00,2.19999999999999973e-01,3.11897051140155838e+02,3.11897051140263159e+02,1.07320374809205532e-10
394,-1.77777777778518598e+00,2.19999999999999973e-01,3.12184608259043841e+02,3.12184608259149911e+02,1.06069819594267756e-10
395,-1.70370370371080382e+00,2.19999999999999973e-01,3.12479110518544928e+02,3.12479110518649748e+02,1.04819264379329979e-10
396,-1.62962962963642211e+00,2.19999999999999973e-01,3.12780804628757949e+02,3.12780804628861631e+02,1.03682396002113819e-10
397,-1.55555555556203906e+00,2.19999999999999973e-01,3.13089832225960549e+02,3.13089832226063152e+02,1.02602371043758467e-10
398,-1.48148148148765579e+00,2.19999999999999973e-01,3.13406406602857828e+02,3.13406406602959578e+02,1.01749719760846347e-10
399,-1.40740740741327275e+00,2.19999999999999973e-01,3.13730416467385851e+02,3.13730416467486975e+02,1.01124442153377458e-10
400,-1.33333333333889104e+00,2.19999999999999973e-01,3.14062112711398527e+02,3.14062112711499083e+02,1.00556007964769378e-10
401,-1.25925925926450799e+00,2.19999999999999973e-01,3.14401290953268131e+02,3.14401290953368118e+02,9.99875737761612982e-11
402,-1.18518518519012495e+00,2.19999999999999973e-01,3.14748501911101187e+02,3.14748501911200492e+02,9.93054527498316020e-11
403,-1.11111111111574168e+00,2.19999999999999973e-01,3.15103512787780517e+02,3.15103512787879083e+02,9.85664883046410978e-11
404,-1.03703703704135997e+00,2.19999999999999973e-01,3.15466586337810838e+02,3.15466586337908950e+02,9.81117409537546337e-11
405,-9.62962962966976033e-01,2.19999999999999973e-01,3.15838044877901439e+02,3.15838044877999039e+02,9.76001501840073615e-11
406,-8.88888888892593321e-01,2.19999999999999973e-01,3.16217855647672650e+02,3.16217855647769852e+02,9.72022462519817054e-11
407,-8.14814814818210831e-01,2.19999999999999973e-01,3.16606206955608286e+02,3.16606206955705147e+02,9.68611857388168573e-11
408,-7.40740740743827786e-01,2.19999999999999973e-01,3.17003255837891402e+02,3.17003255837988036e+02,9.66338120633736253e-11
409,-6.66666666669445185e-01,2.19999999999999973e-01,3.17408990727622665e+02,3.17408990727719413e+02,9.67474989010952413e-11
410,-5.92592592595062140e-01,2.19999999999999973e-01,3.17823580319257019e+02,3.17823580319353823e+02,9.68043423199560493e-11
411,-5.18518518520679539e-01,2.19999999999999973e-01,3.18247175231924132e+02,3.18247175232020993e+02,9.68611857388168573e-11
412,-4.44444444446296494e-01,2.19999999999999973e-01,3.18680197947045087e+02,3.18680197947142176e+02,9.70885594142600894e-11
413,-3.70370370371913893e-01,2.19999999999999973e-01,3.19123147397384855e+02,3.19123147397482114e+02,9.72590896708425134e-11
414,-2.96296296297531292e-01,2.19999999999999973e-01,3.19576312344605071e+02,3.19576312344702615e+02,9.75433067651465535e-11
415,-2.22222222223148191e-01,2.19999999999999973e-01,3.20039787267493693e+02,3.20039787267591635e+02,9.79412106971722096e-11
416,-1.48148148148765590e-01,2.19999999999999973e-01,3.20513715510803365e+02,3.20513715510901818e+02,9.84528014669194818e-11
417,-7.40740740743825871e-02,2.19999999999999973e-01,3.20998545225001124e+02,3.20998545225099861e+02,9.87370185612235218e-11
418,7.40740740739342790e-02,2.19999999999999973e-01,3.22002879073220527e+02,3.22002879073320400e+02,9.98738869384396821e-11
419,1.48148148147860509e-01,2.19999999999999973e-01,3.22523599221483437e+02,3.22523599221583765e+02,1.00328634289326146e-10
420,2.22222222221770987e-01,2.19999999999999973e-01,3.23055975932189256e+02,3.23055975932290210e+02,1.00953911896795034e-10
421,2.96296296295711692e-01,2.19999999999999973e-01,3.23599970828453877e+02,3.23599970828555684e+02,1.01806563179707155e-10
422,3.70370370369672297e-01,2.19999999999999973e-01,3.24155434114888408e+02,3.24155434114990896e+02,1.02488684206036851e-10
423,4.44444444443632847e-01,2.19999999999999973e-01,3.24722306455864612e+02,3.24722306455967839e+02,1.03227648651227355e-10
424,5.18518518517563365e-01,2.19999999999999973e-01,3.25300484152581475e+02,3.25300484152685442e+02,1.03966613096417859e-10
425,5.92592592591425604e-01,2.19999999999999973e-01,3.25889824772027850e+02,3.25889824772132556e+02,1.04705577541608363e-10
426,6.66666666665283514e-01,2.19999999999999973e-01,3.26490566568110978e+02,3.26490566568216593e+02,1.05615072243381292e-10
427,7.40740740739141201e-01,2.19999999999999973e-01,3.27103091648400550e+02,3.27103091648507132e+02,1.06581410364015028e-10
428,8.14814814812999000e-01,2.19999999999999973e-01,3.27727090848025455e+02,3.27727090848132889e+02,1.07434061646927148e-10
429,8.88888888886856798e-01,2.19999999999999973e-01,3.28362952464907437e+02,3.28362952465015951e+02,1.08514086605282500e-10
430,9.62962962960714708e-01,2.19999999999999973e-01,3.29011062777602376e+02,3.29011062777711913e+02,1.09537268144777045e-10
431,1.03703703703457295e+00,2.19999999999999973e-01,3.29671601331041472e+02,3.29671601331152658e+02,1.11185727291740477e-10
432,1.11111111110842997e+00,2.19999999999999973e-01,3.30344555324978842e+02,3.30344555325091449e+02,1.12606812763260677e-10
433,1.18518518518228810e+00,2.19999999999999973e-01,3.31029839692654036e+02,3.31029839692767780e+02,1.13743681140476838e-10
434,1.25925925925614601e+00,2.19999999999999973e-01,3.31727392368638050e+02,3.31727392368752874e+02,1.14823706098832190e-10
435,1.33333333333000392e+00,2.19999999999999973e-01,3.32436914263362098e+02,3.32436914263478229e+02,1.16131104732630774e-10
436,1.40740740740386072e+00,2.19999999999999973e-01,3.33158341093689955e+02,3.33158341093807394e+02,1.17438503366429359e-10
437,1.48148148147771885e+00,2.19999999999999973e-01,3.33891400360584157e+02,3.33891400360702562e+02,1.18404841487063095e-10
438,1.55555555555157676e+00,2.19999999999999973e-01,3.34635907428484188e+02,3.34635907428603900e+02,1.19712240120861679e-10
439,1.62962962962543467e+00,2.19999999999999973e-01,3.35392069345147490e+02,3.35392069345268396e+02,1.20905951916938648e-10
440,1.70370370369929280e+00,2.19999999999999973e-01,3.36159724874524215e+02,3.36159724874646372e+02,1.22156507131876424e-10
441,1.77777777777315005e+00,2.19999999999999973e-01,3.36938062137775091e+02,3.36938062137898442e+02,1.23350218927953392e-10
442,1.85185185184700796e+00,2.19999999999999973e-01,3.37726954764016909e+02,3.37726954764141738e+02,1.24828147818334401e-10
443,1.92592592592086587e+00,2.19999999999999973e-01,3.38526233672778346e+02,3.38526233672904596e+02,1.26249233289854601e-10
444,1.99999999999476685e+00,2.19999999999999973e-01,3.39335519260010642e+02,3.39335519260138653e+02,1.28011379274539649e-10
445,2.07407407406899269e+00,2.19999999999999973e-01,3.40154673639976295e+02,3.40154673640106012e+02,1.29716681840363890e-10
446,2.14814814814326205e+00,2.19999999999999973e-01,3.40983408478424508e+02,3.40983408478556157e+02,1.31649358081631362e-10
447,2.22222222221753096e+00,2.19999999999999973e-01,3.41820902415449325e+02,3.41820902415582793e+02,1.33468347485177219e-10
448,2.29629629629179988e+00,2.19999999999999973e-01,3.42666570988824844e+02,3.42666570988960302e+02,1.35457867145305499e-10
449,2.37037037036606879e+00,2.19999999999999973e-01,3.43519428000209132e+02,3.43519428000346920e+02,1.37788447318598628e-10
450,2.44444444444033815e+00,2.19999999999999973e-01,3.44378555421691431e+02,3.44378555421831493e+02,1.40062184073030949e-10
451,2.51851851851460795e+00,2.19999999999999973e-01,3.45243290228810224e+02,3.45243290228952560e+02,1.42335920827463269e-10
452,2.59259259258887642e+00,2.19999999999999973e-01,3.46112236508058459e+02,3.46112236508203239e+02,1.44780187838478014e-10
453,2.66666666666314711e+00,2.19999999999999973e-01,3.46983799775579371e+02,3.46983799775726538e+02,1.47167611430631950e-10
454,2.74074074073741691e+00,2.19999999999999973e-01,3.47857469944624881e+02,3.47857469944774266e+02,1.49384504766203463e-10
455,2.81481481481168583e+00,2.19999999999999973e-01,3.48732490790710642e+02,3.48732490790862528e+02,1.51885615196079016e-10
456,2.88888888888595607e+00,2.19999999999999973e-01,3.49607018266796956e+02,3.49607018266951457e+02,1.54500412463676184e-10
457,2.96296296296022499e+00,2.19999999999999973e-01,3.50479433818705957e+02,3.50479433818862731e+02,1.56774149218108505e-10
458,3.03703703703449435e+00,2.19999999999999973e-01,3.51348295619626469e+02,3.51348295619785517e+02,1.59047885972540826e-10
459,3.11111111110876504e+00,2.19999999999999973e-01,3.52211447878592082e+02,3.52211447878753688e+02,1.61605839821277186e-10
460,3.18518518518303351e+00,2.19999999999999973e-01,3.53067495531574991e+02,3.53067495531739212e+02,1.64220637088874355e-10
461,3.25925925925730420e+00,2.19999999999999973e-01,3.53913239677975866e+02,3.53913239678142702e+02,1.66835434356471524e-10
462,3.33333333333157267e+00,2.19999999999999973e-01,3.54747631762156857e+02,3.54747631762326648e+02,1.69791292137233540e-10
463,3.40740740740584291e+00,2.19999999999999973e-01,3.55567727459964090e+02,3.55567727460136837e+02,1.72747149917995557e-10
464,3.48148148148011316e+00,2.19999999999999973e-01,3.56371314158576979e+02,3.56371314158752853e+02,1.75873537955339998e-10
465,3.55555555555438207e+00,2.19999999999999973e-01,3.57156295114954162e+02,3.57156295115133560e+02,1.79397829924710095e-10
466,3.62962962962865143e+00,2.19999999999999973e-01,3.57920632119874710e+02,3.57920632120057803e+02,1.83092652150662616e-10
467,3.70370370370292079e+00,2.19999999999999973e-01,3.58662515910607340e+02,3.58662515910793843e+02,1.86503257282311097e-10
468,3.77777777777719059e+00,2.19999999999999973e-01,3.59379486894595345e+02,3.59379486894785259e+02,1.89913862413959578e-10
469,3.85185185185146084e+00,2.19999999999999973e-01,3.60066882587544853e+02,3.60066882587738462e+02,1.93608684639912099e-10
470,3.92592592592572975e+00,2.19999999999999973e-01,3.60724288232147444e+02,3.60724288232344577e+02,1.97132976609282196e-10
471,4.07500000000000018e+00,2.19999999999999973e-01,3.61937979203888176e+02,3.61937979204093097e+02,2.04920524993212894e-10
472,4.15000000000000036e+00,2.19999999999999973e-01,3.62488152058721255e+02,3.62488152058929984e+02,2.08729034056887031e-10
473,4.22499999999999964e+00,2.19999999999999973e-01,3.62995250177606636e+02,3.62995250177819855e+02,2.13219664146890864e-10
474,4.29999999999999982e+00,2.19999999999999973e-01,3.63452801413307668e+02,3.63452801413525492e+02,2.17823981074616313e-10
475,4.37500000000000000e+00,2.19999999999999973e-01,3.63850734273663591e+02,3.63850734273886246e+02,2.22655671677784994e-10
476,4.45000000000000018e+00,2.19999999999999973e-01,3.64171320466523355e+02,3.64171320466751467e+02,2.28112639888422564e-10
477,4.52499999999999947e+00,2.19999999999999973e-01,3.64380203351313241e+02,3.64380203351547493e+02,2.34251729125389829e-10
478,4.59999999999999876e+00,2.19999999999999973e-01,3.64402546314816561e+02,3.64402546315057123e+02,2.40561348618939519e-10
479,4.67499999999999893e+00,2.19999999999999973e-01,3.64040965037605474e+02,3.64040965037853027e+02,2.47553089138818905e-10
480,4.82142857142857117e+00,2.19999999999999973e-01,3.62366260930689634e+02,3.62366260930945487e+02,2.55852228292496875e-10
481,4.89285714285714235e+00,2.19999999999999973e-01,3.62358909055906167e+02,3.62358909056162133e+02,2.55965915130218491e-10
482,4.96428571428571441e+00,2.19999999999999973e-01,3.62357362113283386e+02,3.62357362113539466e+02,2.56079601967940107e-10
483,5.03571428571428381e+00,2.19999999999999973e-01,3.62357807640209728e+02,3.62357807640465921e+02,2.56193288805661723e-10
484,5.10714285714285676e+00,2.19999999999999973e-01,3.62359320672769741e+02,3.62359320673026275e+02,2.56534349318826571e-10
485,5.17857142857142794e+00,2.19999999999999973e-01,3.62363214668450325e+02,3.62363214668706973e+02,2.56648036156548187e-10
486,5.29999999999999893e+00,2.19999999999999973e-01,3.62880065777702782e+02,3.62880065777970003e+02,2.67220912064658478e-10
487,5.42142857142857082e+00,2.19999999999999973e-01,3.62069082060377070e+02,3.62069082060654864e+02,2.77793787972768769e-10
488,5.49285714285714199e+00,2.19999999999999973e-01,3.62058527977655388e+02,3.62058527977933011e+02,2.77623257716186345e-10
489,5.56428571428571228e+00,2.19999999999999973e-01,3.62050420119231944e+02,3.62050420119508942e+02,2.76997980108717456e-10
490,5.63571428571428434e+00,2.19999999999999973e-01,3.62043528103858421e+02,3.62043528104134907e+02,2.76486389338970184e-10
491,5.70714285714285641e+00,2.19999999999999973e-01,3.62038867414640379e+02,3.62038867414916467e+02,2.76088485406944528e-10
492,5.77857142857142758e+00,2.19999999999999973e-01,3.62040113694811566e+02,3.62040113695086916e+02,2.75349520961754024e-10
493,5.92499999999999893e+00,2.19999999999999973e-01,3.63330107025900929e+02,3.63330107026162125e+02,2.61195509665412828e-10
494,6.06915781506656860e+00,2.19999999999999973e-01,3.63285302976657135e+02,3.63285302976899231e+02,2.42096120928181335e-10
495,6.14186297239342682e+00,2.19999999999999973e-01,3.62949361152392441e+02,3.62949361152626693e+02,2.34251729125389829e-10
496,6.23865645426689142e+00,2.19999999999999973e-01,3.62379178885466786e+02,3.62379178885691601e+02,2.24815721594495699e-10
497,6.37129239532920177e+00,2.19999999999999973e-01,3.61469702112969856e+02,3.61469702113183416e+02,2.13560724660055712e-10
498,6.55304320942100116e+00,2.19999999999999973e-01,3.60080774375433407e+02,3.60080774375633780e+02,2.00373051484348252e-10
499,6.80218483297572529e+00,2.19999999999999973e-01,3.58030526830423639e+02,3.58030526830608835e+02,1.85195858648512512e-10
500,7.14336992442261653e+00,2.19999999999999973e-01,3.55096366772874774e+02,3.55096366773042973e+02,1.68199676409130916e-10
501,7.61091957009858877e+00,2.19999999999999973e-01,3.51142813003849767e+02,3.51142813003999152e+02,1.49384504766203463e-10
502,8.20189680826920586e+00,2.19999999999999973e-01,3.46911306930833689e+02,3.46911306930965679e+02,1.31990418594796211e-10
503,8.80126453884613724e+00,2.19999999999999973e-01,3.43666073615391326e+02,3.43666073615511607e+02,1.20280674309469759e-10
504,9.40063226942306862e+00,2.19999999999999973e-01,3.41605172771181742e+02,3.41605172771294974e+02,1.13232090370729566e-10
505,-9.42857142857142705e+00,2.21999999999999975e+00,3.02518898505315576e+02,3.02518898505439381e+02,1.23804966278839856e-10
506,-8.85714285714285587e+00,2.21999999999999975e+00,3.02650420340763446e+02,3.02650420340892765e+02,1.29318777908338234e-10
507,-8.28571428571428825e+00,2.21999999999999975e+00,3.02870116683536878e+02,3.02870116683674837e+02,1.37958977575181052e-10
508,-7.71428571428571885e+00,2.21999999999999975e+00,3.03187733367240412e+02,3.03187733367389967e+02,1.49555035022785887e-10
509,-7.14285714285714679e+00,2.21999999999999975e+00,3.03609314412134097e+02,3.03609314412297294e+02,1.63197455549379811e-10
510,-6.57142857142857473e+00,2.21999999999999975e+00,3.04151920914738469e+02,3.04151920914916218e+02,1.77749370777746662e-10
511,-4.37499999999999911e+00,2.21999999999999975e+00,3.07810323206398152e+02,3.07810323206586531e+02,1.88379090104717761e-10
512,-3.42857142856984298e+00,2.21999999999999975e+00,3.10568166628081372e+02,3.10568166628250367e+02,1.68995484273182228e-10
513,-2.85714285714523708e+00,2.21999999999999975e+00,3.12724798345590955e+02,3.12724798345748468e+02,1.57513113663299009e-10
514,-2.28571428572063295e+00,2.21999999999999975e+00,3.15340252087172473e+02,3.15340252087319584e+02,1.47110768011771142e-10
515,-1.71428571429285692e+00,2.21999999999999975e+00,3.18508609708961558e+02,3.18508609709101393e+02,1.39834810397587717e-10
516,-1.14285714286190698e+00,2.21999999999999975e+00,3.22315194400075484e+02,3.22315194400211453e+02,1.35969457915052772e-10
517,-5.71428571430953269e-01,2.21999999999999975e+00,3.26940209775673338e+02,3.26940209775808967e+02,1.35628397401887923e-10
518,6.04909226315141102e-01,2.21999999999999975e+00,3.39990555924686817e+02,3.39990555924834325e+02,1.47508671943796799e-10
519,1.20981845262971999e+00,2.21999999999999975e+00,3.49152122162344654e+02,3.49152122162505748e+02,1.61094249051529914e-10
520,1.81472767894429610e+00,2.21999999999999975e+00,3.60725756507753147e+02,3.60725756507932317e+02,1.79170456249266863e-10
521,2.39216598391849100e+00,2.21999999999999975e+00,3.74755557034397839e+02,3.74755557034600997e+02,2.03158379008527845e-10
522,2.82733084106292676e+00,2.21999999999999975e+00,3.87993894671866371e+02,3.87993894672092608e+02,2.26236807066015899e-10
523,3.14409355893023301e+00,2.21999999999999975e+00,3.99526365938662764e+02,3.99526365938909180e+02,2.46416220761602744e-10
524,3.37455109682760490e+00,2.21999999999999975e+00,4.09340687075733399e+02,4.09340687075996641e+02,2.63241872744401917e-10
525,3.54224191299043767e+00,2.21999999999999975e+00,4.17573689748422112e+02,4.17573689748699508e+02,2.77395884040743113e-10
526,3.66426140789365418e+00,2.21999999999999975e+00,4.24384701546210351e+02,4.24384701546499002e+02,2.88650880975183100e-10
527,3.75304837905229460e+00,2.21999999999999975e+00,4.30085156336526552e+02,4.30085156336824923e+02,2.98371105600381270e-10
528,3.81852723210461997e+00,2.21999999999999975e+00,4.34877684788605052e+02,4.34877684788911324e+02,3.06272340822033584e-10
529,3.87901815473641287e+00,2.21999999999999975e+00,4.40024068260953584e+02,4.40024068261268042e+02,3.14457793137989938e-10
530,3.93950907736820666e+00,2.21999999999999975e+00,4.46239727054333855e+02,4.46239727054657635e+02,3.23780113831162453e-10
531,4.06250000000000000e+00,2.21999999999999975e+00,4.56521166496610704e+02,4.56521166496950855e+02,3.40151018463075161e-10
532,4.12499999999999911e+00,2.21999999999999975e+00,4.57352541148605212e+02,4.57352541148946671e+02,3.41458417096873745e-10
533,4.18750000000000000e+00,2.21999999999999975e+00,4.58157689612520983e+02,4.58157689612863521e+02,3.42538442055229098e-10
534,4.25000000000000000e+00,2.21999999999999975e+00,4.58935905692984022e+02,4.58935905693327811e+02,3.43788997270166874e-10
535,4.31250000000000000e+00,2.21999999999999975e+00,4.59681562093404352e+02,4.59681562093749164e+02,3.44812178809661418e-10
536,4.37499999999999911e+00,2.21999999999999975e+00,4.60381649163150371e+02,4.60381649163496149e+02,3.45778516930295154e-10
537,4.43749999999999822e+00,2.21999999999999975e+00,4.61031755982544723e+02,4.61031755982891809e+02,3.47085915564093739e-10
538,4.49999999999999911e+00,2.21999999999999975e+00,4.61626694566004005e+02,4.61626694566352342e+02,3.48336470779031515e-10
539,4.56249999999999911e+00,2.21999999999999975e+00,4.62163358250033525e+02,4.62163358250382714e+02,3.49189122061943635e-10
540,4.62499999999999911e+00,2.21999999999999975e+00,4.62642394520418350e+02,4.62642394520768335e+02,3.49984929925994948e-10
541,4.68750000000000000e+00,2.21999999999999975e+00,4.63055592802407375e+02,4.63055592802758042e+02,3.50667050952324644e-10
542,4.81250000000000000e+00,2.21999999999999975e+00,4.63688986554419103e+02,4.63688986554768860e+02,3.49757556250551715e-10
543,4.87500000000000000e+00,2.21999999999999975e+00,4.63907096143336219e+02,4.63907096143685692e+02,3.49473339156247675e-10
544,4.93750000000000000e+00,2.21999999999999975e+00,4.64055683045499961e+02,4.64055683045849264e+02,3.49302808899665251e-10
545,5.00000000000000000e+00,2.21999999999999975e+00,4.64139950004588968e+02,4.64139950004938328e+02,3.49359652318526059e-10
546,5.06249999999999911e+00,2.21999999999999975e+00,4.64157331750167600e+02,4.64157331750517073e+02,3.49473339156247675e-10
547,5.12500000000000000e+00,2.21999999999999975e+00,4.64103938627931882e+02,4.64103938628281810e+02,3.49928086507134140e-10
548,5.18750000000000000e+00,2.21999999999999975e+00,4.63984284965432607e+02,4.63984284965781626e+02,3.49018591805361211e-10
549,5.29999999999999893e+00,2.21999999999999975e+00,4.63601234441397708e+02,4.63601234441745646e+02,3.47938566847005859e-10
550,5.41249999999999964e+00,2.21999999999999975e+00,4.63010594792307984e+02,4.63010594792653762e+02,3.45778516930295154e-10
551,5.47499999999999964e+00,2.21999999999999975e+00,4.62592708934496500e+02,4.62592708934840743e+02,3.44243744621053338e-10
552,5.53749999999999876e+00,2.21999999999999975e+00,4.62110784937508299e+02,4.62110784937850724e+02,3.42424755217507482e-10
553,5.59999999999999964e+00,2.21999999999999975e+00,4.61574164521495561e+02,4.61574164521836849e+02,3.41287886840291321e-10
554,5.66249999999999964e+00,2.21999999999999975e+00,4.60983219784501671e+02,4.60983219784842220e+02,3.40548922395100817e-10
555,5.72499999999999964e+00,2.21999999999999975e+00,4.60339082709401282e+02,4.60339082709740751e+02,3.39468897436745465e-10
556,5.78749999999999964e+00,2.21999999999999975e+00,4.59650812999350933e+02,4.59650812999689037e+02,3.38104655384086072e-10
557,5.89999999999959535e+00,2.21999999999999975e+00,4.58333084106405465e+02,4.58333084106742433e+02,3.36967787006869912e-10
558,5.95000000000075069e+00,2.21999999999999975e+00,4.57711015765078002e+02,4.57711015765413833e+02,3.35830918629653752e-10
559,6.06049092263150868e+00,2.21999999999999975e+00,4.48207383228844549e+02,4.48207383229167419e+02,3.22870619129389524e-10
560,6.12098184526301647e+00,2.21999999999999975e+00,4.42424652034611825e+02,4.42424652034925884e+02,3.14059889205964282e-10
561,6.18147276789452604e+00,2.21999999999999975e+00,4.37661930811900618e+02,4.37661930812207288e+02,3.06670244754059240e-10
562,6.24695162094634160e+00,2.21999999999999975e+00,4.33249810961467745e+02,4.33249810961767992e+02,3.00246938422787935e-10
563,6.33573859210433188e+00,2.21999999999999975e+00,4.28039168461395946e+02,4.28039168461688064e+02,2.92118329525692388e-10
564,6.45775808700689691e+00,2.21999999999999975e+00,4.21869819324599234e+02,4.21869819324881576e+02,2.82341261481633410e-10
565,6.62544890316916835e+00,2.21999999999999975e+00,4.14573487657390729e+02,4.14573487657660451e+02,2.69722022494534031e-10
566,6.85590644106623071e+00,2.21999999999999975e+00,4.06041046397624768e+02,4.06041046397879143e+02,2.54374299402115867e-10
567,7.17266915893377011e+00,2.21999999999999975e+00,3.96260363577954081e+02,3.96260363578189470e+02,2.35388597502605990e-10
568,7.60783401607939158e+00,2.21999999999999975e+00,3.85518500780174918e+02,3.85518500780388308e+02,2.13390194403473288e-10
569,8.18527232105472713e+00,2.21999999999999975e+00,3.75070387108788566e+02,3.75070387108979503e+02,1.90937043953454122e-10
570,8.79018154736981749e+00,2.21999999999999975e+00,3.67815091993764781e+02,3.67815091993939063e+02,1.74281922227237374e-10
571,9.39509077368490786e+00,2.21999999999999975e+00,3.63602313382056650e+02,3.63602313382221894e+02,1.65243818628368899e-10
572,-9.42857142857142705e+00,2.35999999999999988e+00,3.02538288031698073e+02,3.02538288031822674e+02,1.24600774142891169e-10
573,-8.85714285714285587e+00,2.35999999999999988e+00,3.02670173556185773e+02,3.02670173556315717e+02,1.29944055515807122e-10
574,-8.28571428571428825e+00,2.35999999999999988e+00,3.02891564920432756e+02,3.02891564920571341e+02,1.38584255182649940e-10
575,-7.71428571428571885e+00,2.35999999999999988e+00,3.03211015981585888e+02,3.03211015981735727e+02,1.49839252117089927e-10
576,-7.14285714285714679e+00,2.35999999999999988e+00,3.03635986631372418e+02,3.03635986631535502e+02,1.63083768711658195e-10
577,-6.57142857142857473e+00,2.35999999999999988e+00,3.04182629522529453e+02,3.04182629522706577e+02,1.77124093170277774e-10
578,-4.37499999999999911e+00,2.35999999999999988e+00,3.07874795052754905e+02,3.07874795052942488e+02,1.87583282240666449e-10
579,-3.42857142856984298e+00,2.35999999999999988e+00,3.10654147140288273e+02,3.10654147140457155e+02,1.68881797435460612e-10
580,-2.85714285714523708e+00,2.35999999999999988e+00,3.12826607960168531e+02,3.12826607960326385e+02,1.57854174176463857e-10
581,-2.28571428572063295e+00,2.35999999999999988e+00,3.15462101467768832e+02,3.15462101467916682e+02,1.47849732456961647e-10
582,-1.71428571429285692e+00,2.35999999999999988e+00,3.18653408899694284e+02,3.18653408899834972e+02,1.40687461680499837e-10
583,-1.14285714286190698e+00,2.35999999999999988e+00,3.22497872631070777e+02,3.22497872631207542e+02,1.36765265779104084e-10
584,-5.71428571430953269e-01,2.35999999999999988e+00,3.27171478560885703e+02,3.27171478561022127e+02,1.36424205265939236e-10
585,6.04909226315141102e-01,2.35999999999999988e+00,3.40352508570985151e+02,3.40352508571133797e+02,1.48645540321012959e-10
586,1.20981845262971999e+00,2.35999999999999988e+00,3.49636970958772565e+02,3.49636970958934910e+02,1.62344804266467690e-10
587,1.81472767894429610e+00,2.35999999999999988e+00,3.61383717637874213e+02,3.61383717638054918e+02,1.80705228558508679e-10
588,2.39216598391849100e+00,2.35999999999999988e+00,3.75702454794548714e+02,3.75702454794753749e+02,2.05034211830934510e-10
589,2.82733084106292676e+00,2.35999999999999988e+00,3.89282128570651423e+02,3.89282128570879877e+02,2.28453700401587412e-10
590,3.14409355893023301e+00,2.35999999999999988e+00,4.01131115319569972e+02,4.01131115319818946e+02,2.48974174610339105e-10
591,3.37455109682760490e+00,2.35999999999999988e+00,4.11387217974379951e+02,4.11387217974646433e+02,2.66481947619467974e-10
592,3.54224191299043767e+00,2.35999999999999988e+00,4.19925293253288260e+02,4.19925293253569293e+02,2.81033862847834826e-10
593,3.66426140789365418e+00,2.35999999999999988e+00,4.26848400349091548e+02,4.26848400349384178e+02,2.92629920295439661e-10
594,3.75304837905229460e+00,2.35999999999999988e+00,4.32625983808350838e+02,4.32625983808653530e+02,3.02691205433802679e-10
595,3.81852723210461997e+00,2.35999999999999988e+00,4.37419446202911047e+02,4.37419446203221469e+02,3.10421910398872569e-10
596,3.87901815473641287e+00,2.35999999999999988e+00,4.42425198625592770e+02,4.42425198625911150e+02,3.18379989039385691e-10
597,3.93950907736820666e+00,2.35999999999999988e+00,4.48199509213230954e+02,4.48199509213558372e+02,3.27418092638254166e-10
598,4.06250000000000000e+00,2.35999999999999988e+00,4.56752687017972107e+02,4.56752687018312884e+02,3.40776296070544049e-10
599,4.12499999999999911e+00,2.35999999999999988e+00,4.57555229869839820e+02,4.57555229870181847e+02,3.42026851285481825e-10
600,4.18750000000000000e+00,2.35999999999999988e+00,4.58355842409745264e+02,4.58355842410088428e+02,3.43163719662697986e-10
601,4.25000000000000000e+00,2.35999999999999988e+00,4.59135740367080132e+02,4.59135740367423864e+02,3.43732153851306066e-10
602,4.31250000000000000e+00,2.35999999999999988e+00,4.59879161669495829e+02,4.59879161669840528e+02,3.44698491971939802e-10
603,4.37499999999999911e+00,2.35999999999999988e+00,4.60580416216543597e+02,4.60580416216889432e+02,3.45835360349155962e-10
604,4.43749999999999822e+00,2.35999999999999988e+00,4.61231513931615041e+02,4.61231513931961729e+02,3.46688011632068083e-10
605,4.49999999999999911e+00,2.35999999999999988e+00,4.61828574236623524e+02,4.61828574236971576e+02,3.48052253684727475e-10
606,4.56249999999999911e+00,2.35999999999999988e+00,4.62368116449504498e+02,4.62368116449853687e+02,3.49189122061943635e-10
607,4.62499999999999911e+00,2.35999999999999988e+00,4.62843788343648157e+02,4.62843788343998312e+02,3.50155460182577372e-10
608,4.68750000000000000e+00,2.35999999999999988e+00,4.63256886902635813e+02,4.63256886902986309e+02,3.50496520695742220e-10
609,4.81250000000000000e+00,2.35999999999999988e+00,4.63890861573306040e+02,4.63890861573656082e+02,3.50041773344855756e-10
610,4.87500000000000000e+00,2.35999999999999988e+00,4.64109518427382909e+02,4.64109518427733008e+02,3.50098616763716564e-10
611,4.93750000000000000e+00,2.35999999999999988e+00,4.64261525193844307e+02,4.64261525194194633e+02,3.50325990439159796e-10
612,5.00000000000000000e+00,2.35999999999999988e+00,4.64343553065631170e+02,4.64343553065981155e+02,3.49984929925994948e-10
613,5.06249999999999911e+00,2.35999999999999988e+00,4.64358103760583049e+02,4.64358103760933034e+02,3.49984929925994948e-10
614,5.12500000000000000e+00,2.35999999999999988e+00,4.64308362515920408e+02,4.64308362516270449e+02,3.50041773344855756e-10
615,5.18750000000000000e+00,2.35999999999999988e+00,4.64188880664495457e+02,4.64188880664845158e+02,3.49700712831690907e-10
616,5.29999999999999893e+00,2.35999999999999988e+00,4.63803047006439272e+02,4.63803047006787835e+02,3.48563844454474747e-10
617,5.41249999999999964e+00,2.35999999999999988e+00,4.63209326388276395e+02,4.63209326388622230e+02,3.45835360349155962e-10
618,5.47499999999999964e+00,2.35999999999999988e+00,4.62790670958906105e+02,4.62790670959250463e+02,3.44357431458774954e-10
619,5.53749999999999876e+00,2.35999999999999988e+00,4.62311307468897780e+02,4.62311307469240830e+02,3.43050032824976370e-10
620,5.59999999999999964e+00,2.35999999999999988e+00,4.61770696392675177e+02,4.61770696393017147e+02,3.41970007866621017e-10
621,5.66249999999999964e+00,2.35999999999999988e+00,4.61175135478546792e+02,4.61175135478887626e+02,3.40833139489404857e-10
622,5.72499999999999964e+00,2.35999999999999988e+00,4.60534649694781535e+02,4.60534649695121118e+02,3.39582584274467081e-10
623,5.78749999999999964e+00,2.35999999999999988e+00,4.59847567351088969e+02,4.59847567351427529e+02,3.38559402734972537e-10
624,5.89999999999959535e+00,2.35999999999999988e+00,4.58544468695673629e+02,4.58544468696010256e+02,3.36626726493705064e-10
625,5.95000000000075069e+00,2.35999999999999988e+00,4.57961112150527129e+02,4.57961112150862789e+02,3.35660388373071328e-10
626,6.06049092263150868e+00,2.35999999999999988e+00,4.50119159866432312e+02,4.50119159866757684e+02,3.25371729559265077e-10
627,6.12098184526301647e+00,2.35999999999999988e+00,4.44799998066700311e+02,4.44799998067018009e+02,3.17697868013055995e-10
628,6.18147276789452604e+00,2.35999999999999988e+00,4.40198739051996938e+02,4.40198739052307474e+02,3.10535597236594185e-10
629,6.24695162094634160e+00,2.35999999999999988e+00,4.35802181424274920e+02,4.35802181424578521e+02,3.03600700135575607e-10
630,6.33573859210433188e+00,2.35999999999999988e+00,4.30534173780599644e+02,4.30534173780894719e+02,2.95074187306454405e-10
631,6.45775808700689691e+00,2.35999999999999988e+00,4.24207577821798168e+02,4.24207577822083408e+02,2.85240275843534619e-10
632,6.62544890316916835e+00,2.35999999999999988e+00,4.16623101227869597e+02,4.16623101228141991e+02,2.72393663180992007e-10
633,6.85590644106623071e+00,2.35999999999999988e+00,4.07680123533823519e+02,4.07680123534080053e+02,2.56534349318826571e-10
634,7.17266915893377011e+00,2.35999999999999988e+00,3.97595869950996246e+02,3.97595869951233453e+02,2.37207586906151846e-10
635,7.60783401607939158e+00,2.35999999999999988e+00,3.86535371207010030e+02,3.86535371207225069e+02,2.15038653550436720e-10
636,8.18527232105472713e+00,2.35999999999999988e+00,3.75836655161784222e+02,3.75836655161976523e+02,1.92301286006113514e-10
637,8.79018154736981749e+00,2.35999999999999988e+00,3.68436060322522280e+02,3.68436060322697813e+02,1.75532477442175150e-10
638,9.39509077368490786e+00,2.35999999999999988e+00,3.64169331328247210e+02,3.64169331328413648e+02,1.66437530424445868e-10
639,-9.42857142857142705e+00,2.79999999999999982e+00,3.02564580413344174e+02,3.02564580413469912e+02,1.25737642520107329e-10
640,-8.85714285714285587e+00,2.79999999999999982e+00,3.02696895008387969e+02,3.02696895008518823e+02,1.30853550217580050e-10
641,-8.28571428571428825e+00,2.79999999999999982e+00,3.02920641175879780e+02,3.02920641176018989e+02,1.39209532790118828e-10
642,-7.71428571428571885e+00,2.79999999999999982e+00,3.03242513389825376e+02,3.03242513389975784e+02,1.50407686305698007e-10
643,-7.14285714285714679e+00,2.79999999999999982e+00,3.03672125571899869e+02,3.03672125572063010e+02,1.63140612130519003e-10
644,-6.57142857142857473e+00,2.79999999999999982e+00,3.04224120970796946e+02,3.04224120970973217e+02,1.76271441887365654e-10
645,-4.37499999999999911e+00,2.79999999999999982e+00,3.07960684279000304e+02,3.07960684279186466e+02,1.86162196769146249e-10
646,-3.42857142856984298e+00,2.79999999999999982e+00,3.10770699040392060e+02,3.10770699040560942e+02,1.68881797435460612e-10
647,-2.85714285714523708e+00,2.79999999999999982e+00,3.12964453670150647e+02,3.12964453670308899e+02,1.58252078108489513e-10
648,-2.28571428572063295e+00,2.79999999999999982e+00,3.15627196243367791e+02,3.15627196243516494e+02,1.48702383739873767e-10
649,-1.71428571429285692e+00,2.79999999999999982e+00,3.18849078671165387e+02,3.18849078671307097e+02,1.41710643219994381e-10
650,-1.14285714286190698e+00,2.79999999999999982e+00,3.22745091704364029e+02,3.22745091704501874e+02,1.37845290737459436e-10
651,-5.71428571430953269e-01,2.79999999999999982e+00,3.27484834002322884e+02,3.27484834002460389e+02,1.37504230224294588e-10
652,5.82310787326495771e-01,2.79999999999999982e+00,3.40541607390885872e+02,3.40541607391035541e+02,1.49668721860507503e-10
653,1.16462157465242888e+00,2.79999999999999982e+00,3.49527100099345716e+02,3.49527100099508175e+02,1.62458491104189306e-10
654,1.74693236197836077e+00,2.79999999999999982e+00,3.60794764213658311e+02,3.60794764213838675e+02,1.80364168045343831e-10
655,2.32924314930611942e+00,2.79999999999999982e+00,3.75133842547630366e+02,3.75133842547834661e+02,2.04295247385744005e-10
656,2.90636077158282902e+00,2.79999999999999982e+00,3.93697619642813777e+02,3.93697619643049563e+02,2.35786501434631646e-10
657,3.37205327035456293e+00,2.79999999999999982e+00,4.13489928273778048e+02,4.13489928274047770e+02,2.69722022494534031e-10
658,3.71500941835035592e+00,2.79999999999999982e+00,4.31025511241596291e+02,4.31025511241895572e+02,2.99280600302154198e-10
659,4.25000000000000000e+00,2.79999999999999982e+00,4.53742849638886469e+02,4.53742849639222982e+02,3.36513039655983448e-10
660,4.50000000000000000e+00,2.79999999999999982e+00,4.58757035553760886e+02,4.58757035554105130e+02,3.44243744621053338e-10
661,5.00000000000000000e+00,2.79999999999999982e+00,4.62287237335210591e+02,4.62287237335558814e+02,3.48222783941309899e-10
662,5.60000000000000142e+00,2.79999999999999982e+00,4.58166115594934581e+02,4.58166115595273595e+02,3.39014150085859001e-10
663,6.28499058164874480e+00,2.79999999999999982e+00,4.34490615198525973e+02,4.34490615198827584e+02,3.01611180475447327e-10
664,6.62794672964349907e+00,2.79999999999999982e+00,4.18800548450944518e+02,4.18800548451219754e+02,2.75235834124032408e-10
665,7.09363922841496297e+00,2.79999999999999982e+00,4.01615234925677896e+02,4.01615234925921925e+02,2.44028797169448808e-10
666,7.67075685069044155e+00,2.79999999999999982e+00,3.86434977790389894e+02,3.86434977790603966e+02,2.14072315429802984e-10
667,8.25306763801783028e+00,2.79999999999999982e+00,3.75858001601837373e+02,3.75858001602029049e+02,1.91676008398644626e-10
668,8.83537842534521900e+00,2.79999999999999982e+00,3.68866911046786072e+02,3.68866911046962798e+02,1.76726189238252118e-10
669,9.41768921267260772e+00,2.79999999999999982e+00,3.64853440453588007e+02,3.64853440453755695e+02,1.67688085639383644e-10
670,-1.00000000000000000e+01,-1.50000000000069367e+00,3.00417363118550043e+02,3.00417363118572212e+02,2.21689333557151258e-11
671,-1.00000000000000000e+01,-1.00000000000412204e+00,3.00819184572863890e+02,3.00819184572907147e+02,4.32578417530748993e-11
672,-1.00000000000000000e+01,-5.00000000002084111e-01,3.01199703582866221e+02,3.01199703582928976e+02,6.27551344223320484e-11
673,-1.00000000000000000e+01,7.19999999998890750e-01,3.01963871529506207e+02,3.01963871529605967e+02,9.97602001007180661e-11
674,-1.00000000000000000e+01,1.21999999999746578e+00,3.02195342959456582e+02,3.02195342959566744e+02,1.10162545752245933e-10
675,-1.00000000000000000e+01,1.71999999999877473e+00,3.02369270252045737e+02,3.02369270252163460e+02,1.17722720460733399e-10
676,-6.00000000000000000e+00,-1.44476539932623704e+00,3.00941109135215129e+02,3.00941109135278111e+02,6.29825080977752805e-11
677,-6.00000000000000000e+00,-1.03065575207776106e+00,3.01626475873127902e+02,3.01626475873239372e+02,1.11469944386044517e-10
678,-6.00000000000000000e+00,-7.27637708582846487e-01,3.02122245901195924e+02,3.02122245901345593e+02,1.49668721860507503e-10
679,-6.00000000000000000e+00,-5.05805696639437197e-01,3.02484343039021496e+02,3.02484343039200724e+02,1.79227299668127671e-10
680,-6.00000000000000000e+00,-3.43483071998003098e-01,3.02756660040761403e+02,3.02756660040964903e+02,2.03499439521692693e-10
681,-6.00000000000000000e+00,-2.24687766350514212e-01,3.02954629693512572e+02,3.02954629693733807e+02,2.21234586206264794e-10
682,-6.00000000000000000e+00,-1.37747786983805687e-01,3.03102782368679073e+02,3.03102782368913950e+02,2.34877006732858717e-10
683,-6.00000000000000000e+00,-6.85333804337044938e-02,3.03217174544239185e+02,3.03217174544484635e+02,2.45449882640969008e-10
684,-6.00000000000000000e+00,7.33333333331483983e-02,3.03400256552008784e+02,3.03400256552268900e+02,2.60115484707057476e-10
685,-6.00000000000000000e+00,1.46666666666476403e-01,3.03461195065133211e+02,3.03461195065395430e+02,2.62218691204907373e-10
686,-6.00000000000000000e+00,2.90499199750737291e-01,3.03557892718012852e+02,3.03557892718269727e+02,2.56875409831991419e-10
687,-6.00000000000000000e+00,3.61000677144586724e-01,3.03606162364265742e+02,3.03606162364517331e+02,2.51588971877936274e-10
688,-6.00000000000000000e+00,4.44514722120605998e-01,3.03667879282023023e+02,3.03667879282268530e+02,2.45506726059829816e-10
689,-6.00000000000000000e+00,5.59655268936433914e-01,3.03759703568628538e+02,3.03759703568866485e+02,2.37946551351342350e-10
690,-6.00000000000000000e+00,7.18399155863380212e-01,3.03892461482000613e+02,3.03892461482229464e+02,2.28851604333613068e-10
691,-6.00000000000000000e+00,9.37264473655965547e-01,3.04076073762003318e+02,3.04076073762221426e+02,2.18108198168920353e-10
692,-6.00000000000000000e+00,1.23900174218347803e+00,3.04310337646446499e+02,3.04310337646653807e+02,2.07307948585366830e-10
693,-6.00000000000000000e+00,1.65498498624559298e+00,3.04584865650125835e+02,3.04584865650322683e+02,1.96848759514978155e-10
694,-5.84999999999999876e+00,-1.44476539932623704e+00,3.00976080302656101e+02,3.00976080302720788e+02,6.46878106635995209e-11
695,-5.84999999999999876e+00,-1.03065575207776106e+00,3.01688312544079622e+02,3.01688312544194616e+02,1.14994236355414614e-10
696,-5.84999999999999876e+00,-7.27637708582846487e-01,3.02208169076443255e+02,3.02208169076598892e+02,1.55637280840892345e-10
697,-5.84999999999999876e+00,-5.05805696639437197e-01,3.02592854258965701e+02,3.02592854259154933e+02,1.89231741387629882e-10
698,-5.84999999999999876e+00,-3.43483071998003098e-01,3.02880834122361421e+02,3.02880834122577653e+02,2.16232365346513689e-10
699,-5.84999999999999876e+00,-2.24687766350514212e-01,3.03103665433591459e+02,3.03103665433829917e+02,2.38458142121089622e-10
700,-5.84999999999999876e+00,-1.37747786983805687e-01,3.03283033490283401e+02,3.03283033490540788e+02,2.57387000601738691e-10
701,-5.84999999999999876e+00,-6.85333804337044938e-02,3.03449877507427914e+02,3.03449877507703889e+02,2.75974798569222912e-10
702,-5.84999999999999876e+00,7.33333333331483983e-02,3.03694215474046644e+02,3.03694215474351438e+02,3.04794411931652576e-10
703,-5.84999999999999876e+00,1.46666666666476403e-01,3.03696349221080254e+02,3.03696349221385049e+02,3.04794411931652576e-10
704,-5.84999999999999876e+00,2.90499199750737291e-01,3.03700387790967795e+02,3.03700387791251671e+02,2.83876033790875226e-10
705,-5.84999999999999876e+00,3.61000677144586724e-01,3.03738781069941126e+02,3.03738781070213292e+02,2.72166289505548775e-10
706,-5.84999999999999876e+00,4.44514722120605998e-01,3.03799383520653009e+02,3.03799383520914716e+02,2.61707100435160100e-10
707,-5.84999999999999876e+00,5.59655268936433914e-01,3.03895068992139954e+02,3.03895068992390236e+02,2.50281573244137689e-10
708,-5.84999999999999876e+00,7.18399155863380212e-01,3.04037927309314910e+02,3.04037927309553140e+02,2.38230768445646390e-10
709,-5.84999999999999876e+00,9.37264473655965547e-01,3.04236040054830198e+02,3.04236040055054957e+02,2.24758878175634891e-10
710,-5.84999999999999876e+00,1.23900174218347803e+00,3.04488605175628948e+02,3.04488605175840519e+02,2.11571204999927431e-10
711,-5.84999999999999876e+00,1.65498498624559298e+00,3.04776044099122032e+02,3.04776044099322178e+02,2.00145677808905020e-10
712,-5.34999999999999964e+00,-1.44476539932623704e+00,3.01110420733335957e+02,3.01110420733403373e+02,6.74162947689183056e-11
713,-5.34999999999999964e+00,-1.03065575207776106e+00,3.01916743194284152e+02,3.01916743194405740e+02,1.21588072943268344e-10
714,-5.34999999999999964e+00,-7.27637708582846487e-01,3.02493471495828885e+02,3.02493471495995209e+02,1.66323843586724252e-10
715,-5.34999999999999964e+00,-5.05805696639437197e-01,3.02910056119466617e+02,3.02910056119669946e+02,2.03328909265110269e-10
716,-5.34999999999999964e+00,-3.43483071998003098e-01,3.03211172095207473e+02,3.03211172095440645e+02,2.33171704167034477e-10
717,-5.34999999999999964e+00,-2.24687766350514212e-01,3.03427717138913806e+02,3.03427717139170568e+02,2.56761722994269803e-10
718,-5.34999999999999964e+00,-1.37747786983805687e-01,3.03578386361697085e+02,3.03578386361971582e+02,2.74496869678841904e-10
719,-5.34999999999999964e+00,-6.85333804337044938e-02,3.03681372799941130e+02,3.03681372800230633e+02,2.89503532258095220e-10
720,-5.34999999999999964e+00,7.33333333331483983e-02,3.03715188985209011e+02,3.03715188985516363e+02,3.07352365780388936e-10
721,-5.34999999999999964e+00,1.46666666666476403e-01,3.03716838425295691e+02,3.03716838425603271e+02,3.07579739455832168e-10
722,-5.34999999999999964e+00,2.90499199750737291e-01,3.03925264400761989e+02,3.03925264401058428e+02,2.96438429359113798e-10
723,-5.34999999999999964e+00,3.61000677144586724e-01,3.04049856900625457e+02,3.04049856900913028e+02,2.87570856016827747e-10
724,-5.34999999999999964e+00,4.44514722120605998e-01,3.04176574595022998e+02,3.04176574595301304e+02,2.78305378742516041e-10
725,-5.34999999999999964e+00,5.59655268936433914e-01,3.04338812360817144e+02,3.04338812361083512e+02,2.66368260781746358e-10
726,-5.34999999999999964e+00,7.18399155863380212e-01,3.04548077492076970e+02,3.04548077492328900e+02,2.51930032391101122e-10
727,-5.34999999999999964e+00,9.37264473655965547e-01,3.04816705939070403e+02,3.04816705939306587e+02,2.36184405366657302e-10
728,-5.34999999999999964e+00,1.23900174218347803e+00,3.05140900432901560e+02,3.05140900433121658e+02,2.20097717829048634e-10
729,-5.34999999999999964e+00,1.65498498624559298e+00,3.05495650310925896e+02,3.05495650311131669e+02,2.05773176276125014e-10
730,-5.25000000000000000e+00,-1.44476539932623704e+00,3.01137571244794742e+02,3.01137571244862158e+02,6.74162947689183056e-11
731,-5.25000000000000000e+00,-1.03065575207776106e+00,3.01963575249278563e+02,3.01963575249399980e+02,1.21417542686685920e-10
732,-5.25000000000000000e+00,-7.27637708582846487e-01,3.02551358306072416e+02,3.02551358306238512e+02,1.66096469911281019e-10
733,-5.25000000000000000e+00,-5.05805696639437197e-01,3.02973079736805062e+02,3.02973079737007936e+02,2.02874161914223805e-10
734,-5.25000000000000000e+00,-3.43483071998003098e-01,3.03277797042929990e+02,3.03277797043162479e+02,2.32489583140704781e-10
735,-5.25000000000000000e+00,-2.24687766350514212e-01,3.03501441743042847e+02,3.03501441743298358e+02,2.55511167779332027e-10
736,-5.25000000000000000e+00,-1.37747786983805687e-01,3.03671270139130797e+02,3.03671270139403703e+02,2.72905253950739279e-10
737,-5.25000000000000000e+00,-6.85333804337044938e-02,3.03822999546594701e+02,3.03822999546881078e+02,2.86377144220750779e-10
738,-5.25000000000000000e+00,7.33333333331483983e-02,3.04055364531465443e+02,3.04055364531764724e+02,2.99280600302154198e-10
739,-5.25000000000000000e+00,1.46666666666476403e-01,3.04057114856250848e+02,3.04057114856550186e+02,2.99337443721015006e-10
740,-5.25000000000000000e+00,2.90499199750737291e-01,3.04071735020605843e+02,3.04071735020899325e+02,2.93482571578351781e-10
741,-5.25000000000000000e+00,3.61000677144586724e-01,3.04156091592949451e+02,3.04156091593235715e+02,2.86263457383029163e-10
742,-5.25000000000000000e+00,4.44514722120605998e-01,3.04273717061484433e+02,3.04273717061761658e+02,2.77225353784160689e-10
743,-5.25000000000000000e+00,5.59655268936433914e-01,3.04440077746922725e+02,3.04440077747188639e+02,2.65913513430859894e-10
744,-5.25000000000000000e+00,7.18399155863380212e-01,3.04663374187277157e+02,3.04663374187529087e+02,2.51930032391101122e-10
745,-5.25000000000000000e+00,9.37264473655965547e-01,3.04948237457670984e+02,3.04948237457907169e+02,2.36184405366657302e-10
746,-5.25000000000000000e+00,1.23900174218347803e+00,3.05288174448912741e+02,3.05288174449132896e+02,2.20154561247909442e-10
747,-5.25000000000000000e+00,1.65498498624559298e+00,3.05657450282347270e+02,3.05657450282553043e+02,2.05773176276125014e-10
748,-4.74999999999999911e+00,-1.44476539932623704e+00,3.01298431683897945e+02,3.01298431683962576e+02,6.46309672447387129e-11
749,-4.74999999999999911e+00,-1.03065575207776106e+00,3.02235752935251639e+02,3.02235752935366349e+02,1.14710019261110574e-10
750,-4.74999999999999911e+00,-7.27637708582846487e-01,3.02882823549094212e+02,3.02882823549249224e+02,1.55012003233423457e-10
751,-4.74999999999999911e+00,-5.05805696639437197e-01,3.03326279620031187e+02,3.03326279620218543e+02,1.87355908565223217e-10
752,-4.74999999999999911e+00,-3.43483071998003098e-01,3.03628343867761998e+02,3.03628343867975218e+02,2.13219664146890864e-10
753,-4.74999999999999911e+00,-2.24687766350514212e-01,3.03829640256371192e+02,3.03829640256606012e+02,2.34820163313997909e-10
754,-4.74999999999999911e+00,-1.37747786983805687e-01,3.03957014431492439e+02,3.03957014431745392e+02,2.52953213930595666e-10
755,-4.74999999999999911e+00,-6.85333804337044938e-02,3.04038752449805088e+02,3.04038752450075435e+02,2.70347300102002919e-10
756,-4.74999999999999911e+00,7.33333333331483983e-02,3.04078762813625758e+02,3.04078762813923163e+02,2.97404767479747534e-10
757,-4.74999999999999911e+00,1.46666666666476403e-01,3.04081781421816970e+02,3.04081781422114659e+02,2.97688984574051574e-10
758,-4.74999999999999911e+00,2.90499199750737291e-01,3.04406138011240103e+02,3.04406138011518578e+02,2.78475908999098465e-10
759,-4.74999999999999911e+00,3.61000677144586724e-01,3.04614686203096426e+02,3.04614686203364158e+02,2.67732502834405750e-10
760,-4.74999999999999911e+00,4.44514722120605998e-01,3.04818559764982240e+02,3.04818559765240479e+02,2.58239651884650812e-10
761,-4.74999999999999911e+00,5.59655268936433914e-01,3.05061715531547804e+02,3.05061715531796040e+02,2.48235210165148601e-10
762,-4.74999999999999911e+00,7.18399155863380212e-01,3.05356003605029230e+02,3.05356003605266665e+02,2.37434960581595078e-10
763,-4.74999999999999911e+00,9.37264473655965547e-01,3.05709776186130739e+02,3.05709776186356180e+02,2.25440999201964587e-10
764,-4.74999999999999911e+00,1.23900174218347803e+00,3.06121071305708767e+02,3.06121071305921873e+02,2.13105977309169248e-10
765,-4.74999999999999911e+00,1.65498498624559298e+00,3.06569152554109507e+02,3.06569152554311529e+02,2.02021510631311685e-10
766,-4.00000000000000000e+00,-1.44476539932623704e+00,3.01631324694788361e+02,3.01631324694841226e+02,5.28643795405514538e-11
767,-4.00000000000000000e+00,-1.03065575207776106e+00,3.02788413119219058e+02,3.02788413119311031e+02,9.19726517167873681e-11
768,-4.00000000000000000e+00,-7.27637708582846487e-01,3.03606236374019261e+02,3.03606236374138689e+02,1.19428023026557639e-10
769,-4.00000000000000000e+00,-5.05805696639437197e-01,3.04172312722875176e+02,3.04172312723014215e+02,1.39039002533536404e-10
770,-4.00000000000000000e+00,-3.43483071998003098e-01,3.04572024963356000e+02,3.04572024963508454e+02,1.52454049384687096e-10
771,-4.00000000000000000e+00,-2.24687766350514212e-01,3.04856573799985256e+02,3.04856573800146577e+02,1.61321622726973146e-10
772,-4.00000000000000000e+00,-1.37747786983805687e-01,3.05059994060663257e+02,3.05059994060830718e+02,1.67460711963940412e-10
773,-4.00000000000000000e+00,-6.85333804337044938e-02,3.05219187843612531e+02,3.05219187843784255e+02,1.71723968378501013e-10
774,-4.00000000000000000e+00,7.33333333331483983e-02,3.05537824936109132e+02,3.05537824936288075e+02,1.78943082573823631e-10
775,-4.00000000000000000e+00,1.46666666666476403e-01,3.05699149486023771e+02,3.05699149486205727e+02,1.81955783773446456e-10
776,-4.00000000000000000e+00,2.90499199750737291e-01,3.06009319596486307e+02,3.06009319596672810e+02,1.86503257282311097e-10
777,-4.00000000000000000e+00,3.61000677144586724e-01,3.06158042104000003e+02,3.06158042104187871e+02,1.87867499334970489e-10
778,-4.00000000000000000e+00,4.44514722120605998e-01,3.06331004558426457e+02,3.06331004558615462e+02,1.89004367712186649e-10
779,-4.00000000000000000e+00,5.59655268936433914e-01,3.06562997182301729e+02,3.06562997182491472e+02,1.89743332157377154e-10
780,-4.00000000000000000e+00,7.18399155863380212e-01,3.06871110221492131e+02,3.06871110221682159e+02,1.90027549251681194e-10
781,-4.00000000000000000e+00,9.37264473655965547e-01,3.07270691522720369e+02,3.07270691522909658e+02,1.89288584806490690e-10
782,-4.00000000000000000e+00,1.23900174218347803e+00,3.07754560686463094e+02,3.07754560686650223e+02,1.87128534889779985e-10
783,-4.00000000000000000e+00,1.65498498624559298e+00,3.08318951310780335e+02,3.08318951310964906e+02,1.84570581041043624e-10
784,0.00000000000000000e+00,-1.44476539932623704e+00,3.05786465897838639e+02,3.05786465897866378e+02,2.77395884040743113e-11
785,0.00000000000000000e+00,-1.03065575207776106e+00,3.09910382760549851e+02,3.09910382760597429e+02,4.75779415864963084e-11
786,0.00000000000000000e+00,-7.27637708582846487e-01,3.12923147380251862e+02,3.12923147380313139e+02,6.12772055319510400e-11
787,0.00000000000000000e+00,-5.05805696639437197e-01,3.15043136018435234e+02,3.15043136018506402e+02,7.11679604137316346e-11
788,0.00000000000000000e+00,-3.43483071998003098e-01,3.16560569054805114e+02,3.16560569054883160e+02,7.80460140958894044e-11
789,0.00000000000000000e+00,-2.24687766350514212e-01,3.17649690072750104e+02,3.17649690072833039e+02,8.29345481179188937e-11
790,0.00000000000000000e+00,-1.37747786983805687e-01,3.18429446101132100e+02,3.18429446101218502e+02,8.64019966684281826e-11
791,0.00000000000000000e+00,-6.85333804337044938e-02,3.19042521414629846e+02,3.19042521414718806e+02,8.89599505171645433e-11
792,0.00000000000000000e+00,7.33333333331483983e-02,3.20269129637359470e+02,3.20269129637453659e+02,9.41895450523588806e-11
793,0.00000000000000000e+00,1.46666666666476403e-01,3.20887710555299805e+02,3.20887710555396495e+02,9.66906554822344333e-11
794,0.00000000000000000e+00,2.90499199750737291e-01,3.22068595373930350e+02,3.22068595374032213e+02,1.01863406598567963e-10
795,0.00000000000000000e+00,3.61000677144586724e-01,3.22630204161446898e+02,3.22630204161550864e+02,1.03966613096417859e-10
796,0.00000000000000000e+00,4.44514722120605998e-01,3.23279419524762261e+02,3.23279419524868729e+02,1.06467723526293412e-10
797,0.00000000000000000e+00,5.59655268936433914e-01,3.24144751662750309e+02,3.24144751662859676e+02,1.09366737888194621e-10
798,0.00000000000000000e+00,7.18399155863380212e-01,3.25285875003255057e+02,3.25285875003368403e+02,1.13345777208451182e-10
799,0.00000000000000000e+00,9.37264473655965547e-01,3.26772360034016970e+02,3.26772360034135659e+02,1.18689058581367135e-10
800,0.00000000000000000e+00,1.23900174218347803e+00,3.28626159908143336e+02,3.28626159908268789e+02,1.25453425425803289e-10
801,0.00000000000000000e+00,1.65498498624559298e+00,3.30755049830306064e+02,3.30755049830438907e+02,1.32843069877708331e-10
802,4.00000000000000000e+00,-1.44476539932623704e+00,3.14800729447213541e+02,3.14800729447266917e+02,5.33759703102987260e-11
803,4.00000000000000000e+00,-1.03065575207776106e+00,3.25863749299126141e+02,3.25863749299218682e+02,9.25410859053954482e-11
804,4.00000000000000000e+00,-7.27637708582846487e-01,3.34190460295330070e+02,3.34190460295451430e+02,1.21360699267825112e-10
805,4.00000000000000000e+00,-5.05805696639437197e-01,3.40323661394801661e+02,3.40323661394943485e+02,1.41824330057715997e-10
806,4.00000000000000000e+00,-3.43483071998003098e-01,3.44906544212995527e+02,3.44906544213151847e+02,1.56319401867222041e-10
807,4.00000000000000000e+00,-2.24687766350514212e-01,3.48279731516874108e+02,3.48279731517040830e+02,1.66721747518749908e-10
808,4.00000000000000000e+00,-1.37747786983805687e-01,3.50775813126245509e+02,3.50775813126419450e+02,1.73940861714072526e-10
809,4.00000000000000000e+00,-6.85333804337044938e-02,3.52778553603102239e+02,3.52778553603281637e+02,1.79397829924710095e-10
810,4.00000000000000000e+00,7.33333333331483983e-02,3.56939319147050185e+02,3.56939319147240440e+02,1.90254922927124426e-10
811,4.00000000000000000e+00,1.46666666666476403e-01,3.59126400951731455e+02,3.59126400951927337e+02,1.95882421394344419e-10
812,4.00000000000000000e+00,2.90312256478860109e-01,3.63505905718387169e+02,3.63505905718592544e+02,2.05375272344099358e-10
813,4.00000000000000000e+00,3.60625403891530971e-01,3.65707199837505698e+02,3.65707199837715336e+02,2.09638528758659959e-10
814,4.00000000000000000e+00,4.43738971041236496e-01,3.68363981849508150e+02,3.68363981849722336e+02,2.14186002267524600e-10
815,4.00000000000000000e+00,5.58229848891344194e-01,3.72129744296900810e+02,3.72129744297121078e+02,2.20268248085631058e-10
816,4.00000000000000000e+00,7.15943665219980319e-01,3.77541444775895798e+02,3.77541444776123683e+02,2.27885266212979332e-10
817,4.00000000000000000e+00,9.33205804857537569e-01,3.85434741319342265e+02,3.85434741319580951e+02,2.38685515796532854e-10
818,4.00000000000000000e+00,1.23078565731116107e+00,3.97001387559326872e+02,3.97001387559580962e+02,2.54090082307811826e-10
819,4.00000000000000000e+00,1.50745476682354407e+00,4.08604635379145293e+02,4.08604635379415299e+02,2.70006239588838071e-10
820,4.00000000000000000e+00,1.70828700473330297e+00,4.18125829002841670e+02,4.18125829003124977e+02,2.83307599602267146e-10
821,4.00000000000000000e+00,1.85407924376148703e+00,4.25788988667942647e+02,4.25788988668236811e+02,2.94164692604681477e-10
822,4.00000000000000000e+00,1.95991576127837774e+00,4.31908563565522400e+02,4.31908563565825432e+02,3.03032265946967527e-10
823,4.00000000000000000e+00,2.03674678436114887e+00,4.36980788071908592e+02,4.36980788072219468e+02,3.10876657749759033e-10
824,4.00000000000000000e+00,2.09812542210288822e+00,4.41561093683068236e+02,4.41561093683386048e+02,3.17811554850777611e-10
825,4.00000000000000000e+00,2.15906271105148795e+00,4.47012526933666607e+02,4.47012526933992433e+02,3.25826476910151541e-10
826,4.00000000000000000e+00,2.26666666666666705e+00,4.56079147639719849e+02,4.56079147640059546e+02,3.39696271112188697e-10
827,4.00000000000000000e+00,2.31333333333315982e+00,4.56202174474831395e+02,4.56202174475171205e+02,3.39809957949910313e-10
828,4.00000000000000000e+00,2.41536059317736518e+00,4.51303693110832739e+02,4.51303693111165899e+02,3.33159277943195775e-10
829,4.00000000000000000e+00,2.47072118635578875e+00,4.49006225595207866e+02,4.49006225595537614e+02,3.29748672811547294e-10
830,4.00000000000000000e+00,2.52618008802006688e+00,4.47470669721890374e+02,4.47470669722217792e+02,3.27418092638254166e-10
831,4.00000000000000000e+00,2.59252432436104696e+00,4.46300300636302950e+02,4.46300300636628208e+02,3.25258042721543461e-10
832,4.00000000000000000e+00,2.68127516175129710e+00,4.45485595250529116e+02,4.45485595250852555e+02,3.23439053317997605e-10
833,4.74999999999999911e+00,-1.44476539932623704e+00,3.15879348968157785e+02,3.15879348968218835e+02,6.10498318565078080e-11
834,4.74999999999999911e+00,-1.03065575207776106e+00,3.27878733924339201e+02,3.27878733924446692e+02,1.07490905065787956e-10
835,4.74999999999999911e+00,-7.27637708582846487e-01,3.37018596406912252e+02,3.37018596407056123e+02,1.43870693136705086e-10
836,4.74999999999999911e+00,-5.05805696639437197e-01,3.43936299345599934e+02,3.43936299345771715e+02,1.71780811797361821e-10
837,4.74999999999999911e+00,-3.43483071998003098e-01,3.49195193858290622e+02,3.49195193858484288e+02,1.93665528058772907e-10
838,4.74999999999999911e+00,-2.24687766350514212e-01,3.53167616936573495e+02,3.53167616936783929e+02,2.10434336622711271e-10
839,4.74999999999999911e+00,-1.37747786983805687e-01,3.56240358542022591e+02,3.56240358542246895e+02,2.24304130824748427e-10
840,4.74999999999999911e+00,-6.85333804337044938e-02,3.58891460172417112e+02,3.58891460172654035e+02,2.36923369811847806e-10
841,4.74999999999999911e+00,7.33333333331483983e-02,3.62276209724415708e+02,3.62276209724671332e+02,2.55624854617053643e-10
842,4.74999999999999911e+00,1.46666666666476403e-01,3.62332526413911182e+02,3.62332526414167035e+02,2.55852228292496875e-10
843,4.74999999999999911e+00,2.90312256478860109e-01,3.65686808274833822e+02,3.65686808275086435e+02,2.52612153417430818e-10
844,4.74999999999999911e+00,3.60625403891530971e-01,3.68526205464123450e+02,3.68526205464375835e+02,2.52384779741987586e-10
845,4.74999999999999911e+00,4.43738971041236496e-01,3.71806595657787227e+02,3.71806595658040180e+02,2.52953213930595666e-10
846,4.74999999999999911e+00,5.58229848891344194e-01,3.76347158529397234e+02,3.76347158529652404e+02,2.55170107266167179e-10
847,4.74999999999999911e+00,7.15943665219980319e-01,3.82777462717899880e+02,3.82777462718159143e+02,2.59262833424145356e-10
848,4.74999999999999911e+00,9.33205804857537569e-01,3.92027091623567401e+02,3.92027091623834110e+02,2.66709321294911206e-10
849,4.74999999999999911e+00,1.23078565731116107e+00,4.05743311996896523e+02,4.05743311997176534e+02,2.80010681308340281e-10
850,4.74999999999999911e+00,1.50745476682354407e+00,4.19753156931425224e+02,4.19753156931720753e+02,2.95528934657340869e-10
851,4.74999999999999911e+00,1.70828700473330297e+00,4.30913865991546800e+02,4.30913865991855459e+02,3.08659764414187521e-10
852,4.74999999999999911e+00,1.85407924376148703e+00,4.39545684660450092e+02,4.39545684660769325e+02,3.19232640322297812e-10
853,4.74999999999999911e+00,1.95991576127837774e+00,4.46143357848617825e+02,4.46143357848945357e+02,3.27531779475975782e-10
854,4.74999999999999911e+00,2.03674678436114887e+00,4.51090270082152472e+02,4.51090270082486541e+02,3.34068772644968703e-10
855,4.74999999999999911e+00,2.09812542210288822e+00,4.55138095667915707e+02,4.55138095668254778e+02,3.39070993504719809e-10
856,4.74999999999999911e+00,2.15906271105148795e+00,4.59235509178653047e+02,4.59235509178997575e+02,3.44527961715357378e-10
857,4.74999999999999911e+00,2.26666666666666705e+00,4.63531497960299930e+02,4.63531497960650142e+02,3.50212303601438180e-10
858,4.74999999999999911e+00,2.31333333333315982e+00,4.63598826214205587e+02,4.63598826214556198e+02,3.50610207533463836e-10
859,4.74999999999999911e+00,2.41536059317736518e+00,4.63083463196877403e+02,4.63083463197228070e+02,3.50667050952324644e-10
860,4.74999999999999911e+00,2.47072118635578875e+00,4.62617983924289831e+02,4.62617983924640214e+02,3.50382833858020604e-10
861,4.74999999999999911e+00,2.52618008802006688e+00,4.62215435052896567e+02,4.62215435053246438e+02,3.49871243088273332e-10
862,4.74999999999999911e+00,2.59252432436104696e+00,4.61845147792477917e+02,4.61845147792827049e+02,3.49132278643082827e-10
863,4.74999999999999911e+00,2.68127516175129710e+00,4.61514956170847370e+02,4.61514956171195536e+02,3.48165940522449091e-10
864,5.25000000000000000e+00,-1.44476539932623704e+00,3.16118374287840652e+02,3.16118374287904089e+02,6.34372554486617446e-11
865,5.25000000000000000e+00,-1.03065575207776106e+00,3.28356723460719138e+02,3.28356723460831688e+02,1.12549969344399869e-10
866,5.25000000000000000e+00,-7.27637708582846487e-01,3.37693643738819503e+02,3.37693643738971218e+02,1.51715084939496592e-10
867,5.25000000000000000e+00,-5.05805696639437197e-01,3.44816291744285877e+02,3.44816291744468970e+02,1.83092652150662616e-10
868,5.25000000000000000e+00,-3.43483071998003098e-01,3.50198438521584819e+02,3.50198438521792298e+02,2.07478478841949254e-10
869,5.25000000000000000e+00,-2.24687766350514212e-01,3.54249168202843407e+02,3.54249168203069416e+02,2.26009433390572667e-10
870,5.25000000000000000e+00,-1.37747786983805687e-01,3.57258077686697106e+02,3.57258077686937213e+02,2.40106601268053055e-10
871,5.25000000000000000e+00,-6.85333804337044938e-02,3.59678947659872790e+02,3.59678947660123526e+02,2.50736320595024154e-10
872,5.25000000000000000e+00,7.33333333331483983e-02,3.62294318077039861e+02,3.62294318077296964e+02,2.57102783507434651e-10
873,5.25000000000000000e+00,1.46666666666476403e-01,3.62332825921581275e+02,3.62332825921837809e+02,2.56534349318826571e-10
874,5.25000000000000000e+00,2.90312256478860109e-01,3.65267115785113106e+02,3.65267115785376404e+02,2.63298716163262725e-10
875,5.25000000000000000e+00,3.60625403891530971e-01,3.68110763260606973e+02,3.68110763260871749e+02,2.64776645053643733e-10
876,5.25000000000000000e+00,4.43738971041236496e-01,3.71511314286477443e+02,3.71511314286743016e+02,2.65572452917695045e-10
877,5.25000000000000000e+00,5.58229848891344194e-01,3.76252101235104533e+02,3.76252101235371299e+02,2.66766164713772014e-10
878,5.25000000000000000e+00,7.15943665219980319e-01,3.82902744950457986e+02,3.82902744950727026e+02,2.69039901468204334e-10
879,5.25000000000000000e+00,9.33205804857537569e-01,3.92354522312348820e+02,3.92354522312622919e+02,2.74098965746816248e-10
880,5.25000000000000000e+00,1.23078565731116107e+00,4.06153433113201288e+02,4.06153433113485335e+02,2.84046564047457650e-10
881,5.25000000000000000e+00,1.50745476682354407e+00,4.20238362981147418e+02,4.20238362981445277e+02,2.97859514830633998e-10
882,5.25000000000000000e+00,1.70828700473330297e+00,4.31407502328062549e+02,4.31407502328372573e+02,3.10024006466846913e-10
883,5.25000000000000000e+00,1.85407924376148703e+00,4.40058503962077168e+02,4.40058503962396969e+02,3.19801074510905892e-10
884,5.25000000000000000e+00,1.95991576127837774e+00,4.46622502029349675e+02,4.46622502029677094e+02,3.27418092638254166e-10
885,5.25000000000000000e+00,2.03674678436114887e+00,4.51551317174231031e+02,4.51551317174564645e+02,3.33614025294082239e-10
886,5.25000000000000000e+00,2.09812542210288822e+00,4.55580050186002325e+02,4.55580050186340884e+02,3.38559402734972537e-10
887,5.25000000000000000e+00,2.15906271105148795e+00,4.59653820694384081e+02,4.59653820694727813e+02,3.43732153851306066e-10
888,5.25000000000000000e+00,2.26666666666666705e+00,4.63926267739564992e+02,4.63926267739913783e+02,3.48791218129917979e-10
889,5.25000000000000000e+00,2.31333333333315982e+00,4.63993957572941042e+02,4.63993957573290118e+02,3.49075435224222019e-10
890,5.25000000000000000e+00,2.41536059317736518e+00,4.63482472676438192e+02,4.63482472676786756e+02,3.48563844454474747e-10
891,5.25000000000000000e+00,2.47072118635578875e+00,4.63023404400847028e+02,4.63023404401195194e+02,3.48165940522449091e-10
892,5.25000000000000000e+00,2.52618008802006688e+00,4.62628661826877874e+02,4.62628661827225699e+02,3.47824880009284243e-10
893,5.25000000000000000e+00,2.59252432436104696e+00,4.62256995027140363e+02,4.62256995027487392e+02,3.47029072145232931e-10
894,5.25000000000000000e+00,2.68127516175129710e+00,4.61940542305240967e+02,4.61940542305587087e+02,3.46119577443460003e-10
895,5.34999999999999964e+00,-1.44476539932623704e+00,3.16114650162271630e+02,3.16114650162335124e+02,6.34940988675225526e-11
896,5.34999999999999964e+00,-1.03065575207776106e+00,3.28347349307991010e+02,3.28347349308103617e+02,1.12606812763260677e-10
897,5.34999999999999964e+00,-7.27637708582846487e-01,3.37677742817703233e+02,3.37677742817855346e+02,1.52112988871522248e-10
898,5.34999999999999964e+00,-5.05805696639437197e-01,3.44788870471190307e+02,3.44788870471374082e+02,1.83774773176992312e-10
899,5.34999999999999964e+00,-3.43483071998003098e-01,3.50169310403507325e+02,3.50169310403716395e+02,2.09070094570051879e-10
900,5.34999999999999964e+00,-2.24687766350514212e-01,3.54202669319935978e+02,3.54202669320165057e+02,2.29078978009056300e-10
901,5.34999999999999964e+00,-1.37747786983805687e-01,3.57189146109124010e+02,3.57189146109368664e+02,2.44654074776917696e-10
902,5.34999999999999964e+00,-6.85333804337044938e-02,3.59565792571138445e+02,3.59565792571396969e+02,2.58523868978954852e-10
903,5.34999999999999964e+00,7.33333333331483983e-02,3.62004993888096180e+02,3.62004993888373917e+02,2.77736944553907961e-10
904,5.34999999999999964e+00,1.46666666666476403e-01,3.62043157442842869e+02,3.62043157443120549e+02,2.77680101135047153e-10
905,5.34999999999999964e+00,2.90312256478860109e-01,3.65129556857612670e+02,3.65129556857884040e+02,2.71370481641497463e-10
906,5.34999999999999964e+00,3.60625403891530971e-01,3.67993068050172269e+02,3.67993068050441536e+02,2.69267275143647566e-10
907,5.34999999999999964e+00,4.43738971041236496e-01,3.71384861435901826e+02,3.71384861436169956e+02,2.68130406766431406e-10
908,5.34999999999999964e+00,5.58229848891344194e-01,3.76096524934906483e+02,3.76096524935174557e+02,2.68073563347570598e-10
909,5.34999999999999964e+00,7.15943665219980319e-01,3.82698937148646962e+02,3.82698937148916457e+02,2.69494648819090798e-10
910,5.34999999999999964e+00,9.33205804857537569e-01,3.92068765218921726e+02,3.92068765219195427e+02,2.73701061814790592e-10
911,5.34999999999999964e+00,1.23078565731116107e+00,4.05764150082979370e+02,4.05764150083262905e+02,2.83534973277710378e-10
912,5.34999999999999964e+00,1.50745476682354407e+00,4.19730313534404274e+02,4.19730313534700940e+02,2.96665803034557030e-10
913,5.34999999999999964e+00,1.70828700473330297e+00,4.30847233007503974e+02,4.30847233007813315e+02,3.09341885440517217e-10
914,5.34999999999999964e+00,1.85407924376148703e+00,4.39509584835469525e+02,4.39509584835788132e+02,3.18607362714828923e-10
915,5.34999999999999964e+00,1.95991576127837774e+00,4.46093833185807568e+02,4.46093833186133395e+02,3.25826476910151541e-10
916,5.34999999999999964e+00,2.03674678436114887e+00,4.51040567779446462e+02,4.51040567779778371e+02,3.31908722728257999e-10
917,5.34999999999999964e+00,2.09812542210288822e+00,4.55092007970036263e+02,4.55092007970373288e+02,3.37024630425730720e-10
918,5.34999999999999964e+00,2.15906271105148795e+00,4.59193139431411737e+02,4.59193139431753593e+02,3.41856321028899401e-10
919,5.34999999999999964e+00,2.26666666666666705e+00,4.63492726656322077e+02,4.63492726656669163e+02,3.47085915564093739e-10
920,5.34999999999999964e+00,2.31333333333315982e+00,4.63559647264785383e+02,4.63559647265132696e+02,3.47313289239536971e-10
921,5.34999999999999964e+00,2.41536059317736518e+00,4.63006313315883062e+02,4.63006313316230205e+02,3.47142758982954547e-10
922,5.34999999999999964e+00,2.47072118635578875e+00,4.62507378429149981e+02,4.62507378429496612e+02,3.46631168213207275e-10
923,5.34999999999999964e+00,2.52618008802006688e+00,4.62074106258015206e+02,4.62074106258361326e+02,3.46119577443460003e-10
924,5.34999999999999964e+00,2.59252432436104696e+00,4.61664726394258594e+02,4.61664726394604372e+02,3.45778516930295154e-10
925,5.34999999999999964e+00,2.68127516175129710e+00,4.61303110484126933e+02,4.61303110484472143e+02,3.45210082741687074e-10
926,5.84999999999999876e+00,-1.44476539932623704e+00,3.15846241296717267e+02,3.15846241296778828e+02,6.15614226262550801e-11
927,5.84999999999999876e+00,-1.03065575207776106e+00,3.27800921597701404e+02,3.27800921597810543e+02,1.09139364212751389e-10
928,5.84999999999999876e+00,-7.27637708582846487e-01,3.36848385468631477e+02,3.36848385468778133e+02,1.46656020660884678e-10
929,5.84999999999999876e+00,-5.05805696639437197e-01,3.43694340497549717e+02,3.43694340497726387e+02,1.76669345819391310e-10
930,5.84999999999999876e+00,-3.43483071998003098e-01,3.48869432951534407e+02,3.48869432951735405e+02,2.00998329091817141e-10
931,5.84999999999999876e+00,-2.24687766350514212e-01,3.52830703932773758e+02,3.52830703932994709e+02,2.20950369111960754e-10
932,5.84999999999999876e+00,-1.37747786983805687e-01,3.55879826103370078e+02,3.55879826103607286e+02,2.37207586906151846e-10
933,5.84999999999999876e+00,-6.85333804337044938e-02,3.58525757209758126e+02,3.58525757210010397e+02,2.52271092904265970e-10
934,5.84999999999999876e+00,7.33333333331483983e-02,3.61951649911701281e+02,3.61951649911976347e+02,2.75065303867449984e-10
935,5.84999999999999876e+00,1.46666666666476403e-01,3.62005909267239304e+02,3.62005909267514426e+02,2.75122147286310792e-10
936,5.84999999999999876e+00,2.90312256478860109e-01,3.64966875847283632e+02,3.64966875847550341e+02,2.66709321294911206e-10
937,5.84999999999999876e+00,3.60625403891530971e-01,3.67545510698740770e+02,3.67545510699003387e+02,2.62616595136933029e-10
938,5.84999999999999876e+00,4.43738971041236496e-01,3.70545570985585073e+02,3.70545570985845814e+02,2.60740762314526364e-10
939,5.84999999999999876e+00,5.58229848891344194e-01,3.74718301443855637e+02,3.74718301444115070e+02,2.59433363680727780e-10
940,5.84999999999999876e+00,7.15943665219980319e-01,3.80601840055600746e+02,3.80601840055860976e+02,2.60229171544779092e-10
941,5.84999999999999876e+00,9.33205804857537569e-01,3.89084891477987242e+02,3.89084891478251109e+02,2.63867150351870805e-10
942,5.84999999999999876e+00,1.23078565731116107e+00,4.01378713702987795e+02,4.01378713703261212e+02,2.73416844720486552e-10
943,5.84999999999999876e+00,1.50745476682354407e+00,4.13963495548375647e+02,4.13963495548661285e+02,2.85638179775560275e-10
944,5.84999999999999876e+00,1.70828700473330297e+00,4.24146511294636355e+02,4.24146511294932679e+02,2.96324742521392182e-10
945,5.84999999999999876e+00,1.85407924376148703e+00,4.32377959755123584e+02,4.32377959755429060e+02,3.05476532957982272e-10
946,5.84999999999999876e+00,1.95991576127837774e+00,4.38982669754667370e+02,4.38982669754980293e+02,3.12923020828748122e-10
947,5.84999999999999876e+00,2.03674678436114887e+00,4.44241833572860514e+02,4.44241833573179292e+02,3.18777892971411347e-10
948,5.84999999999999876e+00,2.09812542210288822e+00,4.48833260536952025e+02,4.48833260537276487e+02,3.24462234857492149e-10
949,5.84999999999999876e+00,2.15906271105148795e+00,4.53742577146291069e+02,4.53742577146621784e+02,3.30715010932181031e-10
950,5.84999999999999876e+00,2.26666666666666705e+00,4.59086104175029163e+02,4.59086104175366586e+02,3.37422534357756376e-10
951,5.84999999999999876e+00,2.31333333333315982e+00,4.59153532924317290e+02,4.59153532924654826e+02,3.37536221195477992e-10
952,5.84999999999999876e+00,2.41536059317736518e+00,4.57484479745167675e+02,4.57484479745503506e+02,3.35830918629653752e-10
953,5.84999999999999876e+00,2.47072118635578875e+00,4.56021486822216048e+02,4.56021486822549832e+02,3.33784555550664663e-10
954,5.84999999999999876e+00,2.52618008802006688e+00,4.54791044745635986e+02,4.54791044745968122e+02,3.32136096403701231e-10
955,5.84999999999999876e+00,2.59252432436104696e+00,4.53724692810774968e+02,4.53724692811105797e+02,3.30828697769902647e-10
956,5.84999999999999876e+00,2.68127516175129710e+00,4.52832877371739642e+02,4.52832877372069390e+02,3.29748672811547294e-10
957,6.00000000000000000e+00,-1.44476539932623704e+00,3.15701862308810405e+02,3.15701862308870659e+02,6.02540239924564958e-11
958,6.00000000000000000e+00,-1.03065575207776106e+00,3.27527490410361906e+02,3.27527490410468545e+02,1.06638253782875836e-10
959,6.00000000000000000e+00,-7.27637708582846487e-01,3.36380213282731177e+02,3.36380213282873513e+02,1.42335920827463269e-10
960,6.00000000000000000e+00,-5.05805696639437197e-01,3.43048794081512483e+02,3.43048794081682729e+02,1.70246039488120005e-10
961,6.00000000000000000e+00,-3.43483071998003098e-01,3.48023578513227790e+02,3.48023578513419920e+02,1.92130755749531090e-10
962,6.00000000000000000e+00,-2.24687766350514212e-01,3.51713231050679212e+02,3.51713231050888112e+02,2.08899564313469455e-10
963,6.00000000000000000e+00,-1.37747786983805687e-01,3.54417053765697972e+02,3.54417053765919661e+02,2.21689333557151258e-10
964,6.00000000000000000e+00,-6.85333804337044938e-02,3.56498807757632051e+02,3.56498807757863233e+02,2.31182184506906196e-10
965,6.00000000000000000e+00,7.33333333331483983e-02,3.60138081654532186e+02,3.60138081654777693e+02,2.45506726059829816e-10
966,6.00000000000000000e+00,1.46666666666476403e-01,3.61721221832325284e+02,3.61721221832574429e+02,2.49144704866921529e-10
967,6.00000000000000000e+00,2.90312256478860109e-01,3.65363048959786340e+02,3.65363048960037304e+02,2.50963694270467386e-10
968,6.00000000000000000e+00,3.60625403891530971e-01,3.67509723034041713e+02,3.67509723034292449e+02,2.50736320595024154e-10
969,6.00000000000000000e+00,4.43738971041236496e-01,3.70216493658475031e+02,3.70216493658725597e+02,2.50565790338441730e-10
970,6.00000000000000000e+00,5.58229848891344194e-01,3.74104806260973930e+02,3.74104806261225178e+02,2.51247911364771426e-10
971,6.00000000000000000e+00,7.15943665219980319e-01,3.79647360127352840e+02,3.79647360127606362e+02,2.53521648119203746e-10
972,6.00000000000000000e+00,9.33205804857537569e-01,3.87737046230196370e+02,3.87737046230454609e+02,2.58239651884650812e-10
973,6.00000000000000000e+00,1.23078565731116107e+00,3.99336603577170138e+02,3.99336603577438098e+02,2.67959876509848982e-10
974,6.00000000000000000e+00,1.50745476682354407e+00,4.11095870800065256e+02,4.11095870800344926e+02,2.79669620795175433e-10
975,6.00000000000000000e+00,1.70828700473330297e+00,4.20597237841107869e+02,4.20597237841397771e+02,2.89901436190120876e-10
976,6.00000000000000000e+00,1.85407924376148703e+00,4.28177624641274974e+02,4.28177624641573288e+02,2.98314262181520462e-10
977,6.00000000000000000e+00,1.95991576127837774e+00,4.34213091949337240e+02,4.34213091949642546e+02,3.05306002701399848e-10
978,6.00000000000000000e+00,2.03674678436114887e+00,4.39153923939737695e+02,4.39153923940049083e+02,3.11388248519506305e-10
979,6.00000000000000000e+00,2.09812542210288822e+00,4.43567032064491457e+02,4.43567032064808018e+02,3.16560999635839835e-10
980,6.00000000000000000e+00,2.15906271105148795e+00,4.48805578077987093e+02,4.48805578078310702e+02,3.23609583574580029e-10
981,6.00000000000000000e+00,2.26666666666666705e+00,4.57482736845936927e+02,4.57482736846272360e+02,3.35433014697628096e-10
982,6.00000000000000000e+00,2.31333333333315982e+00,4.57604009854048911e+02,4.57604009854384174e+02,3.35262484441045672e-10
983,6.00000000000000000e+00,2.41536059317736518e+00,4.52969587245860225e+02,4.52969587246189462e+02,3.29237082041800022e-10
984,6.00000000000000000e+00,2.47072118635578875e+00,4.50898551102321790e+02,4.50898551102648469e+02,3.26679128193063661e-10
985,6.00000000000000000e+00,2.52618008802006688e+00,4.49530345380502638e+02,4.49530345380827328e+02,3.24689608532935381e-10
986,6.00000000000000000e+00,2.59252432436104696e+00,4.48443465321250301e+02,4.48443465321573456e+02,3.23154836223693565e-10
987,6.00000000000000000e+00,2.68127516175129710e+00,4.47619300508403171e+02,4.47619300508725189e+02,3.22017967846477404e-10
988,1.00000000000000000e+01,-1.50000000000069367e+00,3.09904032191376928e+02,3.09904032191404212e+02,2.72848410531878471e-11
989,1.00000000000000000e+01,-1.00000000000412204e+00,3.19526072554155519e+02,3.19526072554209236e+02,5.37170308234635741e-11
990,1.00000000000000000e+01,-5.00000000002084111e-01,3.28784385410510367e+02,3.28784385410589323e+02,7.89555087976623327e-11
991,1.00000000000000000e+01,7.19999999998890750e-01,3.48315457944376021e+02,3.48315457944505567e+02,1.29546151583781466e-10
992,1.00000000000000000e+01,1.21999999999746578e+00,3.54460219740147863e+02,3.54460219740292132e+02,1.44268597068730742e-10
993,1.00000000000000000e+01,1.71999999999877473e+00,3.59242187401858359e+02,3.59242187402013485e+02,1.55125690071145073e-10
994,-6.28571428571428736e+00,-2.25000000000000000e+00,3.00003685672927134e+02,3.00003685672927190e+02,5.68434188608080149e-14
995,-9.14285714285714413e+00,-2.25000000000000000e+00,3.00002040389059005e+02,3.00002040389059005e+02,0.00000000000000000e+00
996,-6.85714285714286120e+00,-2.25000000000000000e+00,3.00003174184715874e+02,3.00003174184716045e+02,1.70530256582424045e-13
997,-7.42857142857143238e+00,-2.25000000000000000e+00,3.00002746278174300e+02,3.00002746278174186e+02,-1.13686837721616030e-13
998,-9.71428571428571352e+00,-2.25000000000000000e+00,3.00001967602144816e+02,3.00001967602144873e+02,5.68434188608080149e-14
999,-8.57142857142857295e+00,-2.25000000000000000e+00,3.00002190238350863e+02,3.00002190238350863e+02,0.00000000000000000e+00
1000,-8.00000000000000355e+00,-2.25000000000000000e+00,3.00002422644448473e+02,3.00002422644448529e+02,5.68434188608080149e-14
1001,-5.59999999999999964e+00,-2.25000000000000000e+00,3.00004390993200900e+02,3.00004390993201127e+02,2.27373675443232059e-13
1002,-5.00000000000000000e+00,-2.25000000000000000e+00,3.00005147482417726e+02,3.00005147482417954e+02,2.27373675443232059e-13
1003,-4.50892857142857117e+00,-2.25000000000000000e+00,3.00005902178607187e+02,3.00005902178607528e+02,3.41060513164848089e-13
1004,-4.25178571428571406e+00,-2.25000000000000000e+00,3.00006353895315954e+02,3.00006353895316238e+02,2.84217094304040074e-13
1005,-8.57142857146430015e-01,-2.25000000000000000e+00,3.00018764635584432e+02,3.00018764635584546e+02,1.13686837721616030e-13
1006,-2.85714285715476579e-01,-2.25000000000000000e+00,3.00022266300435149e+02,3.00022266300435206e+02,5.68434188608080149e-14
1007,-1.42857142857738206e+00,-2.25000000000000000e+00,3.00015689036947890e+02,3.00015689036948174e+02,2.84217094304040074e-13
1008,-3.71428571428492038e+00,-2.25000000000000000e+00,3.00007502186685485e+02,3.00007502186685770e+02,2.84217094304040074e-13
1009,-2.00000000000674483e+00,-2.25000000000000000e+00,3.00012982731182717e+02,3.00012982731183058e+02,3.41060513164848089e-13
1010,-3.14285714285753981e+00,-2.25000000000000000e+00,3.00008949743683388e+02,3.00008949743683672e+02,2.84217094304040074e-13
1011,-2.57142857143293480e+00,-2.25000000000000000e+00,3.00010797746278399e+02,3.00010797746278627e+02,2.27373675443232059e-13
1012,3.14285714285488016e+00,-2.25000000000000000e+00,3.00053790960756771e+02,3.00053790960756885e+02,1.13686837721616030e-13
1013,3.71428571428495991e+00,-2.25000000000000000e+00,3.00058846568421529e+02,3.00058846568421643e+02,1.13686837721616030e-13
1014,2.57142857142480175e+00,-2.25000000000000000e+00,3.00048042402415092e+02,3.00048042402415319e+02,2.27373675443232059e-13
1015,1.99999999999551870e+00,-2.25000000000000000e+00,3.00042029360134052e+02,3.00042029360134109e+02,5.68434188608080149e-14
1016,2.85714285713733585e-01,-2.25000000000000000e+00,3.00026462338102817e+02,3.00026462338102760e+02,-5.68434188608080149e-14
1017,8.57142857140919312e-01,-2.25000000000000000e+00,3.00030941017419138e+02,3.00030941017419138e+02,0.00000000000000000e+00
1018,1.42857142856782304e+00,-2.25000000000000000e+00,3.00036268935386204e+02,3.00036268935386488e+02,2.84217094304040074e-13
1019,4.24107142857142883e+00,-2.25000000000000000e+00,3.00062824242199326e+02,3.00062824242199497e+02,1.70530256582424045e-13
1020,4.49821428571428594e+00,-2.25000000000000000e+00,3.00064154670360324e+02,3.00064154670360608e+02,2.84217094304040074e-13
1021,5.00000000000000000e+00,-2.25000000000000000e+00,3.00065760279652181e+02,3.00065760279652466e+02,2.84217094304040074e-13
1022,5.59999999999999964e+00,-2.25000000000000000e+00,3.00065808222955127e+02,3.00065808222955297e+02,1.70530256582424045e-13
1023,9.71428571428571175e+00,-2.25000000000000000e+00,3.00046372453965716e+02,3.00046372453965546e+02,-1.70530256582424045e-13
1024,8.57142857142856585e+00,-2.25000000000000000e+00,3.00049616859835396e+02,3.00049616859835623e+02,2.27373675443232059e-13
1025,9.14285714285713880e+00,-2.25000000000000000e+00,3.00047474566155017e+02,3.00047474566155074e+02,5.68434188608080149e-14
1026,6.28571428571428381e+00,-2.25000000000000000e+00,3.00063428890777004e+02,3.00063428890777288e+02,2.84217094304040074e-13
1027,6.85714285714285587e+00,-2.25000000000000000e+00,3.00060070720122212e+02,3.00060070720122553e+02,3.41060513164848089e-13
1028,7.42857142857142705e+00,-2.25000000000000000e+00,3.00056199923577026e+02,3.00056199923577083e+02,5.68434188608080149e-14
1029,7.99999999999999467e+00,-2.25000000000000000e+00,3.00052607450263565e+02,3.00052607450263736e+02,1.70530256582424045e-13
1030,-6.30853404637975501e+00,-7.94806998159924061e-01,3.01845664092450136e+02,3.01845664092576953e+02,1.26817667478462681e-10
1031,-6.15084531186585970e+00,-4.52132362707876545e-01,3.02459807320825405e+02,3.02459807321000937e+02,1.75532477442175150e-10
1032,-6.08145592280408920e+00,-1.93274136441739880e-01,3.02920728754144875e+02,3.02920728754360312e+02,2.15436557482462376e-10
1033,-7.35476282224366695e+00,-4.66460365804554411e-01,3.01743932320827923e+02,3.01743932320933141e+02,1.05217168311355636e-10
1034,-6.29230156697190957e+00,-8.03459913347569360e-02,3.02860234434323957e+02,3.02860234434524216e+02,2.00259364646626636e-10
1035,-8.57142857142857650e+00,-1.50512834069460788e+00,3.00462984811529168e+02,3.00462984811555089e+02,2.59205990005284548e-11
1036,-6.43742704296549739e+00,-4.50996537500474359e-01,3.02255988589866718e+02,3.02255988590020991e+02,1.54273038788232952e-10
1037,-9.53805414329769619e+00,-7.41262251853608056e-01,3.01031240698607633e+02,3.01031240698662089e+02,5.44559952686540782e-11
1038,-7.42857142857143327e+00,-1.50512834069460699e+00,3.00580046375978952e+02,3.00580046376014707e+02,3.57545104634482414e-11
1039,-8.52556251388182851e+00,-4.86652256704394770e-01,3.01358548888799305e+02,3.01358548888873656e+02,7.43511918699368834e-11
1040,-6.78820283588132423e+00,-7.58386473196974831e-01,3.01664396632362013e+02,3.01664396632470698e+02,1.08684616861864924e-10
1041,-6.10551039372999860e+00,-6.14284689745390675e-02,3.03087115983939611e+02,3.03087115984167042e+02,2.27430518862092867e-10
1042,-6.17805048179383931e+00,-8.99581680357977725e-02,3.02965441914913185e+02,3.02965441915127144e+02,2.13958628592081368e-10
1043,-6.97277737869916958e+00,-2.55618965862008718e-01,3.02155001763510882e+02,3.02155001763645714e+02,1.34832589537836611e-10
1044,-6.85714285714285854e+00,-1.50512834069459811e+00,3.00668450915427684e+02,3.00668450915470885e+02,4.32009983342140913e-11
1045,-8.00000000000000355e+00,-1.49674158633575582e+00,3.00518894614416183e+02,3.00518894614446253e+02,3.00701685773674399e-11
1046,-7.71428571428571530e+00,-9.42211828234722715e-01,3.01134215175929455e+02,3.01134215175996417e+02,6.69615474180318415e-11
1047,-9.16641481539476821e+00,-1.58213010512557406e+00,3.00364177116423548e+02,3.00364177116443273e+02,1.97246663447003812e-11
1048,-7.94885695241554924e+00,-4.87217576522378626e-01,3.01505574346677804e+02,3.01505574346763581e+02,8.57767190609592944e-11
1049,-8.96543431394985113e+00,-1.00758216911815790e+00,3.00863222649332556e+02,3.00863222649379395e+02,4.68389771413058043e-11
1050,-9.56403149782133610e+00,-1.26349575435041706e+00,3.00615591892008808e+02,3.00615591892041664e+02,3.28554961015470326e-11
1051,-6.04647622719596356e+00,-1.01237021045219783e-01,3.03102335107340821e+02,3.03102335107573367e+02,2.32546426559565589e-10
1052,-9.15521065235168408e+00,-4.14249446279533806e-01,3.01312548047286100e+02,3.01312548047355563e+02,6.94626578479073942e-11
1053,-8.28639955974707654e+00,-1.01326087399230169e+00,3.00947242195558999e+02,3.00947242195612432e+02,5.34328137291595340e-11
1054,-6.39271560056079835e+00,-1.23343289258046607e+00,3.01164347105910451e+02,3.01164347105988725e+02,7.82733877713326365e-11
1055,-6.66930051705296734e+00,-2.66245603280833076e-01,3.02331721931597087e+02,3.02331721931749939e+02,1.52851953316712752e-10
1056,-6.43346226643303609e+00,-1.57169105604894499e-01,3.02639552437139514e+02,3.02639552437319423e+02,1.79909420694457367e-10
1057,-6.36425740582644739e+00,-1.63666532652025976e+00,3.00564183498388218e+02,3.00564183498425848e+02,3.76303432858549058e-11
1058,-9.61877941301449013e+00,-3.31102339627045217e-01,3.01331416376757261e+02,3.01331416376826780e+02,6.95195012667682022e-11
1059,-7.25602409359108158e+00,-1.06358317441359995e+00,3.01125144031331160e+02,3.01125144031401021e+02,6.98605617799330503e-11
1060,-6.26225709880570491e+00,-2.37312716937590013e-01,3.02682477341766798e+02,3.02682477341956655e+02,1.89857018995098770e-10
1061,-9.63180354835750840e+00,-1.66912517189533682e+00,3.00280186394142106e+02,3.00280186394156942e+02,1.48361323226708919e-11
1062,-6.04498262839353639e+00,-4.55797732444902515e-02,3.03186580906799577e+02,3.03186580907039286e+02,2.39708697336027399e-10
1063,-5.90964654142153023e+00,-1.03140583708756201e-01,3.03286768059454232e+02,3.03286768059710880e+02,2.56648036156548187e-10
1064,-5.92801392025177698e+00,-1.73605384751487207e-01,3.03124350275063534e+02,3.03124350275303073e+02,2.39538167079444975e-10
1065,-5.92499999999999805e+00,-8.79146730330303328e-01,3.01911300848711733e+02,3.01911300848844633e+02,1.32899913296569139e-10
1066,-5.92499999999999627e+00,-2.84085419174259224e-01,3.02924669094741262e+02,3.02924669094961246e+02,2.19984030991327018e-10
1067,-5.92499999999999805e+00,-6.16721702611141898e-01,3.02351903068906608e+02,3.02351903069075092e+02,1.68483893503434956e-10
1068,-5.92499999999999627e+00,-4.24644384318720591e-01,3.02678738595684990e+02,3.02678738595882180e+02,1.97189820028143004e-10
1069,-5.90110566364977629e+00,-4.91561465267091255e-02,3.03416812371297340e+02,3.03416812371568085e+02,2.70745204034028575e-10
1070,-5.95914061996068689e+00,-1.04787069103783589e-01,3.03214031186320256e+02,3.03214031186567581e+02,2.47325715463375673e-10
1071,-5.95124183594228207e+00,-4.93380934572100194e-02,3.03326200368865216e+02,3.03326200369123910e+02,2.58694399235537276e-10
1072,-5.59999999999999520e+00,-6.23867223276082933e-02,3.03582639501291396e+02,3.03582639501582435e+02,2.91038304567337036e-10
1073,-5.76558680244666721e+00,-2.83475497701838886e-01,3.03056351397863978e+02,3.03056351398097377e+02,2.33399077842477709e-10
1074,-5.42923486241479303e+00,-2.09210330420614571e-01,3.03401203739532718e+02,3.03401203739792379e+02,2.59660737356171012e-10
1075,-5.74299132253040234e+00,-5.63944380212561408e-02,3.03555732422716005e+02,3.03555732423004713e+02,2.88707724394043908e-10
1076,-5.51634383713202592e+00,-6.16721702611141787e-01,3.02602442328497034e+02,3.02602442328679956e+02,1.82922121894080192e-10
1077,-5.54156427092774440e+00,-2.50990412259339601e-01,3.03259230094249347e+02,3.03259230094498946e+02,2.49599452217807993e-10
1078,-5.45700867746959339e+00,-5.63821717156220981e-02,3.03631591958537513e+02,3.03631591958831052e+02,2.93539414997212589e-10
1079,-5.67145093470744133e+00,-6.15639299146943653e-02,3.03566561767640792e+02,3.03566561767930466e+02,2.89674062514677644e-10
1080,-5.52854906529254997e+00,-6.10464015156758702e-02,3.03603248454492984e+02,3.03603248454785273e+02,2.92288859782274812e-10
1081,-5.64369217222053088e+00,-1.19015706964949092e-01,3.03456966266323207e+02,3.03456966266599352e+02,2.76145328825805336e-10
1082,-5.60000000000000142e+00,-1.23771057570199905e+00,3.01422520220630759e+02,3.01422520220723356e+02,9.25979293242562562e-11
1083,-5.41325055009471612e+00,-1.07527859787593799e-01,3.03578001854609738e+02,3.03578001854891454e+02,2.81715983874164522e-10
1084,-5.78981802558030001e+00,-1.01598552352811886e-01,3.03420702211286482e+02,3.03420702211559671e+02,2.73189471045043319e-10
1085,-5.77763724524539324e+00,-1.79924121612270393e-01,3.03254479175884853e+02,3.03254479176139398e+02,2.54544829658698291e-10
1086,-5.58037400104410786e+00,-1.40116995228984187e-01,3.03443334730481865e+02,3.03443334730754827e+02,2.72962097369600087e-10
1087,-5.49166357120725035e+00,-1.37545695154638409e-01,3.03488033301278449e+02,3.03488033301553401e+02,2.74951617029728368e-10
1088,-5.71686184254179341e+00,-1.23673586427301294e-01,3.03413397309384720e+02,3.03413397309656943e+02,2.72223132924409583e-10
1089,-5.67388513615640111e+00,-4.33511051441123618e-01,3.02838285754270487e+02,3.02838285754479898e+02,2.09411155083216727e-10
1090,-5.43322274060045007e+00,-3.72428831558736684e-01,3.03103796323538120e+02,3.03103796323765494e+02,2.27373675443232059e-10
1091,-5.60000000000000142e+00,-1.72238269966311908e+00,3.00525948823413330e+02,3.00525948823446640e+02,3.33102434524334967e-11
1092,-5.67137163865466221e+00,-2.18672481662258084e-01,3.03244083435255845e+02,3.03244083435508003e+02,2.52157406066544354e-10
1093,-5.40040261782676811e+00,-4.95755305633093502e-02,3.03662804537942350e+02,3.03662804538237310e+02,2.94960500468732789e-10
1094,-5.79959738217323206e+00,-4.95755305633164556e-02,3.03548248003485980e+02,3.03548248003773836e+02,2.87855073111131787e-10
1095,-5.58605730618867113e+00,-8.95169866605725728e-01,3.02054718014190371e+02,3.02054718014329126e+02,1.38754785439232364e-10
1096,-5.29999999999999893e+00,-4.24644384318720147e-01,3.03093026248602200e+02,3.03093026248820138e+02,2.17937667912337929e-10
1097,-5.29999999999999538e+00,-1.03140583708754979e-01,3.03687163506036995e+02,3.03687163506317688e+02,2.80692802334669977e-10
1098,-5.29999999999999538e+00,-1.75527019162903059e-01,3.03555066364114850e+02,3.03555066364380991e+02,2.66140887106303126e-10
1099,-5.29999999999999893e+00,-2.84085419174258724e-01,3.03354532005023543e+02,3.03354532005268027e+02,2.44483544520335272e-10
1100,-5.30094866487727234e+00,-4.85674455338200931e-02,3.03780544053977678e+02,3.03780544054269228e+02,2.91549895337084308e-10
1101,-5.00000000000000355e+00,-6.23867223276047198e-02,3.03952846057928355e+02,3.03952846058212913e+02,2.84558154817204922e-10
1102,-5.16558680244666935e+00,-2.83475497701843659e-01,3.03447259959050768e+02,3.03447259959293490e+02,2.42721398535650223e-10
1103,-4.82923486241479694e+00,-2.09210330420607910e-01,3.03792034780351685e+02,3.03792034780595941e+02,2.44256170844892040e-10
1104,-5.14299132253041069e+00,-5.63944380212501872e-02,3.03925812781680406e+02,3.03925812781967863e+02,2.87457169179106131e-10
1105,-4.91634383713202539e+00,-6.16721702611141787e-01,3.02982925813045597e+02,3.02982925813223005e+02,1.77408310264581814e-10
1106,-4.94156427092774830e+00,-2.50990412259331219e-01,3.03648188111083016e+02,3.03648188111325169e+02,2.42152964347042143e-10
1107,-4.85700867746959641e+00,-5.63821717156185523e-02,3.04000270723626841e+02,3.04000270723909296e+02,2.82454948319355026e-10
1108,-4.92854906529255743e+00,-6.10464015156675435e-02,3.03973330681697973e+02,3.03973330681981565e+02,2.83591816696571186e-10
1109,-5.07145093470745056e+00,-6.15639299146911456e-02,3.03936757013088766e+02,3.03936757013374518e+02,2.85751866613281891e-10
1110,-5.04369217222054100e+00,-1.19015706964943083e-01,3.03833181624693680e+02,3.03833181624966755e+02,2.73075784207321703e-10
1111,-5.00000000000000000e+00,-1.23771057570199905e+00,3.01656911735523067e+02,3.01656911735615438e+02,9.23705556488130242e-11
1112,-5.18981802558031369e+00,-1.01598552352809499e-01,3.03798254712438677e+02,3.03798254712717778e+02,2.79101186606567353e-10
1113,-5.17763724524540425e+00,-1.79924121612275389e-01,3.03640862409603699e+02,3.03640862409866997e+02,2.63298716163262725e-10
1114,-4.81325055009472003e+00,-1.07527859787587901e-01,3.03951657786745727e+02,3.03951657787012152e+02,2.66425104200607166e-10
1115,-4.98037400104411709e+00,-1.40116995228974583e-01,3.03821572434411905e+02,3.03821572434678728e+02,2.66823008132632822e-10
1116,-4.89166357120725515e+00,-1.37545695154631303e-01,3.03866785287622292e+02,3.03866785287886273e+02,2.63980837189592421e-10
1117,-5.11686184254179999e+00,-1.23673586427298698e-01,3.03791268101500407e+02,3.03791268101773881e+02,2.73473688139347360e-10
1118,-5.07388513615639791e+00,-4.33511051441126116e-01,3.03225051401788448e+02,3.03225051402000929e+02,2.12480699701700360e-10
1119,-4.83322274060045043e+00,-3.72428831558732687e-01,3.03508572319407676e+02,3.03508572319621464e+02,2.13788098335498944e-10
1120,-5.00000000000000000e+00,-1.72238269966311908e+00,3.00614029294339673e+02,3.00614029294372983e+02,3.33102434524334967e-11
1121,-5.07137163865466878e+00,-2.18672481662256113e-01,3.03629296286183319e+02,3.03629296286436215e+02,2.52896370511734858e-10
1122,-5.19959738217325373e+00,-4.95755305632942372e-02,3.03917858943933368e+02,3.03917858944222758e+02,2.89389845420373604e-10
1123,-4.80040261782675248e+00,-4.95755305633127502e-02,3.04027636772350490e+02,3.04027636772631865e+02,2.81374923360999674e-10
1124,-4.98605730618867060e+00,-8.95169866605725728e-01,3.02379078307137604e+02,3.02379078307275336e+02,1.37731603899737820e-10
1125,-4.33750000000000036e+00,-6.49519052838335165e-02,3.04644706164018828e+02,3.04644706164223010e+02,2.04181560548022389e-10
1126,-4.62827236545524467e+00,-4.24644384318720258e-01,3.03592798850511599e+02,3.03592798850703048e+02,1.91448634723201394e-10
1127,-4.48750000000000338e+00,-6.49519052838296584e-02,3.04399334374337343e+02,3.04399334374561249e+02,2.23906226892722771e-10
1128,-4.13253348198034232e+00,-3.18765952249406737e-01,3.04432243421800933e+02,3.04432243421964927e+02,1.63993263413431123e-10
1129,-4.69132474203466288e+00,-1.75913073357008010e-01,3.03959406341384522e+02,3.03959406341622412e+02,2.37889707932481542e-10
1130,-4.50573989058715263e+00,-8.47670561977718728e-01,3.02815479772573156e+02,3.02815479772703043e+02,1.29887212096946314e-10
1131,-4.11205341762132903e+00,-5.75391727039367973e-02,3.05044818513960706e+02,3.05044818514142605e+02,1.81898940354585648e-10
1132,-4.63819331833559012e+00,-5.78269473304780582e-02,3.04180200604105551e+02,3.04180200604356173e+02,2.50622633757302538e-10
1133,-4.49845091447815282e+00,-2.68059246410611685e-01,3.04036541933212902e+02,3.04036541933413844e+02,2.00941485672956333e-10
1134,-4.33063609731500154e+00,-5.33389589903317529e-01,3.03693819377486534e+02,3.03693819377643422e+02,1.56887836055830121e-10
1135,-4.31051681825249844e+00,-2.77173119680960700e-01,3.04266158828851246e+02,3.04266158829033714e+02,1.82467374543193728e-10
1136,-4.56261555305593269e+00,-6.37644122916055101e-02,3.04283115835224464e+02,3.04283115835460649e+02,2.36184405366657302e-10
1137,-4.41250000000000675e+00,-6.49519052838366806e-02,3.04520443373056310e+02,3.04520443373269757e+02,2.13447037822334096e-10
1138,-4.26249999999999396e+00,-6.46660366472715381e-02,3.04770567234486009e+02,3.04770567234681891e+02,1.95882421394344419e-10
1139,-4.18767230556046499e+00,-6.30951618179987905e-02,3.04901540426682004e+02,3.04901540426870383e+02,1.88379090104717761e-10
1140,-4.38250000000000739e+00,-1.22067998017378818e-01,3.04465121441757276e+02,3.04465121441961799e+02,2.04522621061187238e-10
1141,-4.30278531914199736e+00,-1.52852539618931693e-01,3.04530118547221207e+02,3.04530118547414361e+02,1.93153937289025635e-10
1142,-4.20202185424098840e+00,-1.97729191628873896e-01,3.04594224055469851e+02,3.04594224055649477e+02,1.79625203600153327e-10
1143,-4.08981509032962265e+00,-1.81217776667159991e-01,3.04810019427592749e+02,3.04810019427764132e+02,1.71382907865336165e-10
1144,-4.45307515241302898e+00,-1.45093903991195011e-01,3.04316107625921120e+02,3.04316107626131952e+02,2.10832240554736927e-10
1145,-4.52032832398942652e+00,-1.34354655708989607e-01,3.04237287498427520e+02,3.04237287498648300e+02,2.20779838855378330e-10
1146,-4.60964808029529483e+00,-1.55306333997386609e-01,3.04085212420841856e+02,3.04085212421072299e+02,2.30443220061715692e-10
1147,-4.06453110125693584e+00,-1.03537864871507707e-01,3.05026489075671009e+02,3.05026489075845802e+02,1.74793512996984646e-10
1148,-4.68970579855119318e+00,-1.07382151087490899e-01,3.04054026062897890e+02,3.04054026063148797e+02,2.50906850851606578e-10
1149,-4.65461601704388972e+00,-2.65348979405373830e-01,3.03855900434556929e+02,3.03855900434774981e+02,2.18051354750059545e-10
1150,-4.32715084927406402e+00,-1.24489314249793903e+00,3.01984485383081164e+02,3.01984485383160745e+02,7.95807864051312208e-11
1151,-4.51935212747694415e+00,-1.70198757141533297e+00,3.00751326858308005e+02,3.00751326858341201e+02,3.31965566147118807e-11
1152,-4.21647989558683811e+00,-1.69990643587984480e+00,3.00836707921565448e+02,3.00836707921596030e+02,3.05817593471147120e-11
1153,-4.58812651506398073e+00,-6.16721702611141898e-01,3.03247818680098078e+02,3.03247818680260650e+02,1.62572177941910923e-10
1154,-4.69906865064161039e+00,-4.89653844225622498e-02,3.04108405513161813e+02,3.04108405513427385e+02,2.65572452917695045e-10
1155,-4.05093134935838073e+00,-4.89653844225733659e-02,3.05171888619323965e+02,3.05171888619501033e+02,1.77067249751416966e-10
1156,-4.15027481020214672e+00,-1.26539164300339985e-01,3.04830524412241118e+02,3.04830524412421710e+02,1.80591541720787063e-10
1157,-4.22217918416365023e+00,-1.23037041644291495e-01,3.04719040559388475e+02,3.04719040559576058e+02,1.87583282240666449e-10
1158,-4.39604688632653140e+00,-2.00929132069552263e-01,3.04297381666633328e+02,3.04297381666831484e+02,1.98156158148776740e-10
1159,-4.23270536743524328e+00,-8.76849351007916278e-01,3.02982831250817128e+02,3.02982831250932634e+02,1.15505827125161886e-10
1160,-8.51851851855402020e-01,-6.41500299102256005e-02,3.14592030914740292e+02,3.14592030914827774e+02,8.74820216267835349e-11
1161,-1.14814814815293387e+00,-6.41508549167154191e-02,3.13276341374934759e+02,3.13276341375024174e+02,8.94146978680510074e-11
1162,-1.44444444445046472e+00,-6.33603863267233336e-02,3.12078813067114368e+02,3.12078813067206397e+02,9.20294951356481761e-11
1163,-1.74074074074799467e+00,-6.33603863267310358e-02,3.10984321592180379e+02,3.10984321592275421e+02,9.50421963352710009e-11
1164,-2.03703703704506900e+00,-6.41500299095506404e-02,3.09982041746369646e+02,3.09982041746469577e+02,9.99307303573004901e-11
1165,-2.33333333333935089e+00,-6.33603863259308425e-02,3.09071980976825785e+02,3.09071980976930547e+02,1.04762420960469171e-10
1166,-2.62962962963359059e+00,-6.42845007798934082e-02,3.08237855928482020e+02,3.08237855928592921e+02,1.10901510197436437e-10
1167,-2.92592592592782985e+00,-6.41508549160004216e-02,3.07480901104999418e+02,3.07480901105118789e+02,1.19371179607696831e-10
1168,-3.22222222222207044e+00,-6.33911151198183476e-02,3.06790918964415653e+02,3.06790918964544971e+02,1.29318777908338234e-10
1169,-6.28888437919695842e-01,-6.47071449629776918e-02,3.15652967644988109e+02,3.15652967645075364e+02,8.72546479513403028e-11
1170,-4.06617828209229315e-01,-6.34267121233219322e-02,3.16798902491955289e+02,3.16798902492042600e+02,8.73114913702011108e-11
1171,-3.44444444444281483e+00,-6.33911151200344247e-02,3.06310131347583422e+02,3.06310131347721949e+02,1.38527411763789132e-10
1172,-2.86244600711758224e-01,-9.12524183390019505e-01,3.10196122968225609e+02,3.10196122968277848e+02,5.22391019330825657e-11
1173,-3.71968807430709303e+00,-8.78110544159178885e-01,3.03505664209533506e+02,3.03505664209629174e+02,9.56674739427398890e-11
1174,-3.66740785837780203e+00,-6.47071449629587347e-02,3.05853790806844984e+02,3.05853790806994823e+02,1.49839252117089927e-10
1175,-1.44697818012275603e-01,-4.81426415612354053e-01,3.14592764662062223e+02,3.14592764662133618e+02,7.13953340891748667e-11
1176,-3.84069455182068653e+00,-3.95719548367311269e-01,3.04687769526003819e+02,3.04687769526142404e+02,1.38584255182649940e-10
1177,-1.88963008060931981e+00,-6.47071449628881384e-02,3.10465007810367979e+02,3.10465007810465579e+02,9.76001501840073615e-11
1178,-9.99258808291609735e-01,-6.47071449629777889e-02,3.13919245345074785e+02,3.13919245345163233e+02,8.84483597474172711e-11
1179,-1.29703748801425700e+00,-6.47071449629773449e-02,3.12655307022914656e+02,3.12655307023005435e+02,9.07789399207103997e-11
1180,-2.59259259260339825e-01,-6.41508549167148501e-02,3.17590864613364090e+02,3.17590864613451686e+02,8.75957084645051509e-11
1181,-1.59333378431178807e+00,-6.47071449629769840e-02,3.11510295101235499e+02,3.11510295101328666e+02,9.31663635128643364e-11
1182,-3.07481526578758491e+00,-6.47071449624266326e-02,3.07123561157738379e+02,3.07123561157862298e+02,1.23918653116561472e-10
1183,-2.77777777778071000e+00,-6.42845007798930612e-02,3.07850637396291233e+02,3.07850637396406228e+02,1.14994236355414614e-10
1184,-2.18444399347959406e+00,-6.47071449624268685e-02,3.09514379506050489e+02,3.09514379506152522e+02,1.02033936855150387e-10
1185,-2.48074028977383287e+00,-6.47071449624273404e-02,3.08643508537944058e+02,3.08643508538051719e+02,1.07661435322370380e-10
1186,-2.64868627921511601e+00,-1.40072557272013598e+00,3.02715572292067066e+02,3.02715572292105151e+02,3.80850906367413700e-11
1187,-1.32120595108282801e+00,-1.37660738448234499e+00,3.04285278944822721e+02,3.04285278944854326e+02,3.16049408866092563e-11
1188,-3.81481481481404261e+00,-6.34932072476838277e-02,3.05572526426300556e+02,3.05572526426459660e+02,1.59104729391401634e-10
1189,-8.07490063479342352e-02,-2.23889686892633111e-01,3.17215397479744183e+02,3.17215397479826720e+02,8.25366441858932376e-11
1190,-3.94177540512906965e+00,-1.75752698282279490e-01,3.05071313948468003e+02,3.05071313948628472e+02,1.60468971444061026e-10
1191,-3.36956137412971390e+00,-6.25873082214215781e-01,3.04762185981056405e+02,3.04762185981158666e+02,1.02261310530593619e-10
1192,-6.19709859808963648e-01,-5.54814343707991764e-01,3.12027180049173410e+02,3.12027180049240997e+02,6.75868250255007297e-11
1193,-3.28542847491044609e+00,-1.14388967397713381e+00,3.03108779903336824e+02,3.03108779903401114e+02,6.42899067315738648e-11
1194,-2.83604635558284279e+00,-6.88638548802595118e-01,3.05420280210997078e+02,3.05420280211081035e+02,8.39577296574134380e-11
1195,-2.20574796498638648e+00,-9.10946082252965916e-01,3.05562689030737431e+02,3.05562689030798992e+02,6.15614226262550801e-11
1196,-7.77440853465862003e-01,-1.11805971279670491e+00,3.07135488113216638e+02,3.07135488113259441e+02,4.28030944021884352e-11
1197,-1.10599321263482198e+00,-7.53670004866192955e-01,3.08951404704309027e+02,3.08951404704369452e+02,6.04245542490389198e-11
1198,-3.74855559429331775e+00,-2.32289600197958301e-01,3.05269653441992773e+02,3.05269653442137383e+02,1.44609657581895590e-10
1199,-1.10558431390665388e-01,-5.74532969711377198e-02,3.18487321120966840e+02,3.18487321121055459e+02,8.86188900039996952e-11
1200,-2.38339190983320393e+00,-5.01132615163573880e-01,3.07086950548933203e+02,3.07086950549018809e+02,8.56061888043768704e-11
1201,-1.98597794112438208e+00,-5.23674774540742738e-01,3.07951590165214043e+02,3.07951590165292487e+02,7.84439180279150605e-11
1202,-2.22538402712066763e-01,-2.65806737274547400e-01,3.16115496158352983e+02,3.16115496158432961e+02,7.99786903371568769e-11
1203,-3.59197493283042002e+00,-6.47999974716405719e-02,3.06003466387864137e+02,3.06003466388010054e+02,1.45917056215694174e-10
1204,-3.62212980671844287e+00,-1.19024415892129296e-01,3.05800154239193034e+02,3.05800154239337587e+02,1.44552814163034782e-10
1205,-3.70379996012999380e+00,-1.31822079571896511e-01,3.05611209518361647e+02,3.05611209518509895e+02,1.48247636388987303e-10
1206,-3.55110840527829019e+00,-1.30840874763185899e-01,3.05907861155253556e+02,3.05907861155393846e+02,1.40289557748474181e-10
1207,-3.60105131703563242e+00,-2.01315843496940261e-01,3.05619375657395153e+02,3.05619375657533908e+02,1.38754785439232364e-10
1208,-3.47743480840433739e+00,-2.20053201186319269e-01,3.05803265309519759e+02,3.05803265309651351e+02,1.31592514662770554e-10
1209,-1.07395054212645791e+00,-6.43774907903651300e-02,3.13593438737653344e+02,3.13593438737742247e+02,8.89031070983037353e-11
1210,-1.03703703704135775e+00,-1.29101935194058881e-01,3.13348440030711060e+02,3.13348440030797349e+02,8.62883098307065666e-11
1211,-9.55524734306868351e-01,-1.34841924531861113e-01,3.13663808292546150e+02,3.13663808292631586e+02,8.54356585477944463e-11
1212,-9.90814128281934603e-01,-2.11479534226862498e-01,3.13013023458470229e+02,3.13013023458552993e+02,8.27640178613364697e-11
1213,-8.85815852817781302e-01,-1.93284488513926878e-01,3.13583698465783584e+02,3.13583698465866576e+02,8.29913915367797017e-11
1214,-1.12614310417054009e+00,-2.16286759682474267e-01,3.12436412288564270e+02,3.12436412288647659e+02,8.33892954688053578e-11
1215,-3.88944156860933399e+00,-5.74774724229824771e-02,3.05447293468346572e+02,3.05447293468510907e+02,1.64334323926595971e-10
1216,-1.22234575417940894e+00,-6.43766658475255216e-02,3.12963890209981116e+02,3.12963890210071270e+02,9.01536623132415116e-11
1217,-1.26784616335248601e+00,-1.18431586616985995e-01,3.12463405724193763e+02,3.12463405724281984e+02,8.82209860719740391e-11
1218,-1.33778048361423596e+00,-1.30840874763355514e-01,3.12115202354802477e+02,3.12115202354890869e+02,8.83915163285564631e-11
1219,-1.28963164947334707e+00,-2.00841736162148787e-01,3.11893537839798398e+02,3.11893537839883606e+02,8.52082848723512143e-11
1220,-1.42549382927248791e+00,-2.17479121309911289e-01,3.11289532566535058e+02,3.11289532566620892e+02,8.58335624798201025e-11
1221,-7.04321363467101058e-01,-6.47999974717696353e-02,3.15284122478274185e+02,3.15284122478361382e+02,8.71978045324794948e-11
1222,-6.74166489579004824e-01,-1.19024415892226190e-01,3.15048234948567881e+02,3.15048234948653146e+02,8.52651282912120223e-11
1223,-6.03018870822623176e-01,-1.30500200698984103e-01,3.15303736991204744e+02,3.15303736991289554e+02,8.48103809403255582e-11
1224,-7.35073951762934885e-01,-1.15092975849071105e-01,3.14788497865852776e+02,3.14788497865938211e+02,8.54356585477944463e-11
1225,-1.85093071899138789e-01,-6.30340452866179068e-02,3.18014094819692559e+02,3.18014094819780382e+02,8.78230821399483830e-11
1226,-9.24192879088799213e-01,-6.51341913071004086e-02,3.14253593601451598e+02,3.14253593601539364e+02,8.77662387210875750e-11
1227,-7.77777777781019863e-01,-6.41500299102249205e-02,3.14938143529042293e+02,3.14938143529129775e+02,8.74820216267835349e-11
1228,-5.55597385005148769e-01,-6.41799139294870896e-02,3.16022516892080716e+02,3.16022516892167857e+02,8.71409611136186868e-11
1229,-5.11033551258026186e-01,-1.32304239029269965e-01,3.15739563469857501e+02,3.15739563469942027e+02,8.45261638460215181e-11
1230,-1.51858154503101805e+00,-6.41988646628469106e-02,3.11791750234998062e+02,3.11791750235090603e+02,9.25410859053954482e-11
1231,-1.56413035856083193e+00,-1.18397016311456299e-01,3.11337982941496819e+02,3.11337982941587654e+02,9.08357833395712078e-11
1232,-1.63407677991176592e+00,-1.30840874763355902e-01,3.11021912006789535e+02,3.11021912006880711e+02,9.11768438527360559e-11
1233,-1.58611273243968309e+00,-2.00912359399450485e-01,3.10823735019173057e+02,3.10823735019260880e+02,8.78230821399483830e-11
1234,-1.69091879773840703e+00,-1.90655946987704605e-01,3.10515947133493853e+02,3.10515947133583268e+02,8.94146978680510074e-11
1235,-1.67312484887455692e+00,-3.38179295732591090e-01,3.09795854154734684e+02,3.09795854154817562e+02,8.28777046990580857e-11
1236,-1.37068550290693003e+00,-6.40021603197950678e-02,3.12364039402453614e+02,3.12364039402544961e+02,9.13473741093184799e-11
1237,-3.33201736801409909e-01,-6.41640853170883374e-02,3.17185868014952348e+02,3.17185868015039603e+02,8.72546479513403028e-11
1238,-3.70370370371913893e-01,-1.29101935194058492e-01,3.16478751723364837e+02,3.16478751723449761e+02,8.49240677780471742e-11
1239,-1.81487784132854979e+00,-6.41988646628425808e-02,3.10721877149277645e+02,3.10721877149373881e+02,9.62359081313479692e-11
1240,-1.85185185185960210e+00,-1.29101935194039508e-01,3.10285406962884849e+02,3.10285406962979096e+02,9.42463884712196887e-11
1241,-1.92641771488777569e+00,-1.27789544031862601e-01,3.10048912411420190e+02,3.10048912411515914e+02,9.57243173616006970e-11
1242,-1.66698179920446110e+00,-6.40021603197958727e-02,3.11244867678532557e+02,3.11244867678626633e+02,9.40758582146372646e-11
1243,-3.74074074073965690e+00,-6.41500299102247817e-02,3.05712510054403765e+02,3.05712510054557924e+02,1.54159351950511336e-10
1244,-1.96316845974876997e+00,-6.33673278958777481e-02,3.10226248301877320e+02,3.10226248301976284e+02,9.89643922366667539e-11
1245,-3.51829878324854084e+00,-6.40497703115835149e-02,3.06155060275053074e+02,3.06155060275195012e+02,1.41938016895437613e-10
1246,-3.37037037036919918e+00,-6.40551443042868263e-02,3.06464985571641762e+02,3.06464985571776992e+02,1.35230493469862267e-10
1247,-2.25919623275961490e+00,-6.41988646622008996e-02,3.09288974513836536e+02,3.09288974513939763e+02,1.03227648651227355e-10
1248,-2.22222222222901467e+00,-1.29101935193344008e-01,3.09125532499749056e+02,3.09125532499849044e+02,9.99875737761612982e-11
1249,-2.14070991949514911e+00,-1.34841924530587381e-01,3.09345261962476911e+02,3.09345261962575364e+02,9.84528014669194818e-11
1250,-2.17599931346954234e+00,-2.11479534225037180e-01,3.08902538310128421e+02,3.08902538310224259e+02,9.58380041993223131e-11
1251,-2.31007425226519558e+00,-2.40743543855593489e-01,3.08401399032644747e+02,3.08401399032741551e+02,9.68043423199560493e-11
1252,-2.07270056686107518e+00,-2.13547242613550209e-01,3.09199191895469937e+02,3.09199191895564070e+02,9.41327016334980726e-11
1253,-2.55543202360792376e+00,-6.43997651004446503e-02,3.08438044527086049e+02,3.08438044527195075e+02,1.09025677375029773e-10
1254,-2.51851851852325703e+00,-1.29101935193343703e-01,3.08290908915085083e+02,3.08290908915190641e+02,1.05558228824520484e-10
1255,-2.44261340835762297e+00,-1.30621766969485187e-01,3.08491324051806146e+02,3.08491324051910226e+02,1.04080299934139475e-10
1256,-2.10937806427759167e+00,-6.51341913064288902e-02,3.09746610134096500e+02,3.09746610134197340e+02,1.00840225059073418e-10
1257,-2.70370370370715118e+00,-6.43293244033555645e-02,3.08042018154977768e+02,3.08042018155090545e+02,1.12777343019843102e-10
1258,-2.66666666667037600e+00,-1.29101935193342371e-01,3.07903624536343955e+02,3.07903624536452867e+02,1.08911990537308156e-10
1259,-2.40740740741291281e+00,-6.41500299095115190e-02,3.08853779704513158e+02,3.08853779704619342e+02,1.06183506431989372e-10
1260,-3.00012353195349535e+00,-6.43766658469593356e-02,3.07300905813010900e+02,3.07300905813132374e+02,1.21474386105546728e-10
1261,-3.03703703703815719e+00,-1.29101935193339706e-01,3.07005212445034260e+02,3.07005212445153802e+02,1.19541709864279255e-10
1262,-3.11817952965977652e+00,-1.34250457869517892e-01,3.06804986623196100e+02,3.06804986623318257e+02,1.22156507131876424e-10
1263,-3.08272449127422110e+00,-2.14641275294787881e-01,3.06625433485621102e+02,3.06625433485737915e+02,1.16813225758960471e-10
1264,-2.96018951794824714e+00,-2.14611622304580502e-01,3.06894933927817192e+02,3.06894933927930310e+02,1.13118403533007950e-10
1265,-3.19075471298737945e+00,-2.20213090387932658e-01,3.06377962636908592e+02,3.06377962637028986e+02,1.20394361147191375e-10
1266,-3.32434960134382118e+00,-1.98298506507615269e-01,3.06169018075263978e+02,3.06169018075390284e+02,1.26306076708715409e-10
1267,-3.14944974985862602e+00,-6.43176610702220763e-02,3.06952545112785458e+02,3.06952545112912105e+02,1.26647137221880257e-10
1268,-2.85185185185427104e+00,-6.43070500927071104e-02,3.07663470050810815e+02,3.07663470050927856e+02,1.17040599434403703e-10
1269,-2.80882468772560800e+00,-1.38278993647067666e-01,3.07514777352857891e+02,3.07514777352970327e+02,1.12436282506678253e-10
1270,-3.29629629629563015e+00,-6.40393300367194940e-02,3.06625346456974455e+02,3.06625346457106389e+02,1.31933575175935403e-10
1271,-7.17503372632749437e-01,-2.14559218234932764e-01,3.14165958177818482e+02,3.14165958177900279e+02,8.17976797407027334e-11
1272,-5.49732773404855601e-01,-2.78731502051562607e-01,3.14441057594192102e+02,3.14441057594271058e+02,7.89555087976623327e-11
1273,-4.40267580969370131e-01,-2.08818011035056483e-01,3.15503230889496535e+02,3.15503230889578333e+02,8.17976797407027334e-11
1274,-1.98766681915171373e+00,-1.46944257828522695e+00,3.02950674174081257e+02,3.02950674174110873e+02,2.96154212264809757e-11
1275,-1.77176082144766811e+00,-1.28611619827909085e-01,3.10555443782702582e+02,3.10555443782795749e+02,9.31663635128643364e-11
1276,-1.11409280333628269e+00,-1.20443420119003206e-01,3.13078638141031149e+02,3.13078638141118347e+02,8.71978045324794948e-11
1277,-1.18518518519012495e+00,-1.28300060011402012e-01,3.12737583459505288e+02,3.12737583459592713e+02,8.74251782079227269e-11
1278,-3.03520681051937691e-01,-1.17449627429313280e-01,3.16922508986379682e+02,3.16922508986465232e+02,8.55493453855160624e-11
1279,-2.41851563279187359e-01,-1.40045421072491183e-01,3.17067501154681224e+02,3.17067501154765864e+02,8.46398506837431341e-11
1280,-1.49632958772708768e-01,-1.42228295201030391e-01,3.17548485523380918e+02,3.17548485523466184e+02,8.52651282912120223e-11
1281,-1.48148148148765890e+00,-1.28305009668432807e-01,3.11585091134689492e+02,3.11585091134779361e+02,8.98694452189374715e-11
1282,-2.29903928219386211e+00,-1.24192395701325287e-01,3.08922948486021255e+02,3.08922948486122891e+02,1.01636032923124731e-10
1283,-2.59981859026723905e+00,-1.17683867594454483e-01,3.08119112401347252e+02,3.08119112401455141e+02,1.07888808997813612e-10
1284,-2.59003182795298814e+00,-2.08606375696951896e-01,3.07800202765259769e+02,3.07800202765363167e+02,1.03398178907809779e-10
1285,-2.48406230236301617e+00,-1.95999224292204066e-01,3.08119521183193854e+02,3.08119521183295774e+02,1.01920250017428771e-10
1286,-2.71603263771655845e+00,-2.04357601936973166e-01,3.07503239919582484e+02,3.07503239919689236e+02,1.06751940620597452e-10
1287,-2.73460109472008073e+00,-1.20070471192126396e-01,3.07763170369595287e+02,3.07763170369706472e+02,1.11185727291740477e-10
1288,-2.89378384546005707e+00,-1.40041759255338988e-01,3.07302990975962928e+02,3.07302990976077638e+02,1.14710019261110574e-10
1289,-2.96296296296462103e+00,-1.28300060009989308e-01,3.07178823409228016e+02,3.07178823409345341e+02,1.17324816528707743e-10
1290,-2.85294812633976491e+00,-2.30601974561689460e-01,3.07084549504806034e+02,3.07084549504915231e+02,1.09196207631612197e-10
1291,-2.46704867688626672e+00,-2.89335689608046787e-01,3.07785232215233464e+02,3.07785232215330780e+02,9.73159330897033215e-11
1292,-2.68301430355914805e+00,-3.59850379820842725e-01,3.07000591467183085e+02,3.07000591467281708e+02,9.86233317235019058e-11
1293,-6.52880253816950362e-02,-1.13163592478284100e-01,3.18271264988484177e+02,3.18271264988571204e+02,8.70272742758970708e-11
1294,-3.93871351163512795e+00,-1.02957063617371405e-01,3.05249485492915369e+02,3.05249485493080385e+02,1.65016444952925667e-10
1295,-2.88823656337882495e+00,-3.73778337082370071e-01,3.06494738265572664e+02,3.06494738265675551e+02,1.02886588138062507e-10
1296,-4.79937410981760959e-01,-6.35244965149248109e-02,3.16413961216588575e+02,3.16413961216675659e+02,8.70841176947578788e-11
1297,-3.86073016043701767e+00,-1.48516101344873114e-01,3.05280662819037389e+02,3.05280662819194220e+02,1.56830992636969313e-10
1298,-1.78305999978216700e+00,-2.08796031872778509e-01,3.10118489284215059e+02,3.10118489284304871e+02,8.98126018000766635e-11
1299,-1.93013752583701304e+00,-2.52929382546105808e-01,3.09443370045892209e+02,3.09443370045982192e+02,8.99831320566590875e-11
1300,-1.62130631514541501e+00,-7.54960612377787554e-01,3.07603051281018224e+02,3.07603051281081889e+02,6.36646291241049767e-11
1301,-3.89862595194668149e+00,-2.53408131090156585e-01,3.04955680714445009e+02,3.04955680714597236e+02,1.52226675709243864e-10
1302,-3.77672365353329553e+00,-1.24727842802833083e-01,3.05492543352233099e+02,3.05492543352386122e+02,1.53022483573295176e-10
1303,-8.14814814818210054e-01,-1.23557248471463904e-01,3.14365964208604453e+02,3.14365964208689775e+02,8.53219717100728303e-11
1304,-8.86552680442849184e-01,-1.21538460738240900e-01,3.14056038383194903e+02,3.14056038383280566e+02,8.56630322232376784e-11
1305,-1.70089578781005879e+00,-1.15494197645099286e-01,3.10864589524433825e+02,3.10864589524526366e+02,9.25410859053954482e-11
1306,-1.41197714834635502e+00,-1.20797510477643588e-01,3.11886945464699977e+02,3.11886945464789505e+02,8.95283847057726234e-11
1307,-2.00021941963135008e+00,-1.41481595905492502e-01,3.09750297681411098e+02,3.09750297681507334e+02,9.62359081313479692e-11
1308,-2.07185521340839607e+00,-1.27106048436008506e-01,3.09590906925432307e+02,3.09590906925530135e+02,9.78275238594505936e-11
1309,-3.47973876975598984e+00,-1.21364868762281683e-01,3.06076294691620546e+02,3.06076294691757766e+02,1.37220013129990548e-10
1310,-3.40494522127476085e+00,-1.32577195707738599e-01,3.06197216459455944e+02,3.06197216459589015e+02,1.33070443553151563e-10
1311,-3.18797309479733970e+00,-1.22132341375561795e-01,3.06688532432722184e+02,3.06688532432847296e+02,1.25112364912638441e-10
1312,-3.25915487682977378e+00,-1.32729120298923586e-01,3.06502139152655445e+02,3.06502139152782718e+02,1.27272414829349145e-10
1313,-3.33102327322263658e+00,-1.18339859371056802e-01,3.06391764057529997e+02,3.06391764057660737e+02,1.30739863379858434e-10
1314,-2.36503594593424094e+00,-1.36891529757670188e-01,3.08682728947034718e+02,3.08682728947136866e+02,1.02147623692872003e-10
1315,-4.41645348358060019e-01,-1.19435078779326381e-01,3.16187352630103476e+02,3.16187352630188684e+02,8.52082848723512143e-11
1316,-9.62782098110990914e-01,-3.58788987916165314e-01,3.12143468831249265e+02,3.12143468831326004e+02,7.67386154620908201e-11
1317,-8.57142857146429793e-01,-1.58852707970707407e+00,3.03300897760652447e+02,3.03300897760672854e+02,2.04067873710300773e-11
1318,-3.16063188068589218e+00,-1.62644463045697507e+00,3.01436114962357919e+02,3.01436114962385659e+02,2.77395884040743113e-11
1319,-2.14545689295820807e+00,-3.40997590418328722e-01,3.08403150500943525e+02,3.08403150501032883e+02,8.93578544491901994e-11
1320,-3.58333036358881962e+00,-1.58760790558760201e+00,3.01370496726736519e+02,3.01370496726771535e+02,3.50155460182577372e-11
1321,-4.15376147125833872e-01,-1.51064606253667200e+00,3.04505999048769183e+02,3.04505999048793285e+02,2.41016095969825983e-11
1322,-1.31492500824030789e+00,-4.05743788292467322e-01,3.10563327207575355e+02,3.10563327207652435e+02,7.70796759752556682e-11
1323,-3.70299936397908347e+00,-1.23232096702946192e+00,3.02443521939910511e+02,3.02443521939976733e+02,6.62225829728413373e-11
1324,-2.41376691716126901e+00,-1.98718350896599977e-01,3.08296333893183260e+02,3.08296333893283531e+02,1.00271790870465338e-10
1325,-3.74755311515914435e+00,-5.81989261313104134e-01,3.04326164850563146e+02,3.04326164850683085e+02,1.19939613796304911e-10
1326,-5.07877557788618123e-02,-4.91291083873934484e-02,3.18908815611904458e+02,3.18908815611993816e+02,8.93578544491901994e-11
1327,-3.94921224422113770e+00,-4.91291083873921994e-02,3.05356145285965511e+02,3.05356145286134620e+02,1.69109171110903844e-10
1328,-3.08648872885360293e+00,-3.86000228618774921e-01,3.06050864858286161e+02,3.06050864858394107e+02,1.07945652416674420e-10
1329,-3.33399398606937281e+00,-3.34871182805082213e-01,3.05737317564948796e+02,3.05737317565067940e+02,1.19143805932253599e-10
1330,-3.57222759973750703e+00,-3.64662807461661909e-01,3.05218265330763018e+02,3.05218265330890119e+02,1.27101884572766721e-10
1331,-3.81118202657845850e-01,-4.19546203435472109e-01,3.14091190068078845e+02,3.14091190068152287e+02,7.34416971681639552e-11
1332,-3.26611133507053619e-01,-2.13461322573489792e-01,3.16027614865586997e+02,3.16027614865668681e+02,8.16839929029811174e-11
1333,3.14736153246014805e+00,-6.32891843373712404e-02,3.45644183553806840e+02,3.45644183553952132e+02,1.45291778608225286e-10
1334,2.85185185184881984e+00,-6.33603863266165579e-02,3.42783990596959256e+02,3.42783990597096249e+02,1.36992639454547316e-10
1335,2.55555555555174196e+00,-6.33596077764231741e-02,3.39879789424681690e+02,3.39879789424810042e+02,1.28352439787704498e-10
1336,2.26000045096723090e+00,-6.47071449629011974e-02,3.36983912876992918e+02,3.36983912877113653e+02,1.20735421660356224e-10
1337,1.96222177124523167e+00,-6.47071449626693412e-02,3.34161804301894222e+02,3.34161804302008136e+02,1.13914211397059262e-10
1338,1.66666666666236307e+00,-6.42845007801125107e-02,3.31478321957462072e+02,3.31478321957570586e+02,1.08514086605282500e-10
1339,1.37111156207954399e+00,-6.47071449626264728e-02,3.28922789012775695e+02,3.28922789012880060e+02,1.04364517028443515e-10
1340,1.07481526578411191e+00,-6.47071449626268336e-02,3.26515175669012137e+02,3.26515175669111954e+02,9.98170435195788741e-11
1341,7.78518969488680601e-01,-6.47071449626270001e-02,3.24264777344697450e+02,3.24264777344793686e+02,9.62359081313479692e-11
1342,3.36962917865614120e+00,-6.47071449629025991e-02,3.47676433494922492e+02,3.47676433495075401e+02,1.52908796735573560e-10
1343,3.59259259259151698e+00,-6.34932072475619252e-02,3.49685841691989765e+02,3.49685841692151882e+02,1.62117430591024458e-10
1344,5.55555555554488323e-01,-6.33595613834098959e-02,3.22686228458557252e+02,3.22686228458651556e+02,9.43032318900804967e-11
1345,3.71493037705892259e+00,-9.13933787040258849e-01,3.27925123162368891e+02,3.27925123162465923e+02,9.70317159953992814e-11
1346,2.80311925692904917e-01,-8.78110544159178663e-01,3.12474414342947398e+02,3.12474414343003161e+02,5.57633939024526626e-11
1347,3.32592141620095427e-01,-6.47071449626845929e-02,3.21164983641055926e+02,3.21164983641148012e+02,9.20863385545089841e-11
1348,3.85681286769276888e+00,-4.83238763162581630e-01,3.40102474957453921e+02,3.40102474957592278e+02,1.38356881507206708e-10
1349,1.59305448178878595e-01,-3.95719548367069518e-01,3.16895571867621015e+02,3.16895571867697811e+02,7.67954588809516281e-11
1350,2.11111111110610006e+00,-6.41508549165888398e-02,3.35569225422572288e+02,3.35569225422689669e+02,1.17381659947568551e-10
1351,3.74074074074005880e+00,-6.41508549166116826e-02,3.50908937080275507e+02,3.50908937080443820e+02,1.68313363246852532e-10
1352,2.70296251198771253e+00,-6.47071449629015444e-02,3.41294590952887177e+02,3.41294590953019508e+02,1.32331479107961059e-10
1353,2.99925880828479308e+00,-6.47071449628995737e-02,3.44187344820173507e+02,3.44187344820314252e+02,1.40744305099360645e-10
1354,2.40740740740320502e+00,-6.33911151204973045e-02,3.38434451490292304e+02,3.38434451490416677e+02,1.24373400467447937e-10
1355,1.81481481481008000e+00,-6.34932072472308984e-02,3.32823868441750278e+02,3.32823868441861237e+02,1.10958353616297245e-10
1356,1.22222222221921695e+00,-6.33603863262190703e-02,3.27711399032982911e+02,3.27711399033084945e+02,1.02033936855150387e-10
1357,1.51851851851464903e+00,-6.33603863262169886e-02,3.30197081286775415e+02,3.30197081286881996e+02,1.06581410364015028e-10
1358,9.25925925923785864e-01,-6.33603863262191119e-02,3.25380755971558756e+02,3.25380755971656754e+02,9.79980541160330176e-11
1359,1.35131372078521594e+00,-1.40072557271972897e+00,3.09245144607132147e+02,3.09245144607166196e+02,3.40492078976240009e-11
1360,2.67766465508001117e+00,-1.40630503743824198e+00,3.12568348236877455e+02,3.12568348236919917e+02,4.24620338890235871e-11
1361,1.85185185184817080e-01,-6.34932072472902259e-02,3.20227130320301285e+02,3.20227130320392007e+02,9.07220965018495917e-11
1362,3.91940514525463879e+00,-2.24074620316097511e-01,3.47737821067783784e+02,3.47737821067947095e+02,1.63311142387101427e-10
1363,5.82245948707099531e-02,-1.75752698282197195e-01,3.18424006863750549e+02,3.18424006863835757e+02,8.52082848723512143e-11
1364,6.38327280732152724e-01,-6.31866422339593115e-01,3.16850264532059214e+02,3.16850264532128449e+02,6.92352841724641621e-11
1365,3.37055042676738603e+00,-5.55520747962003680e-01,3.35225897274587339e+02,3.35225897274704494e+02,1.17154286272125319e-10
1366,7.15698475783816290e-01,-1.14474586542364509e+00,3.10896843877604340e+02,3.10896843877649019e+02,4.46789272245950997e-11
1367,1.19353017964924590e+00,-7.09199777328271774e-01,3.18698084586144887e+02,3.18698084586214691e+02,6.98037183610722423e-11
1368,1.76185803789191908e+00,-9.37128157096746239e-01,3.18053569654170190e+02,3.18053569654233172e+02,6.29825080977752805e-11
1369,3.22094345828612605e+00,-1.12336198960682787e+00,3.20720259604641626e+02,3.20720259604711771e+02,7.01447788742370903e-11
1370,2.83632773893644252e+00,-6.88277333150477344e-01,3.28728555023105173e+02,3.28728555023199931e+02,9.47579792409669608e-11
1371,2.51444405705314511e-01,-2.32289600197291501e-01,3.19023276034204514e+02,3.19023276034288983e+02,8.44693204271607101e-11
1372,3.88944156860948276e+00,-5.74532969710794608e-02,3.52272273654570199e+02,3.52272273654745391e+02,1.75191416929010302e-10
1373,1.61874946515399110e+00,-5.21138912946757404e-01,3.23982573515584818e+02,3.23982573515669287e+02,8.44693204271607101e-11
1374,2.02250861369300861e+00,-5.20072133417290305e-01,3.26735710859670746e+02,3.26735710859761127e+02,9.03810359886847436e-11
1375,3.77930570720018588e+00,-2.68019088970267549e-01,3.45536108729960574e+02,3.45536108730114336e+02,1.53761448018485680e-10
1376,2.77771475126837997e+00,-6.41988646627597304e-02,3.42038660260012307e+02,3.42038660260146969e+02,1.34662059281254187e-10
1377,2.74074074073741691e+00,-1.29101935193960488e-01,3.40265731668014837e+02,3.40265731668144497e+02,1.29659838421503082e-10
1378,2.65959824811522605e+00,-1.34250457870662976e-01,3.39392509992067460e+02,3.39392509992194448e+02,1.26988197735045105e-10
1379,2.71065721970617401e+00,-2.10487539769172810e-01,3.38220958771512244e+02,3.38220958771636049e+02,1.23804966278839856e-10
1380,2.59082771603215800e+00,-2.18319760964087561e-01,3.37008925752992184e+02,3.37008925753112351e+02,1.20166987471748143e-10
1381,2.83371948379685801e+00,-2.14753351827494804e-01,3.39228741940059820e+02,3.39228741940186751e+02,1.26931354316184297e-10
1382,3.44506210420345305e+00,-6.47999974716961247e-02,3.48355522842720916e+02,3.48355522842876780e+02,1.55864654516335577e-10
1383,3.41490723031541421e+00,-1.19024415892082694e-01,3.46664836005013001e+02,3.46664836005163806e+02,1.50805590237723663e-10
1384,3.34375961155909618e+00,-1.30500200698791091e-01,3.45749779588794809e+02,3.45749779588942147e+02,1.47338141687214375e-10
1385,3.48592863175553047e+00,-1.30840874763194809e-01,3.46964363721587688e+02,3.46964363721740483e+02,1.52795109897851944e-10
1386,3.07394415847653679e+00,-6.41928100718318490e-02,3.44919866563089954e+02,3.44919866563232688e+02,1.42733824759488925e-10
1387,3.03703703703450145e+00,-1.29101935193956796e-01,3.43027836352350278e+02,3.43027836352488009e+02,1.37731603899737820e-10
1388,2.97010501013258077e+00,-1.17089909207521783e-01,3.42684211447714176e+02,3.42684211447851055e+02,1.36878952616825700e-10
1389,2.99274880862258597e+00,-1.99677564582663475e-01,3.40969936838327726e+02,3.40969936838459716e+02,1.31990418594796211e-10
1390,3.11007909165784380e+00,-1.97043719015085911e-01,3.42067911640728312e+02,3.42067911640863542e+02,1.35230493469862267e-10
1391,2.62832802791593112e+00,-6.43124098468630390e-02,3.40572217598944349e+02,3.40572217599074690e+02,1.30341959447832778e-10
1392,3.29633812574169260e+00,-6.41799139293824233e-02,3.47018607937274339e+02,3.47018607937424576e+02,1.50237156049115583e-10
1393,3.26593104226928066e+00,-1.16995836390026101e-01,3.45405762685022182e+02,3.45405762685167645e+02,1.45462308864807710e-10
1394,3.25127499198010561e+00,-2.40569932491170368e-01,3.42186048438895227e+02,3.42186048439031879e+02,1.36651578941382468e-10
1395,3.43611282475068203e+00,-2.45895834436231780e-01,3.43543427850232774e+02,3.43543427850375110e+02,1.42335920827463269e-10
1396,2.18530871713248187e+00,-6.43774907902821408e-02,3.36273142205320994e+02,3.36273142205440081e+02,1.19086962513392791e-10
1397,2.22222222221752608e+00,-1.29101935193957684e-01,3.35433667635733002e+02,3.35433667635849588e+02,1.16585852083517238e-10
1398,2.30336471483971383e+00,-1.34250457870665779e-01,3.36086384030913450e+02,3.36086384031031571e+02,1.18120624392759055e-10
1399,2.25319318865439611e+00,-2.20000733826381162e-01,3.34024201232490100e+02,3.34024201232602366e+02,1.12265752250095829e-10
1400,2.15934171467457103e+00,-2.01536770848021102e-01,3.33543611166713958e+02,3.33543611166825031e+02,1.11072040454018861e-10
1401,2.37441704344108295e+00,-2.20053201186383912e-01,3.35074716439599968e+02,3.35074716439714905e+02,1.14937392936553806e-10
1402,3.66666666666578767e+00,-6.41751678377234513e-02,3.50295411081293139e+02,3.50295411081458326e+02,1.65186975209508091e-10
1403,3.62962962962866387e+00,-1.29101935193953660e-01,3.48205838037536751e+02,3.48205838037695344e+02,1.58593138621654361e-10
1404,3.55886422201565278e+00,-2.19640251864927583e-01,3.45199423143978379e+02,3.45199423144127252e+02,1.48872913996456191e-10
1405,2.48148148147747349e+00,-6.39234072825940053e-02,3.39145122945342962e+02,3.39145122945469097e+02,1.26135546452132985e-10
1406,2.92592592592308387e+00,-6.41500299101244592e-02,3.43488354289224560e+02,3.43488354289363599e+02,1.39039002533536404e-10
1407,2.33463493503901409e+00,-6.43176610708770802e-02,3.37710616653845022e+02,3.37710616653967463e+02,1.22440724226180464e-10
1408,3.51873825378535887e+00,-6.40541995483306509e-02,3.49028515004628389e+02,3.49028515004787266e+02,1.58877355715958402e-10
1409,3.81490692810114096e+00,-6.30340452865191248e-02,3.51533538446601824e+02,3.51533538446773377e+02,1.71553438121918589e-10
1410,2.03691350507977775e+00,-6.43766658473667319e-02,3.34865184031200386e+02,3.34865184031315948e+02,1.15562670544022694e-10
1411,1.99999999999475286e+00,-1.29101935193678879e-01,3.33408228104300008e+02,3.33408228104411592e+02,1.11583631223766133e-10
1412,1.91793844831287186e+00,-1.33041172556319892e-01,3.32609510041200679e+02,3.32609510041310273e+02,1.09594111563637853e-10
1413,4.08025067167151478e-01,-6.47999974714841415e-02,3.21664020634037342e+02,3.21664020634130111e+02,9.27684595808386803e-11
1414,3.77870193279262578e-01,-1.19024415891679683e-01,3.20921529166106325e+02,3.20921529166196592e+02,9.02673491509631276e-11
1415,2.96200039867915710e-01,-1.31822079571258882e-01,3.20277413459246304e+02,3.20277413459335435e+02,8.91304807737469673e-11
1416,4.48891594719234122e-01,-1.30840874762743503e-01,3.21264747100371551e+02,3.21264747100462216e+02,9.06652530829887837e-11
1417,3.98948682962105006e-01,-2.01315843496195301e-01,3.20221364307903514e+02,3.20221364307990370e+02,8.68567440193146467e-11
1418,5.05533264711897745e-01,-1.95327454455590577e-01,3.20961040036839961e+02,3.20961040036928125e+02,8.81641426531132311e-11
1419,2.59259259258741381e-01,-6.41500299098254484e-02,3.20693986419009491e+02,3.20693986419100895e+02,9.14042175281792879e-11
1420,1.10558431390056403e-01,-5.74774724228615461e-02,3.19815835164742396e+02,3.19815835164832890e+02,9.04947228264063597e-11
1421,4.81701216748717576e-01,-6.40484013621958614e-02,3.22169689680652368e+02,3.22169689680746103e+02,9.37347977014724165e-11
1422,6.29629629628353227e-01,-6.40191101618675928e-02,3.23198814123352520e+02,3.23198814123447335e+02,9.48148226598277688e-11
1423,1.74074074073622076e+00,-6.41974421480796253e-02,3.32141827708525909e+02,3.32141827708635503e+02,1.09594111563637853e-10
1424,1.77852653626343793e+00,-1.29649861184001292e-01,3.31436442502040734e+02,3.31436442502147543e+02,1.06808784039458260e-10
1425,7.03827235654314043e-01,-6.43555333309380612e-02,3.23724980722389660e+02,3.23724980722485043e+02,9.53832568484358490e-11
1426,7.49327644827229689e-01,-1.18428350044450098e-01,3.23445310979416092e+02,3.23445310979509486e+02,9.33937371883075684e-11
1427,8.19261965088662780e-01,-1.30840874762616799e-01,3.23800522642501051e+02,3.23800522642594842e+02,9.37916411203332245e-11
1428,7.48774710706709756e-01,-2.04193860327755661e-01,3.22464358370587036e+02,3.22464358370676678e+02,8.96420715434942394e-11
1429,8.92935561962182378e-01,-2.20053201185191089e-01,3.23257223980969457e+02,3.23257223981059781e+02,9.03241925698239356e-11
1430,1.16394543231580005e+00,-3.64779518618316367e-01,3.23262237299941432e+02,3.23262237300028517e+02,8.70841176947578788e-11
1431,1.29635932279925004e+00,-6.41988646624369746e-02,3.28307962309713616e+02,3.28307962309816901e+02,1.03284492070088163e-10
1432,1.33333333333000392e+00,-1.29101935193603606e-01,3.27719262681930559e+02,3.27719262682031058e+02,1.00499164545908570e-10
1433,1.41447582595186105e+00,-1.34250457869994289e-01,3.28303461760723735e+02,3.28303461760825257e+02,1.01522346085403115e-10
1434,1.37948228006701301e+00,-2.11361240893486790e-01,3.26927840841154705e+02,3.26927840841251850e+02,9.71454028331208974e-11
1435,1.48145040620113089e+00,-2.10687189427536364e-01,3.27738584186932883e+02,3.27738584187031506e+02,9.86233317235019058e-11
1436,1.00006302650381773e+00,-6.41988646624368636e-02,3.25938301692600646e+02,3.25938301692699326e+02,9.86801751423627138e-11
1437,1.03046548535547511e+00,-1.23281182344306003e-01,3.25439970392159069e+02,3.25439970392255589e+02,9.65201252256520092e-11
1438,1.10389159350656008e+00,-1.32898664115333603e-01,3.25874201970186959e+02,3.25874201970284048e+02,9.70885594142600894e-11
1439,1.25987728156924605e+00,-2.15053909759851086e-01,3.25972281733171656e+02,3.25972281733266982e+02,9.53264134295750409e-11
1440,1.88888888888393680e+00,-6.41500299097712140e-02,3.33492897270661786e+02,3.33492897270774165e+02,1.12379439087817445e-10
1441,8.52166984380799741e-01,-6.40021603193361432e-02,3.24817400653727134e+02,3.24817400653824166e+02,9.70317159953992814e-11
1442,1.14706842716381607e+00,-6.40872406457370369e-02,3.27096156835425234e+02,3.27096156835526187e+02,1.00953911896795034e-10
1443,1.59259259258850783e+00,-6.41500299097689519e-02,3.30828004675686486e+02,3.30828004675793977e+02,1.07490905065787956e-10
1444,1.62962962962543401e+00,-1.29101935193602885e-01,3.30164399319918743e+02,3.30164399320023392e+02,1.04648734122747555e-10
1445,1.44574604615089197e+00,-6.43125396048461473e-02,3.29558622567169152e+02,3.29558622567274654e+02,1.05501385405659676e-10
1446,2.02693739028911990e+00,-1.45116715838754606e+00,3.10010997525738901e+02,3.10010997525773234e+02,3.43334249919280410e-11
1447,2.15041156783990095e+00,-1.17493422352022606e-01,3.34982006650223639e+02,3.34982006650339315e+02,1.15676357381744310e-10
1448,2.07842431638159697e+00,-1.29013131686677301e-01,3.34115570873696981e+02,3.34115570873810213e+02,1.13232090370729566e-10
1449,2.06751300582140818e+00,-2.73190039986754618e-01,3.31467768840870065e+02,3.31467768840975168e+02,1.05103481473634019e-10
1450,1.92421613053714169e+00,-2.57429816199352013e-01,3.30560879029529872e+02,3.30560879029633099e+02,1.03227648651227355e-10
1451,2.81858314330748616e+00,-1.18994357296407505e-01,3.41219836505391697e+02,3.41219836505524142e+02,1.32445165945682675e-10
1452,3.10977746213951312e+00,-1.15840600440332106e-01,3.44016038082495925e+02,3.44016038082636385e+02,1.40460088005056605e-10
1453,3.69645299964189400e+00,-1.17451843933301603e-01,3.49066471598636440e+02,3.49066471598798728e+02,1.62287960847606882e-10
1454,3.75845140182207649e+00,-1.40414515772314091e-01,3.48917538608254688e+02,3.48917538608417772e+02,1.63083768711658195e-10
1455,3.85075057899671869e+00,-1.42689358504172109e-01,3.49550588344356072e+02,3.49550588344522851e+02,1.66778590937610716e-10
1456,1.25939546902000110e+00,-1.19054468882470690e-01,3.27268187673456509e+02,3.27268187673556383e+02,9.98738869384396821e-11
1457,6.75629117264808121e-01,-1.34743104325847712e-01,3.22746843376460845e+02,3.22746843376552647e+02,9.18021214602049440e-11
1458,5.85748162642987902e-01,-1.35028031812782306e-01,3.22129571327089707e+02,3.22129571327180940e+02,9.12336872715968639e-11
1459,9.58133084509817823e-01,-1.34611538554379379e-01,3.24762028898530673e+02,3.24762028898625829e+02,9.51558831729926169e-11
1460,1.71110415945827699e+00,-1.17752988202359701e-01,3.31037480314303366e+02,3.31037480314409834e+02,1.06467723526293412e-10
1461,1.72567232919395175e+00,-1.93800566227242205e-01,3.29963483864826230e+02,3.29963483864929231e+02,1.03000274975784123e-10
1462,1.62663119139098189e+00,-2.53911964026177106e-01,3.28218039555987787e+02,3.28218039556086126e+02,9.83391146291978657e-11
1463,1.55505063663307008e+00,-1.40794792225590187e-01,3.29364166676745754e+02,3.29364166676848811e+02,1.03057118394644931e-10
1464,3.93480158951366610e+00,-1.13271258599378893e-01,3.51010578819200362e+02,3.51010578819373393e+02,1.73031367012299597e-10
1465,6.12864883645700825e-02,-1.02957063617282199e-01,3.19103056890304686e+02,3.19103056890393077e+02,8.83915163285564631e-11
1466,3.22242343932999864e+00,-6.16733813733657196e-02,3.46392353516273090e+02,3.46392353516421053e+02,1.47963419294683263e-10
1467,6.29622890180816630e-01,-2.29161712079579610e-01,3.21389000227833208e+02,3.21389000227920690e+02,8.74820216267835349e-11
1468,1.39269839562265213e-01,-1.48516101344517704e-01,3.19154918841504639e+02,3.19154918841591666e+02,8.70272742758970708e-11
1469,1.03438188136464504e+00,-2.22417047345980889e-01,3.24221422169228788e+02,3.24221422169320874e+02,9.20863385545089841e-11
1470,9.42992311923351645e-01,-4.24448330174086619e-01,3.21059220062864199e+02,3.21059220062945826e+02,8.16271494841203094e-11
1471,1.01374048052861404e-01,-2.53408131089932154e-01,3.17949275020359153e+02,3.17949275020441462e+02,8.23092705104500055e-11
1472,2.28566967551212308e+00,-8.22864220015739001e-01,3.22774450281504073e+02,3.22774450281580528e+02,7.64543983677867800e-11
1473,2.88888888888595297e+00,-1.23557248471205985e-01,3.41780443706685048e+02,3.41780443706819256e+02,1.34207311930367723e-10
1474,2.37285370903267268e+00,-1.22100363535992587e-01,3.36962721509830430e+02,3.36962721509950597e+02,1.20166987471748143e-10
1475,2.44444444444035014e+00,-1.28489382431539012e-01,3.37504282500101056e+02,3.37504282500222757e+02,1.21701759780989960e-10
1476,2.51851851851459996e+00,-1.28300338367104583e-01,3.38202250941334739e+02,3.38202250941458260e+02,1.23520749184535816e-10
1477,2.47640235109503504e+00,-2.10055190198695813e-01,3.36170708988044453e+02,3.36170708988162119e+02,1.17665877041872591e-10
1478,2.47225553677829657e+00,-3.77509340726048692e-01,3.32779163810647276e+02,3.32779163810754767e+02,1.07490905065787956e-10
1479,2.59114475018677437e+00,-1.22236724538217503e-01,3.39005371162804522e+02,3.39005371162930317e+02,1.25794485938968137e-10
1480,3.55715066595534335e+00,-1.21426093723593795e-01,3.47815927293274854e+02,3.47815927293431173e+02,1.56319401867222041e-10
1481,2.23276346465326209e-01,-1.24727842801865593e-01,3.19889856882377103e+02,3.19889856882465608e+02,8.85052031662780792e-11
1482,5.15485958875465111e-01,-1.17720864755344407e-01,3.21842125617662646e+02,3.21842125617754334e+02,9.16884346224833280e-11
1483,8.89684704373049806e-01,-1.22573632229548479e-01,3.24404725316281656e+02,3.24404725316376471e+02,9.48148226598277688e-11
1484,1.19171042616670908e+00,-1.32122620919144590e-01,3.26562400915150647e+02,3.26562400915248986e+02,9.83391146291978657e-11
1485,1.48304828669032096e+00,-1.22681073090836798e-01,3.29032974992740321e+02,3.29032974992843435e+02,1.03113961813505739e-10
1486,1.84405191415088510e+00,-1.17429865752451193e-01,3.32211734650197343e+02,3.32211734650306141e+02,1.08798303699586540e-10
1487,3.18447459330614890e+00,-1.32568775674558603e-01,3.44287742930862294e+02,3.44287742931004232e+02,1.41938016895437613e-10
1488,3.02675707210906486e+00,-3.51289845074368112e-01,3.37731605270099919e+02,3.37731605270222531e+02,1.22611254482762888e-10
1489,1.15076132298459211e+00,-2.13454352151725313e-01,3.25179713341797651e+02,3.25179713341891670e+02,9.40190147957764566e-11
1490,7.25333267804259774e-01,-3.71015887412314227e-01,3.20379104332746067e+02,3.20379104332828035e+02,8.19682099972851574e-11
1491,3.14285714285488105e+00,-1.58852707970709472e+00,3.09611852116169132e+02,3.09611852116201874e+02,3.27418092638254166e-11
1492,8.39593509452249198e-01,-1.62661586874621089e+00,3.04987585185306727e+02,3.04987585185326793e+02,2.00657268578652292e-11
1493,4.16669636410375188e-01,-1.58760790558767995e+00,3.04826294321598994e+02,3.04826294321620082e+02,2.10889083973597735e-11
1494,3.58455040112830803e+00,-1.51176470928006990e+00,3.12288460975754845e+02,3.12288460975797648e+02,4.28030944021884352e-11
1495,2.97059306923324384e-01,-1.23236554176116697e+00,3.08646099034168628e+02,3.08646099034207396e+02,3.87672116630710661e-11
1496,1.40084880591966510e+00,-3.57467121899779083e-01,3.24984966175914565e+02,3.24984966176004662e+02,9.00968188943807036e-11
1497,2.74593428963373798e+00,-3.48817954889366122e-01,3.35515969901626306e+02,3.35515969901741983e+02,1.15676357381744310e-10
1498,2.53761660650696386e-01,-5.82988151333709403e-01,3.15488973971149562e+02,3.15488973971218684e+02,6.91215973347425461e-11
1499,5.07877557787936029e-02,-4.91291083874720522e-02,3.19521528604895082e+02,3.19521528604985349e+02,9.02673491509631276e-11
1500,3.94921224422115857e+00,-4.91291083874140708e-02,3.52966441066965274e+02,3.52966441067144103e+02,1.78829395736102015e-10
1501,1.82974282239996211e+00,-1.94487145468624389e-01,3.30822616434311669e+02,3.30822616434416375e+02,1.04705577541608363e-10
1502,1.78805157594148190e+00,-3.35571590892379867e-01,3.28179087863700431e+02,3.28179087863797065e+02,9.66338120633736253e-11
1503,4.45284612615765019e-01,-3.54960577460167792e-01,3.18896881699363462e+02,3.18896881699444123e+02,8.06608113634865731e-11
1504,2.23355696836784068e+00,-3.76460920000945554e-01,3.30941641481209615e+02,3.30941641481312502e+02,1.02886588138062507e-10
1505,3.61950291603263397e+00,-4.21148489366928280e-01,3.40302038252671366e+02,3.40302038252806767e+02,1.35401023726444691e-10
1506,3.67370114605685094e+00,-2.15962687516948804e-01,3.46185715243313723e+02,3.46185715243467428e+02,1.53704604599624872e-10
1507,4.33750000000000036e+00,-6.49519052838358757e-02,3.55180451796878970e+02,3.55180451797078206e+02,1.99236183107132092e-10
1508,4.62827236545524467e+00,-4.24644384318720258e-01,3.45983840687343672e+02,3.45983840687521024e+02,1.77351466845721006e-10
1509,4.48750000000000338e+00,-6.49519052838302274e-02,3.56212200601293034e+02,3.56212200601503412e+02,2.10377493203850463e-10
1510,4.10047078907120977e+00,-2.77884716781702512e-01,3.47417602941656412e+02,3.47417602941823247e+02,1.66835434356471524e-10
1511,4.67142728654514983e+00,-2.18273104592462297e-01,3.52867550723415661e+02,3.52867550723622173e+02,2.06512140721315518e-10
1512,4.47768864689727231e+00,-8.78751773041793416e-01,3.31689450638328537e+02,3.31689450638447738e+02,1.19200649351114407e-10
1513,4.11180668166441610e+00,-5.76873627435627243e-02,3.53888522647345610e+02,3.53888522647531943e+02,1.86332727025728673e-10
1514,4.63819331833558657e+00,-5.78269473304747067e-02,3.57806240910592578e+02,3.57806240910818531e+02,2.25952589971711859e-10
1515,4.49516846575152673e+00,-2.60141725471860985e-01,3.50368311124980778e+02,3.50368311125170976e+02,1.90198079508263618e-10
1516,4.38269493305060021e+00,-5.47901965975944094e-01,3.41094483948302980e+02,3.41094483948455718e+02,1.52738266478991136e-10
1517,4.28771840384458081e+00,-2.83606146788644820e-01,3.48411380472328062e+02,3.48411380472503822e+02,1.75759851117618382e-10
1518,4.56261555305593269e+00,-6.37644122915995426e-02,3.56855265557915573e+02,3.56855265558132942e+02,2.17369233723729849e-10
1519,4.26249999999999485e+00,-6.46669991415427803e-02,3.54696767414223132e+02,3.54696767414417707e+02,1.94575022760545835e-10
1520,4.41250000000000941e+00,-6.49519052838402888e-02,3.55680278608180060e+02,3.55680278608384413e+02,2.04352090804604813e-10
1521,4.18738444694406731e+00,-6.32691731075425007e-02,3.54239633905452536e+02,3.54239633905642791e+02,1.90254922927124426e-10
1522,4.38250000000000739e+00,-1.18706792106859679e-01,3.53893230999191132e+02,3.53893230999388550e+02,1.97417193703586236e-10
1523,4.29952840279800519e+00,-1.50891472348138794e-01,3.52397476526900050e+02,3.52397476527089282e+02,1.89231741387629882e-10
1524,4.18898041574146962e+00,-1.92291560570890502e-01,3.50466526414007319e+02,3.50466526414186376e+02,1.79056769411545247e-10
1525,4.08280999090679853e+00,-1.77469786240315786e-01,3.50199328200830621e+02,3.50199328201005244e+02,1.74622982740402222e-10
1526,4.45252807762525737e+00,-1.40413111257547879e-01,3.53729341271402120e+02,3.53729341271602323e+02,2.00202521227765828e-10
1527,4.51956241928654823e+00,-1.31834992974502102e-01,3.54476304825031775e+02,3.54476304825237946e+02,2.06171080208150670e-10
1528,4.59659305039110766e+00,-1.39163627728275813e-01,3.54858595204638107e+02,3.54858595204849507e+02,2.11400674743345007e-10
1529,4.05962550699979730e+00,-1.03167764293999903e-01,3.52196627913652492e+02,3.52196627913832231e+02,1.79738890437874943e-10
1530,4.68421371765223959e+00,-1.11751705248549799e-01,3.56569137164361734e+02,3.56569137164584504e+02,2.22769358515506610e-10
1531,4.32568216589681409e+00,-1.24590447928027093e+00,3.20862681995530636e+02,3.20862681995608170e+02,7.75344233261421323e-11
1532,4.23402602369954639e+00,-1.69397399679940874e+00,3.08403539442446402e+02,3.08403539442477211e+02,3.08091330225579441e-11
1533,4.53496415376066775e+00,-1.70581785834317201e+00,3.08333272550352206e+02,3.08333272550383697e+02,3.14912540488876402e-11
1534,4.13743463933110078e+00,-4.26985965516216315e-01,3.43350239222586310e+02,3.43350239222741038e+02,1.54727786139119416e-10
1535,4.15264386577231903e+00,-6.17274496038147436e-01,3.37995033851503536e+02,3.37995033851640528e+02,1.36992639454547316e-10
1536,4.05093134935837984e+00,-4.89653844225727761e-02,3.53716699844973050e+02,3.53716699845156711e+02,1.83661086339270696e-10
1537,4.69906865064159618e+00,-4.89653844225755933e-02,3.58941900358013129e+02,3.58941900358248006e+02,2.34877006732858717e-10
1538,4.14471512407816167e+00,-1.22837993807283205e-01,3.52204417536486517e+02,3.52204417536668984e+02,1.82467374543193728e-10
1539,4.38348867000387621e+00,-1.90751849594610362e-01,3.51760090443413901e+02,3.51760090443604497e+02,1.90595983440289274e-10
1540,4.21662167791233866e+00,-1.18791439795079598e-01,3.52801397793003559e+02,3.52801397793190802e+02,1.87242221727501601e-10
1541,4.22232443145923320e+00,-8.79146730330303439e-01,3.30834940171000994e+02,3.30834940171113658e+02,1.12663656182121485e-10
1542,4.99999999999999378e+00,-6.23867223276075647e-02,3.59950267660454074e+02,3.59950267660700092e+02,2.46018316829577088e-10
1543,4.83441319755332533e+00,-2.83475497701837220e-01,3.51558659066266216e+02,3.51558659066471932e+02,2.05716332857264206e-10
1544,5.17076513758520306e+00,-2.09210330420610463e-01,3.54781923273922473e+02,3.54781923274149108e+02,2.26634710998041555e-10
1545,4.85700867746959197e+00,-5.63944380212472313e-02,3.59977235297466791e+02,3.59977235297711331e+02,2.44540387939196080e-10
1546,5.08365616286797373e+00,-6.16721702611141787e-01,3.41117456380181125e+02,3.41117456380346198e+02,1.65073288371786475e-10
1547,5.05843572907224459e+00,-2.50990412259332774e-01,3.53240891980570950e+02,3.53240891980788433e+02,2.17482920561451465e-10
1548,5.14299132253040359e+00,-5.63821717156213556e-02,3.60214347798119491e+02,3.60214347798368010e+02,2.48519427259452641e-10
1549,5.07145093470744079e+00,-6.10464015156744130e-02,3.60038221885038752e+02,3.60038221885285736e+02,2.46984654950210825e-10
1550,4.92854906529254944e+00,-6.15639299146869545e-02,3.59909672870131203e+02,3.59909672870376198e+02,2.44995135290082544e-10
1551,4.95630782777945456e+00,-1.19015706964936283e-01,3.57799204859854058e+02,3.57799204860089901e+02,2.35843344853492454e-10
1552,5.00000000000000000e+00,-1.23771057570199905e+00,3.22086646821489865e+02,3.22086646821576267e+02,8.64019966684281826e-11
1553,4.81018197441969164e+00,-1.01598552352805502e-01,3.58012300775724782e+02,3.58012300775959147e+02,2.34365415963111445e-10
1554,4.82236275475459486e+00,-1.79924121612266508e-01,3.55142410801845017e+02,3.55142410802066365e+02,2.21348273043986410e-10
1555,5.18674944990527909e+00,-1.07527859787591606e-01,3.58360614643790598e+02,3.58360614644033262e+02,2.42664555116789415e-10
1556,5.01962599895587314e+00,-1.40116995228973473e-01,3.57124934080107550e+02,3.57124934080341575e+02,2.34024355449946597e-10
1557,5.10833642879274041e+00,-1.37545695154633996e-01,3.57289389964663826e+02,3.57289389964899897e+02,2.36070718528935686e-10
1558,4.88313815745819291e+00,-1.23673586427289692e-01,3.57453516914206659e+02,3.57453516914439660e+02,2.33001173910452053e-10
1559,4.92611486384359942e+00,-4.33511051441124062e-01,3.46775165240092520e+02,3.46775165240279307e+02,1.86787474376615137e-10
1560,5.16677725939954957e+00,-3.72428831558732132e-01,3.49199871719708540e+02,3.49199871719909822e+02,2.01282546186121181e-10
1561,5.00000000000000000e+00,-1.72238269966311908e+00,3.08066961631729100e+02,3.08066961631760648e+02,3.15480974677484483e-11
1562,4.92862836134532678e+00,-2.18672481662251367e-01,3.54120115294039124e+02,3.54120115294258085e+02,2.18960849451832473e-10
1563,4.80040261782675248e+00,-4.95755305633022933e-02,3.60070954666629746e+02,3.60070954666874115e+02,2.44369857682613656e-10
1564,5.19959738217324841e+00,-4.95755305633127502e-02,3.60438066412135413e+02,3.60438066412386320e+02,2.50906850851606578e-10
1565,5.01394269381132940e+00,-8.95169866605725617e-01,3.32341299275008510e+02,3.32341299275136123e+02,1.27613475342513993e-10
1566,5.29999999999999893e+00,-4.24644384318720147e-01,3.47493227785142096e+02,3.47493227785337865e+02,1.95768734556622803e-10
1567,5.29999999999999538e+00,-1.03140583708754979e-01,3.58402168534704060e+02,3.58402168534952295e+02,2.48235210165148601e-10
1568,5.29999999999999538e+00,-1.75527019162903586e-01,3.55919700521486448e+02,3.55919700521722405e+02,2.35957031691214070e-10
1569,5.29999999999999805e+00,-2.84085419174258724e-01,3.52204896611967854e+02,3.52204896612185848e+02,2.17994511331198737e-10
1570,5.29905133512271842e+00,-4.85674455338200028e-02,3.60201774816362729e+02,3.60201774816620230e+02,2.57500687439460307e-10
1571,5.60000000000000320e+00,-6.23867223276124497e-02,3.59675172269092570e+02,3.59675172269355983e+02,2.63412403000984341e-10
1572,5.43441319755333385e+00,-2.83475497701839607e-01,3.52121409371388040e+02,3.52121409371608252e+02,2.20211404666770250e-10
1573,5.77076513758519916e+00,-2.09210330420609603e-01,3.53811622653926918e+02,3.53811622654155144e+02,2.28226326726144180e-10
1574,5.45700867746959339e+00,-5.63944380212563212e-02,3.59979009651374781e+02,3.59979009651639615e+02,2.64833488472504541e-10
1575,5.68365616286797248e+00,-6.16721702611141787e-01,3.40710863164230432e+02,3.40710863164395732e+02,1.65300662047229707e-10
1576,5.65843572907225578e+00,-2.50990412259339712e-01,3.52786129291653253e+02,3.52786129291877558e+02,2.24304130824748427e-10
1577,5.74299132253040590e+00,-5.63821717156156102e-02,3.59657454878689634e+02,3.59657454878951683e+02,2.62048160948324949e-10
1578,5.52854906529254908e+00,-6.15639299146955657e-02,3.59760147696398406e+02,3.59760147696662386e+02,2.63980837189592421e-10
1579,5.67145093470745199e+00,-6.10464015156748224e-02,3.59631656121853268e+02,3.59631656122116169e+02,2.62900812231237069e-10
1580,5.55630782777946752e+00,-1.19015706964959306e-01,3.57676119580471891e+02,3.57676119580723594e+02,2.51702658715657890e-10
1581,5.60000000000000142e+00,-1.23771057570199905e+00,3.22052323000406091e+02,3.22052323000492947e+02,8.68567440193146467e-11
1582,5.78674944990528228e+00,-1.07527859787586999e-01,3.57462595343761109e+02,3.57462595344009173e+02,2.48064679908566177e-10
1583,5.41018197441969306e+00,-1.01598552352814106e-01,3.58411924883780614e+02,3.58411924884034704e+02,2.54090082307811826e-10
1584,5.42236275475460339e+00,-1.79924121612272087e-01,3.55685982630871081e+02,3.55685982631109709e+02,2.38628672377672046e-10
1585,5.61962599895589143e+00,-1.40116995228977193e-01,3.56814006963580255e+02,3.56814006963827183e+02,2.46927811531350017e-10
1586,5.70833642879274805e+00,-1.37545695154633996e-01,3.56672775658793739e+02,3.56672775659039132e+02,2.45393039222108200e-10
1587,5.48313815745820321e+00,-1.23673586427302792e-01,3.57591000957783876e+02,3.57591000958034499e+02,2.50622633757302538e-10
1588,5.52611486384359640e+00,-4.33511051441126227e-01,3.46938109631217174e+02,3.46938109631411919e+02,1.94745553017128259e-10
1589,5.76677725939953767e+00,-3.72428831558744955e-01,3.48303111566597352e+02,3.48303111566797497e+02,2.00145677808905020e-10
1590,5.60000000000000142e+00,-1.72238269966311908e+00,3.08057708189391519e+02,3.08057708189423010e+02,3.14912540488876402e-11
1591,5.52862836134533531e+00,-2.18672481662259499e-01,3.54204451778488590e+02,3.54204451778720625e+02,2.32034835789818317e-10
1592,5.79959738217324716e+00,-4.95755305633293966e-02,3.59732878380483726e+02,3.59732878380744978e+02,2.61252353084273636e-10
1593,5.40040261782676900e+00,-4.95755305633182528e-02,3.60230723206158302e+02,3.60230723206423761e+02,2.65458766079973429e-10
1594,5.61394269381132904e+00,-8.95169866605725728e-01,3.32230658512709795e+02,3.32230658512838716e+02,1.28920873976312578e-10
1595,5.90964654142153023e+00,-1.03140583708755104e-01,3.56506994682195568e+02,3.56506994682433344e+02,2.37776021094759926e-10
1596,5.92801392025177698e+00,-1.73605384751486763e-01,3.53947281127541260e+02,3.53947281127764597e+02,2.23337792704114690e-10
1597,5.92499999999999893e+00,-8.79146730330303328e-01,3.32139252689856562e+02,3.32139252689982698e+02,1.26135546452132985e-10
1598,5.92499999999999627e+00,-2.84085419174257725e-01,3.50365227054994079e+02,3.50365227055199966e+02,2.05886863113846630e-10
1599,5.92499999999999893e+00,-6.16721702611141787e-01,3.39992933332606185e+02,3.39992933332765233e+02,1.59047885972540826e-10
1600,5.92499999999999627e+00,-4.24644384318719981e-01,3.45910225788761352e+02,3.45910225788946377e+02,1.85025328391930088e-10
1601,5.90110566364977540e+00,-4.91561465267081402e-02,3.58504535711298786e+02,3.58504535711548044e+02,2.49258391704643145e-10
1602,5.95914061996068956e+00,-1.04787069103779995e-01,3.55868359163009131e+02,3.55868359163240427e+02,2.31295871344627813e-10
1603,5.95124183594229184e+00,-4.93380934571976057e-02,3.57691388439451146e+02,3.57691388439691877e+02,2.40731878875521943e-10
1604,6.31522502144496567e+00,-8.26819884541996730e-01,3.32459150014777151e+02,3.32459150014898228e+02,1.21076482173521072e-10
1605,6.14481527983600184e+00,-4.16543167026501626e-01,3.44970327913299059e+02,3.44970327913473113e+02,1.74054548551794142e-10
1606,6.06604838874870200e+00,-1.78128230331487086e-01,3.52608107323085562e+02,3.52608107323294917e+02,2.09354311664355919e-10
1607,7.43396414504684255e+00,-4.69526776397005519e-01,3.36711360964913752e+02,3.36711360965028348e+02,1.14596332423388958e-10
1608,6.33399523927948316e+00,-1.18356380217354604e-01,3.52310021648609904e+02,3.52310021648802262e+02,1.92358129424974322e-10
1609,8.57142857142856585e+00,-1.50512834069460699e+00,3.10567760771633857e+02,3.10567760771664382e+02,3.05249159282539040e-11
1610,6.47062593410547393e+00,-4.60248580007430075e-01,3.41952283909787127e+02,3.41952283909938728e+02,1.51601398101774976e-10
1611,9.53805414329769441e+00,-7.41262251853608167e-01,3.24581246253080963e+02,3.24581246253148777e+02,6.78141987009439617e-11
1612,7.42857142857142616e+00,-1.50512834069460788e+00,3.12020320790565734e+02,3.12020320790604444e+02,3.87103682442102581e-11
1613,8.52556251388182496e+00,-4.86652256704394270e-01,3.31587925065403510e+02,3.31587925065493494e+02,8.99831320566590875e-11
1614,6.71885595163562677e+00,-9.19402674288852917e-01,3.28507957080536301e+02,3.28507957080636231e+02,9.99307303573004901e-11
1615,6.09957623832407769e+00,-5.58468461179937523e-02,3.55857465646310686e+02,3.55857465646530670e+02,2.19984030991327018e-10
1616,6.97277737869917491e+00,-3.67006635009929694e-01,3.41680905673022153e+02,3.41680905673159486e+02,1.37333699967712164e-10
1617,9.16641481539476644e+00,-1.58213010512557406e+00,3.08526214931894799e+02,3.08526214931918901e+02,2.41016095969825983e-11
1618,7.99999999999999467e+00,-1.49674158633575582e+00,3.11398194959369846e+02,3.11398194959404464e+02,3.46176420862320811e-11
1619,7.71428571428570908e+00,-9.42211828234723492e-01,3.24587972549286178e+02,3.24587972549361893e+02,7.57154339225962758e-11
1620,6.83497027123261880e+00,-1.50058947430367584e+00,3.13032367607437834e+02,3.13032367607482911e+02,4.50768311566207558e-11
1621,7.96205717288274162e+00,-4.87728644954453172e-01,3.33764138711599742e+02,3.33764138711699616e+02,9.98738869384396821e-11
1622,8.96543431394984580e+00,-1.00758216911815701e+00,3.20203916432136566e+02,3.20203916432193466e+02,5.69002622796688229e-11
1623,6.11251158001371042e+00,-2.64036205570724991e-01,3.49701017046243805e+02,3.49701017046438551e+02,1.94745553017128259e-10
1624,9.56403149782133610e+00,-1.26349575435041706e+00,3.14589654351963532e+02,3.14589654352003890e+02,4.03588273911736906e-11
1625,6.05532481099454056e+00,-1.03140583708755104e-01,3.54911154035299887e+02,3.54911154035519701e+02,2.19813500734744594e-10
1626,9.15521065235168230e+00,-4.14249446279533584e-01,3.31232893333877939e+02,3.31232893333964512e+02,8.65725269250106066e-11
1627,8.28677645478198599e+00,-1.01748879922854996e+00,3.21346284954251814e+02,3.21346284954314285e+02,6.24709173280280083e-11
1628,6.38261697019285457e+00,-1.25587220461416105e+00,3.20367625996511833e+02,3.20367625996586753e+02,7.49196260585449636e-11
1629,6.54095767829180552e+00,-1.77262402846240980e-01,3.49276892183443010e+02,3.49276892183616098e+02,1.73088210431160405e-10
1630,6.35780316257080891e+00,-1.64024541564881510e+00,3.09914665773701813e+02,3.09914665773738307e+02,3.64934749086387455e-11
1631,6.16187348493601306e+00,-6.16721702611141898e-01,3.39042753998004571e+02,3.39042753998154353e+02,1.49782408698229119e-10
1632,6.04873418613581570e+00,-4.87881804432801422e-02,3.56530612961319093e+02,3.56530612961545899e+02,2.26805241254623979e-10
1633,6.16634505528167587e+00,-1.26841683829410995e-01,3.53298636553089750e+02,3.53298636553295466e+02,2.05716332857264206e-10
1634,6.28895331413501690e+00,-2.77532798784536183e-01,3.48133410428911020e+02,3.48133410429091327e+02,1.80307324626483023e-10
1635,9.61877941301449013e+00,-3.31102339627045217e-01,3.31974332909752093e+02,3.31974332909839802e+02,8.77093953022267669e-11
1636,7.20450984691547625e+00,-9.82912541371600113e-01,3.25239772202677727e+02,3.25239772202760378e+02,8.26503310236148536e-11
1637,9.63180354835750485e+00,-1.66912517189533682e+00,3.06628187771548880e+02,3.06628187771567127e+02,1.82467374543193728e-11
1638,-6.06066747342143763e+00,1.08486649375658786e-01,3.03343707610976196e+02,3.03343707611224261e+02,2.48064679908566177e-10
1639,-6.19025971333015512e+00,7.33950637271850725e-02,3.03146823141611321e+02,3.03146823141834830e+02,2.23508322960697114e-10
1640,-7.37714474726060310e+00,1.09999999999999987e-01,3.02282287867720015e+02,3.02282287867851892e+02,1.31876731757074594e-10
1641,-6.46216780237509170e+00,1.09999999999999987e-01,3.02915037706040494e+02,3.02915037706232511e+02,1.92017068911809474e-10
1642,-6.10551039372999860e+00,1.62987969936253307e-01,3.03336485035245175e+02,3.03336485035485737e+02,2.40561348618939519e-10
1643,-6.09986110827421335e+00,5.29879699362326498e-02,3.03234274193460465e+02,3.03234274193698127e+02,2.37662334257038310e-10
1644,-6.29340210577310000e+00,1.11147460622442684e-01,3.03076313180376644e+02,3.03076313180587363e+02,2.10718553717015311e-10
1645,-6.97277737869916958e+00,1.09999999999999987e-01,3.02525216679396124e+02,3.02525216679548919e+02,1.52795109897851944e-10
1646,-6.67761402119836589e+00,1.09999999999999987e-01,3.02737351331486366e+02,3.02737351331659170e+02,1.72803993336856365e-10
1647,-6.12755764285401661e+00,1.10498962721048796e-01,3.03259751927538048e+02,3.03259751927773436e+02,2.35388597502605990e-10
1648,-6.18148952551427922e+00,1.54637160629914089e-01,3.03239823662481456e+02,3.03239823662709171e+02,2.27714735956396908e-10
1649,-6.05069694791449031e+00,1.68133036207133102e-01,3.03409632952915160e+02,3.03409632953166124e+02,2.50963694270467386e-10
1650,-6.04593727935244374e+00,4.69615905290079669e-02,3.03301994617600258e+02,3.03301994617848209e+02,2.47950993070844561e-10
1651,-5.93321426021399922e+00,1.09999999999837492e-01,3.03540515684386321e+02,3.03540515684665195e+02,2.78873812931124121e-10
1652,-5.90592066514012437e+00,1.69436754134517975e-01,3.03612173495651120e+02,3.03612173495938180e+02,2.87059265247080475e-10
1653,-5.90592066514008174e+00,5.05632458653080610e-02,3.03557798857099954e+02,3.03557798857385137e+02,2.85183432424673811e-10
1654,-5.95559070362201481e+00,4.38899875044917384e-02,3.03448443506342187e+02,3.03448443506611738e+02,2.69551492237951607e-10
1655,-5.95559070362202014e+00,1.76110012495329704e-01,3.03543252311222773e+02,3.03543252311495792e+02,2.73018940788460895e-10
1656,-5.52857142857142581e+00,6.18589574131739664e-02,3.03707399648862065e+02,3.03707399649169076e+02,3.07011305267224088e-10
1657,-5.67142857142856105e+00,6.18589574131739664e-02,3.03700696360730376e+02,3.03700696361036591e+02,3.06215497403172776e-10
1658,-5.74237002027594823e+00,1.64276247852638113e-01,3.03699541034465938e+02,3.03699541034771300e+02,3.05362846120260656e-10
1659,-5.45762997972405728e+00,1.64276247852638002e-01,3.03712553743565820e+02,3.03712553743872945e+02,3.07124992104945704e-10
1660,-5.59999999999999964e+00,1.58141042586825958e-01,3.03705517718370345e+02,3.03705517718676901e+02,3.06556557916337624e-10
1661,-5.74237002027593935e+00,5.57237521472937480e-02,3.03697444069748428e+02,3.03697444070053791e+02,3.05362846120260656e-10
1662,-5.67140743776111123e+00,1.59597511892961008e-01,3.03702311623529965e+02,3.03702311623835953e+02,3.05988123727729544e-10
1663,-5.45762997972406882e+00,5.57237521472934774e-02,3.03710637336910622e+02,3.03710637337217804e+02,3.07181835523806512e-10
1664,-5.52859256223887296e+00,1.59597511892962368e-01,3.03708969257977685e+02,3.03708969258284469e+02,3.06783931591780856e-10
1665,-5.60000000000000142e+00,6.18589574131327632e-02,3.03704001978566225e+02,3.03704001978872952e+02,3.06727088172920048e-10
1666,-5.41213847827855332e+00,1.09999999999872394e-01,3.03713578240144045e+02,3.03713578240451454e+02,3.07409209199249744e-10
1667,-5.78786152172145663e+00,1.09999999999872505e-01,3.03696995290528378e+02,3.03696995290833399e+02,3.05021785607095808e-10
1668,-5.70714285714289993e+00,1.09999999999999598e-01,3.03700031496247732e+02,3.03700031496553606e+02,3.05874436890007928e-10
1669,-5.56428571428571050e+00,1.09999999999998099e-01,3.03706474618143034e+02,3.03706474618449761e+02,3.06727088172920048e-10
1670,-5.49285714285714288e+00,1.09999999999997003e-01,3.03709880261386616e+02,3.03709880261693741e+02,3.07124992104945704e-10
1671,-5.63571428571422484e+00,1.09999999999976103e-01,3.03703148022721109e+02,3.03703148023027438e+02,3.06329184240894392e-10
1672,-5.40005828866187620e+00,1.69900188597862406e-01,3.03715525480951442e+02,3.03715525481258851e+02,3.07409209199249744e-10
1673,-5.79994171133812930e+00,1.69900188597861795e-01,3.03697746597842865e+02,3.03697746598147830e+02,3.04964942188235000e-10
1674,-5.40005828866190818e+00,5.00998114020455645e-02,3.03713094135928429e+02,3.03713094136235725e+02,3.07295522361528128e-10
1675,-5.79994171133809644e+00,5.00998114020451205e-02,3.03694877669048992e+02,3.03694877669353900e+02,3.04908098769374192e-10
1676,-5.29999999999999361e+00,1.09999999999812401e-01,3.03885994606280576e+02,3.03885994606583949e+02,3.03373326460132375e-10
1677,-5.27864431486881713e+00,1.80660835762782579e-01,3.03965173771995410e+02,3.03965173772296680e+02,3.01270119962282479e-10
1678,-5.32258664696319883e+00,1.81285271888168065e-01,3.03816191657887600e+02,3.03816191658192395e+02,3.04794411931652576e-10
1679,-5.27864431486881180e+00,3.93391642370307451e-02,3.03950529984986645e+02,3.03950529985287403e+02,3.00758529192535207e-10
1680,-5.32258664696316242e+00,3.87147281116554109e-02,3.03801805054825820e+02,3.03801805055130046e+02,3.04225977743044496e-10
1681,-4.92857142857143060e+00,6.18589574131739664e-02,3.04071451928495435e+02,3.04071451928793579e+02,2.98143731924938038e-10
1682,-5.07142857142857739e+00,6.18589574131739664e-02,3.04063804812045703e+02,3.04063804812344586e+02,2.98882696370128542e-10
1683,-4.85762997972406207e+00,1.64276247852639390e-01,3.04077574683183229e+02,3.04077574683481259e+02,2.98030045087216422e-10
1684,-5.00000000000000000e+00,1.58141042586825958e-01,3.04069541877993345e+02,3.04069541878292000e+02,2.98655322694685310e-10
1685,-5.14237002027594237e+00,1.64276247852638890e-01,3.04061960179731329e+02,3.04061960180030496e+02,2.99166913464432582e-10
1686,-4.85762997972407540e+00,5.57237521473006106e-02,3.04074719576521716e+02,3.04074719576819518e+02,2.97802671411773190e-10
1687,-5.00000000000000000e+00,6.18589574131673051e-02,3.04067688522153958e+02,3.04067688522452386e+02,2.98427949019242078e-10
1688,-4.92859256223888043e+00,1.59597511892960287e-01,3.04073545234508003e+02,3.04073545234806033e+02,2.98030045087216422e-10
1689,-5.14237002027593082e+00,5.57237521472948028e-02,3.04059839851544211e+02,3.04059839851843662e+02,2.99451130558736622e-10
1690,-5.07140743776113023e+00,1.59597511892964394e-01,3.04065627106202953e+02,3.04065627106501893e+02,2.98939539788989350e-10
1691,-5.18786152172145076e+00,1.09999999999873005e-01,3.04058791024366371e+02,3.04058791024665652e+02,2.99280600302154198e-10
1692,-4.81213847827855634e+00,1.09999999999875697e-01,3.04078056031769506e+02,3.04078056032067138e+02,2.97632141155190766e-10
1693,-5.03571428571430779e+00,1.10000000000005982e-01,3.04066662159493433e+02,3.04066662159792031e+02,2.98598479275824502e-10
1694,-4.89285714285717077e+00,1.10000000000016585e-01,3.04074281256031952e+02,3.04074281256329925e+02,2.97973201668355614e-10
1695,-4.96428571428572596e+00,1.09999999999996587e-01,3.04070535445857274e+02,3.04070535446155588e+02,2.98314262181520462e-10
1696,-5.10714285714284344e+00,1.10000000000003401e-01,3.04062820251312701e+02,3.04062820251611640e+02,2.98939539788989350e-10
1697,-4.80005828866187123e+00,1.69900188597859408e-01,3.04080902647865969e+02,3.04080902648163658e+02,2.97688984574051574e-10
1698,-5.19994171133812610e+00,1.69900188597861102e-01,3.04059272113671454e+02,3.04059272113970678e+02,2.99223756883293390e-10
1699,-4.80005828866191209e+00,5.00998114020580129e-02,3.04076869485516909e+02,3.04076869485814370e+02,2.97461610898608342e-10
1700,-5.19994171133809324e+00,5.00998114020465499e-02,3.04056663393333793e+02,3.04056663393633016e+02,2.99223756883293390e-10
1701,-4.67983268220396109e+00,1.09999999999906201e-01,3.04260614158692931e+02,3.04260614158969929e+02,2.76997980108717456e-10
1702,-4.07016731779603891e+00,1.09999999999908796e-01,3.05482374738246904e+02,3.05482374738433691e+02,1.86787474376615137e-10
1703,-4.56249999999999467e+00,6.49519052838322813e-02,3.04463699117972340e+02,3.04463699118219893e+02,2.47553089138818905e-10
1704,-4.18749999999999822e+00,6.49519052838322813e-02,3.05165923735269871e+02,3.05165923735465640e+02,1.95768734556622803e-10
1705,-4.41250000000000142e+00,6.49519052838330307e-02,3.04749617707396453e+02,3.04749617707618654e+02,2.22200924326898530e-10
1706,-4.26249999999999840e+00,1.55048094716167290e-01,3.05204401188032477e+02,3.05204401188239842e+02,2.07364792004227638e-10
1707,-4.48750000000000426e+00,1.55048094716167290e-01,3.04759017249866076e+02,3.04759017250103341e+02,2.37264430325012654e-10
1708,-4.41250000000000231e+00,1.55048094716167012e-01,3.04911218885193819e+02,3.04911218885419316e+02,2.25497842620825395e-10
1709,-4.26249999999999574e+00,6.49519052838326699e-02,3.05027141713903518e+02,3.05027141714107302e+02,2.03783656615996733e-10
1710,-4.33749999999999858e+00,6.49519052838330724e-02,3.04888715505809444e+02,3.04888715506021526e+02,2.12082795769674703e-10
1711,-4.33750000000000391e+00,1.55048094716169760e-01,3.05058791612903690e+02,3.05058791613119752e+02,2.16061835089931265e-10
1712,-4.18749999999999645e+00,1.55048094716181611e-01,3.05349682759925884e+02,3.05349682760125461e+02,1.99577243620296940e-10
1713,-4.48749999999999272e+00,6.49519052838269384e-02,3.04608483526348266e+02,3.04608483526581949e+02,2.33683294936781749e-10
1714,-4.56249999999999023e+00,1.55048094716186274e-01,3.04597271895381368e+02,3.04597271895631934e+02,2.50565790338441730e-10
1715,-4.63549736728121697e+00,1.63609510451246776e-01,3.04433509626319790e+02,3.04433509626586044e+02,2.66254573944024742e-10
1716,-4.11450263271878125e+00,1.63609510451246110e-01,3.05509650578075309e+02,3.05509650578268008e+02,1.92699189938139170e-10
1717,-4.63549736728123385e+00,5.63904895486893668e-02,3.04308557506259149e+02,3.04308557506522277e+02,2.63128185906680301e-10
1718,-4.11450263271876615e+00,5.63904895486947097e-02,3.05283988152927634e+02,3.05283988153116013e+02,1.88379090104717761e-10
1719,-4.37499999999999911e+00,1.09999999999997489e-01,3.04901954170336239e+02,3.04901954170555200e+02,2.18960849451832473e-10
1720,-4.22499999999998987e+00,1.09999999999996198e-01,3.05186811266868460e+02,3.05186811267070141e+02,2.01680450118146837e-10
1721,-4.29999999999999893e+00,1.09999999999997905e-01,3.05044724631496138e+02,3.05044724631706003e+02,2.09865902434103191e-10
1722,-4.45000000000000018e+00,1.10000000000000292e-01,3.04756804769448706e+02,3.04756804769678467e+02,2.29761099035385996e-10
1723,-4.52500000000000391e+00,1.10000000000010284e-01,3.04606607558910355e+02,3.04606607559152792e+02,2.42437181441346183e-10
1724,-4.14986209720559529e+00,1.09999999999976589e-01,3.05329596275760991e+02,3.05329596275954941e+02,1.93949745153076947e-10
1725,-4.60013790279439938e+00,1.09999999999978504e-01,3.04446841842861602e+02,3.04446841843118932e+02,2.57330157182877883e-10
1726,-4.05385271277874004e+00,1.66608967991377893e-01,3.05635421493178626e+02,3.05635421493365868e+02,1.87242221727501601e-10
1727,-4.69614728722125463e+00,1.66608967991393186e-01,3.04263446336405991e+02,3.04263446336687650e+02,2.81659140455303714e-10
1728,-4.05385271277864234e+00,5.33910320084189094e-02,3.05391406757857908e+02,3.05391406758040546e+02,1.82637904799776152e-10
1729,-4.69614728722135411e+00,5.33910320084027903e-02,3.04185099345033052e+02,3.04185099345312665e+02,2.79612777376314625e-10
1730,-3.93059012707638944e+00,1.09999999999908102e-01,3.05755378621478258e+02,3.05755378621653335e+02,1.75077730091288686e-10
1731,-6.94098729236120315e-02,1.09999999999908588e-01,3.20134437602663468e+02,3.20134437602758567e+02,9.50990397541318089e-11
1732,-2.33333333333935089e+00,6.11974069775139198e-02,3.09568894076176321e+02,3.09568894076285915e+02,1.09594111563637853e-10
1733,-3.29629629629563059e+00,6.11974069775128859e-02,3.06986343631606189e+02,3.06986343631743921e+02,1.37731603899737820e-10
1734,-3.07407407407495104e+00,6.41500299095129622e-02,3.07525925672152994e+02,3.07525925672282597e+02,1.29602995002642274e-10
1735,-2.85185185185427015e+00,6.41500299095129622e-02,3.08093851324106026e+02,3.08093851324228524e+02,1.22497567645041272e-10
1736,-2.62962962963359148e+00,6.41500299095129622e-02,3.08701645160379996e+02,3.08701645160496241e+02,1.16244791570352390e-10
1737,-2.18518518519223193e+00,6.41500299095129622e-02,3.10051661120561334e+02,3.10051661120668655e+02,1.07320374809205532e-10
1738,-2.48229732684177495e+00,1.58530824093115003e-01,3.09476678988227491e+02,3.09476678988343679e+02,1.16187948151491582e-10
1739,-3.44362859908746666e+00,6.14691759068952473e-02,3.06654179477473065e+02,3.06654179477617106e+02,1.44041223393287510e-10
1740,-2.03703703704506900e+00,6.41500299095506404e-02,3.10545232932963472e+02,3.10545232933068405e+02,1.04932951217051595e-10
1741,-3.59259259259086905e+00,1.58802593022268790e-01,3.06578806117563659e+02,3.06578806117719068e+02,1.55409907165449113e-10
1742,-1.88888888889675877e+00,1.55849970089812107e-01,3.11473426173662801e+02,3.11473426173768473e+02,1.05671915662242100e-10
1743,-3.74074074073965956e+00,1.55849970089774803e-01,3.06251299594105205e+02,3.06251299594269199e+02,1.63993263413431123e-10
1744,-1.74155658610333375e+00,6.14691759074073030e-02,3.11586352695835785e+02,3.11586352695935545e+02,9.97602001007180661e-11
1745,-1.59259259259922992e+00,1.58802593022140892e-01,3.12637318848038831e+02,3.12637318848140296e+02,1.01465502666542307e-10
1746,-1.00081584535950796e+00,6.14691759074075667e-02,3.14695336641094059e+02,3.14695336641186657e+02,9.25979293242562562e-11
1747,-1.29629629630169996e+00,6.41500299102256005e-02,3.13383497294743108e+02,3.13383497294838605e+02,9.54969436861574650e-11
1748,-1.14814814815293387e+00,6.41500299102256005e-02,3.14034522027524929e+02,3.14034522027618777e+02,9.38484845391940325e-11
1749,-7.76961932425679458e-01,6.14691759074074626e-02,3.15781716532244559e+02,3.15781716532336532e+02,9.19726517167873681e-11
1750,-6.29629629632253551e-01,6.41500299102256005e-02,3.16554800962663933e+02,3.16554800962755621e+02,9.16884346224833280e-11
1751,-4.81481481483488127e-01,6.41500299102256005e-02,3.17348838992635478e+02,3.17348838992727224e+02,9.17452780413441360e-11
1752,-2.59259259260339825e-01,6.41500299102256005e-02,3.18608948217764123e+02,3.18608948217856494e+02,9.23705556488130242e-11
1753,-1.44444444445046472e+00,1.55849970089774387e-01,3.13239772001036272e+02,3.13239772001135918e+02,9.96465132629964501e-11
1754,-2.92592592592783474e+00,1.55849970090487011e-01,3.08192065978778885e+02,3.08192065978907067e+02,1.28181909531122074e-10
1755,-3.37118621572449140e+00,1.58530824093113892e-01,3.07081876935694311e+02,3.07081876935838750e+02,1.44439127325313166e-10
1756,-2.25844341391048964e+00,1.58530824093114669e-01,3.10191075276233676e+02,3.10191075276345543e+02,1.11867848318070173e-10
1757,-2.11111111111867622e+00,1.55849970090487011e-01,3.10678510377231646e+02,3.10678510377340842e+02,1.09196207631612197e-10
1758,-3.14733230279321008e+00,1.58530824093114309e-01,3.07625524303484042e+02,3.07625524303619670e+02,1.35628397401887923e-10
1759,-2.70370370370714985e+00,1.55849970090487011e-01,3.08808835565858317e+02,3.08808835565980075e+02,1.21758603199850768e-10
1760,-3.81481481481404439e+00,6.41500299102252258e-02,3.05880126944418350e+02,3.05880126944583424e+02,1.65073288371786475e-10
1761,-1.51770267316950891e+00,6.14691759074075389e-02,3.12451352939433491e+02,3.12451352939530580e+02,9.70885594142600894e-11
1762,-1.07407407407855104e+00,1.55849970089774387e-01,3.14912571421167343e+02,3.14912571421263692e+02,9.63495949690695852e-11
1763,-7.03703703706636263e-01,1.55849970089774387e-01,3.16783901967512747e+02,3.16783901967607392e+02,9.46442924032453448e-11
1764,-9.25925925929784732e-01,1.58802593022139810e-01,3.15654717264152623e+02,3.15654717264248006e+02,9.53832568484358490e-11
1765,-4.07407407409105027e-01,1.55849970089774387e-01,3.18435984970154550e+02,3.18435984970249649e+02,9.50990397541318089e-11
1766,-1.85185185185956891e-01,1.55849970089774387e-01,3.19775981478298320e+02,3.19775981478394044e+02,9.57243173616006970e-11
1767,-5.55555555557870617e-01,1.55849970089774387e-01,3.17591720750715297e+02,3.17591720750810225e+02,9.49285094975493848e-11
1768,-1.22222222222731602e+00,1.55849970089774387e-01,3.14220485550061255e+02,3.14220485550158912e+02,9.76569936028681695e-11
1769,-3.66748251202060693e+00,6.14691759074152203e-02,3.06174090342529212e+02,3.06174090342684792e+02,1.55580437422031537e-10
1770,-2.48148148148647296e+00,6.41500299095131427e-02,3.09130630585349536e+02,3.09130630585462256e+02,1.12720499600982293e-10
1771,-1.88888888889675877e+00,6.41500299101879223e-02,3.11061640991769366e+02,3.11061640991871855e+02,1.02488684206036851e-10
1772,-1.74074074074799401e+00,1.55849970089774803e-01,3.12034644152535918e+02,3.12034644152639146e+02,1.03227648651227355e-10
1773,-1.96296296297110029e+00,1.55849970089796008e-01,3.11202426382374824e+02,3.11202426382481860e+02,1.07036157714901492e-10
1774,-3.51851851851665254e+00,1.59294696844371614e-01,3.06745007910305731e+02,3.06745007910457275e+02,1.51544554682914168e-10
1775,-3.55555555555362890e+00,9.19939813310205468e-02,3.06489634624606651e+02,3.06489634624757400e+02,1.50748746818862855e-10
1776,-3.81481481481404439e+00,1.55849970089768503e-01,3.06095821359519789e+02,3.06095821359688841e+02,1.69052327692043036e-10
1777,-1.44444444445046383e+00,6.41500299102280569e-02,3.12761865906754736e+02,3.12761865906851369e+02,9.66338120633736253e-11
1778,-1.07407407407854971e+00,6.41500299102256005e-02,3.14371232590337684e+02,3.14371232590430964e+02,9.32800503505859524e-11
1779,-1.51851851852484887e+00,1.57575392471103110e-01,3.12936326477520481e+02,3.12936326477621037e+02,1.00556007964769378e-10
1780,-8.51851851855402020e-01,1.59294696844200862e-01,3.16032096085322166e+02,3.16032096085417379e+02,9.52127265918534249e-11
1781,-8.88888888892593321e-01,9.14572058900958579e-02,3.15419600286954619e+02,3.15419600287047444e+02,9.28253029996994883e-11
1782,-7.03703703706636152e-01,6.41500299102256005e-02,3.16170879330763910e+02,3.16170879330855769e+02,9.18589648790657520e-11
1783,-4.07407407409105027e-01,6.41500299102260724e-02,3.17759482917059245e+02,3.17759482917151047e+02,9.18021214602049440e-11
1784,-1.85185185185956891e-01,6.41500299102259613e-02,3.19048058851604083e+02,3.19048058851696567e+02,9.24842424865346402e-11
1785,-1.29629629630169996e+00,1.55849970089773610e-01,3.13886044478853819e+02,3.13886044478952442e+02,9.86233317235019058e-11
1786,-2.59259259260339825e-01,1.55849970089774192e-01,3.19319146986461021e+02,3.19319146986556518e+02,9.54969436861574650e-11
1787,-1.14814814815293498e+00,1.55849970089774664e-01,3.14562628256494065e+02,3.14562628256590926e+02,9.68611857388168573e-11
1788,-5.55555555557870617e-01,6.41500299102256005e-02,3.16947362981315166e+02,3.16947362981406798e+02,9.16315912036225200e-11
1789,-6.29629629632253662e-01,1.55849970089774387e-01,3.17183412271452767e+02,3.17183412271547525e+02,9.47579792409669608e-11
1790,-4.81481481483488016e-01,1.55849970089774387e-01,3.18009130711328396e+02,3.18009130711423438e+02,9.50421963352710009e-11
1791,-1.00000000000416689e+00,1.57575392471100889e-01,3.15280779412174013e+02,3.15280779412269794e+02,9.57811607804615051e-11
1792,-1.37037037037608078e+00,6.41500299102247540e-02,3.13069024109089810e+02,3.13069024109185818e+02,9.60085344559047371e-11
1793,-3.33333333334722481e-01,1.55849970089774387e-01,3.18872582785781276e+02,3.18872582785876659e+02,9.53832568484358490e-11
1794,-3.33333333334722481e-01,6.41500299102255450e-02,3.18179472027327790e+02,3.18179472027419763e+02,9.19726517167873681e-11
1795,-1.66666666667361185e+00,1.59294696844201195e-01,3.12341909095602261e+02,3.12341909095704580e+02,1.02318153949454427e-10
1796,-1.62962962963642299e+00,9.16808623237586051e-02,3.12160546270817576e+02,3.12160546270917166e+02,9.95896698441356421e-11
1797,-1.22222222222731602e+00,6.41500299102240185e-02,3.13705311520676560e+02,3.13705311520771431e+02,9.48716660786885768e-11
1798,-1.37037037037608078e+00,1.55849970089776385e-01,3.13559186024070812e+02,3.13559186024169719e+02,9.89075488178059459e-11
1799,-1.81481481482237705e+00,6.41500299102268634e-02,3.11328777589334550e+02,3.11328777589435333e+02,1.00783381640212610e-10
1800,-7.77777777781019752e-01,1.57596742248193589e-01,3.16404178469490546e+02,3.16404178469585361e+02,9.48148226598277688e-11
1801,-1.81481481482237705e+00,1.55849970089774803e-01,3.11750742460149070e+02,3.11750742460253321e+02,1.04250830190721899e-10
1802,-3.74074074073965690e+00,6.41500299102167465e-02,3.06029834259549716e+02,3.06029834259709958e+02,1.60241597768617794e-10
1803,-3.66666666666527785e+00,1.57575392471113213e-01,3.06413970065506817e+02,3.06413970065666319e+02,1.59502633323427290e-10
1804,-1.96296296297109896e+00,6.41500299097710891e-02,3.10800528932153043e+02,3.10800528932256952e+02,1.03909769677557051e-10
1805,-2.03703703704506633e+00,1.55849970090451900e-01,3.10937513695683947e+02,3.10937513695791893e+02,1.07945652416674420e-10
1806,-3.44451381904783682e+00,1.59501607296418269e-01,3.06913970466635135e+02,3.06913970466782928e+02,1.47792889038100839e-10
1807,-2.85185185185426882e+00,1.55849970090487594e-01,3.08393002860647528e+02,3.08393002860773322e+02,1.25794485938968137e-10
1808,-2.40740740741291104e+00,6.07053031555161923e-02,3.09339598146687422e+02,3.09339598146798494e+02,1.11072040454018861e-10
1809,-2.37037037037612741e+00,1.28319137675800998e-01,3.09712885754530930e+02,3.09712885754643651e+02,1.12720499600982293e-10
1810,-2.92592592592783651e+00,6.41500299095129622e-02,3.07900259754439446e+02,3.07900259754564104e+02,1.24657617561751977e-10
1811,-3.07407407407495192e+00,1.55849970090487011e-01,3.07803529740518684e+02,3.07803529740651584e+02,1.32899913296569139e-10
1812,-3.37030099576414921e+00,6.05402382666577893e-02,3.06815497324440116e+02,3.06815497324581088e+02,1.40971678774803877e-10
1813,-2.25925925926579207e+00,6.24246075283250296e-02,3.09806321813967315e+02,3.09806321814075602e+02,1.08286712929839268e-10
1814,-2.11111111111867800e+00,6.41500299095043858e-02,3.10295626536652037e+02,3.10295626536758050e+02,1.06012976175406948e-10
1815,-3.14814814814851207e+00,6.41500299095129622e-02,3.07344956847712069e+02,3.07344956847844287e+02,1.32217792270239443e-10
1816,-2.70370370370714896e+00,6.41500299095074666e-02,3.08494426315254373e+02,3.08494426315372834e+02,1.18461684905923903e-10
1817,-3.22222222222206955e+00,6.07053031555135417e-02,3.07157992663705841e+02,3.07157992663840446e+02,1.34605215862393379e-10
1818,-3.25925925925884608e+00,1.28319137675797390e-01,3.07264070009701641e+02,3.07264070009840452e+02,1.38811628858093172e-10
1819,-2.55555555556003045e+00,1.55849970090494810e-01,3.09244095124746877e+02,3.09244095124864714e+02,1.17836407298455015e-10
1820,-2.77777777778071355e+00,6.41500299095140586e-02,3.08291868889588670e+02,3.08291868889708894e+02,1.20223830890608951e-10
1821,-2.55555555556003045e+00,6.41500299095083965e-02,3.08913668565812543e+02,3.08913668565926855e+02,1.14312115329084918e-10
1822,-2.62962962963359148e+00,1.55849970090491174e-01,3.09023965428628685e+02,3.09023965428748454e+02,1.19769083539722487e-10
1823,-2.77777777778071355e+00,1.55849970090497697e-01,3.08598554250248981e+02,3.08598554250372729e+02,1.23748122859979048e-10
1824,-2.18518518519223193e+00,1.55849970090491813e-01,3.10425306296792485e+02,3.10425306296902932e+02,1.10446762846549973e-10
1825,-3.00000000000138511e+00,1.55849970090506579e-01,3.07995622953959810e+02,3.07995622954090209e+02,1.30398802866693586e-10
1826,-3.00000000000138511e+00,6.41500299094932558e-02,3.07710987547428545e+02,3.07710987547555476e+02,1.26931354316184297e-10
1827,-1.13192530365675184e-01,1.63715662593190814e-01,3.20293199125361980e+02,3.20293199125458727e+02,9.67474989010952413e-11
1828,-3.88680746963432577e+00,1.63715662593189093e-01,3.05965301881243533e+02,3.05965301881417531e+02,1.73997705132933334e-10
1829,-1.13192530365658600e-01,5.62843374067476324e-02,3.19419833765637236e+02,3.19419833765729948e+02,9.27116161619778723e-11
1830,-3.88680746963434176e+00,5.62843374067471258e-02,3.05719054957917081e+02,3.05719054958086872e+02,1.69791292137233540e-10
1831,-3.60757057647681245e+00,5.27361420771660511e-02,3.06277256368076507e+02,3.06277256368228336e+02,1.51828771777218208e-10
1832,-1.57761460871328607e+00,5.26735182757025328e-02,3.12169391178310207e+02,3.12169391178407750e+02,9.75433067651465535e-11
1833,-9.40903909815729245e-01,5.26287869889703747e-02,3.14923766686507292e+02,3.14923766686599038e+02,9.17452780413441360e-11
1834,-8.36873867969457397e-01,5.26287869889702914e-02,3.15426663295880871e+02,3.15426663295972276e+02,9.14042175281792879e-11
1835,-1.68164465055955703e+00,5.26735182757028589e-02,3.11768962963180627e+02,3.11768962963279193e+02,9.85664883046410978e-11
1836,-3.50354053463078285e+00,5.27361420770375983e-02,3.06499508930198317e+02,3.06499508930344859e+02,1.46542333823163062e-10
1837,-3.31127428018140302e+00,1.67326481724327597e-01,3.07248004368788088e+02,3.07248004368930367e+02,1.42279077408602461e-10
1838,-2.42238539129868347e+00,1.67326481724328097e-01,3.09695473201599327e+02,3.09695473201714492e+02,1.15164766611997038e-10
1839,-2.31835534945357802e+00,1.67326481724326709e-01,3.10028575072322269e+02,3.10028575072435387e+02,1.13118403533007950e-10
1840,-3.20724423833629890e+00,1.67326481724325210e-01,3.07501455096499456e+02,3.07501455096637585e+02,1.38129507831763476e-10
1841,-3.03703703703816696e+00,1.10000000000000583e-01,3.07759297175379629e+02,3.07759297175509403e+02,1.29773525259224698e-10
1842,-2.96296296296460859e+00,1.09999999999999681e-01,3.07950023145905220e+02,3.07950023146032493e+02,1.27272414829349145e-10
1843,-2.59259259259681052e+00,1.10000000000000694e-01,3.08971175029483845e+02,3.08971175029600943e+02,1.17097442853264511e-10
1844,-2.88888888889105022e+00,1.09999999999998405e-01,3.08145092062855952e+02,3.08145092062981291e+02,1.25339738588081673e-10
1845,-2.51851851852325481e+00,1.09999999999997683e-01,3.09189789960281189e+02,3.09189789960396411e+02,1.15221610030857846e-10
1846,-3.40740740740597081e+00,1.10000000000001985e-01,3.06866746036073550e+02,3.06866746036217876e+02,1.44325440487591550e-10
1847,-2.74074074074393437e+00,1.10000000000005899e-01,3.08548733841526143e+02,3.08548733841647163e+02,1.21019638754660264e-10
1848,-2.07407407408186018e+00,1.09999999999963294e-01,3.10614604450672971e+02,3.10614604450779950e+02,1.06979314296040684e-10
1849,-2.22222222222901999e+00,1.09999999999997489e-01,3.10117386075817251e+02,3.10117386075926845e+02,1.09594111563637853e-10
1850,-3.11111111111174088e+00,1.10000000000005593e-01,3.07572788102798881e+02,3.07572788102931497e+02,1.32615696202265099e-10
1851,-2.66666666667037111e+00,1.10000000000000583e-01,3.08757539603085434e+02,3.08757539603204634e+02,1.19200649351114407e-10
1852,-2.14814814815545008e+00,1.09999999999992798e-01,3.10363154299090866e+02,3.10363154299199266e+02,1.08400399767560884e-10
1853,-2.81481481481749363e+00,1.09999999999999903e-01,3.08344624051472238e+02,3.08344624051595304e+02,1.23066001833649352e-10
1854,-2.00000000000811706e+00,1.09999999999854284e-01,3.10871816884754253e+02,3.10871816884860095e+02,1.05842445918824524e-10
1855,-1.85185185185957080e+00,1.10000000000000583e-01,3.11404066014175328e+02,3.11404066014278555e+02,1.03227648651227355e-10
1856,-1.92592592593391898e+00,1.09999999999999806e-01,3.11134909290015855e+02,3.11134909290120561e+02,1.04705577541608363e-10
1857,-3.77777777777683799e+00,1.09999999999996892e-01,3.06064459453753557e+02,3.06064459453918232e+02,1.64675384439760819e-10
1858,-1.25925925926450888e+00,1.09999999999999390e-01,3.13799334339393795e+02,3.13799334339490485e+02,9.66906554822344333e-11
1859,-1.48148148148765890e+00,1.10000000000001680e-01,3.12848269414900244e+02,3.12848269414998811e+02,9.85664883046410978e-11
1860,-1.03703703704135997e+00,1.10000000000001097e-01,3.14817967206359128e+02,3.14817967206453545e+02,9.44169187278021127e-11
1861,-7.40740740743828008e-01,1.09999999999999987e-01,3.16286301983593546e+02,3.16286301983686883e+02,9.33368937694467604e-11
1862,-1.11111111111574301e+00,1.10000000000000403e-01,3.14470751576078953e+02,3.14470751576174052e+02,9.50990397541318089e-11
1863,-1.40740740741327275e+00,1.10000000000000805e-01,3.13157948248337163e+02,3.13157948248435048e+02,9.78843672783114016e-11
1864,-5.92592592595062140e-01,1.10000000000000098e-01,3.17069914259940674e+02,3.17069914260033897e+02,9.32232069317251444e-11
1865,-1.77777777778518598e+00,1.10000000000000805e-01,3.11679520520368385e+02,3.11679520520470305e+02,1.01920250017428771e-10
1866,-6.66666666669444963e-01,1.10000000000000098e-01,3.16673819566530256e+02,3.16673819566623536e+02,9.32800503505859524e-11
1867,-5.18518518520679428e-01,1.09999999999999987e-01,3.17474872776604684e+02,3.17474872776698078e+02,9.33937371883075684e-11
1868,-2.96296296297531181e-01,1.09999999999999903e-01,3.18745692148444903e+02,3.18745692148538694e+02,9.37916411203332245e-11
1869,-4.44444444446296494e-01,1.10000000000000098e-01,3.17888986549973538e+02,3.17888986550067045e+02,9.35074240260291845e-11
1870,-2.22222222223148608e-01,1.09999999999999903e-01,3.19188696983763577e+02,3.19188696983857596e+02,9.40190147957764566e-11
1871,-3.70370370371913782e-01,1.10000000000000098e-01,3.18312522005839355e+02,3.18312522005933033e+02,9.36779542826116085e-11
1872,-1.18518518519012583e+00,1.09999999999999598e-01,3.14131242757623113e+02,3.14131242757718951e+02,9.58380041993223131e-11
1873,-1.33333333333888993e+00,1.10000000000000098e-01,3.13474931817598360e+02,3.13474931817695619e+02,9.72590896708425134e-11
1874,-3.70370370370247759e+00,1.09999999999994796e-01,3.06218540848462567e+02,3.06218540848622354e+02,1.59786850417731330e-10
1875,-3.33467044682187197e+00,1.12097022330707188e-01,3.07040092272183813e+02,3.07040092272325069e+02,1.41255895869107917e-10
1876,-2.29495328361200279e+00,1.12257257812137093e-01,3.09890336618862193e+02,3.09890336618972924e+02,1.10730979940854013e-10
1877,-2.44578745714026136e+00,1.12362131839282703e-01,3.09418192710752919e+02,3.09418192710866663e+02,1.13743681140476838e-10
1878,-3.18384217249472634e+00,1.12362131839277596e-01,3.07400466131861833e+02,3.07400466131997177e+02,1.35344180307583883e-10
1879,-3.48014436799018112e+00,1.07980332447621896e-01,3.06697195984790255e+02,3.06697195984937821e+02,1.47565515362657607e-10
1880,-3.63097264231863504e+00,1.07774693106970285e-01,3.06367152158055148e+02,3.06367152158210502e+02,1.55353063746588305e-10
1881,-1.55421254287145372e+00,1.07742742187825702e-01,3.12539690083547214e+02,3.12539690083646292e+02,9.90780790743883699e-11
1882,-1.70504671640138805e+00,1.07637868160677899e-01,3.11944935705769467e+02,3.11944935705870193e+02,1.00726538221351802e-10
1883,-8.13471802127625043e-01,1.07763581123094698e-01,3.15899345738305783e+02,3.15899345738399177e+02,9.33937371883075684e-11
1884,-9.64305975657561598e-01,1.07719920102758687e-01,3.15152443433573580e+02,3.15152443433667258e+02,9.36779542826116085e-11
1885,-1.48064587708334694e-01,1.09999999999974493e-01,3.19642201445117848e+02,3.19642201445212152e+02,9.43032318900804967e-11
1886,-3.85193541229166359e+00,1.09999999999972495e-01,3.05913052856858599e+02,3.05913052857028106e+02,1.69507075042929500e-10
1887,-3.94624252837768497e+00,1.66444005469453177e-01,3.05850417142158790e+02,3.05850417142337392e+02,1.78602022060658783e-10
1888,-5.37574716223111829e-02,1.66444005469454204e-01,3.20698883356067313e+02,3.20698883356164401e+02,9.70885594142600894e-11
1889,-5.37574716222112767e-02,5.35559945303436674e-02,3.19763424926943458e+02,3.19763424927036795e+02,9.33368937694467604e-11
1890,-3.94624252837778489e+00,5.35559945303444099e-02,3.05597063716079447e+02,3.05597063716253217e+02,1.73770331457490101e-10
1891,6.94098729232368455e-02,1.09999999999908393e-01,3.21033539149515207e+02,3.21033539149611272e+02,9.60653778747655451e-11
1892,3.93059012707648003e+00,1.09999999999909406e-01,3.57477558331610282e+02,3.57477558331799798e+02,1.89515958481933922e-10
1893,1.22222222221921606e+00,6.41500299097710058e-02,3.29380606667695929e+02,3.29380606667803875e+02,1.07945652416674420e-10
1894,1.66666666666236307e+00,6.41500299097710058e-02,3.33437584719354675e+02,3.33437584719469612e+02,1.14937392936553806e-10
1895,1.07407407407150202e+00,1.55849970090228884e-01,3.29233076079150123e+02,3.29233076079259433e+02,1.09309894469333813e-10
1896,7.03703703702212691e-01,6.41500299097710058e-02,3.25131499993100022e+02,3.25131499993201260e+02,1.01238128991099074e-10
1897,1.37037037036693210e+00,6.41500299097710058e-02,3.30691710544413809e+02,3.30691710544524256e+02,1.10446762846549973e-10
1898,1.81481481481008000e+00,6.41500299097710058e-02,3.34870036570947832e+02,3.34870036571065043e+02,1.17211129690986127e-10
1899,1.51851851851464703e+00,1.55849970090228884e-01,3.33355150932814240e+02,3.33355150932930826e+02,1.16585852083517238e-10
1900,8.51851851849928066e-01,6.41500299097711169e-02,3.26291576538775416e+02,3.26291576538878076e+02,1.02659214462619275e-10
1901,5.56371400909810299e-01,6.14691759070760471e-02,3.23991990723461356e+02,3.23991990723560605e+02,9.92486093309707940e-11
1902,1.96296296295781691e+00,1.55849970090209983e-01,3.37868022732693419e+02,3.37868022732817906e+02,1.24487087305169553e-10
1903,1.85185185184815693e-01,6.41500299098167609e-02,3.21399844064499007e+02,3.21399844064594447e+02,9.54401002672966570e-11
1904,4.07407407406655209e-01,1.58802593022334709e-01,3.23854192550279890e+02,3.23854192550380787e+02,1.00897068477934226e-10
1905,2.11111111110612715e+00,1.55849970089891682e-01,3.39449495992320351e+02,3.39449495992448021e+02,1.27670318761374801e-10
1906,2.25925925925466586e+00,6.41500299101271515e-02,3.39370558564435555e+02,3.39370558564562657e+02,1.27101884572766721e-10
1907,3.29548045093910380e+00,6.14691759073351107e-02,3.50222387015136121e+02,3.50222387015294601e+02,1.58479451783932745e-10
1908,3.51933436387258158e+00,6.14691759073347777e-02,3.52424796079662087e+02,3.52424796079829605e+02,1.67517555382801220e-10
1909,2.40740740740320280e+00,1.55849970089872697e-01,3.42705963717900374e+02,3.42705963718036230e+02,1.35855771077331156e-10
1910,2.85185185184882295e+00,6.41500299101275262e-02,3.45653856113407414e+02,3.45653856113552024e+02,1.44609657581895590e-10
1911,2.55555555555174196e+00,6.41500299101275262e-02,3.42493220912110019e+02,3.42493220912245931e+02,1.35912614496191964e-10
1912,3.14814814814589994e+00,6.11974069778128821e-02,3.48707765198364143e+02,3.48707765198517507e+02,1.53363544086460024e-10
1913,3.66666666666578989e+00,6.41500299101275262e-02,3.53870870031540562e+02,3.53870870031714958e+02,1.74395609064958990e-10
1914,2.70370370370028112e+00,6.41500299101277344e-02,3.44072497504842829e+02,3.44072497504982664e+02,1.39834810397587717e-10
1915,3.81481481481432549e+00,6.41500299101277344e-02,3.55171856365804388e+02,3.55171856365985604e+02,1.81216819328255951e-10
1916,2.99918415464202504e+00,1.58530824092662892e-01,3.49448641933113606e+02,3.49448641933267879e+02,1.54273038788232952e-10
1917,6.29629629628354448e-01,1.55849970090228884e-01,3.25527165958497619e+02,3.25527165958600733e+02,1.03113961813505739e-10
1918,1.74074074073622076e+00,1.55849970090228995e-01,3.35565703208421098e+02,3.35565703208541208e+02,1.20110144052887335e-10
1919,9.99999999997643885e-01,6.41500299097711169e-02,3.27494496241277147e+02,3.27494496241381398e+02,1.04250830190721899e-10
1920,1.29629629629307574e+00,1.55849970090228995e-01,3.31242973290600730e+02,3.31242973290713621e+02,1.12891029857564718e-10
1921,9.25925925923785309e-01,1.55849970090228884e-01,3.27951644172860085e+02,3.27951644172966724e+02,1.06638253782875836e-10
1922,7.77777777776069823e-01,1.55849970090228884e-01,3.26716829564637351e+02,3.26716829564742341e+02,1.04989794635912403e-10
1923,2.59259259258741381e-01,1.55849970090170209e-01,3.22745936325821845e+02,3.22745936325920923e+02,9.90780790743883699e-11
1924,3.32517487977373127e-01,6.14691759071334734e-02,3.22382627710811164e+02,3.22382627710907968e+02,9.68043423199560493e-11
1925,2.03703703703188088e+00,6.41500299099489746e-02,3.37085465955981192e+02,3.37085465956103008e+02,1.21815446618711576e-10
1926,3.59259259259151253e+00,1.55849970089872697e-01,3.55739172877278293e+02,3.55739172877455474e+02,1.77180936589138582e-10
1927,2.62962962962600999e+00,1.55849970089872281e-01,3.45204594915125313e+02,3.45204594915268103e+02,1.42790668178349733e-10
1928,2.77777777777455093e+00,1.55849970089872364e-01,3.46882411573516208e+02,3.46882411573663603e+02,1.47394985106075183e-10
1929,3.22303806757550193e+00,1.58530824092665307e-01,3.51938139871664703e+02,3.51938139871826763e+02,1.62060587172163650e-10
1930,3.44444444444298092e+00,1.58802593022186495e-01,3.54314200162787984e+02,3.54314200162958514e+02,1.70530256582424045e-10
1931,3.74074074074005614e+00,1.55849970089872281e-01,3.57162321469840151e+02,3.57162321470024096e+02,1.83945303433574736e-10
1932,1.51851851851464703e+00,6.41500299097711169e-02,3.32044458429381280e+02,3.32044458429494057e+02,1.12777343019843102e-10
1933,2.25925925925466586e+00,1.55849970089872808e-01,3.41064099509296284e+02,3.41064099509427592e+02,1.31308297568466514e-10
1934,2.40740740740320280e+00,6.41500299101273458e-02,3.40923643598783997e+02,3.40923643598915021e+02,1.31024080474162474e-10
1935,2.99999999999736211e+00,6.41500299101277344e-02,3.47226785204888756e+02,3.47226785205037629e+02,1.48872913996456191e-10
1936,1.96296296295781780e+00,6.41500299097899629e-02,3.36338689181529105e+02,3.36338689181649215e+02,1.20110144052887335e-10
1937,3.37037037036870935e+00,1.59294696844237471e-01,3.53549143305026803e+02,3.53549143305194320e+02,1.67517555382801220e-10
1938,3.40740740740585357e+00,9.16808623238140746e-02,3.52139485614226601e+02,3.52139485614390992e+02,1.64391167345456779e-10
1939,2.77777777777455093e+00,6.41500299101333826e-02,3.44863493222378793e+02,3.44863493222521129e+02,1.42335920827463269e-10
1940,2.92592592592308387e+00,1.55849970089861289e-01,3.48559611020394925e+02,3.48559611020546868e+02,1.51942458614939824e-10
1941,2.62962962962600999e+00,6.41500299101251670e-02,3.43282088910341656e+02,3.43282088910479388e+02,1.37731603899737820e-10
1942,3.29636567089948374e+00,1.59501607296080206e-01,3.52761227520397370e+02,3.52761227520562102e+02,1.64732227858621627e-10
1943,3.59259259259151165e+00,6.41500299101240845e-02,3.53189425240751973e+02,3.53189425240922901e+02,1.70928160514449701e-10
1944,3.81481481481432638e+00,1.55849970089881690e-01,3.57837919832407408e+02,3.57837919832594878e+02,1.87469595402944833e-10
1945,3.07407407407162969e+00,6.07053031557598724e-02,3.47923111504846133e+02,3.47923111504997223e+02,1.51089807332027704e-10
1946,3.11111111110876770e+00,1.29101935193960210e-01,3.49980926625866573e+02,3.49980926626022949e+02,1.56376245286082849e-10
1947,2.48148148147747794e+00,1.55849970089872364e-01,3.43535034591969804e+02,3.43535034592107877e+02,1.38072664412902668e-10
1948,2.18518518518039295e+00,6.41500299101271515e-02,3.38602107975529634e+02,3.38602107975654803e+02,1.25169208331499249e-10
1949,2.18518518518039295e+00,1.55849970089877304e-01,3.40252989126950695e+02,3.40252989127080298e+02,1.29602995002642274e-10
1950,2.70370370370028112e+00,1.55849970089871698e-01,3.46042940425614233e+02,3.46042940425759184e+02,1.44950718095060438e-10
1951,3.22215284761512155e+00,6.05402382670179109e-02,3.49453434656518027e+02,3.49453434656673835e+02,1.55807811097474769e-10
1952,3.66666666666579300e+00,1.55849970089887685e-01,3.56461921369162383e+02,3.56461921369342861e+02,1.80477854883065447e-10
1953,2.33333333332893300e+00,6.41500299101248617e-02,3.40144637886803650e+02,3.40144637886932628e+02,1.28977717395173386e-10
1954,2.33333333332893300e+00,1.55849970089874668e-01,3.41882040899884373e+02,3.41882040900017785e+02,1.33411504066316411e-10
1955,2.48148148147747794e+00,6.41500299101196853e-02,3.41706785909635983e+02,3.41706785909769280e+02,1.33297817228594795e-10
1956,2.92592592592308387e+00,6.41500299101182420e-02,3.46442142073654168e+02,3.46442142073800937e+02,1.46769707498606294e-10
1957,3.51851851851724584e+00,1.57575392471186682e-01,3.55043646985020416e+02,3.55043646985194073e+02,1.73656644619768485e-10
1958,3.74074074074005614e+00,6.41500299101153137e-02,3.54532332621465684e+02,3.54532332621643206e+02,1.77521997102303430e-10
1959,2.55555555555174196e+00,1.55849970089878664e-01,3.44368291106385868e+02,3.44368291106526328e+02,1.40460088005056605e-10
1960,2.85185185184882517e+00,1.55849970089878997e-01,3.47721778806478994e+02,3.47721778806628663e+02,1.49668721860507503e-10
1961,2.11111111110612715e+00,6.41500299101007976e-02,3.37840124365390977e+02,3.37840124365514555e+02,1.23577592603396624e-10
1962,2.03703703703188221e+00,1.55849970090098405e-01,3.38654324840578568e+02,3.38654324840704589e+02,1.26021859614411369e-10
1963,4.81481481480595719e-01,1.59294696844368089e-01,3.24415569755077172e+02,3.24415569755178808e+02,1.01636032923124731e-10
1964,4.44444444443641895e-01,9.19939813310722831e-02,3.23477370408335787e+02,3.23477370408434922e+02,9.91349224932491779e-11
1965,1.85185185184815693e-01,1.55849970090165713e-01,3.22222630228945150e+02,3.22222630229043602e+02,9.84528014669194818e-11
1966,3.33333333332692328e-01,1.57575392471403869e-01,3.23296397786341686e+02,3.23296397786441787e+02,1.00101260613882914e-10
1967,2.59259259258741381e-01,6.41500299098255455e-02,3.21901614507674083e+02,3.21901614507770262e+02,9.61790647124871612e-11
1968,1.88888888888393680e+00,1.55849970090203765e-01,3.37090933481508273e+02,3.37090933481631055e+02,1.22781784739345312e-10
1969,1.74074074073621987e+00,6.41500299097729487e-02,3.34149035482344914e+02,3.34149035482460647e+02,1.15733200800605118e-10
1970,1.59259259258850783e+00,1.55849970090228995e-01,3.34081251277024137e+02,3.34081251277141973e+02,1.17836407298455015e-10
1971,1.22222222221921606e+00,1.55849970090226109e-01,3.30561432039187707e+02,3.30561432039299802e+02,1.12095221993513405e-10
1972,5.55555555554492875e-01,1.57596742248553107e-01,3.24966545458921473e+02,3.24966545459023735e+02,1.02261310530593619e-10
1973,1.81481481481008000e+00,1.55849970090226497e-01,3.36323380801752080e+02,3.36323380801873384e+02,1.21303855848964304e-10
1974,6.29629629628354448e-01,6.41500299097711169e-02,3.24567297492570333e+02,3.24567297492670491e+02,1.00158104032743722e-10
1975,9.99999999997643885e-01,1.55849970090229384e-01,3.28586478557042426e+02,3.28586478557150315e+02,1.07888808997813612e-10
1976,7.03703703702212802e-01,1.55849970090229467e-01,3.26116429722675434e+02,3.26116429722779628e+02,1.04193986771861091e-10
1977,9.25925925923785309e-01,6.41500299097703119e-02,3.26887612518292940e+02,3.26887612518396566e+02,1.03625552583253011e-10
1978,1.29629629629307574e+00,6.41500299097696736e-02,3.30030883129988297e+02,3.30030883130097550e+02,1.09253051050473005e-10
1979,7.77777777776069712e-01,6.41500299097703119e-02,3.25706251792949899e+02,3.25706251793051933e+02,1.02033936855150387e-10
1980,1.07407407407150202e+00,6.41500299097708532e-02,3.28112307436951539e+02,3.28112307437057098e+02,1.05558228824520484e-10
1981,1.88888888888393680e+00,6.41500299097698401e-02,3.35600095441429062e+02,3.35600095441547580e+02,1.18518528324784711e-10
1982,8.51851851849927955e-01,1.55849970090229800e-01,3.27328491619927888e+02,3.27328491620033617e+02,1.05728759081102908e-10
1983,1.37037037036693299e+00,1.55849970090229606e-01,3.31935882929800016e+02,3.31935882929914158e+02,1.14141585072502494e-10
1984,1.14814814814535970e+00,6.41500299097685911e-02,3.28741038943247929e+02,3.28741038943354681e+02,1.06751940620597452e-10
1985,1.44444444444079179e+00,1.55849970090232187e-01,3.32639999362772187e+02,3.32639999362887750e+02,1.15562670544022694e-10
1986,1.59259259258850783e+00,6.41500299097682164e-02,3.32736020438754338e+02,3.32736020438868081e+02,1.13743681140476838e-10
1987,1.44444444444079179e+00,6.41500299097675503e-02,3.31362957280236628e+02,3.31362957280348098e+02,1.11469944386044517e-10
1988,1.14814814814535970e+00,1.55849970090231660e-01,3.29891419136699199e+02,3.29891419136809986e+02,1.10787823359714821e-10
1989,1.66666666666236174e+00,1.55849970090232798e-01,3.34818204242812556e+02,3.34818204242931472e+02,1.18916432256810367e-10
1990,3.88680746963448254e+00,1.63715662593205691e-01,3.58701526180534870e+02,3.58701526180726148e+02,1.91278104466618970e-10
1991,3.88680746963449941e+00,5.62843374067367244e-02,3.55541774935612807e+02,3.55541774935796695e+02,1.83888460014713928e-10
1992,1.13192530365031199e-01,1.63715662593242800e-01,3.21793012570897361e+02,3.21793012570995472e+02,9.81117409537546337e-11
1993,1.13192530365014601e-01,5.62843374066924126e-02,3.20852517565337166e+02,3.20852517565431867e+02,9.47011358221061528e-11
1994,3.92429423520798681e-01,5.27361420771052108e-02,3.22718741835135006e+02,3.22718741835232152e+02,9.71454028331208974e-11
1995,3.35539238648278637e+00,5.26735182756961906e-02,3.50594402097329521e+02,3.50594402097489422e+02,1.59900537255452946e-10
1996,3.05909609018570849e+00,1.67483041227856289e-01,3.50337416924154979e+02,3.50337416924311867e+02,1.56887836055830121e-10
1997,3.16312613203181980e+00,1.67483041227858370e-01,3.51502170317274988e+02,3.51502170317435287e+02,1.60298441187478602e-10
1998,3.45942242832890079e+00,5.26735182756979323e-02,3.51612560631027577e+02,3.51612560631191684e+02,1.64106950251152739e-10
1999,4.96459465366442920e-01,5.27361420770906461e-02,3.23463581562307922e+02,3.23463581562406262e+02,9.83391146291978657e-11
2000,1.40740740740386205e+00,1.09999999999999987e-01,3.31658351719054622e+02,3.31658351719167683e+02,1.13061560114147142e-10
2001,1.11111111110843108e+00,1.09999999999999903e-01,3.28995211843994241e+02,3.28995211844102244e+02,1.08002495835535228e-10
2002,1.55555555555157810e+00,1.09999999999998793e-01,3.33054916782374107e+02,3.33054916782489443e+02,1.15335296868579462e-10
2003,1.48148148147771797e+00,1.09999999999999806e-01,3.32351345579697750e+02,3.32351345579811834e+02,1.14084741653641686e-10
2004,9.62962962960714375e-01,1.09999999999999806e-01,3.27730810012357040e+02,3.27730810012462712e+02,1.05671915662242100e-10
2005,1.70370370369929192e+00,1.10000000000000694e-01,3.34493299838617361e+02,3.34493299838734742e+02,1.17381659947568551e-10
2006,6.66666666665283736e-01,1.10000000000000195e-01,3.25336316010891380e+02,3.25336316010993698e+02,1.02318153949454427e-10
2007,8.14814814812999000e-01,1.09999999999999903e-01,3.26511520374806992e+02,3.26511520374910958e+02,1.03966613096417859e-10
2008,1.25925925925614601e+00,1.09999999999999487e-01,3.30304708562571648e+02,3.30304708562682322e+02,1.10674136521993205e-10
2009,1.03703703703457295e+00,1.09999999999999987e-01,3.28357344012538249e+02,3.28357344012645115e+02,1.06865627458319068e-10
2010,7.40740740739141201e-01,1.09999999999999903e-01,3.25918477134053830e+02,3.25918477134157001e+02,1.03170805232366547e-10
2011,5.92592592591425604e-01,1.09999999999999987e-01,3.24764937154722702e+02,3.24764937154823826e+02,1.01124442153377458e-10
2012,8.88888888886856909e-01,1.09999999999999903e-01,3.27115575381619578e+02,3.27115575381724227e+02,1.04648734122747555e-10
2013,1.33333333333000392e+00,1.10000000000000098e-01,3.30976087102893871e+02,3.30976087103005398e+02,1.11526787804905325e-10
2014,1.18518518518228699e+00,1.09999999999998696e-01,3.29644368603830912e+02,3.29644368603940279e+02,1.09366737888194621e-10
2015,1.62962962962543467e+00,1.09999999999999681e-01,3.33768951670634635e+02,3.33768951670750880e+02,1.16244791570352390e-10
2016,1.77777777777315005e+00,1.09999999999997794e-01,3.35227682223350087e+02,3.35227682223468662e+02,1.18575371743645519e-10
2017,1.85185185184701195e+00,1.09999999999986803e-01,3.35971727488786314e+02,3.35971727488906311e+02,1.19996457215165719e-10
2018,1.92592592592087475e+00,1.09999999999991480e-01,3.36725025619173778e+02,3.36725025619295252e+02,1.21474386105546728e-10
2019,1.99999999999483169e+00,1.10000000000004289e-01,3.37487193454005080e+02,3.37487193454128260e+02,1.23179688671370968e-10
2020,2.22222222221773069e-01,1.09999999999991188e-01,3.22068214669127940e+02,3.22068214669225313e+02,9.73727765085641295e-11
2021,2.96296296295705086e-01,1.10000000000001485e-01,3.22586122102319734e+02,3.22586122102417789e+02,9.80548975348938257e-11
2022,2.07407407406898470e+00,1.10000000000003803e-01,3.38257890969987955e+02,3.38257890970112669e+02,1.24714460980612785e-10
2023,2.14814814814325761e+00,1.10000000000000500e-01,3.39036673564264106e+02,3.39036673564390583e+02,1.26476606965297833e-10
2024,2.44444444444034481e+00,1.09999999999999598e-01,3.42218135521892805e+02,3.42218135522027353e+02,1.34548372443532571e-10
2025,3.62962962962865054e+00,1.10000000000001097e-01,3.54814007030387813e+02,3.54814007030563516e+02,1.75703007698757574e-10
2026,2.22222222221753007e+00,1.10000000000000805e-01,3.39822880493908201e+02,3.39822880494036440e+02,1.28238752949982882e-10
2027,2.37037037036607012e+00,1.09999999999999806e-01,3.41414407280205637e+02,3.41414407280338082e+02,1.32445165945682675e-10
2028,3.25925925925730553e+00,1.10000000000003692e-01,3.51092079777115941e+02,3.51092079777276240e+02,1.60298441187478602e-10
2029,2.81481481481168849e+00,1.10000000000002499e-01,3.46280311820177701e+02,3.46280311820323789e+02,1.46087586472276598e-10
2030,2.29629629629180121e+00,1.09999999999999987e-01,3.40615723063087898e+02,3.40615723063218070e+02,1.30171429191250354e-10
2031,2.66666666666314400e+00,1.10000000000000500e-01,3.44650617958514601e+02,3.44650617958656085e+02,1.41483269544551149e-10
2032,3.77777777777719059e+00,1.09999999999994200e-01,3.56174517222792986e+02,3.56174517222975453e+02,1.82467374543193728e-10
2033,2.59259259258887464e+00,1.10000000000001680e-01,3.43837199857538792e+02,3.43837199857678058e+02,1.39266376208979636e-10
2034,3.55555555555437408e+00,1.10000000000000583e-01,3.54102496938073045e+02,3.54102496938245395e+02,1.72349245985969901e-10
2035,3.70370370370292257e+00,1.09999999999999681e-01,3.55505381108002041e+02,3.55505381108181155e+02,1.79113612830406055e-10
2036,2.96296296296022499e+00,1.09999999999995005e-01,3.47905445125776396e+02,3.47905445125926860e+02,1.50464529724558815e-10
2037,2.51851851851460973e+00,1.09999999999999903e-01,3.43026048669464160e+02,3.43026048669601209e+02,1.37049482873408124e-10
2038,2.74074074073741381e+00,1.10000000000002499e-01,3.45465350861997706e+02,3.45465350862141293e+02,1.43586476042401046e-10
2039,2.88888888888596007e+00,1.09999999999994102e-01,3.47094174468219308e+02,3.47094174468367669e+02,1.48361323226708919e-10
2040,5.19861531208128502e-01,1.07818354127264981e-01,3.24192100885736181e+02,3.24192100885836624e+02,1.00442321127047762e-10
2041,3.69027357679097223e-01,1.07774693106940198e-01,3.23083657402416179e+02,3.23083657402515030e+02,9.88507053989451379e-11
2042,3.48282449417069584e+00,1.07742742187831905e-01,3.53325157714149441e+02,3.53325157714318323e+02,1.68881797435460612e-10
2043,3.18652229867250636e+00,1.12176899628458906e-01,3.50376602603416188e+02,3.50376602603574383e+02,1.58195234689628705e-10
2044,3.33199621984209537e+00,1.07948381528554196e-01,3.51798692480906709e+02,3.51798692481069395e+02,1.62685864779632539e-10
2045,3.03569402434390989e+00,1.12442009137047189e-01,3.48756459932733378e+02,3.48756459932886173e+02,1.52795109897851944e-10
2046,1.48064587707447765e-01,1.09999999999969594e-01,3.21560405578125824e+02,3.21560405578222515e+02,9.66906554822344333e-11
2047,3.85193541229188385e+00,1.09999999999975895e-01,3.56820423444629284e+02,3.56820423444815390e+02,1.86105353350285441e-10
2048,5.37574716222659066e-02,1.66444005469375711e-01,3.21412062473022615e+02,3.21412062473120443e+02,9.78275238594505936e-11
2049,3.94624252837770007e+00,1.66444005469428891e-01,3.59285000845343347e+02,3.59285000845537638e+02,1.94290805666241795e-10
2050,5.37574716221659726e-02,5.35559945304221255e-02,3.20442835163877930e+02,3.20442835163971893e+02,9.39621713769156486e-11
2051,3.94624252837779910e+00,5.35559945303691054e-02,3.55938197023382656e+02,3.55938197023568534e+02,1.85877979674842209e-10
2052,4.07016731779603802e+00,1.09999999999907686e-01,3.58564066151833060e+02,3.58564066152029795e+02,1.96735072677256539e-10
2053,4.67983268220396198e+00,1.09999999999907686e-01,3.62016060979427209e+02,3.62016060979673341e+02,2.46132003667298704e-10
2054,4.18749999999999822e+00,6.49519052838322813e-02,3.58041361474191206e+02,3.58041361474391579e+02,2.00373051484348252e-10
2055,4.56249999999999467e+00,6.49519052838322813e-02,3.60365006673686366e+02,3.60365006673915843e+02,2.29476881941081956e-10
2056,4.33750000000000036e+00,6.49519052838330307e-02,3.59003677399494165e+02,3.59003677399704145e+02,2.09979589271824807e-10
2057,4.26249999999999840e+00,1.55048094716167290e-01,3.61242919034588567e+02,3.61242919034799968e+02,2.11400674743345007e-10
2058,4.41250000000000231e+00,1.55048094716167012e-01,3.62081652747617511e+02,3.62081652747839144e+02,2.21632490138290450e-10
2059,4.56249999999999112e+00,1.55048094716167706e-01,3.62660315547335813e+02,3.62660315547570633e+02,2.34820163313997909e-10
2060,4.33750000000000213e+00,1.55048094716168094e-01,3.61686633155816935e+02,3.61686633156033110e+02,2.16175521927652881e-10
2061,4.26249999999999574e+00,6.49519052838361255e-02,3.58534604783208749e+02,3.58534604783413499e+02,2.04749994736630470e-10
2062,4.41250000000000231e+00,6.49519052838279376e-02,3.59453772380754742e+02,3.59453772380970122e+02,2.15379714063601568e-10
2063,4.18749999999999645e+00,1.55048094716177670e-01,3.60756760785968311e+02,3.60756760786174539e+02,2.06227923627011478e-10
2064,4.48749999999999538e+00,6.49519052838225947e-02,3.59896993872513406e+02,3.59896993872735152e+02,2.21746176976012066e-10
2065,4.48749999999999183e+00,1.55048094716179696e-01,3.62415929498114792e+02,3.62415929498342507e+02,2.27714735956396908e-10
2066,4.63549736728121786e+00,1.63609510451244888e-01,3.62931980316173224e+02,3.62931980316415604e+02,2.42380338022485375e-10
2067,4.11450263271877947e+00,1.63609510451244111e-01,3.60506566095880771e+02,3.60506566096083816e+02,2.03044692170806229e-10
2068,4.63549736728123474e+00,5.63904895486906366e-02,3.60735397460146373e+02,3.60735397460383808e+02,2.37434960581595078e-10
2069,4.11450263271876437e+00,5.63904895486933774e-02,3.57280582248803626e+02,3.57280582248999053e+02,1.95427674043457955e-10
2070,4.52499999999997105e+00,1.09999999999995796e-01,3.61332917310367407e+02,3.61332917310595917e+02,2.28510543820448220e-10
2071,4.45000000000000018e+00,1.09999999999997294e-01,3.60960257534321897e+02,3.60960257534543587e+02,2.21689333557151258e-10
2072,4.22499999999998632e+00,1.10000000000007189e-01,3.59642120370876683e+02,3.59642120371082399e+02,2.05716332857264206e-10
2073,4.29999999999999805e+00,1.10000000000001485e-01,3.60115102083644672e+02,3.60115102083855163e+02,2.10491180041572079e-10
2074,4.37500000000000089e+00,1.09999999999998696e-01,3.60554563694194030e+02,3.60554563694409978e+02,2.15948148252209648e-10
2075,4.14986209720559440e+00,1.09999999999977102e-01,3.59135708531653904e+02,3.59135708531855300e+02,2.01396233023842797e-10
2076,4.60013790279439494e+00,1.09999999999973105e-01,3.61676384538943239e+02,3.61676384539179480e+02,2.36241248785518110e-10
2077,4.69614728722125463e+00,1.66608967991393409e-01,3.62784005013642968e+02,3.62784005013892511e+02,2.49542608798947185e-10
2078,4.05385271277874004e+00,1.66608967991377699e-01,3.60147087439394284e+02,3.60147087439594429e+02,2.00145677808905020e-10
2079,4.69614728722135411e+00,5.33910320084032691e-02,3.61386963422549343e+02,3.61386963422795475e+02,2.46132003667298704e-10
2080,4.05385271277864057e+00,5.33910320084187290e-02,3.56753218274993799e+02,3.56753218275185475e+02,1.91676008398644626e-10
2081,5.07142857142856851e+00,6.18589574131739664e-02,3.62296284298033640e+02,3.62296284298290175e+02,2.56534349318826571e-10
2082,4.92857142857142261e+00,6.18589574131739664e-02,3.62291477558890904e+02,3.62291477559146756e+02,2.55852228292496875e-10
2083,5.00000000000000000e+00,1.58141042586825958e-01,3.62332984408088009e+02,3.62332984408344259e+02,2.56250132224522531e-10
2084,5.14237002027594059e+00,1.64276247852637697e-01,3.62338222388757970e+02,3.62338222389014675e+02,2.56704879575408995e-10
2085,4.85762997972406030e+00,1.64276247852643581e-01,3.62336542773013207e+02,3.62336542773269230e+02,2.56022758549079299e-10
2086,5.00000000000000000e+00,6.18589574131959627e-02,3.62295061539986534e+02,3.62295061540242898e+02,2.56363819062244147e-10
2087,5.14237002027592816e+00,5.57237521472973424e-02,3.62292515445621291e+02,3.62292515445878053e+02,2.56761722994269803e-10
2088,5.07140743776111957e+00,1.59597511892959787e-01,3.62334652831281858e+02,3.62334652831538278e+02,2.56420662481104955e-10
2089,4.85762997972407540e+00,5.57237521472978697e-02,3.62281631069487560e+02,3.62281631069743185e+02,2.55624854617053643e-10
2090,4.92859256223886977e+00,1.59597511892975691e-01,3.62332975730701548e+02,3.62332975730957628e+02,2.56079601967940107e-10
2091,4.81213847827855723e+00,1.09999999999875406e-01,3.62307014597160446e+02,3.62307014597416469e+02,2.56022758549079299e-10
2092,5.18786152172145343e+00,1.09999999999873893e-01,3.62314705180775945e+02,3.62314705181032423e+02,2.56477505899965763e-10
2093,4.96428571428568155e+00,1.10000000000011006e-01,3.62312880974449627e+02,3.62312880974705649e+02,2.56022758549079299e-10
2094,5.10714285714282923e+00,1.10000000000006204e-01,3.62315158938838181e+02,3.62315158939094829e+02,2.56648036156548187e-10
2095,4.89285714285717876e+00,1.10000000000010201e-01,3.62310434703219187e+02,3.62310434703475153e+02,2.55965915130218491e-10
2096,5.03571428571430513e+00,1.10000000000005094e-01,3.62314501311089941e+02,3.62314501311346305e+02,2.56363819062244147e-10
2097,5.19994171133813143e+00,1.69900188597859103e-01,3.62343367889572619e+02,3.62343367889829096e+02,2.56477505899965763e-10
2098,4.80005828866186857e+00,1.69900188597865404e-01,3.62344420083232194e+02,3.62344420083488160e+02,2.55965915130218491e-10
2099,5.19994171133809324e+00,5.00998114020529406e-02,3.62286287172341474e+02,3.62286287172598122e+02,2.56648036156548187e-10
2100,4.80005828866191209e+00,5.00998114020527532e-02,3.62268400652493938e+02,3.62268400652749563e+02,2.55624854617053643e-10
2101,5.29999999999999361e+00,1.09999999999812206e-01,3.62171006604577144e+02,3.62171006604844194e+02,2.67050381808076054e-10
2102,5.32135568513117541e+00,1.80660835762782163e-01,3.62283793028352818e+02,3.62283793028624416e+02,2.71597855316940695e-10
2103,5.27741335303680525e+00,1.81285271888164401e-01,3.62408275128278547e+02,3.62408275128540936e+02,2.62389221461489797e-10
2104,5.32135568513117718e+00,3.93391642370306965e-02,3.61952060027727441e+02,3.61952060027998527e+02,2.71086264547193423e-10
2105,5.27741335303682924e+00,3.87147281116550432e-02,3.62080563923156717e+02,3.62080563923418879e+02,2.62161847786046565e-10
2106,5.67142857142857792e+00,6.18589574131739664e-02,3.61977311946155794e+02,3.61977311946432110e+02,2.76315859082387760e-10
2107,5.52857142857142225e+00,6.18589574131739664e-02,3.61993532485032404e+02,3.61993532485309629e+02,2.77225353784160689e-10
2108,5.59999999999999964e+00,1.58141042586825958e-01,3.62023279540814372e+02,3.62023279541091085e+02,2.76713763014413416e-10
2109,5.45762997972405639e+00,1.64276247852636587e-01,3.62040737047759364e+02,3.62040737048037101e+02,2.77736944553907961e-10
2110,5.74237002027593224e+00,1.64276247852642193e-01,3.62015268803981883e+02,3.62015268804257857e+02,2.75974798569222912e-10
2111,5.60000000000000142e+00,6.18589574131900716e-02,3.61986445608845656e+02,3.61986445609122484e+02,2.76827449852135032e-10
2112,5.45762997972406794e+00,5.57237521472951705e-02,3.61995696273486828e+02,3.61995696273764054e+02,2.77225353784160689e-10
2113,5.52859256223886941e+00,1.59597511892960592e-01,3.62031075994908861e+02,3.62031075995186256e+02,2.77395884040743113e-10
2114,5.74237002027591803e+00,5.57237521473058148e-02,3.61962642550711337e+02,3.61962642550986914e+02,2.75576894637197256e-10
2115,5.67140743776113077e+00,1.59597511892988680e-01,3.62017324662292140e+02,3.62017324662568456e+02,2.76315859082387760e-10
2116,5.78786152172142998e+00,1.09999999999876502e-01,3.61984321091534696e+02,3.61984321091809989e+02,2.75292677542893216e-10
2117,5.41213847827855332e+00,1.09999999999872589e-01,3.62020998988231099e+02,3.62020998988508950e+02,2.77850631391629577e-10
2118,5.56428571428570429e+00,1.10000000000003983e-01,3.62008356233563177e+02,3.62008356233840288e+02,2.77111666946439072e-10
2119,5.63571428571429500e+00,1.10000000000004802e-01,3.62000893575434702e+02,3.62000893575711302e+02,2.76600076176691800e-10
2120,5.49285714285714022e+00,1.09999999999999681e-01,3.62014993400456603e+02,3.62014993400734056e+02,2.77452727459603921e-10
2121,5.70714285714281289e+00,1.10000000000023482e-01,3.61992994297561324e+02,3.61992994297837356e+02,2.76031641988083720e-10
2122,5.79994171133812042e+00,1.69900188597846169e-01,3.62018835487315641e+02,3.62018835487590991e+02,2.75349520961754024e-10
2123,5.40005828866187532e+00,1.69900188597858159e-01,3.62050663363788829e+02,3.62050663364066622e+02,2.77793787972768769e-10
2124,5.79994171133807956e+00,5.00998114020705029e-02,3.61946190515441060e+02,3.61946190515716296e+02,2.75235834124032408e-10
2125,5.40005828866190729e+00,5.00998114020493948e-02,3.61994164614957072e+02,3.61994164615234581e+02,2.77509570878464729e-10
2126,5.93321426021399922e+00,1.09999999999837395e-01,3.61386501830737586e+02,3.61386501830996281e+02,2.58694399235537276e-10
2127,5.90592066514012259e+00,1.69436754134517864e-01,3.62276190194478374e+02,3.62276190194743094e+02,2.64719801634782925e-10
2128,5.90592066514008174e+00,5.05632458653079778e-02,3.60868103446642067e+02,3.60868103446903660e+02,2.61593413597438484e-10
2129,5.95559070362201481e+00,4.38899875044917107e-02,3.59994194763365840e+02,3.59994194763616861e+02,2.51020537689328194e-10
2130,5.95559070362202014e+00,1.76110012495329704e-01,3.62454383286964401e+02,3.62454383287220992e+02,2.56591192737687379e-10
2131,6.05049475936137426e+00,1.11267452309855380e-01,3.60623024688939324e+02,3.60623024689179431e+02,2.40106601268053055e-10
2132,6.18718049334815401e+00,1.44347788477683092e-01,3.60610570434549004e+02,3.60610570434774786e+02,2.25782059715129435e-10
2133,7.37714474726060310e+00,1.09999999999999987e-01,3.50583881795836760e+02,3.50583881795989498e+02,1.52738266478991136e-10
2134,6.46216780237509170e+00,1.09999999999999987e-01,3.57724515421489627e+02,3.57724515421689546e+02,1.99918304133461788e-10
2135,6.09986110827419115e+00,1.67012030063589195e-01,3.61745305935622014e+02,3.61745305935858710e+02,2.36695996136404574e-10
2136,6.10963278943098143e+00,7.12613538973572158e-02,3.59188970582359502e+02,3.59188970582589775e+02,2.30272689805133268e-10
2137,6.29270916179095519e+00,1.08368733978536996e-01,3.58902536364813272e+02,3.58902536365026890e+02,2.13617568078916520e-10
2138,6.97277737869917136e+00,1.09999999999999987e-01,3.53765157133039224e+02,3.53765157133209470e+02,1.70246039488120005e-10
2139,6.67761402119836589e+00,1.09999999999999987e-01,3.56092527553809873e+02,3.56092527553995694e+02,1.85821136255981401e-10
2140,6.04723989424115516e+00,5.13708667322991322e-02,3.59179963304598971e+02,3.59179963304835780e+02,2.36809682974126190e-10
2141,6.18492594980231924e+00,6.44382421922797821e-02,3.58459835477710101e+02,3.58459835477931108e+02,2.21007212530821562e-10
2142,6.04690010624945984e+00,1.71713689939469394e-01,3.62127046969629362e+02,3.62127046969872765e+02,2.43403519561979920e-10
2143,-6.28059729507912312e+00,1.09881893264487474e+00,3.03906874175570806e+02,3.03906874175770895e+02,2.00088834390044212e-10
2144,-6.11859543866117939e+00,6.39027212399907119e-01,3.03711748302946773e+02,3.03711748303170566e+02,2.23792540055001155e-10
2145,-6.05269716037614103e+00,3.96949514110301827e-01,3.03580813226698922e+02,3.03580813226941018e+02,2.42096120928181335e-10
2146,-7.32529636272650642e+00,6.18277346580334397e-01,3.02707266028333891e+02,3.02707266028481342e+02,1.47451828524935991e-10
2147,-6.32972456187145660e+00,3.12866055234560791e-01,3.03234176281141174e+02,3.03234176281350926e+02,2.09752215596381575e-10
2148,-8.57142857142857650e+00,1.72512834069460874e+00,3.02630892577642726e+02,3.02630892577772272e+02,1.29546151583781466e-10
2149,-6.68633305014291057e+00,4.24668775022395861e-01,3.03019752070214736e+02,3.03019752070394532e+02,1.79795733856735751e-10
2150,-9.51064410832842455e+00,9.33996846559593141e-01,3.02099872537579984e+02,3.02099872537686281e+02,1.06297193269710988e-10
2151,-7.40929013245529511e+00,1.69381234989184071e+00,3.03249101023850415e+02,3.03249101024005938e+02,1.55523594003170729e-10
2152,-8.52556251388183206e+00,7.06652256704141779e-01,3.02195366401009608e+02,3.02195366401123010e+02,1.13402620627311990e-10
2153,-6.10309980041467526e+00,2.78654724790752484e-01,3.03436637135615172e+02,3.03436637135854937e+02,2.39765540754888207e-10
2154,-6.91774948700809755e+00,1.10621309258011591e+00,3.03330688997091443e+02,3.03330688997262314e+02,1.70871317095588893e-10
2155,-6.60087138133184670e+00,1.56569118433418586e+00,3.03877074722947498e+02,3.03877074723128544e+02,1.81046289071673527e-10
2156,-8.00000000000000000e+00,1.72512834069460474e+00,3.02887973899612746e+02,3.02887973899753263e+02,1.40516931423917413e-10
2157,-7.71428571428571086e+00,1.16221182823472091e+00,3.02803718322904842e+02,3.02803718323046951e+02,1.42108547152020037e-10
2158,-9.16641481539467229e+00,1.80213010512469873e+00,3.02480771015749440e+02,3.02480771015872051e+02,1.22611254482762888e-10
2159,-6.08917033161058541e+00,4.77670774686616173e-01,3.03608851131517156e+02,3.03608851131750782e+02,2.33626451517920941e-10
2160,-7.92008810414215336e+00,6.75836688093014004e-01,3.02415878364824323e+02,3.02415878364951482e+02,1.27158727991627529e-10
2161,-8.96151859466843170e+00,1.22368711121802276e+00,3.02325135112022963e+02,3.02325135112139549e+02,1.16585852083517238e-10
2162,-9.56198394592727752e+00,1.47593024558255204e+00,3.02314384081723176e+02,3.02314384081838568e+02,1.15392140287440270e-10
2163,-6.05569375344694905e+00,3.25637234348400917e-01,3.03523614070836345e+02,3.03523614071081340e+02,2.44995135290082544e-10
2164,-9.03992440502957884e+00,6.60867242896351459e-01,3.02032214469947064e+02,3.02032214470051258e+02,1.04193986771861091e-10
2165,-8.28389436939804824e+00,1.22508632431708908e+00,3.02551526990337891e+02,3.02551526990466243e+02,1.28352439787704498e-10
2166,-6.14855495973403876e+00,3.63121553315890910e-01,3.03457505225467003e+02,3.03457505225697730e+02,2.30727437156019732e-10
2167,-6.19237974973609706e+00,2.78928466668240782e-01,3.03341614397338958e+02,3.03341614397565536e+02,2.26577867579180747e-10
2168,-6.29533146190209347e+00,4.87933621717569155e-01,3.03418111218883723e+02,3.03418111219096090e+02,2.12367012863978744e-10
2169,-6.40325729323711457e+00,7.29866485693679401e-01,3.03514092665245698e+02,3.03514092665445560e+02,1.99861460714600980e-10
2170,-6.16049000539548341e+00,8.24675252051561336e-01,3.03821382108406965e+02,3.03821382108620810e+02,2.13844941754359752e-10
2171,-6.28716399536314086e+00,1.89523353315051701e+00,3.04354008452638141e+02,3.04354008452824928e+02,1.86787474376615137e-10
2172,-6.05109843361903099e+00,2.71454809779357376e-01,3.03488285490176054e+02,3.03488285490424687e+02,2.48633114097174257e-10
2173,-6.23372653435482160e+00,1.49074607571172968e+00,3.04213499428589955e+02,3.04213499428784019e+02,1.94063431990798563e-10
2174,-9.63139403797867466e+00,1.88761207014120469e+00,3.02429711531529676e+02,3.02429711531649787e+02,1.20110144052887335e-10
2175,-6.94463709247823324e+00,1.77196597484329410e+00,3.03646863904653969e+02,3.03646863904823533e+02,1.69563918461790308e-10
2176,-5.94127562840038959e+00,3.19102376993148085e-01,3.03635904518844086e+02,3.03635904519108863e+02,2.64776645053643733e-10
2177,-5.92196611173769760e+00,3.93995444214244983e-01,3.03702069536947420e+02,3.03702069537206910e+02,2.59490207099588588e-10
2178,-5.92499999999999627e+00,5.02084995528519928e-01,3.03781254664124731e+02,3.03781254664373705e+02,2.48974174610339105e-10
2179,-5.92499999999999893e+00,1.08813310791972206e+00,3.04277764159727383e+02,3.04277764159942819e+02,2.15436557482462376e-10
2180,-5.92499999999999805e+00,8.27831814759672824e-01,3.04060625652037288e+02,3.04060625652264832e+02,2.27544205699814484e-10
2181,-5.92499999999999716e+00,6.39027212399907119e-01,3.03896390866787101e+02,3.03896390867025957e+02,2.38856046053115278e-10
2182,-5.94906885157877330e+00,2.68668617175318813e-01,3.03600086161504294e+02,3.03600086161772936e+02,2.68641997536178678e-10
2183,-5.89735539647288132e+00,2.67539454288094780e-01,3.03653165711232305e+02,3.03653165711512031e+02,2.79726464214036241e-10
2184,-5.88985055864038642e+00,3.26095597646896773e-01,3.03686707031028845e+02,3.03686707031301012e+02,2.72166289505548775e-10
2185,-5.59944268483851904e+00,2.82693166192850787e-01,3.03783911304932303e+02,3.03783911305229367e+02,2.97063706966582686e-10
2186,-5.45904456856711828e+00,4.88598976621590519e-01,3.04141845370040585e+02,3.04141845370313433e+02,2.72848410531878471e-10
2187,-5.77368125661033194e+00,3.97889509148464882e-01,3.03818527544490223e+02,3.03818527544763924e+02,2.73701061814790592e-10
2188,-5.45726045714866892e+00,2.78008226553701221e-01,3.03821513919665335e+02,3.03821513919964161e+02,2.98825852951267734e-10
2189,-5.53985311007614278e+00,8.19228544675643433e-01,3.04457371042533339e+02,3.04457371042775378e+02,2.42039277509320527e-10
2190,-5.74269250284899968e+00,2.77085052086241512e-01,3.03740600994168574e+02,3.03740600994463080e+02,2.94505753117846325e-10
2191,-5.67142857142855572e+00,2.81858957413167521e-01,3.03763953747044184e+02,3.03763953747340054e+02,2.95869995170505717e-10
2192,-5.63507169972334143e+00,3.45888902668017917e-01,3.03844124428343150e+02,3.03844124428630323e+02,2.87172952084802091e-10
2193,-5.57064911200181712e+00,3.32338845315444720e-01,3.03856609899674652e+02,3.03856609899965122e+02,2.90469870378728956e-10
2194,-5.57373323164277767e+00,4.18032375196975670e-01,3.03963779894330344e+02,3.03963779894609502e+02,2.79158030025428161e-10
2195,-5.52857142857142492e+00,2.81858957413162359e-01,3.03802801261644731e+02,3.03802801261942761e+02,2.98030045087216422e-10
2196,-5.60000000000000231e+00,1.44699336421453495e+00,3.04971022663203428e+02,3.04971022663413237e+02,2.09809059015242383e-10
2197,-5.71504719599880939e+00,3.39777920828451818e-01,3.03802112081697146e+02,3.03802112081982500e+02,2.85353962681256235e-10
2198,-5.75169162466351480e+00,4.80667635519603398e-01,3.03906819967529373e+02,3.03906819967793865e+02,2.64492427959339693e-10
2199,-5.64548625966175877e+00,5.66725541802586497e-01,3.04080520576384572e+02,3.04080520576644801e+02,2.60229171544779092e-10
2200,-5.41051763731761781e+00,3.22934146718985293e-01,3.03929424914043864e+02,3.03929424914336778e+02,2.92914137389743701e-10
2201,-5.41162003892128141e+00,3.96898067466238791e-01,3.04049689924847485e+02,3.04049689925131190e+02,2.83705503534292802e-10
2202,-5.79145346469158895e+00,3.24709036387826666e-01,3.03753309881055998e+02,3.03753309881339590e+02,2.83591816696571186e-10
2203,-5.49285714285714377e+00,3.40088849184288999e-01,3.03906747067289189e+02,3.03906747067579602e+02,2.90413026959868148e-10
2204,-5.60000000000000231e+00,1.93749249312279592e+00,3.05279396740979450e+02,3.05279396741177493e+02,1.98042471311055124e-10
2205,-5.46887678766100382e+00,6.30521497579927037e-01,3.04314081118375611e+02,3.04314081118634135e+02,2.58523868978954852e-10
2206,-5.67839625986783858e+00,4.17662077955554989e-01,3.03896162870011892e+02,3.03896162870287867e+02,2.75974798569222912e-10
2207,-5.58997551834602291e+00,1.10312572342817705e+00,3.04688164057761128e+02,3.04688164057984977e+02,2.23849383473861963e-10
2208,-5.40136818497861260e+00,2.71109860214359177e-01,3.03834587156394434e+02,3.03834587156694340e+02,2.99905877909623086e-10
2209,-5.79863181502139113e+00,2.71109860214362286e-01,3.03719249073869094e+02,3.03719249074162292e+02,2.93198354484047741e-10
2210,-5.29999999999999893e+00,6.39027212399907119e-01,3.04497585446773371e+02,3.04497585447032520e+02,2.59149146586423740e-10
2211,-5.29999999999999627e+00,4.06477622084427781e-01,3.04169469580372663e+02,3.04169469580654606e+02,2.81943357549607754e-10
2212,-5.29999999999999361e+00,3.25749938447661869e-01,3.04051463223132600e+02,3.04051463223423696e+02,2.91095147986197844e-10
2213,-5.29999999999999361e+00,5.02084995528519928e-01,3.04307272722287507e+02,3.04307272722559446e+02,2.71938915830105543e-10
2214,-5.30010985259927203e+00,2.69816283719793215e-01,3.03972119522702258e+02,3.03972119522999321e+02,2.97063706966582686e-10
2215,-5.00055731516148416e+00,2.82693166192847900e-01,3.04196950445769460e+02,3.04196950446059986e+02,2.90526713797589764e-10
2216,-4.86020314572116607e+00,4.89474541189468870e-01,3.04758067020297290e+02,3.04758067020558485e+02,2.61195509665412828e-10
2217,-5.17661478566005506e+00,3.92327176084581564e-01,3.04268610551952406e+02,3.04268610552233724e+02,2.81318079942138866e-10
2218,-4.85730749715099464e+00,2.77085052086249617e-01,3.04249125076412099e+02,3.04249125076700125e+02,2.88025603367714211e-10
2219,-4.93989937338275986e+00,8.19177430209840685e-01,3.05221812136470646e+02,3.05221812136709104e+02,2.38458142121089622e-10
2220,-5.14273954285132984e+00,2.78008226553697391e-01,3.04135479209508105e+02,3.04135479209801247e+02,2.93141511065186933e-10
2221,-4.92857142857143238e+00,2.81858957413174016e-01,3.04223942757239172e+02,3.04223942757528448e+02,2.89276158582651988e-10
2222,-4.97274829185092937e+00,3.33027650160190758e-01,3.04314366964141811e+02,3.04314366964425687e+02,2.83876033790875226e-10
2223,-5.04007843207085759e+00,3.41852628677006609e-01,3.04288581892853642e+02,3.04288581893138144e+02,2.84501311398344114e-10
2224,-5.00524131660524940e+00,4.25836707372221124e-01,3.04472081727429895e+02,3.04472081727703994e+02,2.74098965746816248e-10
2225,-5.07222921501394186e+00,2.80440478434634488e-01,3.04166284948723671e+02,3.04166284949015619e+02,2.91947799269109964e-10
2226,-5.00000000000000000e+00,1.44699336421453495e+00,3.05902691473411153e+02,3.05902691473621815e+02,2.10661710298154503e-10
2227,-4.89250355279821925e+00,3.62255792328794624e-01,3.04443731990465665e+02,3.04443731990742776e+02,2.77111666946439072e-10
2228,-4.81544202188115644e+00,4.01154574532020358e-01,3.04620796578085674e+02,3.04620796578353577e+02,2.67903033090988174e-10
2229,-5.13085379481072934e+00,4.65493242353652470e-01,3.04422582992330263e+02,3.04422582992603225e+02,2.72962097369600087e-10
2230,-5.04308478789567882e+00,5.88151936903557604e-01,3.04719044207349441e+02,3.04719044207608704e+02,2.59262833424145356e-10
2231,-5.18915463944812760e+00,3.23194504905549074e-01,3.04164213633660324e+02,3.04164213633949544e+02,2.89219315163791180e-10
2232,-4.80676251221305506e+00,3.25749938447661869e-01,3.04433458852300532e+02,3.04433458852578326e+02,2.77793787972768769e-10
2233,-5.11876490782288229e+00,3.32724481456221521e-01,3.04225703133482114e+02,3.04225703133769002e+02,2.86888734990498051e-10
2234,-5.09306763572001131e+00,3.86198860360878526e-01,3.04327567767950597e+02,3.04327567768231120e+02,2.80522272078087553e-10
2235,-5.00000000000000000e+00,1.93749249312279592e+00,3.06292210864288677e+02,3.06292210864487743e+02,1.99065652850549668e-10
2236,-4.86863746139992060e+00,6.34971666620536168e-01,3.05024806679230892e+02,3.05024806679479923e+02,2.49031018029199913e-10
2237,-4.98998322889712576e+00,1.10311720435054395e+00,3.05535997804024646e+02,3.05535997804248439e+02,2.23792540055001155e-10
2238,-4.80136818497860673e+00,2.71109860214372111e-01,3.04268929545099240e+02,3.04268929545386186e+02,2.86945578409358859e-10
2239,-5.19863181502138794e+00,2.71109860214366227e-01,3.04100452370523499e+02,3.04100452370818005e+02,2.94505753117846325e-10
2240,-4.41249999999999964e+00,2.84951905283830409e-01,3.05154921287236618e+02,3.05154921287464106e+02,2.27487362280953676e-10
2241,-4.11859543866117939e+00,6.39027212399906897e-01,3.06455039970092457e+02,3.06455039970290386e+02,1.97928784473333508e-10
2242,-4.26250000000000373e+00,2.84951905283830131e-01,3.05460630862960727e+02,3.05460630863170934e+02,2.10206962947268039e-10
2243,-4.64040853204379822e+00,5.62719738918955659e-01,3.05254855535546881e+02,3.05254855535787044e+02,2.40163444686913863e-10
2244,-4.07927800363105231e+00,3.99040436075999927e-01,3.06067960245098675e+02,3.06067960245293420e+02,1.94745553017128259e-10
2245,-4.49457611793522194e+00,1.04401098268004300e+00,3.06357581363444467e+02,3.06357581363655413e+02,2.10945927392458543e-10
2246,-4.63791872208973999e+00,2.78522484781709712e-01,3.04641589104795742e+02,3.04641589105057164e+02,2.61422883340856060e-10
2247,-4.11208127791025913e+00,2.78522484781714930e-01,3.05752849797926615e+02,3.05752849798122099e+02,1.95484517462318763e-10
2248,-4.24621567417540025e+00,4.85371437309170706e-01,3.05888517977371748e+02,3.05888517977580648e+02,2.08899564313469455e-10
2249,-4.37814418037755093e+00,7.02288580429441422e-01,3.06026315880020491e+02,3.06026315880235074e+02,2.14583906199550256e-10
2250,-4.56256978701495797e+00,2.83880335200138612e-01,3.04831077795321278e+02,3.04831077795569740e+02,2.48462583840591833e-10
2251,-4.48751163116916274e+00,2.84773310269883506e-01,3.04997401951346660e+02,3.04997401951584038e+02,2.37378117162734270e-10
2252,-4.45366521799362403e+00,3.50862331486086587e-01,3.05197964846446780e+02,3.05197964846678303e+02,2.31523245020071045e-10
2253,-4.38323304359872257e+00,3.37105133694578896e-01,3.05316317312424303e+02,3.05316317312647811e+02,2.23508322960697114e-10
2254,-4.38484843900386956e+00,4.42724448792212177e-01,3.05519332787883570e+02,3.05519332788105828e+02,2.22257767745759338e-10
2255,-4.53031583081112910e+00,3.40047037358013671e-01,3.05015805627411112e+02,3.05015805627652526e+02,2.41413999901851639e-10
2256,-4.33887217393312152e+00,2.82818792471649594e-01,3.05301518721790046e+02,3.05301518722008382e+02,2.18335571844363585e-10
2257,-4.18743021298504914e+00,2.83880335200147271e-01,3.05610500968716565e+02,3.05610500968919439e+02,2.02874161914223805e-10
2258,-4.14156907496280979e+00,3.41992120154118007e-01,3.05821818124085382e+02,3.05821818124285016e+02,1.99634087039157748e-10
2259,-4.30677822178518888e+00,3.63812588019853722e-01,3.05525378666089807e+02,3.05525378666304960e+02,2.15152340388158336e-10
2260,-4.22500000000001741e+00,3.49903810567681106e-01,3.05665942408754688e+02,3.05665942408961882e+02,2.07194261747645214e-10
2261,-4.60326902484623357e+00,3.47617004887394276e-01,3.04875657569896418e+02,3.04875657570147268e+02,2.50850007432745770e-10
2262,-4.66389751991957713e+00,4.12069580130923374e-01,3.04897269803676977e+02,3.04897269803930044e+02,2.53066900768317282e-10
2263,-4.54112850763852016e+00,4.36119027484440425e-01,3.05191628139528234e+02,3.05191628139766124e+02,2.37889707932481542e-10
2264,-4.10526485274460295e+00,4.90410798782269952e-01,3.06195952860349450e+02,3.06195952860546868e+02,1.97417193703586236e-10
2265,-4.06118969480935288e+00,3.24651685183404926e-01,3.05953201392539029e+02,3.05953201392730989e+02,1.91960225492948666e-10
2266,-4.68387042577407975e+00,3.26706366847749008e-01,3.04650960637860180e+02,3.04650960638124332e+02,2.64151367446174845e-10
2267,-4.32637704169025916e+00,1.45412436496901298e+00,3.07266866197625006e+02,3.07266866197821059e+02,1.96052951650926843e-10
2268,-4.51927316751941444e+00,1.91699651135987903e+00,3.07275566862311280e+02,3.07275566862505002e+02,1.93722371477633715e-10
2269,-4.21639287849078137e+00,1.91490508464937803e+00,3.07996136020022618e+02,3.07996136020210542e+02,1.87924342753831297e-10
2270,-4.60262576607131457e+00,7.92936586309557101e-01,3.05744932205571160e+02,3.05744932205796374e+02,2.25213625526521355e-10
2271,-4.14353931247317941e+00,8.17022506053682873e-01,3.06727294910481362e+02,3.06727294910679404e+02,1.98042471311055124e-10
2272,-4.05186271221106242e+00,2.70529254391152385e-01,3.05859607961808820e+02,3.05859607961998961e+02,1.90141236089402810e-10
2273,-4.69813728778892603e+00,2.70529254391143226e-01,3.04463524613654613e+02,3.04463524613928143e+02,2.73530531558208168e-10
2274,-4.22095694332716587e+00,1.08813310791972073e+00,3.07006486927439312e+02,3.07006486927637241e+02,1.97928784473333508e-10
2275,-4.15946552110277601e+00,4.13343720577847906e-01,3.05928020926382771e+02,3.05928020926584338e+02,2.01566763280425221e-10
2276,-8.51851851855402020e-01,2.84150029910225588e-01,3.16804856681987360e+02,3.16804856682086154e+02,9.87938619800843298e-11
2277,-1.14814778981549104e+00,2.84151475527485153e-01,3.15281563824934551e+02,3.15281563825035391e+02,1.00840225059073418e-10
2278,-1.44635462671260173e+00,2.83048095762909790e-01,3.13875645164878790e+02,3.13875645164981847e+02,1.03057118394644931e-10
2279,-1.74074074074799467e+00,2.84150029910225144e-01,3.12622085961725077e+02,3.12622085961832397e+02,1.07320374809205532e-10
2280,-2.03718166734929795e+00,2.84366972231940018e-01,3.11471586335424490e+02,3.11471586335536813e+02,1.12322595668956637e-10
2281,-2.33347796364363935e+00,2.84366972231861914e-01,3.10419595142698938e+02,3.10419595142816434e+02,1.17495346785290167e-10
2282,-2.62977425993787906e+00,2.84366972231860693e-01,3.09462410454537462e+02,3.09462410454661608e+02,1.24146026792004704e-10
2283,-2.92592592592783207e+00,2.84150029909512991e-01,3.08588680057656575e+02,3.08588680057788793e+02,1.32217792270239443e-10
2284,-3.22215018810283471e+00,2.84109269206641979e-01,3.07790806768727180e+02,3.07790806768869516e+02,1.42335920827463269e-10
2285,-6.29629629632253662e-01,2.84150029910225588e-01,3.18040238572520764e+02,3.18040238572619614e+02,9.88507053989451379e-11
2286,-4.07262777104944573e-01,2.84366972232382498e-01,3.19359640084108094e+02,3.19359640084207172e+02,9.90780790743883699e-11
2287,-3.44444444444276909e+00,2.84150029909528312e-01,3.07237811568913855e+02,3.07237811569065855e+02,1.51999302033800632e-10
2288,-2.76794359520924460e-01,1.08629042027052192e+00,3.25326899296550778e+02,3.25326899296671172e+02,1.20394361147191375e-10
2289,-3.74375189220380244e+00,1.10446491973519589e+00,3.08219652226523635e+02,3.08219652226701555e+02,1.77919901034329087e-10
2290,-3.66681129696944064e+00,2.84366972232382609e-01,3.06719810271107633e+02,3.06719810271271285e+02,1.63652202900266275e-10
2291,-1.22510651202085291e-01,6.35929616023499733e-01,3.23761783948691061e+02,3.23761783948801394e+02,1.10333076008828357e-10
2292,-3.86139708137470539e+00,6.83567967001210697e-01,3.07129645430022151e+02,3.07129645430203936e+02,1.81785253516864032e-10
2293,-1.88888924723419871e+00,2.84151475527332220e-01,3.12033394568458334e+02,3.12033394568568269e+02,1.09935172076802701e-10
2294,-9.99855369700007213e-01,2.84366972232382498e-01,3.16027806946573264e+02,3.16027806946673081e+02,9.98170435195788741e-11
2295,-1.29279688834862694e+00,2.82289059670644327e-01,3.14575987846816361e+02,3.14575987846918281e+02,1.01920250017428771e-10
2296,-2.59187225141166377e-01,2.84109269207393156e-01,3.20286980474621828e+02,3.20286980474721531e+02,9.97033566818572581e-11
2297,-1.59273722290339093e+00,2.84366972232381776e-01,3.13240637912789964e+02,3.13240637912895011e+02,1.05046638054773211e-10
2298,-2.77784981189994795e+00,2.84109269206641923e-01,3.09015105665899796e+02,3.09015105666027694e+02,1.27897692436818033e-10
2299,-2.18525721931146899e+00,2.84109269206644088e-01,3.10932869794901023e+02,3.10932869795015733e+02,1.14710019261110574e-10
2300,-2.48155351560570914e+00,2.84109269206642923e-01,3.09928741367376972e+02,3.09928741367497537e+02,1.20564891403773800e-10
2301,-3.07392944377066302e+00,2.84366972231860415e-01,3.08182115976050738e+02,3.08182115976187617e+02,1.36878952616825700e-10
2302,-3.81481481481404439e+00,2.84150029910225144e-01,3.06390349762070741e+02,3.06390349762243488e+02,1.72747149917995557e-10
2303,-2.63556308176764587e+00,1.73839499794244690e+00,3.13083169076155627e+02,3.13083169076305694e+02,1.50066625792533159e-10
2304,-1.34285995253022605e+00,1.61112577023358106e+00,3.19660870816141710e+02,3.19660870816272507e+02,1.30796706798719242e-10
2305,-7.86377366439530157e-02,3.98706107389404374e-01,3.22362047855938613e+02,3.22362047856043318e+02,1.04705577541608363e-10
2306,-3.92473483348964303e+00,3.99306628425751653e-01,3.06401763200465666e+02,3.06401763200648588e+02,1.82922121894080192e-10
2307,-5.72342223353985213e-01,7.83674404261321511e-01,3.21443467768912626e+02,3.21443467769025460e+02,1.12834186438703910e-10
2308,-3.35274789213982283e+00,8.44370044791718066e-01,3.08797458478400415e+02,3.08797458478560372e+02,1.59957380674313754e-10
2309,-7.00888580680286144e-01,1.34620543616605493e+00,3.23226550075899638e+02,3.23226550076024182e+02,1.24543930724030361e-10
2310,-1.13941995078265590e+00,8.93966636295238426e-01,3.18347968239552017e+02,3.18347968239669001e+02,1.16983756015542895e-10
2311,-1.74751102496098776e+00,1.15096628989844696e+00,3.15892569404641563e+02,3.15892569404769006e+02,1.27442945085931569e-10
2312,-3.18252913261182790e+00,1.31933178254750372e+00,3.10267143516733938e+02,3.10267143516893157e+02,1.59218416229123250e-10
2313,-2.87157362290514406e+00,7.80156367037730725e-01,3.10147856257270519e+02,3.10147856257413480e+02,1.42961198434932157e-10
2314,-3.73764426342812595e+00,4.83609202900409596e-01,3.07011191872667268e+02,3.07011191872839504e+02,1.72235559148248285e-10
2315,-1.10839140898205984e-01,2.78281238461249081e-01,3.21214342285882537e+02,3.21214342285983264e+02,1.00726538221351802e-10
2316,-2.63859016429543514e-01,5.01442995169000261e-01,3.21812344816748407e+02,3.21812344816854704e+02,1.06297193269710988e-10
2317,-1.60595035117522800e+00,7.37820924498809427e-01,3.15145488117576519e+02,3.15145488117694072e+02,1.17552190204150975e-10
2318,-1.99171146796051102e+00,7.08193363446376289e-01,3.13269011408612755e+02,3.13269011408734968e+02,1.22213350550737232e-10
2319,-3.59247206733745195e+00,2.84403129285989098e-01,3.06889684137789231e+02,3.06889684137948791e+02,1.59559476742288098e-10
2320,-3.62208790017420013e+00,3.36054408526603177e-01,3.06945389293825087e+02,3.06945389293987773e+02,1.62685864779632539e-10
2321,-3.55154616236300802e+00,3.48735187721076922e-01,3.07142184884843971e+02,3.07142184885003132e+02,1.59161572810262442e-10
2322,-3.68956576362423405e+00,3.58356571200063756e-01,3.06841244577353336e+02,3.06841244577520229e+02,1.66892277775332332e-10
2323,-3.61085917431541903e+00,4.29084615716135875e-01,3.07190618595620265e+02,3.07190618595784542e+02,1.64277480507735163e-10
2324,-3.48688054594042907e+00,4.39543004237434587e-01,3.07519612371810183e+02,3.07519612371968663e+02,1.58479451783932745e-10
2325,-1.07404955096750676e+00,2.84320694438325083e-01,3.15650331398986793e+02,3.15650331399087179e+02,1.00385477708186954e-10
2326,-1.04030006111515605e+00,3.51026361172175616e-01,3.16198160634667488e+02,3.16198160634769692e+02,1.02204467111732811e-10
2327,-9.59493699976032066e-01,3.51198626723205287e-01,3.16624870775810166e+02,3.16624870775911859e+02,1.01692876341985539e-10
2328,-1.00603304672701510e+00,4.18599209442854725e-01,3.16754320071193547e+02,3.16754320071297684e+02,1.04137143353000283e-10
2329,-1.09933529844895705e+00,4.03083807506456282e-01,3.16177925608269504e+02,3.16177925608373755e+02,1.04250830190721899e-10
2330,-9.00964525010109263e-01,4.22549219148958877e-01,3.17356562738376283e+02,3.17356562738479965e+02,1.03682396002113819e-10
2331,-1.33642079546337000e+00,5.67952025252422832e-01,3.15782078770726400e+02,3.15782078770836563e+02,1.10162545752245933e-10
2332,-1.51886098728589802e+00,2.84137002142963391e-01,3.13559396254628496e+02,3.13559396254732519e+02,1.04023456515278667e-10
2333,-1.56337308220411209e+00,3.35902217355724619e-01,3.13610333222070665e+02,3.13610333222176905e+02,1.06240349850850180e-10
2334,-1.63367472547468884e+00,3.48712765313602180e-01,3.13363713720897692e+02,3.13363713721005240e+02,1.07547748484648764e-10
2335,-1.42962123173478695e+00,4.37020651609725641e-01,3.14702789799248592e+02,3.14702789799356196e+02,1.07604591903509572e-10
2336,-1.57703455462671882e+00,4.09251899012530784e-01,3.13887187207106535e+02,3.13887187207215277e+02,1.08741460280725732e-10
2337,-1.69964593614619885e+00,4.22229115673551370e-01,3.13405826841295834e+02,3.13405826841406736e+02,1.10901510197436437e-10
2338,-1.90674062337672967e+00,5.01983733989447956e-01,3.12858611484097366e+02,3.12858611484213441e+02,1.16074261313769966e-10
2339,-7.77633147476858522e-01,2.84366972232382220e-01,3.17209976990038967e+02,3.17209976990137591e+02,9.86233317235019058e-11
2340,-8.20406341055517574e-01,3.49960656877123411e-01,3.17376848356293692e+02,3.17376848356394532e+02,1.00840225059073418e-10
2341,-7.37659872773839043e-01,3.51020478453909102e-01,3.17849114709004482e+02,3.17849114709105322e+02,1.00840225059073418e-10
2342,-7.93789148068610007e-01,4.17517804990364061e-01,3.17932566180335925e+02,3.17932566180438982e+02,1.03057118394644931e-10
2343,-6.49139783687584182e-01,4.65845953641357780e-01,3.19083673814038548e+02,3.19083673814143197e+02,1.04648734122747555e-10
2344,-4.81602006736955024e-01,2.84403129286075307e-01,3.18909529615889141e+02,3.18909529615988333e+02,9.91917659121099859e-11
2345,-4.44440544922522218e-01,3.49058319895991009e-01,3.19580264503801914e+02,3.19580264503902981e+02,1.01067598734516650e-10
2346,-5.18946082564815558e-01,3.48666349684740251e-01,3.19121311174961249e+02,3.19121311175062203e+02,1.00953911896795034e-10
2347,-3.77522487814158092e-01,3.35905626429826576e-01,3.19907324108902287e+02,3.19907324109003014e+02,1.00726538221351802e-10
2348,-3.90970477401264838e-01,4.13062446019544394e-01,3.20356800542086489e+02,3.20356800542189717e+02,1.03227648651227355e-10
2349,-1.22163892784556305e+00,2.83974580010103894e-01,3.14923443088207534e+02,3.14923443088309114e+02,1.01579189504263923e-10
2350,-1.25574537693974997e+00,3.45069970806013315e-01,3.15082187999990822e+02,3.15082188000094447e+02,1.03625552583253011e-10
2351,-1.36316727646808578e+00,3.62168502447142882e-01,3.14653616067862743e+02,3.14653616067967619e+02,1.04876107798190787e-10
2352,-9.25250989489065923e-01,2.84628696356916511e-01,3.16417414956526102e+02,3.16417414956625407e+02,9.93054527498316020e-11
2353,-7.03093811096447419e-01,2.84598474091913411e-01,3.17625855914135457e+02,3.17625855914234137e+02,9.86801751423627138e-11
2354,-5.55555555557870617e-01,2.84150029910225588e-01,3.18469944361306148e+02,3.18469944361404998e+02,9.88507053989451379e-11
2355,-3.34417208052034176e-01,2.82072068937512521e-01,3.19794642615695864e+02,3.19794642615795112e+02,9.92486093309707940e-11
2356,-1.85127851130533400e-01,2.83299575421855909e-01,3.20760591247677894e+02,3.20760591247778223e+02,1.00328634289326146e-10
2357,-1.66743757525555103e+00,2.84214386121982188e-01,3.12924354251700549e+02,3.12924354251806733e+02,1.06183506431989372e-10
2358,-1.36775213126971784e+00,2.92217360854090280e-01,3.14278852803119207e+02,3.14278852803222094e+02,1.02886588138062507e-10
2359,-1.81481487454528878e+00,2.84284741716679223e-01,3.12324598659249318e+02,3.12324598659358230e+02,1.08911990537308156e-10
2360,-1.77111773191108002e+00,3.50112844225023478e-01,3.12789471243114860e+02,3.12789471243224682e+02,1.09821485239081085e-10
2361,-3.88916085910179588e+00,2.78281238461248526e-01,3.06216921680452970e+02,3.06216921680630833e+02,1.77863057615468279e-10
2362,-3.73848114333551740e+00,2.85821687103060884e-01,3.06562351446552270e+02,3.06562351446720186e+02,1.67915459314826876e-10
2363,-1.96298748608209372e+00,2.84320694438050525e-01,3.11749585545028367e+02,3.11749585545139666e+02,1.11299414129462093e-10
2364,-2.00775436752526915e+00,3.35938710615741876e-01,3.11792572143210009e+02,3.11792572143323241e+02,1.13232090370729566e-10
2365,-2.07811123185406021e+00,3.48716395043683680e-01,3.11578166834295871e+02,3.11578166834410695e+02,1.14823706098832190e-10
2366,-2.00735990147969501e+00,4.44804261693851510e-01,3.12229788983174444e+02,3.12229788983290746e+02,1.16301634989213198e-10
2367,-2.14653550507415281e+00,4.69286650087290702e-01,3.11781299614463819e+02,3.11781299614583418e+02,1.19598553283140063e-10
2368,-2.37849232133477617e+00,6.17793401796140729e-01,3.11408652664325700e+02,3.11408652664452973e+02,1.27272414829349145e-10
2369,-3.51775757788452514e+00,2.84224149365175482e-01,3.07063526287779609e+02,3.07063526287935247e+02,1.55637280840892345e-10
2370,-3.37022574006490849e+00,2.84366972231873127e-01,3.07418945804504347e+02,3.07418945804652935e+02,1.48588696902152151e-10
2371,-3.41083361903312277e+00,3.51160357576544069e-01,3.07490503008161909e+02,3.07490503008314306e+02,1.52397205965826288e-10
2372,-3.32989185503901597e+00,3.51219958869721793e-01,3.07694062310331219e+02,3.07694062310480092e+02,1.48872913996456191e-10
2373,-3.36356528665733778e+00,4.52918643002907961e-01,3.07864585707246249e+02,3.07864585707399442e+02,1.53193013829877600e-10
2374,-3.26507016440574205e+00,4.23716231293431722e-01,3.08050459128500620e+02,3.08050459128648924e+02,1.48304479807848111e-10
2375,-2.55559166629728596e+00,2.84313864383142378e-01,3.09693479180033648e+02,3.09693479180156089e+02,1.22440724226180464e-10
2376,-2.58933114145688714e+00,3.51025427160963466e-01,3.09812218819279849e+02,3.09812218819404904e+02,1.25055521493777633e-10
2377,-2.67013560504497605e+00,3.51197470467112527e-01,3.09558066529400264e+02,3.09558066529527480e+02,1.27215571410488337e-10
2378,-2.62359683257469678e+00,4.18598791388665015e-01,3.09923564088443698e+02,3.09923564088571595e+02,1.27897692436818033e-10
2379,-2.53046833054832598e+00,4.02995061851746827e-01,3.10177452564966700e+02,3.10177452565091869e+02,1.25169208331499249e-10
2380,-2.72787001907574300e+00,4.23311001605984505e-01,3.09606705735899766e+02,3.09606705736030506e+02,1.30739863379858434e-10
2381,-2.11189211560383905e+00,2.84207197039350601e-01,3.11196676420770643e+02,3.11196676420884046e+02,1.13402620627311990e-10
2382,-2.25929537000304537e+00,2.84313864383143211e-01,3.10673796148816280e+02,3.10673796148932354e+02,1.16074261313769966e-10
2383,-2.29647031648333089e+00,3.48833169873199456e-01,3.10785080568664341e+02,3.10785080568782973e+02,1.18632215162506327e-10
2384,-2.37082971385110897e+00,3.48722694735023819e-01,3.10526091901713471e+02,3.10526091901833581e+02,1.20110144052887335e-10
2385,-3.14811203741125789e+00,2.84313864383143877e-01,3.07984374451344934e+02,3.07984374451484598e+02,1.39664280141005293e-10
2386,-3.11470883435658852e+00,3.55452319558531793e-01,3.08273764588739937e+02,3.08273764588880567e+02,1.40630618261639029e-10
2387,-3.03362355724202404e+00,3.51936286453411074e-01,3.08487300391665428e+02,3.08487300391803046e+02,1.37617917062016204e-10
2388,-3.06735661938291670e+00,4.24821249153825131e-01,3.08599128312037521e+02,3.08599128312178323e+02,1.40801148518221453e-10
2389,-2.96987940545997597e+00,4.25088618294001075e-01,3.08879053483769553e+02,3.08879053483907171e+02,1.37617917062016204e-10
2390,-2.70439000495940896e+00,2.84620709609907985e-01,3.09235695086271505e+02,3.09235695086397641e+02,1.26135546452132985e-10
2391,-2.40759210951523217e+00,2.84208246987892932e-01,3.10170861302993956e+02,3.10170861303112986e+02,1.19030119094531983e-10
2392,-2.99933436075971915e+00,2.84751639644807819e-01,3.08386272445164366e+02,3.08386272445298857e+02,1.34491529024671763e-10
2393,-2.85186385754081018e+00,2.84277707329417206e-01,3.08800011135545617e+02,3.08800011135675732e+02,1.30114585772389546e-10
2394,-2.89602739148829258e+00,3.50588255596408382e-01,3.08875257416201237e+02,3.08875257416334534e+02,1.33297817228594795e-10
2395,-3.29561457172357608e+00,2.84624457677009224e-01,3.07605264871575912e+02,3.07605264871721261e+02,1.45348622027086094e-10
2396,-1.40077026012496914e-01,3.41332248082356016e-01,3.21501634071850049e+02,3.21501634071952424e+02,1.02374997368315235e-10
2397,-3.86001882176656963e+00,3.45788976950966720e-01,3.06428603083992812e+02,3.06428603084170334e+02,1.77521997102303430e-10
2398,-2.61374880090596173e+00,5.20658393495631588e-01,3.10280608234862427e+02,3.10280608234992712e+02,1.30285116028971970e-10
2399,-1.84325269775130884e+00,3.36100892850022703e-01,3.12435776635874788e+02,3.12435776635985462e+02,1.10674136521993205e-10
2400,-1.17624997201385906e+00,3.46372539438602189e-01,3.15480664243487354e+02,3.15480664243590411e+02,1.03057118394644931e-10
2401,-1.20010056636423390e+00,4.34493733058203324e-01,3.15825001597588312e+02,3.15825001597693927e+02,1.05615072243381292e-10
2402,-2.13228024667530408e-01,3.34088651514521606e-01,3.20957242434545037e+02,3.20957242434646616e+02,1.01579189504263923e-10
2403,-1.49235216392503367e+00,3.48507228495405386e-01,3.13988869531974956e+02,3.13988869532080741e+02,1.05785602499963716e-10
2404,-3.19342755345632190e+00,3.55309550206256708e-01,3.08060828595337114e+02,3.08060828595480643e+02,1.43529632623540238e-10
2405,-2.22222222222901467e+00,3.48305009667009224e-01,3.11046560441758970e+02,3.11046560441876409e+02,1.17438503366429359e-10
2406,-2.25856051498015198e+00,4.13651619104452639e-01,3.11158659564112213e+02,3.11158659564232210e+02,1.19996457215165719e-10
2407,-2.52036426061466479e+00,3.34098833671265028e-01,3.09976848572521988e+02,3.09976848572644940e+02,1.22952314995927736e-10
2408,-2.80765618883879586e+00,3.50664733099455839e-01,3.09135357615274188e+02,3.09135357615405155e+02,1.30967237055301666e-10
2409,-2.84033997158268114e+00,4.17549858496559512e-01,3.09239823533999754e+02,3.09239823534133336e+02,1.33582034322898835e-10
2410,-2.84386438842663170e+00,5.17461054493107309e-01,3.09520432795831425e+02,3.09520432795967508e+02,1.36083144752774388e-10
2411,-1.10761653447219399e+00,3.33790975616608920e-01,3.15757328262053420e+02,3.15757328262155681e+02,1.02261310530593619e-10
2412,-1.92092821380007583e+00,3.64918569644029633e-01,3.12247613391157415e+02,3.12247613391270249e+02,1.12834186438703910e-10
2413,-8.47919448255165964e-01,5.87028480051826396e-01,3.18593640687909726e+02,3.18593640688018240e+02,1.08514086605282500e-10
2414,-1.05424926713061295e+00,5.35508631429981286e-01,3.17120139630882193e+02,3.17120139630989854e+02,1.07661435322370380e-10
2415,-3.77851095509021917e+00,3.64827474244421246e-01,3.06652574228975936e+02,3.06652574229148229e+02,1.72292402567109093e-10
2416,-8.91593481477225391e-01,3.38497445803285890e-01,3.16916539964346669e+02,3.16916539964447509e+02,1.00840225059073418e-10
2417,-1.70252334190710286e+00,3.37883828248876861e-01,3.13021282244199256e+02,3.13021282244307486e+02,1.08229869510978460e-10
2418,-3.48229246993277108e+00,3.41562545761951886e-01,3.07291081122954267e+02,3.07291081123109734e+02,1.55466750584309921e-10
2419,-2.96495812817556903e+00,3.39302965979628279e-01,3.08643593895514869e+02,3.08643593895649929e+02,1.35059963213279843e-10
2420,-2.91172227082411916e-01,3.61109612703944094e-01,3.20641715932481304e+02,3.20641715932583111e+02,1.01806563179707155e-10
2421,-2.14880365881450697e+00,3.46924904208795681e-01,3.11308308210939174e+02,3.11308308211055248e+02,1.16074261313769966e-10
2422,-2.73758032596377499e+00,3.38780636797820611e-01,3.09310241646228917e+02,3.09310241646357497e+02,1.28579813463147730e-10
2423,-2.45325436678240294e+00,3.44584640270064579e-01,3.10233404268537868e+02,3.10233404268659569e+02,1.21701759780989960e-10
2424,-2.44680353487747482e+00,4.41385984603755166e-01,3.10587978752390256e+02,3.10587978752514573e+02,1.24316557048587129e-10
2425,-3.26123086654549788e+00,3.39795893450612174e-01,3.07840549338289236e+02,3.07840549338434869e+02,1.45632839121390134e-10
2426,-5.95123092125605657e-01,3.54453978165170824e-01,3.18703415806808948e+02,3.18703415806909902e+02,1.00953911896795034e-10
2427,-5.57307890901952985e-01,4.12995208549988724e-01,3.19311981237008183e+02,3.19311981237111070e+02,1.02886588138062507e-10
2428,-6.62929237863146059e-01,3.48013782852515385e-01,3.18262091567992343e+02,3.18262091568093012e+02,1.00669694802490994e-10
2429,-2.40105437879251893e+00,1.14856636333796702e+00,3.12839178241161051e+02,3.12839178241299123e+02,1.38072664412902668e-10
2430,-2.02116473967747812e+00,1.68150890356874005e+00,3.15861605221026252e+02,3.15861605221165007e+02,1.38754785439232364e-10
2431,-1.00356511122915992e-01,4.94002730276432711e-01,3.22916490984589586e+02,3.22916490984696622e+02,1.07036157714901492e-10
2432,-6.07082708976992222e-02,3.24559918665171254e-01,3.21916527425575850e+02,3.21916527425678339e+02,1.02488684206036851e-10
2433,-3.93958666259827606e+00,3.24989956922395351e-01,3.06210783509350961e+02,3.06210783509533655e+02,1.82694748218636960e-10
2434,-3.03090149987507385e+00,5.30765745734731786e-01,3.08997346435004829e+02,3.08997346435147165e+02,1.42335920827463269e-10
2435,-3.16003212507480535e+00,4.47781980600846619e-01,3.08400580831171112e+02,3.08400580831315949e+02,1.44837031257338822e-10
2436,-3.14151690948267959e+00,1.81200984301258594e+00,3.11197222364215577e+02,3.11197222364377410e+02,1.61833213496720418e-10
2437,-8.34659362213423850e-01,1.84076098052107495e+00,3.23888138776096753e+02,3.23888138776228573e+02,1.31819888338213786e-10
2438,-1.81758135144427602e+00,4.18908984713931121e-01,3.12890314014071578e+02,3.12890314014184128e+02,1.12549969344399869e-10
2439,-1.77453472189868067e+00,5.56309402039007694e-01,3.13645237094357185e+02,3.13645237094472691e+02,1.15505827125161886e-10
2440,-1.41984948602204497e+00,3.44592367833854774e-01,3.14301316110476421e+02,3.14301316110581297e+02,1.04876107798190787e-10
2441,-3.58068117069836900e+00,6.32269857763675058e-01,3.07726223349808492e+02,3.07726223349975157e+02,1.66664904099889100e-10
2442,-3.58272822714469186e+00,1.72179858859014590e+00,3.09605574985076260e+02,3.09605574985248950e+02,1.72690306499134749e-10
2443,-4.15262563563746745e-01,1.80647369620573905e+00,3.27299245701364327e+02,3.27299245701496375e+02,1.32047262013657019e-10
2444,-2.96200464946748121e-01,1.44168252810451403e+00,3.26954411944845731e+02,3.26954411944972946e+02,1.27215571410488337e-10
2445,-4.71168979887054196e-01,4.10321214453828853e-01,3.19828031897029064e+02,3.19828031897132007e+02,1.02943431556923315e-10
2446,-4.59515450300858719e-01,5.22838234656516687e-01,3.20639038250679505e+02,3.20639038250785688e+02,1.06183506431989372e-10
2447,-3.84493527499930421e+00,4.15553280553469129e-01,3.06614057827977092e+02,3.06614057828154841e+02,1.77749370777746662e-10
2448,-3.89478524221529554e+00,4.97701178322980053e-01,3.06674490143585558e+02,3.06674490143767741e+02,1.82183157448889688e-10
2449,-2.35023128030536865e+00,4.34077374022514395e-01,3.10897521958748484e+02,3.10897521958870584e+02,1.22099663713015616e-10
2450,-1.59097809900454107e-01,8.27831814759672935e-01,3.24745574845700958e+02,3.24745574845815952e+02,1.14994236355414614e-10
2451,-1.57053459850749699e+00,5.21764003014341227e-01,3.14417172725891703e+02,3.14417172726003457e+02,1.11754161480348557e-10
2452,-3.41903569741281954e+00,5.65857736847821147e-01,3.07992538751869631e+02,3.07992538752027713e+02,1.58081547851907089e-10
2453,-3.26125623730724312e+00,5.84041217093578258e-01,3.08460498281588627e+02,3.08460498281740513e+02,1.51885615196079016e-10
2454,-5.17280141231884066e-02,2.70685527215548616e-01,3.21553567552866582e+02,3.21553567552967422e+02,1.00840225059073418e-10
2455,-3.94827198587681050e+00,2.70685527215546895e-01,3.06075033827936181e+02,3.06075033828118080e+02,1.81898940354585648e-10
2456,-1.85883929470963993e-01,4.13651619105529722e-01,3.21725848179867114e+02,3.21725848179971308e+02,1.04193986771861091e-10
2457,-1.31233688562045692e+00,3.36332363009357482e-01,3.14763825182833671e+02,3.14763825182937410e+02,1.03739239420974627e-10
2458,-1.31623202209844692e+00,4.13839541030477598e-01,3.15136773491963140e+02,3.15136773492069153e+02,1.06012976175406948e-10
2459,-3.15465030237385424e-01,6.54343412974002336e-01,3.22480258871835019e+02,3.22480258871945296e+02,1.10276232589967549e-10
2460,8.51996482154170010e-01,2.84366972232050763e-01,3.28752859470259693e+02,3.28752859470369742e+02,1.10048858914524317e-10
2461,1.14800351784111609e+00,2.84366972232050708e-01,3.31471877717937502e+02,3.31471877718052951e+02,1.15448983706301078e-10
2462,1.44429981413654795e+00,2.84366972232050208e-01,3.34399737342692674e+02,3.34399737342812898e+02,1.20223830890608951e-10
2463,1.74066870661700590e+00,2.84109269206914261e-01,3.37520385636815945e+02,3.37520385636941171e+02,1.25226051750360057e-10
2464,2.03703667869446559e+00,2.84151475527226527e-01,3.40825944052255977e+02,3.40825944052387342e+02,1.31365140987327322e-10
2465,2.33318870302475601e+00,2.84366972232311110e-01,3.44299641037606989e+02,3.44299641037746539e+02,1.39550593303283677e-10
2466,2.62760602884595196e+00,2.82982618603206615e-01,3.47839952249015028e+02,3.47839952249163730e+02,1.48702383739873767e-10
2467,2.92578129561891309e+00,2.84366972232309778e-01,3.51532900895028718e+02,3.51532900895187822e+02,1.59104729391401634e-10
2468,3.22222222222016841e+00,2.84150029910127278e-01,3.55129606639314716e+02,3.55129606639483882e+02,1.69166014529764652e-10
2469,3.44458907474715570e+00,2.84366972232308779e-01,3.57729241629276487e+02,3.57729241629454691e+02,1.78204118128633127e-10
2470,6.29629629628354337e-01,2.82941824893714222e-01,3.26829340556524187e+02,3.26829340556631166e+02,1.06979314296040684e-10
2471,4.07262777102419982e-01,2.84366972232107273e-01,3.25041703301765438e+02,3.25041703301870143e+02,1.04705577541608363e-10
2472,2.98571219999658100e+00,1.98304667852118577e+00,3.90276913462776974e+02,3.90276913463007475e+02,2.30500063480576500e-10
2473,3.74102367892054710e+00,1.12806805032660007e+00,3.88126379308873709e+02,3.88126379309109780e+02,2.36070718528935686e-10
2474,2.69350959078516750e-01,1.18830391630701304e+00,3.30983830669795566e+02,3.30983830669922952e+02,1.27386101667070761e-10
2475,3.66681129696996155e+00,2.84366972232309612e-01,3.60152081275489934e+02,3.60152081275679109e+02,1.89174897968769073e-10
2476,3.71032340583037579e+00,2.16219139600404020e+00,4.25642737328086014e+02,4.25642737328377223e+02,2.91208834823919460e-10
2477,3.45360236693659806e+00,2.06211107915009695e+00,4.09751876302712617e+02,4.09751876302977109e+02,2.64492427959339693e-10
2478,1.61865324755000706e-01,6.75205831704139392e-01,3.26315683204692391e+02,3.26315683204806135e+02,1.13743681140476838e-10
2479,3.84578131474810991e+00,6.16872617997342942e-01,3.72379573820211476e+02,3.72379573820427311e+02,2.15834461414488032e-10
2480,2.07499270412566483e+00,1.79293607581015801e+00,3.63085460720427022e+02,3.63085460720608921e+02,1.81898940354585648e-10
2481,2.48148148147747261e+00,2.84284500780408178e-01,3.46084137985481789e+02,3.46084137985625887e+02,1.44098066812148318e-10
2482,2.18518518518039473e+00,2.84150029910127222e-01,3.42542957958116062e+02,3.42542957958251407e+02,1.35344180307583883e-10
2483,3.07407443240907385e+00,2.84151475527384012e-01,3.53342634258228543e+02,3.53342634258392479e+02,1.63936419994570315e-10
2484,2.77845451559895107e+00,2.83590075721325885e-01,3.49703158126763981e+02,3.49703158126917685e+02,1.53704604599624872e-10
2485,2.59187225139541288e-01,2.84109269206982373e-01,3.23897990406011672e+02,3.23897990406115127e+02,1.03455022326670587e-10
2486,1.88874425857969697e+00,2.84366972232054260e-01,3.39153899981743677e+02,3.39153899981872030e+02,1.28352439787704498e-10
2487,9.99999999997643774e-01,2.84150029909771118e-01,3.30083609688517868e+02,3.30083609688630418e+02,1.12549969344399869e-10
2488,1.29622426217386000e+00,2.84109269206915815e-01,3.32908323901146957e+02,3.32908323901264737e+02,1.17779563879594207e-10
2489,1.59259259258850605e+00,2.84284500780111360e-01,3.35936765332813479e+02,3.35936765332936318e+02,1.22838628158206120e-10
2490,3.94085935901883655e+00,2.06783720716546116e+00,4.36007916865696529e+02,4.36007916866005417e+02,3.08887138089630753e-10
2491,3.89891298339346237e+00,1.93699354600249873e+00,4.26246546464894095e+02,4.26246546465187862e+02,2.93766788672655821e-10
2492,3.81481481481432549e+00,2.84150029910127722e-01,3.61638139768971257e+02,3.61638139769167310e+02,1.96052951650926843e-10
2493,7.21013880254923883e-02,4.02625995665507774e-01,3.23487785481908077e+02,3.23487785482013521e+02,1.05444541986798868e-10
2494,3.74364939080630554e+00,1.59295240887842282e+00,4.05335949288467305e+02,4.05335949288728671e+02,2.61366039921995252e-10
2495,3.84998057694867368e+00,2.16234162204220892e+00,4.35152344717361416e+02,4.35152344717668313e+02,3.06897618429502472e-10
2496,3.92143893803180354e+00,3.98275744361160589e-01,3.66171926032869862e+02,3.66171926033077625e+02,2.07762695936253294e-10
2497,3.40530718399775711e+00,8.59107211237129853e-01,3.73366546121164504e+02,3.73366546121371414e+02,2.06910044653341174e-10
2498,6.22249707690233578e-01,8.05362667571648649e-01,3.31637633740490742e+02,3.31637633740613410e+02,1.22668097901623696e-10
2499,7.85761570005712229e-01,1.32573706497790078e+00,3.37668700360201797e+02,3.37668700360339187e+02,1.37390543386572972e-10
2500,1.06967002349274387e+00,8.71850101585512571e-01,3.37172166751413670e+02,3.37172166751545490e+02,1.31819888338213786e-10
2501,3.63129470207610305e+00,1.93188477620647103e+00,4.13764822967796249e+02,4.13764822968068643e+02,2.72393663180992007e-10
2502,3.29053395241600599e+00,1.31787607678761098e+00,3.84036273570683704e+02,3.84036273570906417e+02,2.22712515096645802e-10
2503,2.88147724161403485e+00,1.02735139272561105e+00,3.67860875941226539e+02,3.67860875941417589e+02,1.91050730791175738e-10
2504,3.74886791587011503e+00,4.88343091084430081e-01,3.67152813656745593e+02,3.67152813656950059e+02,2.04465777642326429e-10
2505,1.10839140897598581e-01,2.78281238461128066e-01,3.22753055910267790e+02,3.22753055910369710e+02,1.01920250017428771e-10
2506,1.47748590356329501e+00,1.35320899718526300e+00,3.47466110023392389e+02,3.47466110023544900e+02,1.52510892803547904e-10
2507,1.83676574876791388e+00,9.84391384118780022e-01,3.48872236497855226e+02,3.48872236498007567e+02,1.52340362546965480e-10
2508,2.50856058069355459e-01,4.86135504577687949e-01,3.25560161916668335e+02,3.25560161916777929e+02,1.09594111563637853e-10
2509,3.94185069532228560e+00,2.00517010515376182e+00,4.32101004689083993e+02,4.32101004689386968e+02,3.02975422528106719e-10
2510,3.88136944025269859e+00,2.03778891676306184e+00,4.30787192930301160e+02,4.30787192930601634e+02,3.00474312098231167e-10
2511,3.88838180782818288e+00,2.10778252188229187e+00,4.35143501374600135e+02,4.35143501374907544e+02,3.07409209199249744e-10
2512,3.82514956975866660e+00,2.09473501122753314e+00,4.30313958401460923e+02,4.30313958401760317e+02,2.99394287139875814e-10
2513,3.79321720073137714e+00,1.99181949420989968e+00,4.23799191256359734e+02,4.23799191256649237e+02,2.89503532258095220e-10
2514,2.40738330235250819e+00,2.84343069645819679e-01,3.45189550180528272e+02,3.45189550180670096e+02,1.41824330057715997e-10
2515,2.37363382245399412e+00,3.51030294705389712e-01,3.46047838213860985e+02,3.46047838214004855e+02,1.43870693136705086e-10
2516,2.29282710463648742e+00,3.51199282311960959e-01,3.45050813014775201e+02,3.45050813014916685e+02,1.41483269544551149e-10
2517,2.32613435550819903e+00,4.18477172478548820e-01,3.46711035810468104e+02,3.46711035810613510e+02,1.45405465445946902e-10
2518,2.44222203696759088e+00,4.54611471401583922e-01,3.48910422277383304e+02,3.48910422277533655e+02,1.50350842886837199e-10
2519,2.22194467662694306e+00,4.26282920315423752e-01,3.45511216697232896e+02,3.45511216697375517e+02,1.42620137921767309e-10
2520,2.32105267688839101e+00,5.64285854551608068e-01,3.49324532941649295e+02,3.49324532941800442e+02,1.51146650750888512e-10
2521,2.14102655718613910e+00,5.30840728478084944e-01,3.46257864841007745e+02,3.46257864841152184e+02,1.44439127325313166e-10
2522,2.10707366016977504e+00,7.57096655271105146e-01,3.49469271994409382e+02,3.49469271994561439e+02,1.52056145452661440e-10
2523,2.49973029752158160e+00,7.17808195799741311e-01,3.54845711447734459e+02,3.54845711447897997e+02,1.63538516062544659e-10
2524,1.75655568511164795e+00,6.51747928571074997e-01,3.43088149828683243e+02,3.43088149828822168e+02,1.38925315695814788e-10
2525,2.66973346636001940e+00,5.17000108952454074e-01,3.53289999468209430e+02,3.53289999468370127e+02,1.60696345119504258e-10
2526,3.37024984511522607e+00,2.84403129286007084e-01,3.56878442216785174e+02,3.56878442216960252e+02,1.75077730091288686e-10
2527,3.40740740740584203e+00,3.49101935193959600e-01,3.59065724100555656e+02,3.59065724100736304e+02,1.80648385139647871e-10
2528,3.48926641954042172e+00,3.35810455502913496e-01,3.59664476387443301e+02,3.59664476387626507e+02,1.83206338988384232e-10
2529,3.32663413951800591e+00,3.50374800120520358e-01,3.58123359920861617e+02,3.58123359921038741e+02,1.77124093170277774e-10
2530,2.99997595466957101e+00,2.84320898770315078e-01,3.52442122797916227e+02,3.52442122798077776e+02,1.61548996402416378e-10
2531,2.96622642500196898e+00,3.51026599559472186e-01,3.53595856288294840e+02,3.53595856288458549e+02,1.63709046319127083e-10
2532,2.88900068573765401e+00,3.48959101388262138e-01,3.52560864266137230e+02,3.52560864266297870e+02,1.60639501700643450e-10
2533,2.92523021064000899e+00,4.13902264354944427e-01,3.54535511793116086e+02,3.54535511793281273e+02,1.65186975209508091e-10
2534,3.02245163027578112e+00,4.61243524727510679e-01,3.56980865294458056e+02,3.56980865294629325e+02,1.71269221027614549e-10
2535,2.84213075530327464e+00,5.83071797078961063e-01,3.57243040975675626e+02,3.57243040975845702e+02,1.70075509231537580e-10
2536,2.76885727245015456e+00,4.32954589893848774e-01,3.52859493025760685e+02,3.52859493025921097e+02,1.60412128025200218e-10
2537,2.25858433470320286e+00,2.84628805621647218e-01,3.43416285912434546e+02,3.43416285912572107e+02,1.37561073643155396e-10
2538,3.59268931853375495e+00,2.84279247768640719e-01,3.59364349092646250e+02,3.59364349092831446e+02,1.85195858648512512e-10
2539,3.63092085561254407e+00,3.39285354314654286e-01,3.61360888413015061e+02,3.61360888413205487e+02,1.90425453183706850e-10
2540,3.71631512964937283e+00,3.69807252040017576e-01,3.63193359578524792e+02,3.63193359578721413e+02,1.96621385839534923e-10
2541,3.29508705555838599e+00,2.84497418098686783e-01,3.56002667689507689e+02,3.56002667689679754e+02,1.72065028891665861e-10
2542,2.70213236358534248e+00,2.82298366206669482e-01,3.48737342693590449e+02,3.48737342693741653e+02,1.51203494169749320e-10
2543,3.14814856620624894e+00,2.84284537384547509e-01,3.54244053135555760e+02,3.54244053135722538e+02,1.66778590937610716e-10
2544,3.18851911295522417e+00,3.50810115907431719e-01,3.56416795562030472e+02,3.56416795562202140e+02,1.71667124959640205e-10
2545,3.88919159706316986e+00,2.78206444749589887e-01,3.62157958549775856e+02,3.62157958549975319e+02,1.99463556782575324e-10
2546,3.86001555549380759e+00,3.41280367004578589e-01,3.63806351271607980e+02,3.63806351271809490e+02,2.01509919861564413e-10
2547,2.85195916924414217e+00,2.84038280510811980e-01,3.50618033180555869e+02,3.50618033180712189e+02,1.56319401867222041e-10
2548,3.51992885512657638e+00,2.82085537463220126e-01,3.58508668810386609e+02,3.58508668810567997e+02,1.81387349584838375e-10
2549,3.74293937100670293e+00,2.87730133909650299e-01,3.61035778142125082e+02,3.61035778142317838e+02,1.92756033356999978e-10
2550,2.55521828875506607e+00,2.84112344040968190e-01,3.46979222789162577e+02,3.46979222789309063e+02,1.46485490404302254e-10
2551,2.51209554503551091e+00,3.61123935105558735e-01,3.47992349872954946e+02,3.47992349873103365e+02,1.48418166645569727e-10
2552,2.11111105138320498e+00,2.84284741716589573e-01,3.41681726083300248e+02,3.41681726083433546e+02,1.33297817228594795e-10
2553,2.15408564182477491e+00,3.50788478331872877e-01,3.43342499376427099e+02,3.43342499376564604e+02,1.37504230224294588e-10
2554,2.01265131087100846e+00,4.27526760363471980e-01,3.42911172994034814e+02,3.42911172994171636e+02,1.36822109197964892e-10
2555,4.81602006734111854e-01,2.84403129285805356e-01,3.25633073585365594e+02,3.25633073585471095e+02,1.05501385405659676e-10
2556,4.44440802094569820e-01,3.49122117825266309e-01,3.25944025855754603e+02,3.25944025855861696e+02,1.07093001133762300e-10
2557,3.69939194403375193e-01,3.48827610874139105e-01,3.25338872890272228e+02,3.25338872890378696e+02,1.06467723526293412e-10
2558,5.22850977057173538e-01,3.47316968611898591e-01,3.26574331050092269e+02,3.26574331050200328e+02,1.08059339254396036e-10
2559,4.14436789279977624e-01,4.10793948732030290e-01,3.26265725465924731e+02,3.26265725466033643e+02,1.08911990537308156e-10
2560,3.33153325815200518e-01,2.84225733011301440e-01,3.24462852726151368e+02,3.24462852726255562e+02,1.04193986771861091e-10
2561,1.85127851129400195e-01,2.83299575421567973e-01,3.23337176331072385e+02,3.23337176331175328e+02,1.02943431556923315e-10
2562,1.96293843984681193e+00,2.84320694438021548e-01,3.39986416150543732e+02,3.39986416150673506e+02,1.29773525259224698e-10
2563,1.93163468155951001e+00,3.50602971179420686e-01,3.40700749130298618e+02,3.40700749130430438e+02,1.31819888338213786e-10
2564,1.84879079755565301e+00,3.51127061137164131e-01,3.39755098900885173e+02,3.39755098901015117e+02,1.29944055515807122e-10
2565,1.90274856459891173e+00,4.21165375913901519e-01,3.41484306983236024e+02,3.41484306983370061e+02,1.34036781673785299e-10
2566,5.56297719520008949e-01,2.82783213102052733e-01,3.26222749394481241e+02,3.26222749394587368e+02,1.06126663013128564e-10
2567,7.77657252522534481e-01,2.84403129285763889e-01,3.28103595608673288e+02,3.28103595608782257e+02,1.08968833956168965e-10
2568,8.22366186287203926e-01,3.36054408526130721e-01,3.29048610007099342e+02,3.29048610007210755e+02,1.11413100967183709e-10
2569,8.92902077209950851e-01,3.48730504104663663e-01,3.29824703047227729e+02,3.29824703047340620e+02,1.12891029857564718e-10
2570,7.56798111200339574e-01,3.63799904552997655e-01,3.28753825886271045e+02,3.28753825886382458e+02,1.11413100967183709e-10
2571,8.52547567133317807e-01,4.13902264354520488e-01,3.30152255799799320e+02,3.30152255799913746e+02,1.14425802166806534e-10
2572,9.58481073018560004e-01,4.25421581800654591e-01,3.31282894058985050e+02,3.31282894059101579e+02,1.16529008664656430e-10
2573,8.81890682867239928e-01,6.00110969337379063e-01,3.32371343790398498e+02,3.32371343790519177e+02,1.20678578241495416e-10
2574,6.95353330581177320e-01,5.01626167528077205e-01,3.29581358533343348e+02,3.29581358533458285e+02,1.14937392936553806e-10
2575,5.80735457648115738e-01,4.09728514509106412e-01,3.27670817229372744e+02,3.27670817229483418e+02,1.10674136521993205e-10
2576,1.22218611148197409e+00,2.84313864383349879e-01,3.32185299669794290e+02,3.32185299669910762e+02,1.16472165245795622e-10
2577,1.18501081822012599e+00,3.48919196751561078e-01,3.32617617236025353e+02,3.32617617236143076e+02,1.17722720460733399e-10
2578,1.06727041068035500e+00,5.43758736983785851e-01,3.33669520262965818e+02,3.33669520263087577e+02,1.21758603199850768e-10
2579,1.11064981847460897e+00,3.48637136317765384e-01,3.31882568519091933e+02,3.31882568519208519e+02,1.16585852083517238e-10
2580,1.81419649423839591e+00,2.84608974721758778e-01,3.38331290761462753e+02,3.38331290761589287e+02,1.26533450384158641e-10
2581,1.51849441346394176e+00,2.84343069645548507e-01,3.35163159265485206e+02,3.35163159265606907e+02,1.21701759780989960e-10
2582,1.48474493356550297e+00,3.51030294704969770e-01,3.35726813778765461e+02,3.35726813778888754e+02,1.23293375509092584e-10
2583,1.40393880252070202e+00,3.51198281724756867e-01,3.34878318184212503e+02,3.34878318184334205e+02,1.21701759780989960e-10
2584,1.45047770838770806e+00,4.18599927149258921e-01,3.36268519673307594e+02,3.36268519673432479e+02,1.24884991237195209e-10
2585,1.54036572079399980e+00,4.15351945426631286e-01,3.37209161146617816e+02,3.37209161146744407e+02,1.26590293803019449e-10
2586,1.34620413666978811e+00,4.23311200281757893e-01,3.35200740214637221e+02,3.35200740214760060e+02,1.22838628158206120e-10
2587,1.79277369635507910e+00,4.31313600922855311e-01,3.40329023010337210e+02,3.40329023010469029e+02,1.31819888338213786e-10
2588,1.49068835406708078e+00,5.36964771847161515e-01,3.38273801678803295e+02,3.38273801678932841e+02,1.29546151583781466e-10
2589,1.07407407407150202e+00,2.84150029909771284e-01,3.30770825558957085e+02,3.30770825559071170e+02,1.14084741653641686e-10
2590,9.26691205259546624e-01,2.84216811700067018e-01,3.29417785833261917e+02,3.29417785833373102e+02,1.11185727291740477e-10
2591,7.06359844570156437e-01,2.86409732075720014e-01,3.27511656959323886e+02,3.27511656959432059e+02,1.08173026092117652e-10
2592,1.36968412469661605e+00,2.84620844819691021e-01,3.33646800417966972e+02,3.33646800418086059e+02,1.19086962513392791e-10
2593,1.66665466097582793e+00,2.84300119141358887e-01,3.36724570596957449e+02,3.36724570597081538e+02,1.24089183373143896e-10
2594,1.62104125675871269e+00,3.54545055781067486e-01,3.37249591711835762e+02,3.37249591711961898e+02,1.26135546452132985e-10
2595,1.34891634440821001e-01,3.46185001154866223e-01,3.23495564996619237e+02,3.23495564996723544e+02,1.04307673609582707e-10
2596,3.78358231311381044e+00,2.15538083914135115e+00,4.30116366396207297e+02,4.30116366396505896e+02,2.98598479275824502e-10
2597,2.07088248326077373e+00,3.51451143119962117e-01,3.42356356677883355e+02,3.42356356678018642e+02,1.35287336888723075e-10
2598,2.44444444444034303e+00,3.48305009668239185e-01,3.46883901990157995e+02,3.46883901990303855e+02,1.45860212796833366e-10
2599,3.03476834069796420e+00,3.45809256452099423e-01,3.54349282251039199e+02,3.54349282251205068e+02,1.65869096235837787e-10
2600,2.58928208634769152e+00,3.52510876326108891e-01,3.48802413039958424e+02,3.48802413040109116e+02,1.50691903400002047e-10
2601,2.69351002719197608e+00,4.07120528952807481e-01,3.51292749663622999e+02,3.51292749663779546e+02,1.56546775542665273e-10
2602,2.31322465601289301e-01,3.71428840078542599e-01,3.24441734220776880e+02,3.24441734220882665e+02,1.05785602499963716e-10
2603,1.55144778343413203e+00,3.37910973267665726e-01,3.36257767228706200e+02,3.36257767228830403e+02,1.24202870210865512e-10
2604,1.64968572925438983e+00,4.57347343667608541e-01,3.39039298508221805e+02,3.39039298508351919e+02,1.30114585772389546e-10
2605,1.26519876736664805e+00,3.49796156986300677e-01,3.33430827887067039e+02,3.33430827887186183e+02,1.19143805932253599e-10
2606,1.24353453364674582e+00,4.14840222929971636e-01,3.34018064826006650e+02,3.34018064826127386e+02,1.20735421660356224e-10
2607,1.27380722102324695e+00,5.38096683887806737e-01,3.35844650992069262e+02,3.35844650992194204e+02,1.24941834656056017e-10
2608,1.70802827050314598e+00,3.59944322412370676e-01,3.38292361835559291e+02,3.38292361835687075e+02,1.27784005599096417e-10
2609,3.10500991583351071e+00,3.54271307754624787e-01,3.55451956179774129e+02,3.55451956179942954e+02,1.68824954016599804e-10
2610,3.13362465199417439e+00,4.50605249201383673e-01,3.58222403553919719e+02,3.58222403554094740e+02,1.75020886672427878e-10
2611,3.24434219090760667e+00,4.53438934922307080e-01,3.59789492357654979e+02,3.59789492357834604e+02,1.79625203600153327e-10
2612,3.38681115150287404e+00,4.43114447971349912e-01,3.61389774015562580e+02,3.61389774015747776e+02,1.85195858648512512e-10
2613,3.12195257237213397e+00,6.33550739821810538e-01,3.62653793043758810e+02,3.62653793043942414e+02,1.83604242920409888e-10
2614,2.00302871884651479e+00,3.39610608925620616e-01,3.41356290617411446e+02,3.41356290617544460e+02,1.33013600134290755e-10
2615,2.22252538859436077e+00,3.39409903298206361e-01,3.43973015776399507e+02,3.43973015776538261e+02,1.38754785439232364e-10
2616,3.25536094423187761e+00,3.44654259791814632e-01,3.57091674065574750e+02,3.57091674065748862e+02,1.74111391970654950e-10
2617,3.78963911401266484e+00,3.39298477282065025e-01,3.63048012800243214e+02,3.63048012800441086e+02,1.97871941054472700e-10
2618,3.56034710366274165e+00,3.47837353205442401e-01,3.60815840731387880e+02,3.60815840731575236e+02,1.87355908565223217e-10
2619,3.50289023089193563e+00,4.03720215688837480e-01,3.61732468396323213e+02,3.61732468396511194e+02,1.87981186172692105e-10
2620,3.05124936229234589e-01,3.40393037667877374e-01,3.24749439774864300e+02,3.24749439774969915e+02,1.05615072243381292e-10
2621,1.33625001868552307e+00,3.38607150603884355e-01,3.34013027896231506e+02,3.34013027896351502e+02,1.19996457215165719e-10
2622,1.78089159305385580e+00,3.42220645680212598e-01,3.38845928442770060e+02,3.38845928442898241e+02,1.28181909531122074e-10
2623,3.94849244539726119e+00,2.12963478661160410e+00,4.40799010331034822e+02,4.40799010331350871e+02,3.16049408866092563e-10
2624,2.81386205453653560e+00,3.51410686141455320e-01,3.51650906012877613e+02,3.51650906013035751e+02,1.58138391270767897e-10
2625,1.02982058743944505e+00,3.50567891740134918e-01,3.31127726403293877e+02,3.31127726403409213e+02,1.15335296868579462e-10
2626,9.61578988585029437e-01,3.38617363851058284e-01,3.30348204051021924e+02,3.30348204051135554e+02,1.13629994302755222e-10
2627,6.62079638835267992e-01,3.59535235751540394e-01,3.27878168720357905e+02,3.27878168720467841e+02,1.09935172076802701e-10
2628,3.88836647795818990e+00,4.86497479486910855e-01,3.68638831224883575e+02,3.68638831225094805e+02,2.11230144486762583e-10
2629,3.93935479806684219e+00,3.24312802003461353e-01,3.64030621260086605e+02,3.64030621260291127e+02,2.04522621061187238e-10
2630,6.04956237126478696e-02,3.25128272817480690e-01,3.22777474661923634e+02,3.22777474662026975e+02,1.03341335488948971e-10
2631,3.90926361605231953e+00,2.17152293026915899e+00,4.40443751334628530e+02,4.40443751334943840e+02,3.15310444420902058e-10
2632,3.61402364582156421e+00,2.12121674545497951e+00,4.19020132688323258e+02,4.19020132688603667e+02,2.80408585240365937e-10
2633,2.12011813395392812e+00,4.17378006121763123e-01,3.44074123489201213e+02,3.44074123489340479e+02,1.39266376208979636e-10
2634,3.29587297568187454e+00,1.76646941563851390e+00,3.96023408301591644e+02,3.96023408301833342e+02,2.41698216996155679e-10
2635,1.00575981983547691e+00,1.79978920702726009e+00,3.43923653964885716e+02,3.43923653965036181e+02,1.50464529724558815e-10
2636,4.44307115875931746e-01,1.77239203444771176e+00,3.36228890355238491e+02,3.36228890355378439e+02,1.39948497235309333e-10
2637,2.19703988260340122e+00,1.25587093957553297e+00,3.58831217695414693e+02,3.58831217695586929e+02,1.72235559148248285e-10
2638,2.67587324347551991e+00,1.53330798191938800e+00,3.73424610278381010e+02,3.73424610278581497e+02,2.00486738322069868e-10
2639,2.55711609995258415e+00,4.66914171764616193e-01,3.50706935474732461e+02,3.50706935474887075e+02,1.54614099301397800e-10
2640,3.72626513955531591e+00,2.07620471037404597e+00,4.23644042259731350e+02,4.23644042260019773e+02,2.88423507299739867e-10
2641,2.73522354922429090e+00,3.49777481507809684e-01,3.50604720994578372e+02,3.50604720994733896e+02,1.55523594003170729e-10
2642,2.60029258699332511e+00,1.92932749262629932e+00,3.77563135955677467e+02,3.77563135955885173e+02,2.07705852517392486e-10
2643,4.81213211614937575e-01,4.09029433030016709e-01,3.26806887350035765e+02,3.26806887350145132e+02,1.09366737888194621e-10
2644,4.42341543728195619e-01,5.13906975352640960e-01,3.27432290702772093e+02,3.27432290702884245e+02,1.12152065412374213e-10
2645,2.84781619573352573e+00,4.26059687771494444e-01,3.53770194267360523e+02,3.53770194267523493e+02,1.62970081873936579e-10
2646,3.78626171651383103e+00,1.86449920950845494e+00,4.17779628097388411e+02,4.17779628097668649e+02,2.80238054983783513e-10
2647,3.32022470186766894e-01,4.13373735168421463e-01,3.25607185730441245e+02,3.25607185730549475e+02,1.08229869510978460e-10
2648,3.25076643967457812e+00,2.05032543466195882e+00,4.00964794995224224e+02,4.00964794995473483e+02,2.49258391704643145e-10
2649,1.94063563521749582e+00,5.43602274631056481e-01,3.43862382727801730e+02,3.43862382727941167e+02,1.39436906465562060e-10
2650,3.76099466349537348e+00,8.12656658332653103e-01,3.77727171921008278e+02,3.77727171921229740e+02,2.21461959881708026e-10
2651,3.58432845564628799e+00,6.19676157560372198e-01,3.69085633650742295e+02,3.69085633650945738e+02,2.03442596102831885e-10
2652,3.61415379622805188e+00,4.35470840886812871e-01,3.63975417004535529e+02,3.63975417004730673e+02,1.95143456949153915e-10
2653,3.81411069909911404e+00,4.13524603545950886e-01,3.65565216678962258e+02,3.65565216679165928e+02,2.03669969778275117e-10
2654,1.06273472291337789e+00,4.16492644716954574e-01,3.32201020294811656e+02,3.32201020294929378e+02,1.17722720460733399e-10
2655,1.15716792082641007e+00,4.35124103597974321e-01,3.33369478804327741e+02,3.33369478804447624e+02,1.19882770377444103e-10
2656,3.95697194046107947e+00,2.17703470107057306e+00,4.45206031716397490e+02,4.45206031716720247e+02,3.22756932291667908e-10
2657,5.17280141231244855e-02,2.70685527215623500e-01,3.22269103404327325e+02,3.22269103404428790e+02,1.01465502666542307e-10
2658,1.53511645418651088e-01,4.20519940755287036e-01,3.24248886440879062e+02,3.24248886440985757e+02,1.06695097201736644e-10
2659,1.06389069378083290e-01,4.98109543959943724e-01,3.24502298990170175e+02,3.24502298990278916e+02,1.08741460280725732e-10
2660,3.94838135710805771e+00,2.70517873208259485e-01,3.62453993757654587e+02,3.62453993757856381e+02,2.01794136955868453e-10
2661,3.90335393401663211e+00,1.81125302235510710e+00,4.19948500149581150e+02,4.19948500149865879e+02,2.84728685073787346e-10
2662,5.90318684537784022e-01,3.36461151373662393e-01,3.27034905957094168e+02,3.27034905957202398e+02,1.08229869510978460e-10
2663,3.49025187744884802e+00,4.96462560055659641e-01,3.64216538163276027e+02,3.64216538163468726e+02,1.92699189938139170e-10
2664,3.37216557197925093e+00,5.84225008594771555e-01,3.65083342590124687e+02,3.65083342590316647e+02,1.91960225492948666e-10
2665,1.51227306578700782e+00,1.89416885678764180e+00,3.52811439047002011e+02,3.52811439047167255e+02,1.65243818628368899e-10
2666,2.66050563945679297e+00,3.44311649489602023e-01,3.49536020563234388e+02,3.49536020563387183e+02,1.52795109897851944e-10
2667,2.63402946386181291e+00,4.17571467097117732e-01,3.50724650922578746e+02,3.50724650922733758e+02,1.55012003233423457e-10
2668,1.48416215600432100e+00,8.22709977865932918e-01,3.41808509969665522e+02,3.41808509969804163e+02,1.38641098601510748e-10
2669,4.34500256087689518e+00,2.16620098130781047e+00,4.56038255401117397e+02,4.56038255401457434e+02,3.40037331625353545e-10
2670,4.33750000000000124e+00,2.84951905283838069e-01,3.65683126156500293e+02,3.65683126156724256e+02,2.23963070311583579e-10
2671,4.53286171832969664e+00,2.16640036558863569e+00,4.58137507748204257e+02,4.58137507748548103e+02,3.43845840689027682e-10
2672,4.06465968571813985e+00,1.91365529842544380e+00,4.31469561993131151e+02,4.31469561993433956e+02,3.02804892271524295e-10
2673,4.68746949795245538e+00,1.84602138710801600e+00,4.38597783960865058e+02,4.38597783961182870e+02,3.17811554850777611e-10
2674,4.63213190990591706e+00,6.37086757055662090e-01,3.79284527744350612e+02,3.79284527744603224e+02,2.52612153417430818e-10
2675,4.48750000000000338e+00,2.84951905283828688e-01,3.66270531226215383e+02,3.66270531226449464e+02,2.34081198868807405e-10
2676,4.07658984860924356e+00,4.94151926172171796e-01,3.70699886186275307e+02,3.70699886186495974e+02,2.20666152017656714e-10
2677,4.21713828167030158e+00,2.16640036558863569e+00,4.54181960940611077e+02,4.54181960940948045e+02,3.36967787006869912e-10
2678,4.21368561427172672e+00,1.63219255361440707e+00,4.19552858362715710e+02,4.19552858363003736e+02,2.88025603367714211e-10
2679,4.69184225887443951e+00,2.06685475591797019e+00,4.52682573199244530e+02,4.52682573199580588e+02,3.36058292305096984e-10
2680,4.05678756428344123e+00,2.06780815151439867e+00,4.41777067281784696e+02,4.41777067282102962e+02,3.18266302201664075e-10
2681,4.67079907789930360e+00,3.98631242307701694e-01,3.70144685057656716e+02,3.70144685057905576e+02,2.48860487772617489e-10
2682,4.50287179629417267e+00,1.11005083986358000e+00,3.98155419870661319e+02,3.98155419870928654e+02,2.67334598902380094e-10
2683,4.11205118865349739e+00,2.78447552783490093e-01,3.64026997793216935e+02,3.64026997793427483e+02,2.10548023460432887e-10
2684,4.09198761261758737e+00,2.16784904954711610e+00,4.51754574831757282e+02,4.51754574832090555e+02,3.33272964780917391e-10
2685,4.65797479183109431e+00,2.16783347253656800e+00,4.59260474284762779e+02,4.59260474285108046e+02,3.45266926160547882e-10
2686,4.58294641287337701e+00,1.59919272887125286e+00,4.23192292950174988e+02,4.23192292950472620e+02,2.97632141155190766e-10
2687,4.63794881134650261e+00,2.78447552783486707e-01,3.66001535029821127e+02,3.66001535030066009e+02,2.44881448452360928e-10
2688,4.37366864827392998e+00,1.85091024894953504e+00,4.35012493348924693e+02,4.35012493349235513e+02,3.10819814330898225e-10
2689,4.48941426863117687e+00,1.97619849167915596e+00,4.44700632164333058e+02,4.44700632164658202e+02,3.25144355883821845e-10
2690,4.24150298047583707e+00,1.95202409960700574e+00,4.38860710791930671e+02,4.38860710792245754e+02,3.15083070745458826e-10
2691,4.37497888328961260e+00,2.04668524459316403e+00,4.47865420002461065e+02,4.47865420002790074e+02,3.29009708366356790e-10
2692,4.46995389023114598e+00,2.05123848228221783e+00,4.49485929466468974e+02,4.49485929466800769e+02,3.31795035890536383e-10
2693,4.27689713195809329e+00,2.05618465169512588e+00,4.46860955276041921e+02,4.46860955276368827e+02,3.26906501868506894e-10
2694,4.50081604278777636e+00,4.85252291746622377e-01,3.73089548964146957e+02,3.73089548964388598e+02,2.41641373577294871e-10
2695,4.34769526009159435e+00,7.28181166551100545e-01,3.81262957627115725e+02,3.81262957627359640e+02,2.43915110331727192e-10
2696,4.68005032138915578e+00,1.98253628909526403e+00,4.47082482637353394e+02,4.47082482637682176e+02,3.28782334690913558e-10
2697,4.61844776327618334e+00,2.03803489162931495e+00,4.50173930463646400e+02,4.50173930463979332e+02,3.32931904267752543e-10
2698,4.06869491155181695e+00,1.99728260007047176e+00,4.37058893609911877e+02,4.37058893610223379e+02,3.11501935357227921e-10
2699,4.12736169854001744e+00,2.03721346657126912e+00,4.41902088325531054e+02,4.41902088325849945e+02,3.18891579809132963e-10
2700,4.56257480189108300e+00,2.83867846533769008e-01,3.66327257721919011e+02,3.66327257722158549e+02,2.39538167079444975e-10
2701,4.60846164368673961e+00,3.41862499704878309e-01,3.68193061167564110e+02,3.68193061167808310e+02,2.44199327426031232e-10
2702,4.41250000000000320e+00,2.84951905283833795e-01,3.66028871702215497e+02,3.66028871702444178e+02,2.28681074077030644e-10
2703,4.36750000000000416e+00,3.36913429510902418e-01,3.67491920353497051e+02,3.67491920353725391e+02,2.28340013563865796e-10
2704,4.29704221129202679e+00,3.49976513325982397e-01,3.67542042965100507e+02,3.67542042965325436e+02,2.24929408432217315e-10
2705,4.36081294459467372e+00,4.46624846351417970e-01,3.71114152247067011e+02,3.71114152247299842e+02,2.32830643653869629e-10
2706,4.44235483123040975e+00,3.64766364790706676e-01,3.68716601293425867e+02,3.68716601293659835e+02,2.33967512031085789e-10
2707,4.26200703521533875e+00,2.84964022410222617e-01,3.65255736315203080e+02,3.65255736315422553e+02,2.19472440221579745e-10
2708,4.21967467998080270e+00,3.39863623598789188e-01,3.66733009714636808e+02,3.66733009714856678e+02,2.19870344153605402e-10
2709,4.18645548397493972e+00,2.82196501560030288e-01,3.64678993234453969e+02,3.64678993234668951e+02,2.14981810131575912e-10
2710,4.14759189101926040e+00,3.48092833309681826e-01,3.66492717135330224e+02,3.66492717135546513e+02,2.16289208765374497e-10
2711,4.08067645367359422e+00,4.00266638501008076e-01,3.67658122338662224e+02,3.67658122338878115e+02,2.15891304833348840e-10
2712,4.52500000000000391e+00,3.49903810567634532e-01,3.68436796478335680e+02,3.68436796478574479e+02,2.38799202634254470e-10
2713,4.28125000000000000e+00,2.16587341226348196e+00,4.55135596870640939e+02,4.55135596870979555e+02,3.38616246153833345e-10
2714,4.15320597035062544e+00,2.16420968684322768e+00,4.52832756679842703e+02,4.52832756680177624e+02,3.34921423927880824e-10
2715,4.17545048478471958e+00,2.10342656827229391e+00,4.48299009787689897e+02,4.48299009788018168e+02,3.28270743921166286e-10
2716,4.46875000000000000e+00,2.16587341226347396e+00,4.57466247025433063e+02,4.57466247025775942e+02,3.42879502568393946e-10
2717,4.40520619926926571e+00,2.16625557614853737e+00,4.56787831852153261e+02,4.56787831852494719e+02,3.41458417096873745e-10
2718,4.59673512995231359e+00,2.16418528286003520e+00,4.58542839670479225e+02,4.58542839670823469e+02,3.44243744621053338e-10
2719,4.57329103845277540e+00,2.10387511157154750e+00,4.54190010115469022e+02,4.54190010115807468e+02,3.38445715897250921e-10
2720,4.37502680620511075e+00,2.10553163920751407e+00,4.52027438743371590e+02,4.52027438743706455e+02,3.34864580509020016e-10
2721,4.63970262879644757e+00,2.10653427769332957e+00,4.54944581388347785e+02,4.54944581388687084e+02,3.39298367180163041e-10
2722,4.10982660940893307e+00,2.10405342518729643e+00,4.46598606743650009e+02,4.46598606743975722e+02,3.25712790072429925e-10
2723,4.20559658283695992e+00,4.68030538108226923e-01,3.70845155460859701e+02,3.70845155461085369e+02,2.25668372877407819e-10
2724,4.64437450509882588e+00,4.89632471149008208e-01,3.73585573278877632e+02,3.73585573279126947e+02,2.49315235123503953e-10
2725,4.05995120738968573e+00,3.25264595600544826e-01,3.65095180739834404e+02,3.65095180740044896e+02,2.10491180041572079e-10
2726,4.68886657609638302e+00,3.24399675824609990e-01,3.67354834418686380e+02,3.67354834418935582e+02,2.49201548285782337e-10
2727,4.70066413963361374e+00,2.12859406657719186e+00,4.56879537332311429e+02,4.56879537332653229e+02,3.41799477610038593e-10
2728,4.04933586036637649e+00,2.12859406657719186e+00,4.46616210630813669e+02,4.46616210631139154e+02,3.25485416396986693e-10
2729,4.15098249278699072e+00,1.83992922676619575e+00,4.29625836976274570e+02,4.29625836976575670e+02,3.01099589705700055e-10
2730,4.20455734030969897e+00,2.03423533773712206e+00,4.43743836041592601e+02,4.43743836041914506e+02,3.21904281008755788e-10
2731,4.54055327980021772e+00,2.03901078990439411e+00,4.49463272969408081e+02,4.49463272969739876e+02,3.31795035890536383e-10
2732,4.31132057907253952e+00,2.11343837522454381e+00,4.51658181271971955e+02,4.51658181272305740e+02,3.33784555550664663e-10
2733,4.44167623452724936e+00,2.11164754196470872e+00,4.53327286834489882e+02,4.53327286834827191e+02,3.37308847520034760e-10
2734,4.11468937343448005e+00,6.37086757055662090e-01,3.75914544201868239e+02,3.75914544202097943e+02,2.29704255616525188e-10
2735,4.56750717031378528e+00,1.90455783246241883e+00,4.41000769097730597e+02,4.41000769098051080e+02,3.20483195537235588e-10
2736,4.50598748872484833e+00,2.10940742413627191e+00,4.53899547205971771e+02,4.53899547206309705e+02,3.37934125127503648e-10
2737,4.24182602612873971e+00,2.11325418760696815e+00,4.50448690427897759e+02,4.50448690428229440e+02,3.31681349052814767e-10
2738,4.14295985156374869e+00,1.96239000486291792e+00,4.37078530101717433e+02,4.37078530102029220e+02,3.11786152451531962e-10
2739,4.25781961987359558e+00,1.36027871292804892e+00,4.06934878090142718e+02,4.06934878090415282e+02,2.72564193437574431e-10
2740,4.59201016920306415e+00,8.24574735038758777e-01,3.86673064080175607e+02,3.86673064080433335e+02,2.57728061114903539e-10
2741,4.42145020147979828e+00,2.06391253389913398e+00,4.49728824537999799e+02,4.49728824538331594e+02,3.31795035890536383e-10
2742,4.32854979852017774e+00,2.06391253389909801e+00,4.48340687935758524e+02,4.48340687936087818e+02,3.29293925460660830e-10
2743,4.04183196979927928e+00,2.17819837617272505e+00,4.51299057072846551e+02,4.51299057073179142e+02,3.32590843754587695e-10
2744,4.70816265940767487e+00,2.17819615088550478e+00,4.60300803730142604e+02,4.60300803730489122e+02,3.46517481375485659e-10
2745,4.22903063826627967e+00,1.07521337766858904e+00,3.93915921903522133e+02,3.93915921903777814e+02,2.55681698035914451e-10
2746,4.05175430290455463e+00,2.70360770664236694e-01,3.63311070018903763e+02,3.63311070019110787e+02,2.07023731491062790e-10
2747,4.69824569709543205e+00,2.70360770664229477e-01,3.65330476280135656e+02,3.65330476280385199e+02,2.49542608798947185e-10
2748,4.33024439621282831e+00,1.99624080484093969e+00,4.43640706582155531e+02,4.43640706582478174e+02,3.22643245453946292e-10
2749,4.40995171468641534e+00,1.99753096770735783e+00,4.45030841635973673e+02,4.45030841636298931e+02,3.25258042721543461e-10
2750,4.58989025389452987e+00,4.13056463095169024e-01,3.70696187026805205e+02,3.70696187027049689e+02,2.44483544520335272e-10
2751,4.96944945550396344e+00,2.16155428326723698e+00,4.60143056086752438e+02,4.60143056087097136e+02,3.44698491971939802e-10
2752,4.99944268483851850e+00,2.82693166192847289e-01,3.64974714487269864e+02,3.64974714487527365e+02,2.57500687439460307e-10
2753,5.15415622965072195e+00,1.92343087484938779e+00,4.44616468159702549e+02,4.44616468160027921e+02,3.25371729559265077e-10
2754,4.81353793300757893e+00,1.99623448488064681e+00,4.48808713979719641e+02,4.48808713980050527e+02,3.30885541188763455e-10
2755,5.09456477359598381e+00,2.16306066413608189e+00,4.60276400389940932e+02,4.60276400390286199e+02,3.45266926160547882e-10
2756,4.83556523463528087e+00,5.00984409966290345e-01,3.74061778703509049e+02,3.74061778703766038e+02,2.56989096669713035e-10
2757,5.19416229775687377e+00,3.94163896773865818e-01,3.69520433892069036e+02,3.69520433892332505e+02,2.63469246419845149e-10
2758,5.19081257330672674e+00,2.06796226290459106e+00,4.53789129135102655e+02,4.53789129135439282e+02,3.36626726493705064e-10
2759,4.92854057317643779e+00,1.60679489498183203e+00,4.25942829947765517e+02,4.25942829948069118e+02,3.03600700135575607e-10
2760,4.84609563760495732e+00,2.16686241782847322e+00,4.60194468577754606e+02,4.60194468578099531e+02,3.44925865647383034e-10
2761,4.85723712893895421e+00,2.77955095513837347e-01,3.64850989159278924e+02,3.64850989159534834e+02,2.55909071711357683e-10
2762,5.01378619714626872e+00,7.90900216986382465e-01,3.86296483665462290e+02,3.86296483665729795e+02,2.67505129158962518e-10
2763,5.14272516234260113e+00,2.77010668630440493e-01,3.64715938585102037e+02,3.64715938585361300e+02,2.59262833424145356e-10
2764,5.19252857081588370e+00,2.00184496781200805e+00,4.49495485616160806e+02,4.49495485616492147e+02,3.31340288539649919e-10
2765,5.11842442250305840e+00,2.03469369284019397e+00,4.51761385411444849e+02,4.51761385411778974e+02,3.34125616063829511e-10
2766,5.03145841592429299e+00,1.93267254666596688e+00,4.45313131204357660e+02,4.45313131204683827e+02,3.26167537423316389e-10
2767,4.99334915009649460e+00,2.02153340880865340e+00,4.50933873136170348e+02,4.50933873136503564e+02,3.33216121362056583e-10
2768,5.07385063394126767e+00,2.10174327197784283e+00,4.56198941068315548e+02,4.56198941068655245e+02,3.39696271112188697e-10
2769,5.13847907752740429e+00,2.11110364854234112e+00,4.56746744123579788e+02,4.56746744123920337e+02,3.40548922395100817e-10
2770,5.07777430413325170e+00,1.76107178820749111e+00,4.34837824553299413e+02,4.34837824553613359e+02,3.13946202368242666e-10
2771,4.90397585501075284e+00,1.97713041926692501e+00,4.47911328299743559e+02,4.47911328300073194e+02,3.29634985973825678e-10
2772,5.03328114238869073e+00,2.15820888587724902e+00,4.59969058618988640e+02,4.59969058619333282e+02,3.44641648553078994e-10
2773,4.90675751551815420e+00,2.16495060846723986e+00,4.60251067916339423e+02,4.60251067916684121e+02,3.44698491971939802e-10
2774,4.87567042622520930e+00,2.11040676370275149e+00,4.56510552240277434e+02,4.56510552240617642e+02,3.40207861881935969e-10
2775,4.80786489846608056e+00,2.11794159775147683e+00,4.56754862319817676e+02,4.56754862320158509e+02,3.40833139489404857e-10
2776,5.07142857142856673e+00,2.81858957413165578e-01,3.64925942711088624e+02,3.64925942711346863e+02,2.58239651884650812e-10
2777,5.02725170814907596e+00,3.33027650160187150e-01,3.67061781043078668e+02,3.67061781043337305e+02,2.58637555816676468e-10
2778,4.96117601306191869e+00,3.42738391405434217e-01,3.67492443478264420e+02,3.67492443478522375e+02,2.57955434790346771e-10
2779,5.02364192672100085e+00,4.07211630881645414e-01,3.70142813187690535e+02,3.70142813187950310e+02,2.59774424193892628e-10
2780,4.92797597113990005e+00,2.80579250382729906e-01,3.64910588308672573e+02,3.64910588308929732e+02,2.57159626926295459e-10
2781,5.19697206181739002e+00,2.12859406657719274e+00,4.57782955792032908e+02,4.57782955792374878e+02,3.41970007866621017e-10
2782,4.93749999999999556e+00,2.11170518869024759e+00,4.56757137380647293e+02,4.56757137380987558e+02,3.40264705300796777e-10
2783,5.10714285714282568e+00,3.43791556442268664e-01,3.67481433792102735e+02,3.67481433792363021e+02,2.60286014963639900e-10
2784,5.14944226257407411e+00,4.84277790496558613e-01,3.73277508525016174e+02,3.73277508525279870e+02,2.63696620095288381e-10
2785,4.81632124751027924e+00,1.91370860668696574e+00,4.43606363679886215e+02,4.43606363680210677e+02,3.24462234857492149e-10
2786,5.19046237363049556e+00,3.22808074993163274e-01,3.66592535655185713e+02,3.66592535655447364e+02,2.61650257016299292e-10
2787,4.80980936965836303e+00,3.24194482466826805e-01,3.66882672957600448e+02,3.66882672957855448e+02,2.54999577009584755e-10
2788,4.82664370951458732e+00,3.96204915152233494e-01,3.69816001702974745e+02,3.69816001703230143e+02,2.55397480941610411e-10
2789,5.15746702845648297e+00,2.16997173789930287e+00,4.60651512183192438e+02,4.60651512183537875e+02,3.45437456417130306e-10
2790,4.88546216882118234e+00,1.81031196450986487e+00,4.37550748014668216e+02,4.37550748014985572e+02,3.17356807499891147e-10
2791,4.88407878370840809e+00,3.38211584880719618e-01,3.67357138858600763e+02,3.67357138858857468e+02,2.56704879575408995e-10
2792,5.12432273458677567e+00,6.20349303759316961e-01,3.78983432143782181e+02,3.78983432144047640e+02,2.65458766079973429e-10
2793,5.04806266237320056e+00,2.04254534743184157e+00,4.52319581938604301e+02,4.52319581938939109e+02,3.34807737090159208e-10
2794,4.90287558266246393e+00,2.06395655263695899e+00,4.53520878013630352e+02,4.53520878013966581e+02,3.36228822561679408e-10
2795,4.99072950403252857e+00,1.36087857905593168e+00,4.12922170044717461e+02,4.12922170045007420e+02,2.89958279608981684e-10
2796,5.00129027217598932e+00,2.09494539142595837e+00,4.55736535094455689e+02,4.55736535094794931e+02,3.39241523761302233e-10
2797,4.91423480721073069e+00,4.17378503815992008e-01,3.70613185425046595e+02,3.70613185425304380e+02,2.57784904533764347e-10
2798,4.84369277114804397e+00,2.05321303759623008e+00,4.52622195393557888e+02,4.52622195393893207e+02,3.35319327859906480e-10
2799,4.79358686456980276e+00,2.06352654397046686e+00,4.53079669336474808e+02,4.53079669336811094e+02,3.36285665980540216e-10
2800,5.00075261686313333e+00,1.07996028672995203e+00,3.99258229122306261e+02,3.99258229122583487e+02,2.77225353784160689e-10
2801,4.79600858971454880e+00,2.17439428800804091e+00,4.60503343649499527e+02,4.60503343649845476e+02,3.45949047186877578e-10
2802,4.97299902326773147e+00,5.62435074446595018e-01,3.76611633382831485e+02,3.76611633383092681e+02,2.61195509665412828e-10
2803,5.20520712609368186e+00,2.17564118033498000e+00,4.60920245515331146e+02,4.60920245515676640e+02,3.45494299835991114e-10
2804,4.80125607545932453e+00,2.70944667742003320e-01,3.64637921375648943e+02,3.64637921375904057e+02,2.55113263847306371e-10
2805,5.19874392454067458e+00,2.70944667742013812e-01,3.64464677069270465e+02,3.64464677069530580e+02,2.60115484707057476e-10
2806,4.94779817198913907e+00,2.05385419216574894e+00,4.52963948890539768e+02,4.52963948890875372e+02,3.35603544954210520e-10
2807,5.29999999999999893e+00,1.60787088577842296e+00,4.25555852962779397e+02,4.25555852963082941e+02,3.03543856716714799e-10
2808,5.29892779432033034e+00,2.12601823380489696e+00,4.57228718068331830e+02,4.57228718068672038e+02,3.40207861881935969e-10
2809,5.29999999999999361e+00,2.06743610323201876e+00,4.53331344283081194e+02,4.53331344283416286e+02,3.35091954184463248e-10
2810,5.29999999999999627e+00,1.99462644950516799e+00,4.48599423122767917e+02,4.48599423123097210e+02,3.29293925460660830e-10
2811,5.29999999999999893e+00,6.37086757055662201e-01,3.79487577067279005e+02,3.79487577067547249e+02,2.68244093604153022e-10
2812,5.29999999999999893e+00,1.78118312424739500e+00,4.35455706033278261e+02,4.35455706033592776e+02,3.14514636556850746e-10
2813,5.29999999999999627e+00,4.05863665002836660e-01,3.69902946765418562e+02,3.69902946765685272e+02,2.66709321294911206e-10
2814,5.29999999999999538e+00,3.25468830185195512e-01,3.66650142167031845e+02,3.66650142167299123e+02,2.67277755483519286e-10
2815,5.29999999999999361e+00,1.90699750251993105e+00,4.43074405481550343e+02,4.43074405481873100e+02,3.22756932291667908e-10
2816,5.29999999999999361e+00,5.00984409966289457e-01,3.73811521555063109e+02,3.73811521555330160e+02,2.67050381808076054e-10
2817,5.30020757210916393e+00,2.69683900228440132e-01,3.64496500123711371e+02,3.64496500123978876e+02,2.67505129158962518e-10
2818,5.29356676592199360e+00,2.17429703328860890e+00,4.60509662104816584e+02,4.60509662105161112e+02,3.44527961715357378e-10
2819,5.56880289549486740e+00,2.16086634414058620e+00,4.57647895174602525e+02,4.57647895174940004e+02,3.37479377776617184e-10
2820,5.60055731516147137e+00,2.82693166192844680e-01,3.64553837435900220e+02,3.64553837436174661e+02,2.74440026259981096e-10
2821,5.77101003892431308e+00,1.87081019305722407e+00,4.35120152059349380e+02,4.35120152059659063e+02,3.09682945953682065e-10
2822,5.41104901496905999e+00,1.99949824379383267e+00,4.48186696245706969e+02,4.48186696246035012e+02,3.28043370245723054e-10
2823,5.69594756267890823e+00,2.16056165618741902e+00,4.56216349184585283e+02,4.56216349184920375e+02,3.35091954184463248e-10
2824,5.43998773427729887e+00,4.88482170222518608e-01,3.73063671153282030e+02,3.73063671153551411e+02,2.69380961981369182e-10
2825,5.77926684065197183e+00,4.00727087580695251e-01,3.69040463270701252e+02,3.69040463270966484e+02,2.65231392404530197e-10
2826,5.79081257330672816e+00,2.06796226290459417e+00,4.47861536239448469e+02,4.47861536239772363e+02,3.23893800668884069e-10
2827,5.66306040939535116e+00,1.68198263972958983e+00,4.25956100338712190e+02,4.25956100339013005e+02,3.00815372611396015e-10
2828,5.44375731447040678e+00,2.16860046738768686e+00,4.59244691146216439e+02,4.59244691146557273e+02,3.40833139489404857e-10
2829,5.45727483765739230e+00,2.77010668630435331e-01,3.64413938001365523e+02,3.64413938001640759e+02,2.75235834124032408e-10
2830,5.59248281893051136e+00,7.66741034628005025e-01,3.83970081874092614e+02,3.83970081874360403e+02,2.67789346253266558e-10
2831,5.74276287106103833e+00,2.77955095513832184e-01,3.64331372225339919e+02,3.64331372225612370e+02,2.72450506599852815e-10
2832,5.79605407510144488e+00,1.99469397864613374e+00,4.42570881788388022e+02,4.42570881788705549e+02,3.17527337756473571e-10
2833,5.72146853983897863e+00,2.01142608676684276e+00,4.45149945338275018e+02,4.45149945338596410e+02,3.21392690239008516e-10
2834,5.61246486391835120e+00,1.92006742947697906e+00,4.40885844563404248e+02,4.40885844563722230e+02,3.17982085107360035e-10
2835,5.46511020195629982e+00,1.78099585731221088e+00,4.34168808374184209e+02,4.34168808374496166e+02,3.11956682708114386e-10
2836,5.56008969465879854e+00,2.02835892491015812e+00,4.48618088601075442e+02,4.48618088601402690e+02,3.27247562381671742e-10
2837,5.73708823396305423e+00,2.10794113993724785e+00,4.51745869069974049e+02,4.51745869070303286e+02,3.29237082041800022e-10
2838,5.66887129253979705e+00,2.08869279682659004e+00,4.51384931624254421e+02,4.51384931624583828e+02,3.29407612298382446e-10
2839,5.63229543437663427e+00,2.14969274493439721e+00,4.56190144066456867e+02,4.56190144066792413e+02,3.35546701535349712e-10
2840,5.60304067834874342e+00,2.08809883388670903e+00,4.52188868375788843e+02,4.52188868376119899e+02,3.31056071445345879e-10
2841,5.63318701386093323e+00,2.02732881437345558e+00,4.47629620382360372e+02,4.47629620382685857e+02,3.25485416396986693e-10
2842,5.53367507288668925e+00,2.10296304761170783e+00,4.53964995387928639e+02,4.53964995388262309e+02,3.33670868712943047e-10
2843,5.50624999999999432e+00,2.16587341226349306e+00,4.58566142011032071e+02,4.58566142011371312e+02,3.39241523761302233e-10
2844,5.52857142857141959e+00,2.81858957413158084e-01,3.64560682450021147e+02,3.64560682450296326e+02,2.75178990705171600e-10
2845,5.56492830027663565e+00,3.45888902668017251e-01,3.67107837387075676e+02,3.67107837387348411e+02,2.72734723694156855e-10
2846,5.64020502193321249e+00,3.49241289287392009e-01,3.67170123201806859e+02,3.67170123202078457e+02,2.71597855316940695e-10
2847,5.60086181983786524e+00,4.11511648607657710e-01,3.69679827465050039e+02,3.69679827465320159e+02,2.70119926426559687e-10
2848,5.67225420135927827e+00,2.81663066696384690e-01,3.64483740645755006e+02,3.64483740646028934e+02,2.73928435490233824e-10
2849,5.79697206181738256e+00,2.12859406657719274e+00,4.52298220657176898e+02,4.52298220657506192e+02,3.29293925460660830e-10
2850,5.48328621498276281e+00,3.40434118595057456e-01,3.66977546053898948e+02,3.66977546054172024e+02,2.73075784207321703e-10
2851,5.42596349273935008e+00,3.94824109857115579e-01,3.69270165776822182e+02,3.69270165777093098e+02,2.70915734290610999e-10
2852,5.47720985725527321e+00,2.05235569950529051e+00,4.51084778710999160e+02,4.51084778711330102e+02,3.30942384607624263e-10
2853,5.41043245543179019e+00,2.07203699605410696e+00,4.52951820028021984e+02,4.52951820028355542e+02,3.33557181875221431e-10
2854,5.77034729641228239e+00,4.97194722309103054e-01,3.72685780702725140e+02,3.72685780702988609e+02,2.63469246419845149e-10
2855,5.42397586228332695e+00,1.91049511405539207e+00,4.42444394057763759e+02,4.42444394058085095e+02,3.21335846820147708e-10
2856,5.40394832128461911e+00,2.13177812659951416e+00,4.57011611224894921e+02,4.57011611225233480e+02,3.38559402734972537e-10
2857,5.79193252509897505e+00,3.24941288678184226e-01,3.66174713782256333e+02,3.66174713782524123e+02,2.67789346253266558e-10
2858,5.40903484097944443e+00,3.23881946178718183e-01,3.66396543116956138e+02,3.66396543117228589e+02,2.72450506599852815e-10
2859,5.75687044366816636e+00,2.16991987925448715e+00,4.56112174827425463e+02,4.56112174827759929e+02,3.34466676576994359e-10
2860,5.72014952528548992e+00,3.44713556150617162e-01,3.66936966056872848e+02,3.66936966057142456e+02,2.69608335656812415e-10
2861,5.72548902015736072e+00,6.19112942284311130e-01,3.77496221693931091e+02,3.77496221694195128e+02,2.64037680608453229e-10
2862,5.46610393111057302e+00,2.11597285397429546e+00,4.55469243794470458e+02,4.55469243794806459e+02,3.36001448886236176e-10
2863,5.68338543844951705e+00,4.24512444847523873e-01,3.70066579400578746e+02,3.70066579400846820e+02,2.68073563347570598e-10
2864,5.49695785861696340e+00,1.98215508234832982e+00,4.46259081056491198e+02,4.46259081056816228e+02,3.25030669046100229e-10
2865,5.59642026930709680e+00,1.40690430069453876e+00,4.12510164862334420e+02,4.12510164862622275e+02,2.87855073111131787e-10
2866,5.51298218018478714e+00,4.17108126796797818e-01,3.70039366003159614e+02,3.70039366003430302e+02,2.70688360615167767e-10
2867,5.59504164203727417e+00,5.27462765949311074e-01,3.74291501855431761e+02,3.74291501855699437e+02,2.67675659415544942e-10
2868,5.49199005075459556e+00,1.61124334499132904e+00,4.24201622491481146e+02,4.24201622491781905e+02,3.00758529192535207e-10
2869,5.59815051470626734e+00,1.08360470994332303e+00,3.97399683104539065e+02,3.97399683104813676e+02,2.74610556516563520e-10
2870,5.80520712609370282e+00,2.17564118033497822e+00,4.55859078292028926e+02,4.55859078292362653e+02,3.33727712131803855e-10
2871,5.79874392454069643e+00,2.70944667742008927e-01,3.64088459340709164e+02,3.64088459340980307e+02,2.71143107966054231e-10
2872,5.40125607545932418e+00,2.70944667742001211e-01,3.64219063337893999e+02,3.64219063338168780e+02,2.74781086773145944e-10
2873,5.39450015780550451e+00,2.17594140301662797e+00,4.60082404629974690e+02,4.60082404630317058e+02,3.42367911798646674e-10
2874,5.46550243904901656e+00,6.11371896982231822e-01,3.78029444580764164e+02,3.78029444581032521e+02,2.68357780441874638e-10
2875,5.92403578733240543e+00,2.17873085647120401e+00,4.53901648010682891e+02,4.53901648011013833e+02,3.30942384607624263e-10
2876,5.94703565009936597e+00,2.06743610323202098e+00,4.43482620542365282e+02,4.43482620542682469e+02,3.17186277243308723e-10
2877,5.94129245508399073e+00,3.18844357118102717e-01,3.66216265501401097e+02,3.66216265501657858e+02,2.56761722994269803e-10
2878,5.91690008619751051e+00,2.00174788291631334e+00,4.39848053044844562e+02,4.39848053045157599e+02,3.13036707666469738e-10
2879,5.92499999999999893e+00,1.08199573108434910e+00,3.94384313747085287e+02,3.94384313747351314e+02,2.66027200268581510e-10
2880,5.92499999999999716e+00,1.90699750251993194e+00,4.33524821015978603e+02,4.33524821016284250e+02,3.05647063214564696e-10
2881,5.92499999999999893e+00,1.36912021206735290e+00,4.06443670907149567e+02,4.06443670907426451e+02,2.76884293270995840e-10
2882,5.92198725688353012e+00,3.93432335305017755e-01,3.68682323357914640e+02,3.68682323358171232e+02,2.56591192737687379e-10
2883,5.92499999999999716e+00,5.00984409966291122e-01,3.72404750175619313e+02,3.72404750175874995e+02,2.55681698035914451e-10
2884,5.94781985330302021e+00,2.12698808831322417e+00,4.48321037440818941e+02,4.48321037441142494e+02,3.23552740155719221e-10
2885,5.92499999999999893e+00,8.24574735038758777e-01,3.84267784472784172e+02,3.84267784473043321e+02,2.59149146586423740e-10
2886,5.92499999999999627e+00,1.78118312424739500e+00,4.26343120980420395e+02,4.26343120980718027e+02,2.97632141155190766e-10
2887,5.89008673889371259e+00,2.13664575611609386e+00,4.50963915763070759e+02,4.50963915763397608e+02,3.26849658449646086e-10
2888,5.92499999999999627e+00,6.37086757055662201e-01,3.77269930245924797e+02,3.77269930246181161e+02,2.56363819062244147e-10
2889,5.89539382803053336e+00,2.07017252458638401e+00,4.45430460778628060e+02,4.45430460778947918e+02,3.19857917929766700e-10
2890,5.92499999999999893e+00,1.60787088577842296e+00,4.17450778871046168e+02,4.17450778871334137e+02,2.87968759948853403e-10
2891,5.94916076799526028e+00,2.68518198705364919e-01,3.64696683183828213e+02,3.64696683184085202e+02,2.56989096669713035e-10
2892,5.96437112812723580e+00,2.18095633116718313e+00,4.52948784592631569e+02,4.52948784592960806e+02,3.29237082041800022e-10
2893,5.88282450524514200e+00,2.18288786472775698e+00,4.55184070012493009e+02,4.55184070012825771e+02,3.32761374011170119e-10
2894,5.89743946875460523e+00,2.67515447141460083e-01,3.64415732548811263e+02,3.64415732549074846e+02,2.63582933257566765e-10
2895,5.88992726812302791e+00,3.25814304573868396e-01,3.66357021502699808e+02,3.66357021502961004e+02,2.61195509665412828e-10
2896,6.29192225842163033e+00,2.15878481467231165e+00,4.28826598293824759e+02,4.28826598294118639e+02,2.93880475510377437e-10
2897,6.91315238109740182e+00,1.98480960013643393e+00,4.00244298931416722e+02,4.00244298931662343e+02,2.45620412897551432e-10
2898,6.29725255129180006e+00,9.69571239582182387e-01,3.85591984384995726e+02,3.85591984385240892e+02,2.45165665546664968e-10
2899,6.16260848929524041e+00,7.36116822566426410e-01,3.79041441241678797e+02,3.79041441241923906e+02,2.45108822127804160e-10
2900,6.12039538431092822e+00,1.77775303469636881e+00,4.20502569365964291e+02,4.20502569366251748e+02,2.87457169179106131e-10
2901,7.37714474726060310e+00,5.70192413635664863e-01,3.60970173057947363e+02,3.60970173058122839e+02,1.75475634023314342e-10
2902,6.05775923733337152e+00,2.06878979673539742e+00,4.38486727368718846e+02,4.38486727369028642e+02,3.09796632791403681e-10
2903,6.06216510857556301e+00,4.23538730012785580e-01,3.69313428200937608e+02,3.69313428201183513e+02,2.45904629991855472e-10
2904,6.26164893138602174e+00,3.21699811879573028e-01,3.65141230857398114e+02,3.65141230857625658e+02,2.27544205699814484e-10
2905,7.36100285533151499e+00,1.84553281885268783e+00,3.86665171472632437e+02,3.86665171472850886e+02,2.18449258682085201e-10
2906,8.47771907360824528e+00,1.72690112111296190e+00,3.67298936762619462e+02,3.67298936762794369e+02,1.74907199834706262e-10
2907,6.14996348195300602e+00,2.16164640181758694e+00,4.37777562649946447e+02,4.37777562650254140e+02,3.07693426293553784e-10
2908,6.69457917125515412e+00,4.62412902362635991e-01,3.65549427778799554e+02,3.65549427779003395e+02,2.03840500034857541e-10
2909,9.12819107841970379e+00,6.38488521133039777e-01,3.48963253080103016e+02,3.48963253080235006e+02,1.31990418594796211e-10
2910,9.51977580717570504e+00,1.46887980432202103e+00,3.57722046828730129e+02,3.57722046828882412e+02,1.52283519128104672e-10
2911,6.83194381483089241e+00,1.55889637504811174e+00,3.93099941306175879e+02,3.93099941306413825e+02,2.37946551351342350e-10
2912,6.10463444568336477e+00,2.79969349984550420e-01,3.64797149598680164e+02,3.64797149598920157e+02,2.39992914430331439e-10
2913,7.49044609435228725e+00,1.21888204409739509e+00,3.73198240619111687e+02,3.73198240619307057e+02,1.95370830624597147e-10
2914,6.05252356709625872e+00,2.00484140927958610e+00,4.34785030018392604e+02,4.34785030018698023e+02,3.05419689539121464e-10
2915,6.11250033613417187e+00,2.03386999746151798e+00,4.33576065198736046e+02,4.33576065199038851e+02,3.02804892271524295e-10
2916,6.10121514623728078e+00,1.93092317251853807e+00,4.28628197248069000e+02,4.28628197248366007e+02,2.97006863547721878e-10
2917,6.28581333806594422e+00,1.90588205176774395e+00,4.20113929625649064e+02,4.20113929625932428e+02,2.83364443021127954e-10
2918,6.34496178855882942e+00,1.67273807579310896e+00,4.09199719974173320e+02,4.09199719974442871e+02,2.69551492237951607e-10
2919,6.10726796560218865e+00,2.10821473740795806e+00,4.37965030692852906e+02,4.37965030693161282e+02,3.08375547319883481e-10
2920,6.17431723992641679e+00,2.09221335567632405e+00,4.33113479331017629e+02,4.33113479331318672e+02,3.01042746286839247e-10
2921,6.17470742850305410e+00,2.79332885550514720e-01,3.64439706891099547e+02,3.64439706891332889e+02,2.33342234423616901e-10
2922,6.21862370300264899e+00,2.15337667845424896e+00,4.32935663121072650e+02,4.32935663121372784e+02,3.00133251585066319e-10
2923,6.05075316744266356e+00,2.12978637814436489e+00,4.43020217199377271e+02,4.43020217199692866e+02,3.15594661515206099e-10
2924,8.49440154681624726e+00,6.92387264152557802e-01,3.53313891204129732e+02,3.53313891204274739e+02,1.45007561513921246e-10
2925,7.88583233555867213e+00,6.86338006515912591e-01,3.58219237859659415e+02,3.58219237859820964e+02,1.61548996402416378e-10
2926,7.87707660116354358e+00,1.73798038354548368e+00,3.75455576676902240e+02,3.75455576677096417e+02,1.94177118828520179e-10
2927,6.09025682344308805e+00,2.17085836714394720e+00,4.42726301756000737e+02,4.42726301756315536e+02,3.14798853651154786e-10
2928,6.30714702577667197e+00,1.35958145152783993e+00,3.98861250834642078e+02,3.98861250834900943e+02,2.58864929492119700e-10
2929,9.52444142936295712e+00,9.55477493525048627e-01,3.51928660485615865e+02,3.51928660485754392e+02,1.38527411763789132e-10
2930,6.18819218184755915e+00,2.00610081519667860e+00,4.28480385294819826e+02,4.28480385295115070e+02,2.95244717563036829e-10
2931,6.39320008345762236e+00,2.09745071482748013e+00,4.21935361620191770e+02,4.21935361620475192e+02,2.83421286439988762e-10
2932,8.17064020122829859e+00,1.21299757585395707e+00,3.64196906241985744e+02,3.64196906242156388e+02,1.70643943420145661e-10
2933,6.05741970764923821e+00,3.30122203738225595e-01,3.66434358203807676e+02,3.66434358204053012e+02,2.45336195803247392e-10
2934,9.11311302409199087e+00,1.80354626018896669e+00,3.62614236536474948e+02,3.62614236536638202e+02,1.63254298968240619e-10
2935,8.91832602295759180e+00,1.21409686289836505e+00,3.57821887011095782e+02,3.57821887011249203e+02,1.53420387505320832e-10
2936,6.26491870280107488e+00,2.06796758446267770e+00,4.27163124544303230e+02,4.27163124544595405e+02,2.92175172944553196e-10
2937,6.80744027158481302e+00,9.18735489585129295e-01,3.76636838009458870e+02,3.76636838009675444e+02,2.16573425859678537e-10
2938,6.14179043617749443e+00,3.55472840224101083e-01,3.66849158622048947e+02,3.66849158622287234e+02,2.38287611864507198e-10
2939,6.15450083972928574e+00,1.60516286671483299e+00,4.11857907509021175e+02,4.11857907509298286e+02,2.77111666946439072e-10
2940,6.20304929379684555e+00,4.98272331322002271e-01,3.70893735725557747e+02,3.70893735725795011e+02,2.37264430325012654e-10
2941,6.43784959659982370e+00,6.56263404757316704e-01,3.73780224810260961e+02,3.73780224810487482e+02,2.26521024160319939e-10
2942,6.42024376629800830e+00,3.96441408386921323e-01,3.66159325553174710e+02,3.66159325553393103e+02,2.18392415263224393e-10
2943,6.05098435285093661e+00,2.71292216173176892e-01,3.64739740549864280e+02,3.64739740550109275e+02,2.44995135290082544e-10
2944,6.04259271664921993e+00,2.17741711182587405e+00,4.47242910949566181e+02,4.47242910949887630e+02,3.21449533657869324e-10
2945,9.60559592099052217e+00,1.88648521290195204e+00,3.60995274553761249e+02,3.60995274553920638e+02,1.59388946485705674e-10
2946,9.61065295544114662e+00,5.50793202931395776e-01,3.46274304113944254e+02,3.46274304114068855e+02,1.24600774142891169e-10
2947,6.97277737869917402e+00,4.68771173758647186e-01,3.62928348380077693e+02,3.62928348380266812e+02,1.89118054549908265e-10
2948,6.56575338486330828e+00,1.90662946959547974e+00,4.09791560591824521e+02,4.09791560592089468e+02,2.64947175310226157e-10
2949,-5.92499999999999805e+00,2.28999999999999915e+00,3.04952510727847368e+02,3.04952510728036941e+02,1.89572801900794730e-10
2950,-5.29999999999999805e+00,2.29000000000000004e+00,3.05922280700023748e+02,3.05922280700218209e+02,1.94461335922824219e-10
2951,3.95911021482572245e+00,2.29178343063805690e+00,4.50774376031727854e+02,4.50774376032058797e+02,3.30942384607624263e-10
2952,3.83729704782538006e+00,2.26562676927054119e+00,4.37674471058820473e+02,4.37674471059131463e+02,3.10990344587480649e-10
2953,3.71563526364155194e+00,2.28741551040850810e+00,4.29055720382085610e+02,4.29055720382381935e+02,2.96324742521392182e-10
2954,3.79317807027046960e+00,2.30848521692256803e+00,4.34899486153962755e+02,4.34899486154268914e+02,3.06158653984311968e-10
2955,3.61144288516504153e+00,2.28981162612306877e+00,4.22687666024965097e+02,4.22687666025250792e+02,2.85695023194421083e-10
2956,3.25932232787892007e+00,2.28999999999999915e+00,4.05346346577086479e+02,4.05346346577342899e+02,2.56420662481104955e-10
2957,3.90610362041609438e+00,2.26891713520699811e+00,4.44259805181803472e+02,4.44259805182123955e+02,3.20483195537235588e-10
2958,3.45839650490902217e+00,2.29000000000000004e+00,4.14556722012956129e+02,4.14556722013228068e+02,2.71938915830105543e-10
2959,3.91704471657517406e+00,2.32313019476378457e+00,4.46120537093297116e+02,4.46120537093621067e+02,3.23950644087744877e-10
2960,3.85852814032135782e+00,2.31435988602731468e+00,4.40381594954935224e+02,4.40381594955250250e+02,3.15026227326598018e-10
2961,3.96313280175382054e+00,2.32964939174700003e+00,4.51384638576611678e+02,4.51384638576943871e+02,3.32192939822562039e-10
2962,3.96094458252200399e+00,2.25347344650234405e+00,4.50370320410111503e+02,4.50370320410441991e+02,3.30487637256737798e-10
2963,3.78463953670111275e+00,2.25841958248683872e+00,4.33313770436667028e+02,4.33313770436970742e+02,3.03714386973297223e-10
2964,4.04220640748858617e+00,2.29231507296283077e+00,4.56564985790935282e+02,4.56564985791275774e+02,3.40492078976240009e-10
2965,4.70779359251141205e+00,2.29231507296282944e+00,4.63347439869340292e+02,4.63347439869690788e+02,3.50496520695742220e-10
2966,4.34375000000000355e+00,2.27412658773652598e+00,4.60192993710164899e+02,4.60192993710510677e+02,3.45778516930295154e-10
2967,4.16720640748858706e+00,2.26635504715783709e+00,4.58053876720133815e+02,4.58053876720476296e+02,3.42481598636368290e-10
2968,4.46875000000000000e+00,2.27412658773652687e+00,4.61487152003034794e+02,4.61487152003382278e+02,3.47483819496119395e-10
2969,4.58279359251141294e+00,2.26635504715783709e+00,4.62456323413304631e+02,4.62456323413654218e+02,3.49587025993969291e-10
2970,4.28125000000000000e+00,2.30587341226347142e+00,4.59519160510723623e+02,4.59519160511067923e+02,3.44300588039914146e-10
2971,4.52968479893020071e+00,2.30903299818748664e+00,4.62088071968821794e+02,4.62088071969170414e+02,3.48620687873335555e-10
2972,4.40624999999999911e+00,2.30587341226347142e+00,4.60911099727498936e+02,4.60911099727845112e+02,3.46176420862320811e-10
2973,4.21015940124809696e+00,2.31203807657021798e+00,4.58658348938860684e+02,4.58658348939203677e+02,3.42993189406115562e-10
2974,4.09688040213959592e+00,2.26948376756653403e+00,4.57173282827205014e+02,4.57173282827546245e+02,3.41231043421430513e-10
2975,4.65311959786040230e+00,2.26948376756653403e+00,4.62973349728620235e+02,4.62973349728970959e+02,3.50723894371185452e-10
2976,4.66431886506196758e+00,2.32353580993566711e+00,4.63111405875456626e+02,4.63111405875807066e+02,3.50439677276881412e-10
2977,4.08568113493802976e+00,2.32353580993566622e+00,4.57098561610027957e+02,4.57098561610369245e+02,3.41287886840291321e-10
2978,4.34375000000000444e+00,2.32274935241804581e+00,4.60243193612412995e+02,4.60243193612758375e+02,3.45380612998269498e-10
2979,4.22956096812277860e+00,2.26358619726224486e+00,4.58825498812490025e+02,4.58825498812833530e+02,3.43504780175862834e-10
2980,4.14540455763571813e+00,2.31523545020504207e+00,4.57848022726057252e+02,4.57848022726399620e+02,3.42367911798646674e-10
2981,4.46875000000000000e+00,2.32274935241805380e+00,4.61539274604688899e+02,4.61539274605036269e+02,3.47370132658397779e-10
2982,4.60028772075761694e+00,2.31702453198224356e+00,4.62661594543436593e+02,4.62661594543786464e+02,3.49871243088273332e-10
2983,4.28341219362455572e+00,2.25671723945244818e+00,4.59454794786720640e+02,4.59454794787065225e+02,3.44584805134218186e-10
2984,4.40624999999999911e+00,2.25725064758194494e+00,4.60823821718245540e+02,4.60823821718592058e+02,3.46517481375485659e-10
2985,4.53125000000000000e+00,2.25725064758194494e+00,4.62010232416275301e+02,4.62010232416624206e+02,3.48904904967639595e-10
2986,4.03807750848532265e+00,2.32983684324633078e+00,4.56517213490475854e+02,4.56517213490816232e+02,3.40378392138518393e-10
2987,4.71192249151467468e+00,2.32983684324633078e+00,4.63401513972103999e+02,4.63401513972454723e+02,3.50723894371185452e-10
2988,4.70968263807436216e+00,2.25369310143920609e+00,4.63283009868470629e+02,4.63283009868821239e+02,3.50610207533463836e-10
2989,4.04031736192563695e+00,2.25369310143920609e+00,4.56402638490596814e+02,4.56402638490936965e+02,3.40151018463075161e-10
2990,4.79220640748858528e+00,2.29231507296283077e+00,4.63774628753637501e+02,4.63774628753987827e+02,3.50325990439159796e-10
2991,5.20779359251141560e+00,2.28768492703707516e+00,4.64096335589946875e+02,4.64096335590296235e+02,3.49359652318526059e-10
2992,4.91720640748858528e+00,2.26635504715783798e+00,4.64142564170699131e+02,4.64142564171048832e+02,3.49700712831690907e-10
2993,5.03125000000000089e+00,2.27412658773652687e+00,4.64301923751999425e+02,4.64301923752349182e+02,3.49757556250551715e-10
2994,4.97031520106979841e+00,2.30903299818748753e+00,4.64303598505369735e+02,4.64303598505719719e+02,3.49984929925994948e-10
2995,5.08279359251141649e+00,2.31364495284215899e+00,4.64342084287884347e+02,4.64342084288234389e+02,3.50041773344855756e-10
2996,5.15311959786040408e+00,2.31051623243343585e+00,4.64254820451932687e+02,4.64254820452282502e+02,3.49814399669412524e-10
2997,4.84688040213959592e+00,2.26948376756653536e+00,4.63952845346509150e+02,4.63952845346858794e+02,3.49643869412830099e-10
2998,4.83568113493802976e+00,2.32353580993566800e+00,4.63978443873943320e+02,4.63978443874293248e+02,3.49928086507134140e-10
2999,5.16431886506196847e+00,2.25646419006429788e+00,4.64140833614079554e+02,4.64140833614429653e+02,3.50098616763716564e-10
3000,4.89971227924238217e+00,2.31702453198224578e+00,4.64173135481913789e+02,4.64173135482263717e+02,3.49928086507134140e-10
3001,5.02937175871624298e+00,2.32336090775323401e+00,4.64355111021774576e+02,4.64355111022124674e+02,3.50098616763716564e-10
3002,4.96875000000000000e+00,2.25725064758195115e+00,4.64210433267182623e+02,4.64210433267532153e+02,3.49530182575108483e-10
3003,5.09718063990730030e+00,2.26036338310094420e+00,4.64250560508922547e+02,4.64250560509272361e+02,3.49814399669412524e-10
3004,4.78807750848532176e+00,2.32983684324633078e+00,4.63787275408400149e+02,4.63787275408750475e+02,3.50325990439159796e-10
3005,5.20968263807436394e+00,2.32630689856073403e+00,4.64127948731257504e+02,4.64127948731606750e+02,3.49245965480804443e-10
3006,4.79031736192563695e+00,2.25369310143920609e+00,4.63691222452087402e+02,4.63691222452437330e+02,3.49928086507134140e-10
3007,5.21192249151467735e+00,2.25016315675360712e+00,4.64006645447694439e+02,4.64006645448043571e+02,3.49132278643082827e-10
3008,5.29674221744377061e+00,2.28999999999993609e+00,4.63787979120071554e+02,4.63787979120419891e+02,3.48336470779031515e-10
3009,5.31283606136167474e+00,2.32609222632881218e+00,4.63746404463258500e+02,4.63746404463606950e+02,3.48450157616753131e-10
3010,5.31283606136170139e+00,2.25390777367111150e+00,4.63642462210578742e+02,4.63642462210926624e+02,3.47881723428145051e-10
3011,5.28191565576108957e+00,2.32988511193238201e+00,4.63881149786362073e+02,4.63881149786710864e+02,3.48791218129917979e-10
3012,5.28191565576109401e+00,2.25011488806754301e+00,4.63765883274256623e+02,4.63765883274604789e+02,3.48165940522449091e-10
3013,5.39220640748858671e+00,2.29231507296282722e+00,4.63303956392939938e+02,4.63303956393286285e+02,3.46346951118903235e-10
3014,5.80779359251141791e+00,2.28768492703707604e+00,4.59607300289128432e+02,4.59607300289466821e+02,3.38388872478390113e-10
3015,5.51720640748858049e+00,2.26635504715783709e+00,4.62404528003029782e+02,4.62404528003373059e+02,3.43277406500419602e-10
3016,5.63124999999999520e+00,2.27412658773652687e+00,4.61436264669516788e+02,4.61436264669858133e+02,3.41344730259152129e-10
3017,5.57031520106979361e+00,2.30903299818749019e+00,4.62033860001617654e+02,4.62033860001959852e+02,3.42197381542064250e-10
3018,5.68279359251142058e+00,2.31364495284216254e+00,4.60979520670207137e+02,4.60979520670547856e+02,3.40719452651683241e-10
3019,5.75311959786040550e+00,2.31051623243343895e+00,4.60242742484010364e+02,4.60242742484349662e+02,3.39298367180163041e-10
3020,5.44688040213959823e+00,2.26948376756653403e+00,4.62925498124933540e+02,4.62925498125278580e+02,3.45039552485104650e-10
3021,5.43568113493802940e+00,2.32353580993566711e+00,4.63063160915841991e+02,4.63063160916187201e+02,3.45210082741687074e-10
3022,5.76431886506197522e+00,2.25646419006429788e+00,4.60028645093447153e+02,4.60028645093786167e+02,3.39014150085859001e-10
3023,5.49971227924237827e+00,2.31702453198224489e+00,4.62609094426508534e+02,4.62609094426852209e+02,3.43675310432445258e-10
3024,5.62937175871624174e+00,2.32336090775323489e+00,4.61503425295772388e+02,4.61503425296113960e+02,3.41572103934595361e-10
3025,5.56874999999999343e+00,2.25725064758195515e+00,4.61957600941982662e+02,4.61957600942324689e+02,3.42026851285481825e-10
3026,5.69718063990731416e+00,2.26036338310095086e+00,4.60754744684272055e+02,4.60754744684612433e+02,3.40378392138518393e-10
3027,5.38807750848532319e+00,2.32983684324632989e+00,4.63357580928261257e+02,4.63357580928607888e+02,3.46631168213207275e-10
3028,5.80968263807436269e+00,2.32630689856073403e+00,4.59614586275538215e+02,4.59614586275876320e+02,3.38104655384086072e-10
3029,5.39031736192563660e+00,2.25369310143920520e+00,4.63240053039224961e+02,4.63240053039571251e+02,3.46290107700042427e-10
3030,5.81192249151467699e+00,2.25016315675360801e+00,4.59476587496142599e+02,4.59476587496480363e+02,3.37763594870921224e-10
3031,5.96666666666683998e+00,2.28999999999994364e+00,4.57838756961458387e+02,4.57838756961794047e+02,3.35660388373071328e-10
3032,5.88333333333331510e+00,2.28999999999994364e+00,4.58746224298475170e+02,4.58746224298812365e+02,3.37195160682313144e-10
3033,5.92500000000013305e+00,2.32092031780841879e+00,4.58307506771923784e+02,4.58307506772260240e+02,3.36456196237122640e-10
3034,5.92500000000013394e+00,2.25907968219150534e+00,4.58200817163056627e+02,4.58200817163393197e+02,3.36569883074844256e-10
3035,5.88166666666660820e+00,2.32885073022830413e+00,4.58789822665106726e+02,4.58789822665444035e+02,3.37308847520034760e-10
3036,5.88166666666660820e+00,2.25114926977162311e+00,4.58672902741930272e+02,4.58672902742267638e+02,3.37365690938895568e-10
3037,5.96833333333354421e+00,2.32885073022830413e+00,4.57828710686121553e+02,4.57828710686457214e+02,3.35660388373071328e-10
3038,5.96833333333354332e+00,2.25114926977162311e+00,4.57659206265149976e+02,4.57659206265485693e+02,3.35717231791932136e-10
3039,6.04088978517408393e+00,2.29178343063797962e+00,4.52519367772212945e+02,4.52519367772541443e+02,3.28498117596609518e-10
3040,6.16270295217382635e+00,2.26562676927057716e+00,4.40317366657262994e+02,4.40317366657573359e+02,3.10365066980011761e-10
3041,6.28436473635683868e+00,2.28741551040860136e+00,4.32428620683591930e+02,4.32428620683890358e+02,2.98427949019242078e-10
3042,6.20682192972845659e+00,2.30848521692261244e+00,4.37818936016545592e+02,4.37818936016852376e+02,3.06783931591780856e-10
3043,6.38855711483267008e+00,2.28981162612307498e+00,4.26622911946372653e+02,4.26622911946662043e+02,2.89389845420373604e-10
3044,6.74067767211770086e+00,2.29000000000000004e+00,4.11229439704177253e+02,4.11229439704440381e+02,2.63128185906680301e-10
3045,6.09389637958345709e+00,2.26891713520693905e+00,4.46426493852760018e+02,4.46426493853079876e+02,3.19857917929766700e-10
3046,6.54160349508803307e+00,2.28999999999999915e+00,4.19318496507914347e+02,4.19318496508191913e+02,2.77566414297325537e-10
3047,6.08295528342442804e+00,2.32313019476373217e+00,4.48196527992401343e+02,4.48196527992723759e+02,3.22415871778503060e-10
3048,6.14147185967795206e+00,2.31435988602730980e+00,4.42877976906016158e+02,4.42877976906330616e+02,3.14457793137989938e-10
3049,6.03686719824600360e+00,2.32964939174697294e+00,4.53099348634052319e+02,4.53099348634381556e+02,3.29237082041800022e-10
3050,6.03905541747780994e+00,2.25347344650231696e+00,4.52115318315868990e+02,4.52115318316196976e+02,3.27986526826862246e-10
3051,6.21536046329777214e+00,2.25841958248701413e+00,4.36285644070026819e+02,4.36285644070331216e+02,3.04396507999626920e-10
3052,-6.28571428571428736e+00,2.57999999999999918e+00,3.04548412991454768e+02,3.04548412991636610e+02,1.81842096935724840e-10
3053,-6.85714285714286120e+00,2.58000000000000007e+00,3.03928715674149771e+02,3.03928715674319676e+02,1.69904978974955156e-10
3054,-9.14285714285714413e+00,2.58000000000000007e+00,3.02617484252403983e+02,3.02617484252531767e+02,1.27784005599096417e-10
3055,-7.42857142857143238e+00,2.58000000000000007e+00,3.03440410393670902e+02,3.03440410393827563e+02,1.56660462380386889e-10
3056,-9.71428571428571352e+00,2.58000000000000007e+00,3.02529715024533004e+02,3.02529715024657207e+02,1.24202870210865512e-10
3057,-8.57142857142857295e+00,2.58000000000000007e+00,3.02794818665221612e+02,3.02794818665356217e+02,1.34605215862393379e-10
3058,-8.00000000000000355e+00,2.58000000000000007e+00,3.03066433866930936e+02,3.03066433867075432e+02,1.44495970744173974e-10
3059,-5.59999999999999964e+00,2.58000000000000007e+00,3.05496141974923830e+02,3.05496141975114767e+02,1.90937043953454122e-10
3060,-5.00000000000000000e+00,2.58000000000000007e+00,3.06561079830717915e+02,3.06561079830909989e+02,1.92073912330670282e-10
3061,-4.53516763848396387e+00,2.58000000000000007e+00,3.07555315254796426e+02,3.07555315254984919e+02,1.88492776942439377e-10
3062,-4.22297628964121952e+00,2.58000000000000007e+00,3.08331291787140628e+02,3.08331291787324744e+02,1.84115833690157160e-10
3063,-8.57142857146430126e-01,2.58000000000000007e+00,3.24974819224660962e+02,3.24974819224798011e+02,1.37049482873408124e-10
3064,-2.85714285715476579e-01,2.58000000000000007e+00,3.30210527561302797e+02,3.30210527561441666e+02,1.38868472276953980e-10
3065,-1.42857142857738206e+00,2.58000000000000007e+00,3.20686362976573548e+02,3.20686362976712928e+02,1.39380063046701252e-10
3066,-3.71428571428492038e+00,2.58000000000000007e+00,3.09817492187914411e+02,3.09817492188089034e+02,1.74622982740402222e-10
3067,-2.00000000000674483e+00,2.58000000000000007e+00,3.17147946320499045e+02,3.17147946320643769e+02,1.44723344419617206e-10
3068,-3.14285714285754114e+00,2.58000000000000007e+00,3.11803976952749906e+02,3.11803976952913331e+02,1.63424829224823043e-10
3069,-2.57142857143293480e+00,2.58000000000000007e+00,3.14220089835363979e+02,3.14220089835517172e+02,1.53193013829877600e-10
3070,3.79140474991970899e+00,2.41856392306925105e+00,4.35617717956170168e+02,4.35617717956477804e+02,3.07636582874692976e-10
3071,3.95928325649632562e+00,2.55645574375577489e+00,4.44842678224404096e+02,4.44842678224727422e+02,3.23325366480275989e-10
3072,3.90681130303629764e+00,2.41164370036889819e+00,4.44275337461957008e+02,4.44275337462278799e+02,3.21790594171034172e-10
3073,3.61943708384858898e+00,2.45898181069262156e+00,4.25050491731876662e+02,4.25050491732166336e+02,2.89674062514677644e-10
3074,3.26689611430138216e+00,2.53724645677489802e+00,4.07939319114954742e+02,4.07939319115215085e+02,2.60342858382500708e-10
3075,3.71960346340779058e+00,2.57577490731658409e+00,4.31255711791403144e+02,4.31255711791703106e+02,2.99962721328483894e-10
3076,3.82128745862330188e+00,2.52833816918243315e+00,4.37269613311988508e+02,4.37269613312298929e+02,3.10421910398872569e-10
3077,3.84887289345516104e+00,2.41316915129550047e+00,4.39775647950777739e+02,4.39775647951092139e+02,3.14400949719129130e-10
3078,3.87901815473640710e+00,2.46867832694347999e+00,4.41423404480876968e+02,4.41423404481194325e+02,3.17356807499891147e-10
3079,3.94313127496289617e+00,2.45670338536255306e+00,4.45935852303876629e+02,4.45935852304201489e+02,3.24860138789517805e-10
3080,3.93528730489649448e+00,2.63689974305617136e+00,4.42668426691295394e+02,4.42668426691614286e+02,3.18891579809132963e-10
3081,3.81576279678096375e+00,2.64286841111355120e+00,4.36445677520432866e+02,4.36445677520741469e+02,3.08602920995326713e-10
3082,3.52076748254744798e+00,2.63389747702237109e+00,4.20736819113394859e+02,4.20736819113676859e+02,2.82000200968468562e-10
3083,3.82254713005685876e+00,2.46559539491591506e+00,4.37677591963427631e+02,4.37677591963738621e+02,3.10990344587480649e-10
3084,3.76687067098411665e+00,2.49345824637842917e+00,4.34027230997124207e+02,4.34027230997429058e+02,3.04851255350513384e-10
3085,3.71900445833967286e+00,2.41820079602806004e+00,4.30815115845007085e+02,4.30815115845306650e+02,2.99564817396458238e-10
3086,2.63016026606283493e+00,2.60523251398870315e+00,3.84118224796484526e+02,3.84118224796703998e+02,2.19472440221579745e-10
3087,2.96805003410409218e-01,2.58000000000000007e+00,3.36770491104651683e+02,3.36770491104796463e+02,1.44780187838478014e-10
3088,8.90415010230946380e-01,2.58000000000000007e+00,3.45015443823080147e+02,3.45015443823235842e+02,1.55694124259753153e-10
3089,1.48402501705120082e+00,2.58000000000000007e+00,3.55334386341272818e+02,3.55334386341444315e+02,1.71496594703057781e-10
3090,3.89652030409659789e+00,2.53160149701425707e+00,4.41676514206151580e+02,4.41676514206469562e+02,3.17982085107360035e-10
3091,2.07076729353681666e+00,2.58000000000000007e+00,3.68250144867050835e+02,3.68250144867243534e+02,1.92699189938139170e-10
3092,3.95496048938242994e+00,2.40384532735074696e+00,4.48441234698095968e+02,4.48441234698424353e+02,3.28384430758887902e-10
3093,3.02448247038246087e+00,2.57707982846060002e+00,3.97895329623057251e+02,3.97895329623300370e+02,2.43119302467675880e-10
3094,3.95978696711116340e+00,2.50833238010168813e+00,4.45776134995983853e+02,4.45776134996308770e+02,3.24916982208378613e-10
3095,4.21622899963834818e+00,2.41267914822711882e+00,4.57400704788653968e+02,4.57400704788995711e+02,3.41742634191177785e-10
3096,4.52737926587541306e+00,2.42361983916527413e+00,4.61307018798748175e+02,4.61307018799096113e+02,3.47938566847005859e-10
3097,4.34497271162106102e+00,2.41139252431989215e+00,4.59354070096652379e+02,4.59354070096997361e+02,3.44982709066243842e-10
3098,4.04595355610640972e+00,2.54313292378070299e+00,4.49167282565668813e+02,4.49167282565998448e+02,3.29634985973825678e-10
3099,4.70958236709662170e+00,2.55640987171829570e+00,4.61757545018924588e+02,4.61757545019273778e+02,3.49189122061943635e-10
3100,4.09633226452805221e+00,2.41300347946301486e+00,4.54966209182577302e+02,4.54966209182915577e+02,3.38275185640668496e-10
3101,4.65366773547194335e+00,2.41300347946300997e+00,4.62493255394067830e+02,4.62493255394418100e+02,3.50269147020298988e-10
3102,4.40048823167828651e+00,2.62736732122225591e+00,4.57608251442695860e+02,4.57608251443038398e+02,3.42538442055229098e-10
3103,4.54503811915166089e+00,2.63574807348376794e+00,4.59722588282600043e+02,4.59722588282945878e+02,3.45835360349155962e-10
3104,4.48891938944011493e+00,2.55063812283591806e+00,4.59571617332955213e+02,4.59571617333300765e+02,3.45551143254851922e-10
3105,4.34829001904697332e+00,2.52944745560905604e+00,4.57628331358028106e+02,4.57628331358370872e+02,3.42765815730672330e-10
3106,4.27868028265923694e+00,2.59347957172875487e+00,4.55416047995743497e+02,4.55416047996082682e+02,3.39184680342441425e-10
3107,4.42071353423318492e+00,2.46056690533460065e+00,4.59632859055768847e+02,4.59632859056114341e+02,3.45494299835991114e-10
3108,4.26894025019747758e+00,2.49359539746221248e+00,4.56677595901211532e+02,4.56677595901552706e+02,3.41174200002569705e-10
3109,4.19976893082323155e+00,2.52412958349560901e+00,4.54590760926854671e+02,4.54590760927192605e+02,3.37934125127503648e-10
3110,4.58900269789603588e+00,2.50306673056383389e+00,4.61124356271974591e+02,4.61124356272322757e+02,3.48165940522449091e-10
3111,4.52700733295173041e+00,2.48842516182216755e+00,4.60604196089679135e+02,4.60604196090026107e+02,3.46972228726372123e-10
3112,4.59375000000000000e+00,2.41412658773650302e+00,4.62016739708434784e+02,4.62016739708784030e+02,3.49245965480804443e-10
3113,4.62345305278531171e+00,2.46493701786024166e+00,4.61766624249735742e+02,4.61766624250084703e+02,3.48961748386500403e-10
3114,4.69185660366862756e+00,2.45652080887671476e+00,4.62367294815584671e+02,4.62367294815934656e+02,3.49984929925994948e-10
3115,4.27886946844025839e+00,2.42403023739420309e+00,4.58162822321012925e+02,4.58162822321356089e+02,3.43163719662697986e-10
3116,4.15625000000000000e+00,2.41412658773652611e+00,4.56263575515256775e+02,4.56263575515596983e+02,3.40207861881935969e-10
3117,4.13101486608423940e+00,2.47077632542740977e+00,4.53989599252567075e+02,4.53989599252903758e+02,3.36683569912565872e-10
3118,4.06249449400483442e+00,2.46829786793265216e+00,4.51851726907899604e+02,4.51851726908233275e+02,3.33670868712943047e-10
3119,4.46875000000000000e+00,2.41412658773650035e+00,4.60813255212407114e+02,4.60813255212754086e+02,3.46972228726372123e-10
3120,4.18753315256017711e+00,2.46515885186149797e+00,4.55556586419992584e+02,4.55556586420331996e+02,3.39412054017884657e-10
3121,4.18499884928129440e+00,2.64472396185663516e+00,4.52490011143713048e+02,4.52490011144047628e+02,3.34580363414715976e-10
3122,4.32457031979483197e+00,2.47101768917030107e+00,4.58062777203514543e+02,4.58062777203857706e+02,3.43163719662697986e-10
3123,4.65371956663066122e+00,2.64525320607322501e+00,4.60815578233034159e+02,4.60815578233381530e+02,3.47370132658397779e-10
3124,4.06471269510352240e+00,2.63689974305617136e+00,4.48405639366955711e+02,4.48405639367283925e+02,3.28213900502305478e-10
3125,4.40624999999999911e+00,2.40846639624042602e+00,4.60178583767632460e+02,4.60178583767978637e+02,3.46176420862320811e-10
3126,4.47243237415183525e+00,2.47026163796491494e+00,4.60167836528751764e+02,4.60167836529097883e+02,3.46119577443460003e-10
3127,4.57211846990169857e+00,2.45883506742960378e+00,4.61365584395769076e+02,4.61365584396117470e+02,3.48393314197892323e-10
3128,4.11482389856725561e+00,2.54799340092486259e+00,4.51639052280306998e+02,4.51639052280640101e+02,3.33102434524334967e-10
3129,4.41685158308032122e+00,2.51550431928980700e+00,4.58909165879445197e+02,4.58909165879789668e+02,3.44471118296496570e-10
3130,4.70325090683651315e+00,2.40517818212640799e+00,4.62903263957649244e+02,4.62903263958000082e+02,3.50837581208907068e-10
3131,4.04674909316347797e+00,2.40517818212639689e+00,4.53894399935283161e+02,4.53894399935620186e+02,3.37024630425730720e-10
3132,4.64686930104525509e+00,2.52787370716567805e+00,4.61440986907064769e+02,4.61440986907413446e+02,3.48677531292196363e-10
3133,4.37694136129606193e+00,2.46606588166067997e+00,4.58948004008013072e+02,4.58948004008357771e+02,3.44698491971939802e-10
3134,4.30678734737325541e+00,2.52057335738726707e+00,4.56992893966332758e+02,4.56992893966674444e+02,3.41685790772316977e-10
3135,4.23158411390281231e+00,2.46266386051434916e+00,4.56538890633105609e+02,4.56538890633446613e+02,3.41003669745987281e-10
3136,4.58014203394112496e+00,2.56807365130512189e+00,4.60529838123328318e+02,4.60529838123675631e+02,3.47313289239536971e-10
3137,4.70966165436210105e+00,2.50754113242730892e+00,4.62084565526589984e+02,4.62084565526939798e+02,3.49814399669412524e-10
3138,4.02797286944431754e+00,2.50035281716301316e+00,4.49458313588572992e+02,4.49458313588902968e+02,3.29976046486990526e-10
3139,4.96914022379903830e+00,2.41471100155263985e+00,4.63827686786315780e+02,4.63827686786665708e+02,3.49928086507134140e-10
3140,5.19681364085860409e+00,2.55243215816118196e+00,4.62668511673209707e+02,4.62668511673557532e+02,3.47824880009284243e-10
3141,4.80038320186389278e+00,2.55793815251025114e+00,4.62300548881685586e+02,4.62300548882035116e+02,3.49530182575108483e-10
3142,5.09607518004061877e+00,2.41437002702567094e+00,4.63854746079223503e+02,4.63854746079572919e+02,3.49416495737386867e-10
3143,4.84632916763921173e+00,2.41264444479721440e+00,4.63539631589868009e+02,4.63539631590218391e+02,3.50382833858020604e-10
3144,5.20146402219382509e+00,2.44437019270807898e+00,4.63404163717436006e+02,4.63404163717784968e+02,3.48961748386500403e-10
3145,4.90674489857303975e+00,2.41434474944035715e+00,4.63711004288765366e+02,4.63711004289115579e+02,3.50212303601438180e-10
3146,4.93790039749627940e+00,2.47025981145585405e+00,4.63341147911204985e+02,4.63341147911554799e+02,3.49814399669412524e-10
3147,5.00224624789937344e+00,2.46979059153347480e+00,4.63430861059087704e+02,4.63430861059437404e+02,3.49700712831690907e-10
3148,4.97583978583430042e+00,2.52685994032134698e+00,4.63017840495849384e+02,4.63017840496198403e+02,3.49018591805361211e-10
3149,5.03658388511504373e+00,2.51359085666262105e+00,4.63139856949542377e+02,4.63139856949891339e+02,3.48961748386500403e-10
3150,4.90586427163712457e+00,2.52511802723142686e+00,4.62899632897454353e+02,4.62899632897803656e+02,3.49302808899665251e-10
3151,4.93246969333624108e+00,2.60735770321121452e+00,4.62537461999072207e+02,4.62537461999420941e+02,3.48734374711057171e-10
3152,5.03252177572975334e+00,2.41482510882320600e+00,4.63875108335083951e+02,4.63875108335434049e+02,3.50098616763716564e-10
3153,4.87550511761091165e+00,2.46805037590713017e+00,4.63198179851230861e+02,4.63198179851581017e+02,3.50155460182577372e-10
3154,4.80605713718017480e+00,2.45508849367342696e+00,4.63030322402517299e+02,4.63030322402867967e+02,3.50667050952324644e-10
3155,5.20001162666026318e+00,2.49753680686126378e+00,4.63006105168602176e+02,4.63006105168950512e+02,3.48336470779031515e-10
3156,5.14253641765807235e+00,2.46986678493114287e+00,4.63348061168491256e+02,4.63348061168839934e+02,3.48677531292196363e-10
3157,5.06916607040577105e+00,2.46779327753712296e+00,4.63453055736721240e+02,4.63453055737070542e+02,3.49302808899665251e-10
3158,5.09401166724151278e+00,2.52655416444886738e+00,4.63025362530204006e+02,4.63025362530552513e+02,3.48507001035613939e-10
3159,5.14570108401186843e+00,2.62532711360036908e+00,4.62451591477920090e+02,4.62451591478267517e+02,3.47426976077258587e-10
3160,4.83523183277604929e+00,2.65963648972970601e+00,4.62023163211842586e+02,4.62023163212191150e+02,3.48563844454474747e-10
3161,5.16020321710503449e+00,2.40794949138471592e+00,4.63811485185294885e+02,4.63811485185643903e+02,3.49018591805361211e-10
3162,5.03463147321029059e+00,2.57690842238420403e+00,4.62768379210532146e+02,4.62768379210880539e+02,3.48393314197892323e-10
3163,4.79674909316348508e+00,2.40517818212640622e+00,4.63405266548584393e+02,4.63405266548934947e+02,3.50553364114603028e-10
3164,5.15604161044052400e+00,2.52080028334201645e+00,4.62962846139847443e+02,4.62962846140195836e+02,3.48393314197892323e-10
3165,4.83861336445398571e+00,2.51342527900651813e+00,4.62746034686749169e+02,4.62746034687098870e+02,3.49700712831690907e-10
3166,4.86376993423221116e+00,2.57836008627413893e+00,4.62471958379406885e+02,4.62471958379755961e+02,3.49075435224222019e-10
3167,5.20864368273769696e+00,2.39908994364340922e+00,4.63767792759523047e+02,4.63767792759872464e+02,3.49416495737386867e-10
3168,4.78901074069961119e+00,2.50467063991320993e+00,4.62579106213326327e+02,4.62579106213676653e+02,3.50325990439159796e-10
3169,5.30187634974157795e+00,2.44539877209075440e+00,4.62994347277568977e+02,4.62994347277916518e+02,3.47540662914980203e-10
3170,5.29999999999999361e+00,2.55935220619056070e+00,4.62174201149669443e+02,4.62174201150016358e+02,3.46915385307511315e-10
3171,5.30031272495692729e+00,2.49975892117217047e+00,4.62567262689391725e+02,4.62567262689738925e+02,3.47199602401815355e-10
3172,5.29999999999999627e+00,2.63124759022340049e+00,4.61820691534245100e+02,4.61820691534591276e+02,3.46176420862320811e-10
3173,5.29999999999999805e+00,2.74063758087564802e+00,4.61541172952117279e+02,4.61541172952462830e+02,3.45551143254851922e-10
3174,5.30939037246839174e+00,2.40177843629030274e+00,4.63351965940293212e+02,4.63351965940641264e+02,3.48052253684727475e-10
3175,5.63085977620099065e+00,2.41471100155262652e+00,4.60626667035969774e+02,4.60626667036311176e+02,3.41401573678012937e-10
3176,5.41060084474393843e+00,2.55285544574917811e+00,4.61416009957209951e+02,4.61416009957554593e+02,3.44641648553078994e-10
3177,5.79923765409060366e+00,2.55834716896787739e+00,4.55507738945541178e+02,4.55507738945874678e+02,3.33500338456360623e-10
3178,5.50392481995938088e+00,2.41437002702567316e+00,4.61902210714040677e+02,4.61902210714384353e+02,3.43675310432445258e-10
3179,5.75367083236076660e+00,2.41264444479718110e+00,4.59096025441279551e+02,4.59096025441617144e+02,3.37593064614338800e-10
3180,5.39853597780617989e+00,2.44437019270807410e+00,4.62420647594923480e+02,4.62420647595269429e+02,3.45949047186877578e-10
3181,5.69325510142695723e+00,2.41434474944030208e+00,4.59880942215475727e+02,4.59880942215815082e+02,3.39355210599023849e-10
3182,5.66209960250376643e+00,2.47025981145580120e+00,4.59397293223389568e+02,4.59397293223729150e+02,3.39582584274467081e-10
3183,5.59775375210069903e+00,2.46979059153351121e+00,4.60250347436162428e+02,4.60250347436503603e+02,3.41174200002569705e-10
3184,5.62504486088093714e+00,2.53446538024529655e+00,4.59095325369454599e+02,4.59095325369794409e+02,3.39809957949910313e-10
3185,5.56223912224086892e+00,2.52661525318514890e+00,4.60037044690294863e+02,4.60037044690636321e+02,3.41458417096873745e-10
3186,5.69428316948201818e+00,2.52638560055212391e+00,4.58096626535823702e+02,4.58096626536161409e+02,3.37706751452060416e-10
3187,5.66643084726660007e+00,2.60867723594574619e+00,4.57637112809068583e+02,4.57637112809406290e+02,3.37706751452060416e-10
3188,5.56747822427026495e+00,2.41482510882322154e+00,4.61301698975907868e+02,4.61301698976250577e+02,3.42708972311811522e-10
3189,5.72451945590887767e+00,2.46826163812726085e+00,4.58488903637589829e+02,4.58488903637927478e+02,3.37649908033199608e-10
3190,5.79362139271223509e+00,2.45546925952562711e+00,4.57537897192373237e+02,4.57537897192709181e+02,3.35944605467375368e-10
3191,5.40982472928806235e+00,2.49814528564108418e+00,4.61849312871801999e+02,4.61849312872147209e+02,3.45210082741687074e-10
3192,5.46505275680465630e+00,2.46047904498981262e+00,4.61736314791922041e+02,4.61736314792266228e+02,3.44186901202192530e-10
3193,5.53200178583712443e+00,2.46835131566506005e+00,4.61006182586736315e+02,4.61006182587078968e+02,3.42652128892950714e-10
3194,5.47581774023760559e+00,2.51942452251523097e+00,4.61072278366928856e+02,4.61072278367272361e+02,3.43504780175862834e-10
3195,5.45866676428787123e+00,2.63690447118622995e+00,4.60408290376429761e+02,4.60408290376773152e+02,3.43391093338141218e-10
3196,5.76455693816069203e+00,2.65988342532865163e+00,4.55193483015296067e+02,4.55193483015629852e+02,3.33784555550664663e-10
3197,5.44106164530542014e+00,2.40638486806116392e+00,4.62498113139542966e+02,4.62498113139888176e+02,3.45210082741687074e-10
3198,5.57067640708055567e+00,2.62254106192793701e+00,4.59130112291448938e+02,4.59130112291789658e+02,3.40719452651683241e-10
3199,5.80325090683653055e+00,2.40517818212641243e+00,4.58534100029987371e+02,4.58534100030324453e+02,3.37081473844591528e-10
3200,5.76091939158153910e+00,2.51421239843923461e+00,4.57048123956077120e+02,4.57048123956412894e+02,3.35774075210792944e-10
3201,5.73623006576764816e+00,2.57836008627459856e+00,4.56641229612467328e+02,4.56641229612802988e+02,3.35660388373071328e-10
3202,5.39135631726231335e+00,2.39908994364342787e+00,4.62918761014507822e+02,4.62918761014854226e+02,3.46403794537764043e-10
3203,5.81075568767687489e+00,2.50498602026171913e+00,4.56168008546417354e+02,4.56168008546751423e+02,3.34068772644968703e-10
3204,5.92500000000011084e+00,2.39690706211841809e+00,4.56599420138082451e+02,4.56599420138416349e+02,3.33898242388386279e-10
3205,5.89798624888416878e+00,2.49845063718792382e+00,4.54025767126475330e+02,4.54025767126806272e+02,3.30942384607624263e-10
3206,5.92360420850981573e+00,2.62956299506877889e+00,4.50942513826084848e+02,4.50942513826411641e+02,3.26792815030785277e-10
3207,5.94725769411339211e+00,2.55935220619055981e+00,4.51052354625753537e+02,4.51052354626080273e+02,3.26735971611924469e-10
3208,5.92480060121568641e+00,2.72476978290323801e+00,4.50201873383062491e+02,4.50201873383388488e+02,3.25997007166733965e-10
3209,5.96046473720628622e+00,2.49954900150418302e+00,4.51832942748596111e+02,4.51832942748924040e+02,3.27929683408001438e-10
3210,5.89251099865299377e+00,2.43536011086579318e+00,4.55979534950951404e+02,4.55979534951284961e+02,3.33557181875221431e-10
3211,5.95707974303387200e+00,2.44304088976657718e+00,4.53737037307257140e+02,4.53737037307587343e+02,3.30203420162433758e-10
3212,5.89297176545533130e+00,2.55935220619056070e+00,4.52926405562235402e+02,4.52926405562565094e+02,3.29691829392686486e-10
3213,5.96641594860694724e+00,2.39506170901247195e+00,4.55608629531153724e+02,4.55608629531486258e+02,3.32534000335726887e-10
3214,5.88350219973054056e+00,2.39352555323231497e+00,4.57565899467595500e+02,4.57565899467931274e+02,3.35774075210792944e-10
3215,6.20988311088937195e+00,2.42462620244085336e+00,4.38535127660068270e+02,4.38535127660376247e+02,3.07977643387857825e-10
3216,6.04452288178962327e+00,2.55707438176531676e+00,4.46908693628795561e+02,4.46908693629116101e+02,3.20540038956096396e-10
3217,6.08619831791044508e+00,2.40734514683412559e+00,4.47147898038856283e+02,4.47147898039177676e+02,3.21392690239008516e-10
3218,6.37195185857517288e+00,2.48312507606078814e+00,4.29722307771169653e+02,4.29722307771463704e+02,2.94051005766959861e-10
3219,6.28144249178739233e+00,2.42777831927521204e+00,4.34249250900413415e+02,4.34249250900714515e+02,3.01099589705700055e-10
3220,6.24339091046046324e+00,2.50522685877067719e+00,4.36622210845697680e+02,4.36622210846002702e+02,3.05021785607095808e-10
3221,6.16485429475915669e+00,2.48514937199881603e+00,4.41167434242025990e+02,4.41167434242338402e+02,3.12411430059000850e-10
3222,6.17065904024449008e+00,2.55344757517395582e+00,4.40465559552414732e+02,4.40465559552725892e+02,3.11160874844063073e-10
3223,6.72735020689987717e+00,2.53271223826772607e+00,4.14062297900893270e+02,4.14062297901159980e+02,2.66709321294911206e-10
3224,6.14565852881184149e+00,2.41620160387683702e+00,4.42763486543288195e+02,4.42763486543603108e+02,3.14912540488876402e-10
3225,6.04632415921298261e+00,2.44304088976657541e+00,4.49135297032068252e+02,4.49135297032392486e+02,3.24234861182048917e-10
3226,6.04798624888416914e+00,2.49845063718792915e+00,4.47738319007872974e+02,4.47738319008195106e+02,3.22131654684199020e-10
3227,6.09710628829583712e+00,2.63949665382816701e+00,4.43585185175682227e+02,4.43585185175998220e+02,3.15992565447231755e-10
3228,6.27042183593888236e+00,2.60864478584274506e+00,4.35253714628917351e+02,4.35253714629220383e+02,3.03032265946967527e-10
3229,6.10015616908984004e+00,2.46358412764427515e+00,4.45310502011174833e+02,4.45310502011493270e+02,3.18436832458246499e-10
3230,6.47167992145449222e+00,2.64082196845631101e+00,4.25551248609882578e+02,4.25551248610169694e+02,2.87116108665941283e-10
3231,7.36983973393440905e+00,2.60523251398814581e+00,3.93619835862088451e+02,3.93619835862317075e+02,2.28624230658169836e-10
3232,6.53083779542112097e+00,2.47533185655696508e+00,4.21976333738116125e+02,4.21976333738397216e+02,2.81090706266695634e-10
3233,9.70319499658937978e+00,2.57999999999999918e+00,3.63840392810175388e+02,3.63840392810340916e+02,1.65528035722672939e-10
3234,6.10421415384385302e+00,2.53286712459974250e+00,4.44179364427953658e+02,4.44179364428270503e+02,3.16845216730143875e-10
3235,9.10958498976813935e+00,2.57999999999999918e+00,3.66579677353368936e+02,3.66579677353540546e+02,1.71610281540779397e-10
3236,8.51597498294689892e+00,2.57999999999999918e+00,3.72245268709331867e+02,3.72245268709515756e+02,1.83888460014713928e-10
3237,7.92923270646059741e+00,2.57999999999999918e+00,3.81158761078862710e+02,3.81158761079065926e+02,2.03215222427388653e-10
3238,6.97455858314879151e+00,2.57632412537597810e+00,4.05171440187487860e+02,4.05171440187738540e+02,2.50679477176163346e-10
3239,6.03860267995098710e+00,2.39714932595561203e+00,4.51167489717555782e+02,4.51167489717883029e+02,3.27247562381671742e-10
